ISO-10303-21;
HEADER;
FILE_DESCRIPTION(('Open CASCADE Model'),'2;1');
FILE_NAME('Open CASCADE Shape Model','2026-09-26T11:40:18',('Author'),(
    'Open CASCADE'),'Open CASCADE STEP processor 7.9','Open CASCADE 7.9'
  ,'Unknown');
FILE_SCHEMA(('AUTOMOTIVE_DESIGN { 1 0 10303 214 1 1 1 1 }'));
ENDSEC;
DATA;
#1 = APPLICATION_PROTOCOL_DEFINITION('international standard',
  'automotive_design',2000,#2);
#2 = APPLICATION_CONTEXT(
  'core data for automotive mechanical design processes');
#3 = SHAPE_DEFINITION_REPRESENTATION(#4,#10);
#4 = PRODUCT_DEFINITION_SHAPE('','',#5);
#5 = PRODUCT_DEFINITION('design','',#6,#9);
#6 = PRODUCT_DEFINITION_FORMATION('','',#7);
#7 = PRODUCT('holder_sem_stubs','holder_sem_stubs','',(#8));
#8 = PRODUCT_CONTEXT('',#2,'mechanical');
#9 = PRODUCT_DEFINITION_CONTEXT('part definition',#2,'design');
#10 = SHAPE_REPRESENTATION('',(#11,#15,#19,#23,#27,#31,#35,#39,#43,#47,
    #51,#55,#59,#63,#67,#71,#75,#79,#83,#87,#91,#95,#99,#103,#107,#111,
    #115,#119,#123,#127,#131,#135,#139,#143,#147),#151);
#11 = AXIS2_PLACEMENT_3D('',#12,#13,#14);
#12 = CARTESIAN_POINT('',(0.,0.,0.));
#13 = DIRECTION('',(0.,0.,1.));
#14 = DIRECTION('',(1.,0.,-0.));
#15 = AXIS2_PLACEMENT_3D('',#16,#17,#18);
#16 = CARTESIAN_POINT('',(0.,0.,0.));
#17 = DIRECTION('',(0.,0.,1.));
#18 = DIRECTION('',(1.,0.,-0.));
#19 = AXIS2_PLACEMENT_3D('',#20,#21,#22);
#20 = CARTESIAN_POINT('',(0.,0.,0.));
#21 = DIRECTION('',(0.,0.,1.));
#22 = DIRECTION('',(1.,0.,-0.));
#23 = AXIS2_PLACEMENT_3D('',#24,#25,#26);
#24 = CARTESIAN_POINT('',(0.,0.,0.));
#25 = DIRECTION('',(0.,0.,1.));
#26 = DIRECTION('',(1.,0.,-0.));
#27 = AXIS2_PLACEMENT_3D('',#28,#29,#30);
#28 = CARTESIAN_POINT('',(0.,0.,0.));
#29 = DIRECTION('',(0.,0.,1.));
#30 = DIRECTION('',(1.,0.,-0.));
#31 = AXIS2_PLACEMENT_3D('',#32,#33,#34);
#32 = CARTESIAN_POINT('',(0.,0.,0.));
#33 = DIRECTION('',(0.,0.,1.));
#34 = DIRECTION('',(1.,0.,-0.));
#35 = AXIS2_PLACEMENT_3D('',#36,#37,#38);
#36 = CARTESIAN_POINT('',(0.,0.,0.));
#37 = DIRECTION('',(0.,0.,1.));
#38 = DIRECTION('',(1.,0.,-0.));
#39 = AXIS2_PLACEMENT_3D('',#40,#41,#42);
#40 = CARTESIAN_POINT('',(0.,0.,0.));
#41 = DIRECTION('',(0.,0.,1.));
#42 = DIRECTION('',(1.,0.,-0.));
#43 = AXIS2_PLACEMENT_3D('',#44,#45,#46);
#44 = CARTESIAN_POINT('',(0.,0.,0.));
#45 = DIRECTION('',(0.,0.,1.));
#46 = DIRECTION('',(1.,0.,-0.));
#47 = AXIS2_PLACEMENT_3D('',#48,#49,#50);
#48 = CARTESIAN_POINT('',(0.,0.,0.));
#49 = DIRECTION('',(0.,0.,1.));
#50 = DIRECTION('',(1.,0.,-0.));
#51 = AXIS2_PLACEMENT_3D('',#52,#53,#54);
#52 = CARTESIAN_POINT('',(0.,0.,0.));
#53 = DIRECTION('',(0.,0.,1.));
#54 = DIRECTION('',(1.,0.,-0.));
#55 = AXIS2_PLACEMENT_3D('',#56,#57,#58);
#56 = CARTESIAN_POINT('',(0.,0.,0.));
#57 = DIRECTION('',(0.,0.,1.));
#58 = DIRECTION('',(1.,0.,-0.));
#59 = AXIS2_PLACEMENT_3D('',#60,#61,#62);
#60 = CARTESIAN_POINT('',(0.,0.,0.));
#61 = DIRECTION('',(0.,0.,1.));
#62 = DIRECTION('',(1.,0.,-0.));
#63 = AXIS2_PLACEMENT_3D('',#64,#65,#66);
#64 = CARTESIAN_POINT('',(0.,0.,0.));
#65 = DIRECTION('',(0.,0.,1.));
#66 = DIRECTION('',(1.,0.,-0.));
#67 = AXIS2_PLACEMENT_3D('',#68,#69,#70);
#68 = CARTESIAN_POINT('',(0.,0.,0.));
#69 = DIRECTION('',(0.,0.,1.));
#70 = DIRECTION('',(1.,0.,-0.));
#71 = AXIS2_PLACEMENT_3D('',#72,#73,#74);
#72 = CARTESIAN_POINT('',(0.,0.,0.));
#73 = DIRECTION('',(0.,0.,1.));
#74 = DIRECTION('',(1.,0.,-0.));
#75 = AXIS2_PLACEMENT_3D('',#76,#77,#78);
#76 = CARTESIAN_POINT('',(0.,0.,0.));
#77 = DIRECTION('',(0.,0.,1.));
#78 = DIRECTION('',(1.,0.,-0.));
#79 = AXIS2_PLACEMENT_3D('',#80,#81,#82);
#80 = CARTESIAN_POINT('',(0.,0.,0.));
#81 = DIRECTION('',(0.,0.,1.));
#82 = DIRECTION('',(1.,0.,-0.));
#83 = AXIS2_PLACEMENT_3D('',#84,#85,#86);
#84 = CARTESIAN_POINT('',(0.,0.,0.));
#85 = DIRECTION('',(0.,0.,1.));
#86 = DIRECTION('',(1.,0.,-0.));
#87 = AXIS2_PLACEMENT_3D('',#88,#89,#90);
#88 = CARTESIAN_POINT('',(0.,0.,0.));
#89 = DIRECTION('',(0.,0.,1.));
#90 = DIRECTION('',(1.,0.,-0.));
#91 = AXIS2_PLACEMENT_3D('',#92,#93,#94);
#92 = CARTESIAN_POINT('',(0.,0.,0.));
#93 = DIRECTION('',(0.,0.,1.));
#94 = DIRECTION('',(1.,0.,-0.));
#95 = AXIS2_PLACEMENT_3D('',#96,#97,#98);
#96 = CARTESIAN_POINT('',(0.,0.,0.));
#97 = DIRECTION('',(0.,0.,1.));
#98 = DIRECTION('',(1.,0.,-0.));
#99 = AXIS2_PLACEMENT_3D('',#100,#101,#102);
#100 = CARTESIAN_POINT('',(0.,0.,0.));
#101 = DIRECTION('',(0.,0.,1.));
#102 = DIRECTION('',(1.,0.,-0.));
#103 = AXIS2_PLACEMENT_3D('',#104,#105,#106);
#104 = CARTESIAN_POINT('',(0.,0.,0.));
#105 = DIRECTION('',(0.,0.,1.));
#106 = DIRECTION('',(1.,0.,-0.));
#107 = AXIS2_PLACEMENT_3D('',#108,#109,#110);
#108 = CARTESIAN_POINT('',(0.,0.,0.));
#109 = DIRECTION('',(0.,0.,1.));
#110 = DIRECTION('',(1.,0.,-0.));
#111 = AXIS2_PLACEMENT_3D('',#112,#113,#114);
#112 = CARTESIAN_POINT('',(0.,0.,0.));
#113 = DIRECTION('',(0.,0.,1.));
#114 = DIRECTION('',(1.,0.,-0.));
#115 = AXIS2_PLACEMENT_3D('',#116,#117,#118);
#116 = CARTESIAN_POINT('',(0.,0.,0.));
#117 = DIRECTION('',(0.,0.,1.));
#118 = DIRECTION('',(1.,0.,-0.));
#119 = AXIS2_PLACEMENT_3D('',#120,#121,#122);
#120 = CARTESIAN_POINT('',(0.,0.,0.));
#121 = DIRECTION('',(0.,0.,1.));
#122 = DIRECTION('',(1.,0.,-0.));
#123 = AXIS2_PLACEMENT_3D('',#124,#125,#126);
#124 = CARTESIAN_POINT('',(0.,0.,0.));
#125 = DIRECTION('',(0.,0.,1.));
#126 = DIRECTION('',(1.,0.,-0.));
#127 = AXIS2_PLACEMENT_3D('',#128,#129,#130);
#128 = CARTESIAN_POINT('',(0.,0.,0.));
#129 = DIRECTION('',(0.,0.,1.));
#130 = DIRECTION('',(1.,0.,-0.));
#131 = AXIS2_PLACEMENT_3D('',#132,#133,#134);
#132 = CARTESIAN_POINT('',(0.,0.,0.));
#133 = DIRECTION('',(0.,0.,1.));
#134 = DIRECTION('',(1.,0.,-0.));
#135 = AXIS2_PLACEMENT_3D('',#136,#137,#138);
#136 = CARTESIAN_POINT('',(0.,0.,0.));
#137 = DIRECTION('',(0.,0.,1.));
#138 = DIRECTION('',(1.,0.,-0.));
#139 = AXIS2_PLACEMENT_3D('',#140,#141,#142);
#140 = CARTESIAN_POINT('',(0.,0.,0.));
#141 = DIRECTION('',(0.,0.,1.));
#142 = DIRECTION('',(1.,0.,-0.));
#143 = AXIS2_PLACEMENT_3D('',#144,#145,#146);
#144 = CARTESIAN_POINT('',(0.,0.,0.));
#145 = DIRECTION('',(0.,0.,1.));
#146 = DIRECTION('',(1.,0.,-0.));
#147 = AXIS2_PLACEMENT_3D('',#148,#149,#150);
#148 = CARTESIAN_POINT('',(0.,0.,0.));
#149 = DIRECTION('',(0.,0.,1.));
#150 = DIRECTION('',(1.,0.,-0.));
#151 = ( GEOMETRIC_REPRESENTATION_CONTEXT(3) 
GLOBAL_UNCERTAINTY_ASSIGNED_CONTEXT((#155)) GLOBAL_UNIT_ASSIGNED_CONTEXT
((#152,#153,#154)) REPRESENTATION_CONTEXT('Context #1',
  '3D Context with UNIT and UNCERTAINTY') );
#152 = ( LENGTH_UNIT() NAMED_UNIT(*) SI_UNIT(.MILLI.,.METRE.) );
#153 = ( NAMED_UNIT(*) PLANE_ANGLE_UNIT() SI_UNIT($,.RADIAN.) );
#154 = ( NAMED_UNIT(*) SI_UNIT($,.STERADIAN.) SOLID_ANGLE_UNIT() );
#155 = UNCERTAINTY_MEASURE_WITH_UNIT(LENGTH_MEASURE(1.E-07),#152,
  'distance_accuracy_value','confusion accuracy');
#156 = PRODUCT_RELATED_PRODUCT_CATEGORY('part',$,(#7));
#157 = SHAPE_DEFINITION_REPRESENTATION(#158,#164);
#158 = PRODUCT_DEFINITION_SHAPE('','',#159);
#159 = PRODUCT_DEFINITION('design','',#160,#163);
#160 = PRODUCT_DEFINITION_FORMATION('','',#161);
#161 = PRODUCT('holder','holder','',(#162));
#162 = PRODUCT_CONTEXT('',#2,'mechanical');
#163 = PRODUCT_DEFINITION_CONTEXT('part definition',#2,'design');
#164 = ADVANCED_BREP_SHAPE_REPRESENTATION('',(#11,#165),#3381);
#165 = MANIFOLD_SOLID_BREP('',#166);
#166 = CLOSED_SHELL('',(#167,#287,#370,#447,#611,#661,#718,#767,#1408,
    #1433,#1483,#1532,#1582,#1609,#1634,#1659,#1684,#1709,#1716,#1768,
    #1820,#1872,#1924,#1976,#2028,#2080,#2132,#2184,#2236,#2288,#2340,
    #2392,#2444,#2496,#2551,#2606,#2661,#2716,#2771,#2826,#2881,#2936,
    #2991,#3046,#3101,#3156,#3211,#3266,#3321,#3325,#3329,#3333,#3337,
    #3341,#3345,#3349,#3353,#3357,#3361,#3365,#3369,#3373,#3377));
#167 = ADVANCED_FACE('',(#168),#182,.T.);
#168 = FACE_BOUND('',#169,.T.);
#169 = EDGE_LOOP('',(#170,#205,#233,#261));
#170 = ORIENTED_EDGE('',*,*,#171,.T.);
#171 = EDGE_CURVE('',#172,#174,#176,.T.);
#172 = VERTEX_POINT('',#173);
#173 = CARTESIAN_POINT('',(-63.88,-39.56,0.));
#174 = VERTEX_POINT('',#175);
#175 = CARTESIAN_POINT('',(-63.88,-39.56,15.2));
#176 = SURFACE_CURVE('',#177,(#181,#193),.PCURVE_S1.);
#177 = LINE('',#178,#179);
#178 = CARTESIAN_POINT('',(-63.88,-39.56,0.));
#179 = VECTOR('',#180,1.);
#180 = DIRECTION('',(0.,0.,1.));
#181 = PCURVE('',#182,#187);
#182 = PLANE('',#183);
#183 = AXIS2_PLACEMENT_3D('',#184,#185,#186);
#184 = CARTESIAN_POINT('',(-63.88,-39.56,0.));
#185 = DIRECTION('',(-1.,0.,0.));
#186 = DIRECTION('',(0.,1.,0.));
#187 = DEFINITIONAL_REPRESENTATION('',(#188),#192);
#188 = LINE('',#189,#190);
#189 = CARTESIAN_POINT('',(0.,0.));
#190 = VECTOR('',#191,1.);
#191 = DIRECTION('',(0.,-1.));
#192 = ( GEOMETRIC_REPRESENTATION_CONTEXT(2) 
PARAMETRIC_REPRESENTATION_CONTEXT() REPRESENTATION_CONTEXT('2D SPACE',''
  ) );
#193 = PCURVE('',#194,#199);
#194 = CYLINDRICAL_SURFACE('',#195,3.18);
#195 = AXIS2_PLACEMENT_3D('',#196,#197,#198);
#196 = CARTESIAN_POINT('',(-60.7,-39.56,0.));
#197 = DIRECTION('',(-0.,-0.,-1.));
#198 = DIRECTION('',(1.,0.,0.));
#199 = DEFINITIONAL_REPRESENTATION('',(#200),#204);
#200 = LINE('',#201,#202);
#201 = CARTESIAN_POINT('',(-3.14159265359,0.));
#202 = VECTOR('',#203,1.);
#203 = DIRECTION('',(-0.,-1.));
#204 = ( GEOMETRIC_REPRESENTATION_CONTEXT(2) 
PARAMETRIC_REPRESENTATION_CONTEXT() REPRESENTATION_CONTEXT('2D SPACE',''
  ) );
#205 = ORIENTED_EDGE('',*,*,#206,.T.);
#206 = EDGE_CURVE('',#174,#207,#209,.T.);
#207 = VERTEX_POINT('',#208);
#208 = CARTESIAN_POINT('',(-63.88,39.56,15.2));
#209 = SURFACE_CURVE('',#210,(#214,#221),.PCURVE_S1.);
#210 = LINE('',#211,#212);
#211 = CARTESIAN_POINT('',(-63.88,-39.56,15.2));
#212 = VECTOR('',#213,1.);
#213 = DIRECTION('',(0.,1.,0.));
#214 = PCURVE('',#182,#215);
#215 = DEFINITIONAL_REPRESENTATION('',(#216),#220);
#216 = LINE('',#217,#218);
#217 = CARTESIAN_POINT('',(0.,-15.2));
#218 = VECTOR('',#219,1.);
#219 = DIRECTION('',(1.,0.));
#220 = ( GEOMETRIC_REPRESENTATION_CONTEXT(2) 
PARAMETRIC_REPRESENTATION_CONTEXT() REPRESENTATION_CONTEXT('2D SPACE',''
  ) );
#221 = PCURVE('',#222,#227);
#222 = PLANE('',#223);
#223 = AXIS2_PLACEMENT_3D('',#224,#225,#226);
#224 = CARTESIAN_POINT('',(-63.48,-39.56,15.6));
#225 = DIRECTION('',(-0.707106781187,-6.983161618628E-18,0.707106781187)
  );
#226 = DIRECTION('',(4.937840934654E-18,-1.,-4.937840934654E-18));
#227 = DEFINITIONAL_REPRESENTATION('',(#228),#232);
#228 = LINE('',#229,#230);
#229 = CARTESIAN_POINT('',(-0.,-0.565685424949));
#230 = VECTOR('',#231,1.);
#231 = DIRECTION('',(-1.,0.));
#232 = ( GEOMETRIC_REPRESENTATION_CONTEXT(2) 
PARAMETRIC_REPRESENTATION_CONTEXT() REPRESENTATION_CONTEXT('2D SPACE',''
  ) );
#233 = ORIENTED_EDGE('',*,*,#234,.F.);
#234 = EDGE_CURVE('',#235,#207,#237,.T.);
#235 = VERTEX_POINT('',#236);
#236 = CARTESIAN_POINT('',(-63.88,39.56,0.));
#237 = SURFACE_CURVE('',#238,(#242,#249),.PCURVE_S1.);
#238 = LINE('',#239,#240);
#239 = CARTESIAN_POINT('',(-63.88,39.56,0.));
#240 = VECTOR('',#241,1.);
#241 = DIRECTION('',(0.,0.,1.));
#242 = PCURVE('',#182,#243);
#243 = DEFINITIONAL_REPRESENTATION('',(#244),#248);
#244 = LINE('',#245,#246);
#245 = CARTESIAN_POINT('',(79.12,0.));
#246 = VECTOR('',#247,1.);
#247 = DIRECTION('',(0.,-1.));
#248 = ( GEOMETRIC_REPRESENTATION_CONTEXT(2) 
PARAMETRIC_REPRESENTATION_CONTEXT() REPRESENTATION_CONTEXT('2D SPACE',''
  ) );
#249 = PCURVE('',#250,#255);
#250 = CYLINDRICAL_SURFACE('',#251,3.18);
#251 = AXIS2_PLACEMENT_3D('',#252,#253,#254);
#252 = CARTESIAN_POINT('',(-60.7,39.56,0.));
#253 = DIRECTION('',(-0.,-0.,-1.));
#254 = DIRECTION('',(1.,0.,0.));
#255 = DEFINITIONAL_REPRESENTATION('',(#256),#260);
#256 = LINE('',#257,#258);
#257 = CARTESIAN_POINT('',(-3.14159265359,0.));
#258 = VECTOR('',#259,1.);
#259 = DIRECTION('',(-0.,-1.));
#260 = ( GEOMETRIC_REPRESENTATION_CONTEXT(2) 
PARAMETRIC_REPRESENTATION_CONTEXT() REPRESENTATION_CONTEXT('2D SPACE',''
  ) );
#261 = ORIENTED_EDGE('',*,*,#262,.F.);
#262 = EDGE_CURVE('',#172,#235,#263,.T.);
#263 = SURFACE_CURVE('',#264,(#268,#275),.PCURVE_S1.);
#264 = LINE('',#265,#266);
#265 = CARTESIAN_POINT('',(-63.88,0.,0.));
#266 = VECTOR('',#267,1.);
#267 = DIRECTION('',(0.,1.,0.));
#268 = PCURVE('',#182,#269);
#269 = DEFINITIONAL_REPRESENTATION('',(#270),#274);
#270 = LINE('',#271,#272);
#271 = CARTESIAN_POINT('',(39.56,0.));
#272 = VECTOR('',#273,1.);
#273 = DIRECTION('',(1.,0.));
#274 = ( GEOMETRIC_REPRESENTATION_CONTEXT(2) 
PARAMETRIC_REPRESENTATION_CONTEXT() REPRESENTATION_CONTEXT('2D SPACE',''
  ) );
#275 = PCURVE('',#276,#281);
#276 = PLANE('',#277);
#277 = AXIS2_PLACEMENT_3D('',#278,#279,#280);
#278 = CARTESIAN_POINT('',(0.,0.,0.));
#279 = DIRECTION('',(0.,0.,1.));
#280 = DIRECTION('',(1.,0.,0.));
#281 = DEFINITIONAL_REPRESENTATION('',(#282),#286);
#282 = LINE('',#283,#284);
#283 = CARTESIAN_POINT('',(-63.88,0.));
#284 = VECTOR('',#285,1.);
#285 = DIRECTION('',(0.,1.));
#286 = ( GEOMETRIC_REPRESENTATION_CONTEXT(2) 
PARAMETRIC_REPRESENTATION_CONTEXT() REPRESENTATION_CONTEXT('2D SPACE',''
  ) );
#287 = ADVANCED_FACE('',(#288),#194,.T.);
#288 = FACE_BOUND('',#289,.F.);
#289 = EDGE_LOOP('',(#290,#291,#320,#348));
#290 = ORIENTED_EDGE('',*,*,#171,.T.);
#291 = ORIENTED_EDGE('',*,*,#292,.F.);
#292 = EDGE_CURVE('',#293,#174,#295,.T.);
#293 = VERTEX_POINT('',#294);
#294 = CARTESIAN_POINT('',(-60.7,-42.74,15.2));
#295 = SURFACE_CURVE('',#296,(#301,#308),.PCURVE_S1.);
#296 = CIRCLE('',#297,3.18);
#297 = AXIS2_PLACEMENT_3D('',#298,#299,#300);
#298 = CARTESIAN_POINT('',(-60.7,-39.56,15.2));
#299 = DIRECTION('',(-0.,-0.,-1.));
#300 = DIRECTION('',(0.,-1.,0.));
#301 = PCURVE('',#194,#302);
#302 = DEFINITIONAL_REPRESENTATION('',(#303),#307);
#303 = LINE('',#304,#305);
#304 = CARTESIAN_POINT('',(-4.712388980385,-15.2));
#305 = VECTOR('',#306,1.);
#306 = DIRECTION('',(1.,-0.));
#307 = ( GEOMETRIC_REPRESENTATION_CONTEXT(2) 
PARAMETRIC_REPRESENTATION_CONTEXT() REPRESENTATION_CONTEXT('2D SPACE',''
  ) );
#308 = PCURVE('',#309,#314);
#309 = CONICAL_SURFACE('',#310,3.18,0.785398163397);
#310 = AXIS2_PLACEMENT_3D('',#311,#312,#313);
#311 = CARTESIAN_POINT('',(-60.7,-39.56,15.2));
#312 = DIRECTION('',(-0.,-0.,-1.));
#313 = DIRECTION('',(0.,-1.,0.));
#314 = DEFINITIONAL_REPRESENTATION('',(#315),#319);
#315 = LINE('',#316,#317);
#316 = CARTESIAN_POINT('',(0.,-0.));
#317 = VECTOR('',#318,1.);
#318 = DIRECTION('',(1.,-0.));
#319 = ( GEOMETRIC_REPRESENTATION_CONTEXT(2) 
PARAMETRIC_REPRESENTATION_CONTEXT() REPRESENTATION_CONTEXT('2D SPACE',''
  ) );
#320 = ORIENTED_EDGE('',*,*,#321,.F.);
#321 = EDGE_CURVE('',#322,#293,#324,.T.);
#322 = VERTEX_POINT('',#323);
#323 = CARTESIAN_POINT('',(-60.7,-42.74,0.));
#324 = SURFACE_CURVE('',#325,(#329,#336),.PCURVE_S1.);
#325 = LINE('',#326,#327);
#326 = CARTESIAN_POINT('',(-60.7,-42.74,0.));
#327 = VECTOR('',#328,1.);
#328 = DIRECTION('',(0.,0.,1.));
#329 = PCURVE('',#194,#330);
#330 = DEFINITIONAL_REPRESENTATION('',(#331),#335);
#331 = LINE('',#332,#333);
#332 = CARTESIAN_POINT('',(-4.712388980385,0.));
#333 = VECTOR('',#334,1.);
#334 = DIRECTION('',(-0.,-1.));
#335 = ( GEOMETRIC_REPRESENTATION_CONTEXT(2) 
PARAMETRIC_REPRESENTATION_CONTEXT() REPRESENTATION_CONTEXT('2D SPACE',''
  ) );
#336 = PCURVE('',#337,#342);
#337 = PLANE('',#338);
#338 = AXIS2_PLACEMENT_3D('',#339,#340,#341);
#339 = CARTESIAN_POINT('',(-60.7,-42.74,0.));
#340 = DIRECTION('',(0.,1.,0.));
#341 = DIRECTION('',(1.,0.,0.));
#342 = DEFINITIONAL_REPRESENTATION('',(#343),#347);
#343 = LINE('',#344,#345);
#344 = CARTESIAN_POINT('',(0.,0.));
#345 = VECTOR('',#346,1.);
#346 = DIRECTION('',(0.,-1.));
#347 = ( GEOMETRIC_REPRESENTATION_CONTEXT(2) 
PARAMETRIC_REPRESENTATION_CONTEXT() REPRESENTATION_CONTEXT('2D SPACE',''
  ) );
#348 = ORIENTED_EDGE('',*,*,#349,.F.);
#349 = EDGE_CURVE('',#172,#322,#350,.T.);
#350 = SURFACE_CURVE('',#351,(#356,#363),.PCURVE_S1.);
#351 = CIRCLE('',#352,3.18);
#352 = AXIS2_PLACEMENT_3D('',#353,#354,#355);
#353 = CARTESIAN_POINT('',(-60.7,-39.56,0.));
#354 = DIRECTION('',(0.,0.,1.));
#355 = DIRECTION('',(1.,0.,0.));
#356 = PCURVE('',#194,#357);
#357 = DEFINITIONAL_REPRESENTATION('',(#358),#362);
#358 = LINE('',#359,#360);
#359 = CARTESIAN_POINT('',(-0.,0.));
#360 = VECTOR('',#361,1.);
#361 = DIRECTION('',(-1.,0.));
#362 = ( GEOMETRIC_REPRESENTATION_CONTEXT(2) 
PARAMETRIC_REPRESENTATION_CONTEXT() REPRESENTATION_CONTEXT('2D SPACE',''
  ) );
#363 = PCURVE('',#276,#364);
#364 = DEFINITIONAL_REPRESENTATION('',(#365),#369);
#365 = CIRCLE('',#366,3.18);
#366 = AXIS2_PLACEMENT_2D('',#367,#368);
#367 = CARTESIAN_POINT('',(-60.7,-39.56));
#368 = DIRECTION('',(1.,0.));
#369 = ( GEOMETRIC_REPRESENTATION_CONTEXT(2) 
PARAMETRIC_REPRESENTATION_CONTEXT() REPRESENTATION_CONTEXT('2D SPACE',''
  ) );
#370 = ADVANCED_FACE('',(#371),#222,.T.);
#371 = FACE_BOUND('',#372,.F.);
#372 = EDGE_LOOP('',(#373,#394,#395,#421));
#373 = ORIENTED_EDGE('',*,*,#374,.F.);
#374 = EDGE_CURVE('',#174,#375,#377,.T.);
#375 = VERTEX_POINT('',#376);
#376 = CARTESIAN_POINT('',(-63.08,-39.56,16.));
#377 = SURFACE_CURVE('',#378,(#382,#388),.PCURVE_S1.);
#378 = LINE('',#379,#380);
#379 = CARTESIAN_POINT('',(-63.48,-39.56,15.6));
#380 = VECTOR('',#381,1.);
#381 = DIRECTION('',(0.707106781187,-0.,0.707106781187));
#382 = PCURVE('',#222,#383);
#383 = DEFINITIONAL_REPRESENTATION('',(#384),#387);
#384 = B_SPLINE_CURVE_WITH_KNOTS('',1,(#385,#386),.UNSPECIFIED.,.F.,.F.,
  (2,2),(-0.565685424949,0.565685424949),.PIECEWISE_BEZIER_KNOTS.);
#385 = CARTESIAN_POINT('',(0.,-0.565685424949));
#386 = CARTESIAN_POINT('',(0.,0.565685424949));
#387 = ( GEOMETRIC_REPRESENTATION_CONTEXT(2) 
PARAMETRIC_REPRESENTATION_CONTEXT() REPRESENTATION_CONTEXT('2D SPACE',''
  ) );
#388 = PCURVE('',#309,#389);
#389 = DEFINITIONAL_REPRESENTATION('',(#390),#393);
#390 = B_SPLINE_CURVE_WITH_KNOTS('',1,(#391,#392),.UNSPECIFIED.,.F.,.F.,
  (2,2),(-0.565685424949,0.565685424949),.PIECEWISE_BEZIER_KNOTS.);
#391 = CARTESIAN_POINT('',(1.570796326795,0.));
#392 = CARTESIAN_POINT('',(1.570796326795,-0.8));
#393 = ( GEOMETRIC_REPRESENTATION_CONTEXT(2) 
PARAMETRIC_REPRESENTATION_CONTEXT() REPRESENTATION_CONTEXT('2D SPACE',''
  ) );
#394 = ORIENTED_EDGE('',*,*,#206,.T.);
#395 = ORIENTED_EDGE('',*,*,#396,.T.);
#396 = EDGE_CURVE('',#207,#397,#399,.T.);
#397 = VERTEX_POINT('',#398);
#398 = CARTESIAN_POINT('',(-63.08,39.56,16.));
#399 = SURFACE_CURVE('',#400,(#404,#410),.PCURVE_S1.);
#400 = LINE('',#401,#402);
#401 = CARTESIAN_POINT('',(-63.48,39.56,15.6));
#402 = VECTOR('',#403,1.);
#403 = DIRECTION('',(0.707106781187,-0.,0.707106781187));
#404 = PCURVE('',#222,#405);
#405 = DEFINITIONAL_REPRESENTATION('',(#406),#409);
#406 = B_SPLINE_CURVE_WITH_KNOTS('',1,(#407,#408),.UNSPECIFIED.,.F.,.F.,
  (2,2),(-0.565685424949,0.565685424949),.PIECEWISE_BEZIER_KNOTS.);
#407 = CARTESIAN_POINT('',(-79.12,-0.565685424949));
#408 = CARTESIAN_POINT('',(-79.12,0.565685424949));
#409 = ( GEOMETRIC_REPRESENTATION_CONTEXT(2) 
PARAMETRIC_REPRESENTATION_CONTEXT() REPRESENTATION_CONTEXT('2D SPACE',''
  ) );
#410 = PCURVE('',#411,#416);
#411 = CONICAL_SURFACE('',#412,3.18,0.785398163397);
#412 = AXIS2_PLACEMENT_3D('',#413,#414,#415);
#413 = CARTESIAN_POINT('',(-60.7,39.56,15.2));
#414 = DIRECTION('',(-0.,-0.,-1.));
#415 = DIRECTION('',(-1.,0.,0.));
#416 = DEFINITIONAL_REPRESENTATION('',(#417),#420);
#417 = B_SPLINE_CURVE_WITH_KNOTS('',1,(#418,#419),.UNSPECIFIED.,.F.,.F.,
  (2,2),(-0.565685424949,0.565685424949),.PIECEWISE_BEZIER_KNOTS.);
#418 = CARTESIAN_POINT('',(0.,0.));
#419 = CARTESIAN_POINT('',(0.,-0.8));
#420 = ( GEOMETRIC_REPRESENTATION_CONTEXT(2) 
PARAMETRIC_REPRESENTATION_CONTEXT() REPRESENTATION_CONTEXT('2D SPACE',''
  ) );
#421 = ORIENTED_EDGE('',*,*,#422,.F.);
#422 = EDGE_CURVE('',#375,#397,#423,.T.);
#423 = SURFACE_CURVE('',#424,(#428,#435),.PCURVE_S1.);
#424 = LINE('',#425,#426);
#425 = CARTESIAN_POINT('',(-63.08,-39.56,16.));
#426 = VECTOR('',#427,1.);
#427 = DIRECTION('',(0.,1.,0.));
#428 = PCURVE('',#222,#429);
#429 = DEFINITIONAL_REPRESENTATION('',(#430),#434);
#430 = LINE('',#431,#432);
#431 = CARTESIAN_POINT('',(-0.,0.565685424949));
#432 = VECTOR('',#433,1.);
#433 = DIRECTION('',(-1.,0.));
#434 = ( GEOMETRIC_REPRESENTATION_CONTEXT(2) 
PARAMETRIC_REPRESENTATION_CONTEXT() REPRESENTATION_CONTEXT('2D SPACE',''
  ) );
#435 = PCURVE('',#436,#441);
#436 = PLANE('',#437);
#437 = AXIS2_PLACEMENT_3D('',#438,#439,#440);
#438 = CARTESIAN_POINT('',(0.,0.,16.));
#439 = DIRECTION('',(0.,0.,1.));
#440 = DIRECTION('',(1.,0.,0.));
#441 = DEFINITIONAL_REPRESENTATION('',(#442),#446);
#442 = LINE('',#443,#444);
#443 = CARTESIAN_POINT('',(-63.08,-39.56));
#444 = VECTOR('',#445,1.);
#445 = DIRECTION('',(0.,1.));
#446 = ( GEOMETRIC_REPRESENTATION_CONTEXT(2) 
PARAMETRIC_REPRESENTATION_CONTEXT() REPRESENTATION_CONTEXT('2D SPACE',''
  ) );
#447 = ADVANCED_FACE('',(#448),#276,.F.);
#448 = FACE_BOUND('',#449,.F.);
#449 = EDGE_LOOP('',(#450,#451,#452,#475,#504,#532,#561,#589));
#450 = ORIENTED_EDGE('',*,*,#262,.F.);
#451 = ORIENTED_EDGE('',*,*,#349,.T.);
#452 = ORIENTED_EDGE('',*,*,#453,.T.);
#453 = EDGE_CURVE('',#322,#454,#456,.T.);
#454 = VERTEX_POINT('',#455);
#455 = CARTESIAN_POINT('',(60.7,-42.74,0.));
#456 = SURFACE_CURVE('',#457,(#461,#468),.PCURVE_S1.);
#457 = LINE('',#458,#459);
#458 = CARTESIAN_POINT('',(0.,-42.74,0.));
#459 = VECTOR('',#460,1.);
#460 = DIRECTION('',(1.,0.,0.));
#461 = PCURVE('',#276,#462);
#462 = DEFINITIONAL_REPRESENTATION('',(#463),#467);
#463 = LINE('',#464,#465);
#464 = CARTESIAN_POINT('',(0.,-42.74));
#465 = VECTOR('',#466,1.);
#466 = DIRECTION('',(1.,0.));
#467 = ( GEOMETRIC_REPRESENTATION_CONTEXT(2) 
PARAMETRIC_REPRESENTATION_CONTEXT() REPRESENTATION_CONTEXT('2D SPACE',''
  ) );
#468 = PCURVE('',#337,#469);
#469 = DEFINITIONAL_REPRESENTATION('',(#470),#474);
#470 = LINE('',#471,#472);
#471 = CARTESIAN_POINT('',(60.7,0.));
#472 = VECTOR('',#473,1.);
#473 = DIRECTION('',(1.,0.));
#474 = ( GEOMETRIC_REPRESENTATION_CONTEXT(2) 
PARAMETRIC_REPRESENTATION_CONTEXT() REPRESENTATION_CONTEXT('2D SPACE',''
  ) );
#475 = ORIENTED_EDGE('',*,*,#476,.T.);
#476 = EDGE_CURVE('',#454,#477,#479,.T.);
#477 = VERTEX_POINT('',#478);
#478 = CARTESIAN_POINT('',(63.88,-39.56,0.));
#479 = SURFACE_CURVE('',#480,(#485,#492),.PCURVE_S1.);
#480 = CIRCLE('',#481,3.18);
#481 = AXIS2_PLACEMENT_3D('',#482,#483,#484);
#482 = CARTESIAN_POINT('',(60.7,-39.56,0.));
#483 = DIRECTION('',(0.,0.,1.));
#484 = DIRECTION('',(1.,0.,0.));
#485 = PCURVE('',#276,#486);
#486 = DEFINITIONAL_REPRESENTATION('',(#487),#491);
#487 = CIRCLE('',#488,3.18);
#488 = AXIS2_PLACEMENT_2D('',#489,#490);
#489 = CARTESIAN_POINT('',(60.7,-39.56));
#490 = DIRECTION('',(1.,0.));
#491 = ( GEOMETRIC_REPRESENTATION_CONTEXT(2) 
PARAMETRIC_REPRESENTATION_CONTEXT() REPRESENTATION_CONTEXT('2D SPACE',''
  ) );
#492 = PCURVE('',#493,#498);
#493 = CYLINDRICAL_SURFACE('',#494,3.18);
#494 = AXIS2_PLACEMENT_3D('',#495,#496,#497);
#495 = CARTESIAN_POINT('',(60.7,-39.56,0.));
#496 = DIRECTION('',(-0.,-0.,-1.));
#497 = DIRECTION('',(1.,0.,0.));
#498 = DEFINITIONAL_REPRESENTATION('',(#499),#503);
#499 = LINE('',#500,#501);
#500 = CARTESIAN_POINT('',(-0.,0.));
#501 = VECTOR('',#502,1.);
#502 = DIRECTION('',(-1.,0.));
#503 = ( GEOMETRIC_REPRESENTATION_CONTEXT(2) 
PARAMETRIC_REPRESENTATION_CONTEXT() REPRESENTATION_CONTEXT('2D SPACE',''
  ) );
#504 = ORIENTED_EDGE('',*,*,#505,.T.);
#505 = EDGE_CURVE('',#477,#506,#508,.T.);
#506 = VERTEX_POINT('',#507);
#507 = CARTESIAN_POINT('',(63.88,39.56,0.));
#508 = SURFACE_CURVE('',#509,(#513,#520),.PCURVE_S1.);
#509 = LINE('',#510,#511);
#510 = CARTESIAN_POINT('',(63.88,0.,0.));
#511 = VECTOR('',#512,1.);
#512 = DIRECTION('',(0.,1.,0.));
#513 = PCURVE('',#276,#514);
#514 = DEFINITIONAL_REPRESENTATION('',(#515),#519);
#515 = LINE('',#516,#517);
#516 = CARTESIAN_POINT('',(63.88,0.));
#517 = VECTOR('',#518,1.);
#518 = DIRECTION('',(0.,1.));
#519 = ( GEOMETRIC_REPRESENTATION_CONTEXT(2) 
PARAMETRIC_REPRESENTATION_CONTEXT() REPRESENTATION_CONTEXT('2D SPACE',''
  ) );
#520 = PCURVE('',#521,#526);
#521 = PLANE('',#522);
#522 = AXIS2_PLACEMENT_3D('',#523,#524,#525);
#523 = CARTESIAN_POINT('',(63.88,-39.56,0.));
#524 = DIRECTION('',(-1.,0.,0.));
#525 = DIRECTION('',(0.,1.,0.));
#526 = DEFINITIONAL_REPRESENTATION('',(#527),#531);
#527 = LINE('',#528,#529);
#528 = CARTESIAN_POINT('',(39.56,0.));
#529 = VECTOR('',#530,1.);
#530 = DIRECTION('',(1.,0.));
#531 = ( GEOMETRIC_REPRESENTATION_CONTEXT(2) 
PARAMETRIC_REPRESENTATION_CONTEXT() REPRESENTATION_CONTEXT('2D SPACE',''
  ) );
#532 = ORIENTED_EDGE('',*,*,#533,.T.);
#533 = EDGE_CURVE('',#506,#534,#536,.T.);
#534 = VERTEX_POINT('',#535);
#535 = CARTESIAN_POINT('',(60.7,42.74,0.));
#536 = SURFACE_CURVE('',#537,(#542,#549),.PCURVE_S1.);
#537 = CIRCLE('',#538,3.18);
#538 = AXIS2_PLACEMENT_3D('',#539,#540,#541);
#539 = CARTESIAN_POINT('',(60.7,39.56,0.));
#540 = DIRECTION('',(0.,0.,1.));
#541 = DIRECTION('',(1.,0.,0.));
#542 = PCURVE('',#276,#543);
#543 = DEFINITIONAL_REPRESENTATION('',(#544),#548);
#544 = CIRCLE('',#545,3.18);
#545 = AXIS2_PLACEMENT_2D('',#546,#547);
#546 = CARTESIAN_POINT('',(60.7,39.56));
#547 = DIRECTION('',(1.,0.));
#548 = ( GEOMETRIC_REPRESENTATION_CONTEXT(2) 
PARAMETRIC_REPRESENTATION_CONTEXT() REPRESENTATION_CONTEXT('2D SPACE',''
  ) );
#549 = PCURVE('',#550,#555);
#550 = CYLINDRICAL_SURFACE('',#551,3.18);
#551 = AXIS2_PLACEMENT_3D('',#552,#553,#554);
#552 = CARTESIAN_POINT('',(60.7,39.56,0.));
#553 = DIRECTION('',(-0.,-0.,-1.));
#554 = DIRECTION('',(1.,0.,0.));
#555 = DEFINITIONAL_REPRESENTATION('',(#556),#560);
#556 = LINE('',#557,#558);
#557 = CARTESIAN_POINT('',(-0.,0.));
#558 = VECTOR('',#559,1.);
#559 = DIRECTION('',(-1.,0.));
#560 = ( GEOMETRIC_REPRESENTATION_CONTEXT(2) 
PARAMETRIC_REPRESENTATION_CONTEXT() REPRESENTATION_CONTEXT('2D SPACE',''
  ) );
#561 = ORIENTED_EDGE('',*,*,#562,.F.);
#562 = EDGE_CURVE('',#563,#534,#565,.T.);
#563 = VERTEX_POINT('',#564);
#564 = CARTESIAN_POINT('',(-60.7,42.74,0.));
#565 = SURFACE_CURVE('',#566,(#570,#577),.PCURVE_S1.);
#566 = LINE('',#567,#568);
#567 = CARTESIAN_POINT('',(0.,42.74,0.));
#568 = VECTOR('',#569,1.);
#569 = DIRECTION('',(1.,0.,0.));
#570 = PCURVE('',#276,#571);
#571 = DEFINITIONAL_REPRESENTATION('',(#572),#576);
#572 = LINE('',#573,#574);
#573 = CARTESIAN_POINT('',(0.,42.74));
#574 = VECTOR('',#575,1.);
#575 = DIRECTION('',(1.,0.));
#576 = ( GEOMETRIC_REPRESENTATION_CONTEXT(2) 
PARAMETRIC_REPRESENTATION_CONTEXT() REPRESENTATION_CONTEXT('2D SPACE',''
  ) );
#577 = PCURVE('',#578,#583);
#578 = PLANE('',#579);
#579 = AXIS2_PLACEMENT_3D('',#580,#581,#582);
#580 = CARTESIAN_POINT('',(-60.7,42.74,0.));
#581 = DIRECTION('',(0.,1.,0.));
#582 = DIRECTION('',(1.,0.,0.));
#583 = DEFINITIONAL_REPRESENTATION('',(#584),#588);
#584 = LINE('',#585,#586);
#585 = CARTESIAN_POINT('',(60.7,0.));
#586 = VECTOR('',#587,1.);
#587 = DIRECTION('',(1.,0.));
#588 = ( GEOMETRIC_REPRESENTATION_CONTEXT(2) 
PARAMETRIC_REPRESENTATION_CONTEXT() REPRESENTATION_CONTEXT('2D SPACE',''
  ) );
#589 = ORIENTED_EDGE('',*,*,#590,.T.);
#590 = EDGE_CURVE('',#563,#235,#591,.T.);
#591 = SURFACE_CURVE('',#592,(#597,#604),.PCURVE_S1.);
#592 = CIRCLE('',#593,3.18);
#593 = AXIS2_PLACEMENT_3D('',#594,#595,#596);
#594 = CARTESIAN_POINT('',(-60.7,39.56,0.));
#595 = DIRECTION('',(0.,0.,1.));
#596 = DIRECTION('',(1.,0.,0.));
#597 = PCURVE('',#276,#598);
#598 = DEFINITIONAL_REPRESENTATION('',(#599),#603);
#599 = CIRCLE('',#600,3.18);
#600 = AXIS2_PLACEMENT_2D('',#601,#602);
#601 = CARTESIAN_POINT('',(-60.7,39.56));
#602 = DIRECTION('',(1.,0.));
#603 = ( GEOMETRIC_REPRESENTATION_CONTEXT(2) 
PARAMETRIC_REPRESENTATION_CONTEXT() REPRESENTATION_CONTEXT('2D SPACE',''
  ) );
#604 = PCURVE('',#250,#605);
#605 = DEFINITIONAL_REPRESENTATION('',(#606),#610);
#606 = LINE('',#607,#608);
#607 = CARTESIAN_POINT('',(-0.,0.));
#608 = VECTOR('',#609,1.);
#609 = DIRECTION('',(-1.,0.));
#610 = ( GEOMETRIC_REPRESENTATION_CONTEXT(2) 
PARAMETRIC_REPRESENTATION_CONTEXT() REPRESENTATION_CONTEXT('2D SPACE',''
  ) );
#611 = ADVANCED_FACE('',(#612),#250,.T.);
#612 = FACE_BOUND('',#613,.F.);
#613 = EDGE_LOOP('',(#614,#637,#659,#660));
#614 = ORIENTED_EDGE('',*,*,#615,.T.);
#615 = EDGE_CURVE('',#563,#616,#618,.T.);
#616 = VERTEX_POINT('',#617);
#617 = CARTESIAN_POINT('',(-60.7,42.74,15.2));
#618 = SURFACE_CURVE('',#619,(#623,#630),.PCURVE_S1.);
#619 = LINE('',#620,#621);
#620 = CARTESIAN_POINT('',(-60.7,42.74,0.));
#621 = VECTOR('',#622,1.);
#622 = DIRECTION('',(0.,0.,1.));
#623 = PCURVE('',#250,#624);
#624 = DEFINITIONAL_REPRESENTATION('',(#625),#629);
#625 = LINE('',#626,#627);
#626 = CARTESIAN_POINT('',(-1.570796326795,0.));
#627 = VECTOR('',#628,1.);
#628 = DIRECTION('',(-0.,-1.));
#629 = ( GEOMETRIC_REPRESENTATION_CONTEXT(2) 
PARAMETRIC_REPRESENTATION_CONTEXT() REPRESENTATION_CONTEXT('2D SPACE',''
  ) );
#630 = PCURVE('',#578,#631);
#631 = DEFINITIONAL_REPRESENTATION('',(#632),#636);
#632 = LINE('',#633,#634);
#633 = CARTESIAN_POINT('',(0.,0.));
#634 = VECTOR('',#635,1.);
#635 = DIRECTION('',(0.,-1.));
#636 = ( GEOMETRIC_REPRESENTATION_CONTEXT(2) 
PARAMETRIC_REPRESENTATION_CONTEXT() REPRESENTATION_CONTEXT('2D SPACE',''
  ) );
#637 = ORIENTED_EDGE('',*,*,#638,.F.);
#638 = EDGE_CURVE('',#207,#616,#639,.T.);
#639 = SURFACE_CURVE('',#640,(#645,#652),.PCURVE_S1.);
#640 = CIRCLE('',#641,3.18);
#641 = AXIS2_PLACEMENT_3D('',#642,#643,#644);
#642 = CARTESIAN_POINT('',(-60.7,39.56,15.2));
#643 = DIRECTION('',(-0.,0.,-1.));
#644 = DIRECTION('',(-1.,0.,0.));
#645 = PCURVE('',#250,#646);
#646 = DEFINITIONAL_REPRESENTATION('',(#647),#651);
#647 = LINE('',#648,#649);
#648 = CARTESIAN_POINT('',(-3.14159265359,-15.2));
#649 = VECTOR('',#650,1.);
#650 = DIRECTION('',(1.,-0.));
#651 = ( GEOMETRIC_REPRESENTATION_CONTEXT(2) 
PARAMETRIC_REPRESENTATION_CONTEXT() REPRESENTATION_CONTEXT('2D SPACE',''
  ) );
#652 = PCURVE('',#411,#653);
#653 = DEFINITIONAL_REPRESENTATION('',(#654),#658);
#654 = LINE('',#655,#656);
#655 = CARTESIAN_POINT('',(0.,-0.));
#656 = VECTOR('',#657,1.);
#657 = DIRECTION('',(1.,-0.));
#658 = ( GEOMETRIC_REPRESENTATION_CONTEXT(2) 
PARAMETRIC_REPRESENTATION_CONTEXT() REPRESENTATION_CONTEXT('2D SPACE',''
  ) );
#659 = ORIENTED_EDGE('',*,*,#234,.F.);
#660 = ORIENTED_EDGE('',*,*,#590,.F.);
#661 = ADVANCED_FACE('',(#662),#309,.T.);
#662 = FACE_BOUND('',#663,.F.);
#663 = EDGE_LOOP('',(#664,#690,#691,#692));
#664 = ORIENTED_EDGE('',*,*,#665,.F.);
#665 = EDGE_CURVE('',#293,#666,#668,.T.);
#666 = VERTEX_POINT('',#667);
#667 = CARTESIAN_POINT('',(-60.7,-41.94,16.));
#668 = SURFACE_CURVE('',#669,(#673,#679),.PCURVE_S1.);
#669 = LINE('',#670,#671);
#670 = CARTESIAN_POINT('',(-60.7,-42.34,15.6));
#671 = VECTOR('',#672,1.);
#672 = DIRECTION('',(0.,0.707106781187,0.707106781187));
#673 = PCURVE('',#309,#674);
#674 = DEFINITIONAL_REPRESENTATION('',(#675),#678);
#675 = B_SPLINE_CURVE_WITH_KNOTS('',1,(#676,#677),.UNSPECIFIED.,.F.,.F.,
  (2,2),(-0.565685424949,0.565685424949),.PIECEWISE_BEZIER_KNOTS.);
#676 = CARTESIAN_POINT('',(0.,0.));
#677 = CARTESIAN_POINT('',(0.,-0.8));
#678 = ( GEOMETRIC_REPRESENTATION_CONTEXT(2) 
PARAMETRIC_REPRESENTATION_CONTEXT() REPRESENTATION_CONTEXT('2D SPACE',''
  ) );
#679 = PCURVE('',#680,#685);
#680 = PLANE('',#681);
#681 = AXIS2_PLACEMENT_3D('',#682,#683,#684);
#682 = CARTESIAN_POINT('',(60.7,-42.34,15.6));
#683 = DIRECTION('',(6.983161618628E-18,0.707106781187,-0.707106781187)
  );
#684 = DIRECTION('',(-1.,4.937840934654E-18,-4.937840934654E-18));
#685 = DEFINITIONAL_REPRESENTATION('',(#686),#689);
#686 = B_SPLINE_CURVE_WITH_KNOTS('',1,(#687,#688),.UNSPECIFIED.,.F.,.F.,
  (2,2),(-0.565685424949,0.565685424949),.PIECEWISE_BEZIER_KNOTS.);
#687 = CARTESIAN_POINT('',(121.4,-0.565685424949));
#688 = CARTESIAN_POINT('',(121.4,0.565685424949));
#689 = ( GEOMETRIC_REPRESENTATION_CONTEXT(2) 
PARAMETRIC_REPRESENTATION_CONTEXT() REPRESENTATION_CONTEXT('2D SPACE',''
  ) );
#690 = ORIENTED_EDGE('',*,*,#292,.T.);
#691 = ORIENTED_EDGE('',*,*,#374,.T.);
#692 = ORIENTED_EDGE('',*,*,#693,.F.);
#693 = EDGE_CURVE('',#666,#375,#694,.T.);
#694 = SURFACE_CURVE('',#695,(#700,#707),.PCURVE_S1.);
#695 = CIRCLE('',#696,2.38);
#696 = AXIS2_PLACEMENT_3D('',#697,#698,#699);
#697 = CARTESIAN_POINT('',(-60.7,-39.56,16.));
#698 = DIRECTION('',(-0.,-0.,-1.));
#699 = DIRECTION('',(0.,-1.,0.));
#700 = PCURVE('',#309,#701);
#701 = DEFINITIONAL_REPRESENTATION('',(#702),#706);
#702 = LINE('',#703,#704);
#703 = CARTESIAN_POINT('',(0.,-0.8));
#704 = VECTOR('',#705,1.);
#705 = DIRECTION('',(1.,-0.));
#706 = ( GEOMETRIC_REPRESENTATION_CONTEXT(2) 
PARAMETRIC_REPRESENTATION_CONTEXT() REPRESENTATION_CONTEXT('2D SPACE',''
  ) );
#707 = PCURVE('',#436,#708);
#708 = DEFINITIONAL_REPRESENTATION('',(#709),#717);
#709 = ( BOUNDED_CURVE() B_SPLINE_CURVE(2,(#710,#711,#712,#713,#714,#715
,#716),.UNSPECIFIED.,.T.,.F.) B_SPLINE_CURVE_WITH_KNOTS((1,2,2,2,2,1),(
    -2.094395102393,0.,2.094395102393,4.188790204786,6.28318530718,
8.377580409573),.UNSPECIFIED.) CURVE() GEOMETRIC_REPRESENTATION_ITEM() 
RATIONAL_B_SPLINE_CURVE((1.,0.5,1.,0.5,1.,0.5,1.)) REPRESENTATION_ITEM(
  '') );
#710 = CARTESIAN_POINT('',(-60.7,-41.94));
#711 = CARTESIAN_POINT('',(-64.82228092201,-41.94));
#712 = CARTESIAN_POINT('',(-62.761140461,-38.37));
#713 = CARTESIAN_POINT('',(-60.7,-34.8));
#714 = CARTESIAN_POINT('',(-58.63885953899,-38.37));
#715 = CARTESIAN_POINT('',(-56.57771907798,-41.94));
#716 = CARTESIAN_POINT('',(-60.7,-41.94));
#717 = ( GEOMETRIC_REPRESENTATION_CONTEXT(2) 
PARAMETRIC_REPRESENTATION_CONTEXT() REPRESENTATION_CONTEXT('2D SPACE',''
  ) );
#718 = ADVANCED_FACE('',(#719),#337,.F.);
#719 = FACE_BOUND('',#720,.F.);
#720 = EDGE_LOOP('',(#721,#722,#745,#766));
#721 = ORIENTED_EDGE('',*,*,#321,.T.);
#722 = ORIENTED_EDGE('',*,*,#723,.F.);
#723 = EDGE_CURVE('',#724,#293,#726,.T.);
#724 = VERTEX_POINT('',#725);
#725 = CARTESIAN_POINT('',(60.7,-42.74,15.2));
#726 = SURFACE_CURVE('',#727,(#731,#738),.PCURVE_S1.);
#727 = LINE('',#728,#729);
#728 = CARTESIAN_POINT('',(60.7,-42.74,15.2));
#729 = VECTOR('',#730,1.);
#730 = DIRECTION('',(-1.,-0.,-0.));
#731 = PCURVE('',#337,#732);
#732 = DEFINITIONAL_REPRESENTATION('',(#733),#737);
#733 = LINE('',#734,#735);
#734 = CARTESIAN_POINT('',(121.4,-15.2));
#735 = VECTOR('',#736,1.);
#736 = DIRECTION('',(-1.,0.));
#737 = ( GEOMETRIC_REPRESENTATION_CONTEXT(2) 
PARAMETRIC_REPRESENTATION_CONTEXT() REPRESENTATION_CONTEXT('2D SPACE',''
  ) );
#738 = PCURVE('',#680,#739);
#739 = DEFINITIONAL_REPRESENTATION('',(#740),#744);
#740 = LINE('',#741,#742);
#741 = CARTESIAN_POINT('',(0.,-0.565685424949));
#742 = VECTOR('',#743,1.);
#743 = DIRECTION('',(1.,0.));
#744 = ( GEOMETRIC_REPRESENTATION_CONTEXT(2) 
PARAMETRIC_REPRESENTATION_CONTEXT() REPRESENTATION_CONTEXT('2D SPACE',''
  ) );
#745 = ORIENTED_EDGE('',*,*,#746,.F.);
#746 = EDGE_CURVE('',#454,#724,#747,.T.);
#747 = SURFACE_CURVE('',#748,(#752,#759),.PCURVE_S1.);
#748 = LINE('',#749,#750);
#749 = CARTESIAN_POINT('',(60.7,-42.74,0.));
#750 = VECTOR('',#751,1.);
#751 = DIRECTION('',(0.,0.,1.));
#752 = PCURVE('',#337,#753);
#753 = DEFINITIONAL_REPRESENTATION('',(#754),#758);
#754 = LINE('',#755,#756);
#755 = CARTESIAN_POINT('',(121.4,0.));
#756 = VECTOR('',#757,1.);
#757 = DIRECTION('',(0.,-1.));
#758 = ( GEOMETRIC_REPRESENTATION_CONTEXT(2) 
PARAMETRIC_REPRESENTATION_CONTEXT() REPRESENTATION_CONTEXT('2D SPACE',''
  ) );
#759 = PCURVE('',#493,#760);
#760 = DEFINITIONAL_REPRESENTATION('',(#761),#765);
#761 = LINE('',#762,#763);
#762 = CARTESIAN_POINT('',(-4.712388980385,0.));
#763 = VECTOR('',#764,1.);
#764 = DIRECTION('',(-0.,-1.));
#765 = ( GEOMETRIC_REPRESENTATION_CONTEXT(2) 
PARAMETRIC_REPRESENTATION_CONTEXT() REPRESENTATION_CONTEXT('2D SPACE',''
  ) );
#766 = ORIENTED_EDGE('',*,*,#453,.F.);
#767 = ADVANCED_FACE('',(#768,#943,#974,#1005,#1036,#1067,#1098,#1129,
    #1160,#1191,#1222,#1253,#1284,#1315,#1346,#1377),#436,.T.);
#768 = FACE_BOUND('',#769,.T.);
#769 = EDGE_LOOP('',(#770,#771,#772,#795,#828,#856,#889,#917));
#770 = ORIENTED_EDGE('',*,*,#422,.F.);
#771 = ORIENTED_EDGE('',*,*,#693,.F.);
#772 = ORIENTED_EDGE('',*,*,#773,.F.);
#773 = EDGE_CURVE('',#774,#666,#776,.T.);
#774 = VERTEX_POINT('',#775);
#775 = CARTESIAN_POINT('',(60.7,-41.94,16.));
#776 = SURFACE_CURVE('',#777,(#781,#788),.PCURVE_S1.);
#777 = LINE('',#778,#779);
#778 = CARTESIAN_POINT('',(60.7,-41.94,16.));
#779 = VECTOR('',#780,1.);
#780 = DIRECTION('',(-1.,-0.,-0.));
#781 = PCURVE('',#436,#782);
#782 = DEFINITIONAL_REPRESENTATION('',(#783),#787);
#783 = LINE('',#784,#785);
#784 = CARTESIAN_POINT('',(60.7,-41.94));
#785 = VECTOR('',#786,1.);
#786 = DIRECTION('',(-1.,-0.));
#787 = ( GEOMETRIC_REPRESENTATION_CONTEXT(2) 
PARAMETRIC_REPRESENTATION_CONTEXT() REPRESENTATION_CONTEXT('2D SPACE',''
  ) );
#788 = PCURVE('',#680,#789);
#789 = DEFINITIONAL_REPRESENTATION('',(#790),#794);
#790 = LINE('',#791,#792);
#791 = CARTESIAN_POINT('',(0.,0.565685424949));
#792 = VECTOR('',#793,1.);
#793 = DIRECTION('',(1.,0.));
#794 = ( GEOMETRIC_REPRESENTATION_CONTEXT(2) 
PARAMETRIC_REPRESENTATION_CONTEXT() REPRESENTATION_CONTEXT('2D SPACE',''
  ) );
#795 = ORIENTED_EDGE('',*,*,#796,.F.);
#796 = EDGE_CURVE('',#797,#774,#799,.T.);
#797 = VERTEX_POINT('',#798);
#798 = CARTESIAN_POINT('',(63.08,-39.56,16.));
#799 = SURFACE_CURVE('',#800,(#805,#816),.PCURVE_S1.);
#800 = CIRCLE('',#801,2.38);
#801 = AXIS2_PLACEMENT_3D('',#802,#803,#804);
#802 = CARTESIAN_POINT('',(60.7,-39.56,16.));
#803 = DIRECTION('',(0.,0.,-1.));
#804 = DIRECTION('',(1.,0.,0.));
#805 = PCURVE('',#436,#806);
#806 = DEFINITIONAL_REPRESENTATION('',(#807),#815);
#807 = ( BOUNDED_CURVE() B_SPLINE_CURVE(2,(#808,#809,#810,#811,#812,#813
,#814),.UNSPECIFIED.,.T.,.F.) B_SPLINE_CURVE_WITH_KNOTS((1,2,2,2,2,1),(
    -2.094395102393,0.,2.094395102393,4.188790204786,6.28318530718,
8.377580409573),.UNSPECIFIED.) CURVE() GEOMETRIC_REPRESENTATION_ITEM() 
RATIONAL_B_SPLINE_CURVE((1.,0.5,1.,0.5,1.,0.5,1.)) REPRESENTATION_ITEM(
  '') );
#808 = CARTESIAN_POINT('',(63.08,-39.56));
#809 = CARTESIAN_POINT('',(63.08,-43.68228092201));
#810 = CARTESIAN_POINT('',(59.51,-41.621140461));
#811 = CARTESIAN_POINT('',(55.94,-39.56));
#812 = CARTESIAN_POINT('',(59.51,-37.49885953899));
#813 = CARTESIAN_POINT('',(63.08,-35.43771907798));
#814 = CARTESIAN_POINT('',(63.08,-39.56));
#815 = ( GEOMETRIC_REPRESENTATION_CONTEXT(2) 
PARAMETRIC_REPRESENTATION_CONTEXT() REPRESENTATION_CONTEXT('2D SPACE',''
  ) );
#816 = PCURVE('',#817,#822);
#817 = CONICAL_SURFACE('',#818,3.18,0.785398163397);
#818 = AXIS2_PLACEMENT_3D('',#819,#820,#821);
#819 = CARTESIAN_POINT('',(60.7,-39.56,15.2));
#820 = DIRECTION('',(-0.,-0.,-1.));
#821 = DIRECTION('',(1.,0.,0.));
#822 = DEFINITIONAL_REPRESENTATION('',(#823),#827);
#823 = LINE('',#824,#825);
#824 = CARTESIAN_POINT('',(0.,-0.8));
#825 = VECTOR('',#826,1.);
#826 = DIRECTION('',(1.,-0.));
#827 = ( GEOMETRIC_REPRESENTATION_CONTEXT(2) 
PARAMETRIC_REPRESENTATION_CONTEXT() REPRESENTATION_CONTEXT('2D SPACE',''
  ) );
#828 = ORIENTED_EDGE('',*,*,#829,.F.);
#829 = EDGE_CURVE('',#830,#797,#832,.T.);
#830 = VERTEX_POINT('',#831);
#831 = CARTESIAN_POINT('',(63.08,39.56,16.));
#832 = SURFACE_CURVE('',#833,(#837,#844),.PCURVE_S1.);
#833 = LINE('',#834,#835);
#834 = CARTESIAN_POINT('',(63.08,39.56,16.));
#835 = VECTOR('',#836,1.);
#836 = DIRECTION('',(-0.,-1.,-0.));
#837 = PCURVE('',#436,#838);
#838 = DEFINITIONAL_REPRESENTATION('',(#839),#843);
#839 = LINE('',#840,#841);
#840 = CARTESIAN_POINT('',(63.08,39.56));
#841 = VECTOR('',#842,1.);
#842 = DIRECTION('',(-0.,-1.));
#843 = ( GEOMETRIC_REPRESENTATION_CONTEXT(2) 
PARAMETRIC_REPRESENTATION_CONTEXT() REPRESENTATION_CONTEXT('2D SPACE',''
  ) );
#844 = PCURVE('',#845,#850);
#845 = PLANE('',#846);
#846 = AXIS2_PLACEMENT_3D('',#847,#848,#849);
#847 = CARTESIAN_POINT('',(63.48,39.56,15.6));
#848 = DIRECTION('',(-0.707106781187,6.983161618628E-18,-0.707106781187)
  );
#849 = DIRECTION('',(-4.937840934654E-18,-1.,-4.937840934654E-18));
#850 = DEFINITIONAL_REPRESENTATION('',(#851),#855);
#851 = LINE('',#852,#853);
#852 = CARTESIAN_POINT('',(0.,0.565685424949));
#853 = VECTOR('',#854,1.);
#854 = DIRECTION('',(1.,0.));
#855 = ( GEOMETRIC_REPRESENTATION_CONTEXT(2) 
PARAMETRIC_REPRESENTATION_CONTEXT() REPRESENTATION_CONTEXT('2D SPACE',''
  ) );
#856 = ORIENTED_EDGE('',*,*,#857,.F.);
#857 = EDGE_CURVE('',#858,#830,#860,.T.);
#858 = VERTEX_POINT('',#859);
#859 = CARTESIAN_POINT('',(60.7,41.94,16.));
#860 = SURFACE_CURVE('',#861,(#866,#877),.PCURVE_S1.);
#861 = CIRCLE('',#862,2.38);
#862 = AXIS2_PLACEMENT_3D('',#863,#864,#865);
#863 = CARTESIAN_POINT('',(60.7,39.56,16.));
#864 = DIRECTION('',(0.,-0.,-1.));
#865 = DIRECTION('',(0.,1.,-0.));
#866 = PCURVE('',#436,#867);
#867 = DEFINITIONAL_REPRESENTATION('',(#868),#876);
#868 = ( BOUNDED_CURVE() B_SPLINE_CURVE(2,(#869,#870,#871,#872,#873,#874
,#875),.UNSPECIFIED.,.T.,.F.) B_SPLINE_CURVE_WITH_KNOTS((1,2,2,2,2,1),(
    -2.094395102393,0.,2.094395102393,4.188790204786,6.28318530718,
8.377580409573),.UNSPECIFIED.) CURVE() GEOMETRIC_REPRESENTATION_ITEM() 
RATIONAL_B_SPLINE_CURVE((1.,0.5,1.,0.5,1.,0.5,1.)) REPRESENTATION_ITEM(
  '') );
#869 = CARTESIAN_POINT('',(60.7,41.94));
#870 = CARTESIAN_POINT('',(64.822280922014,41.94));
#871 = CARTESIAN_POINT('',(62.761140461007,38.37));
#872 = CARTESIAN_POINT('',(60.7,34.8));
#873 = CARTESIAN_POINT('',(58.638859538993,38.37));
#874 = CARTESIAN_POINT('',(56.577719077986,41.94));
#875 = CARTESIAN_POINT('',(60.7,41.94));
#876 = ( GEOMETRIC_REPRESENTATION_CONTEXT(2) 
PARAMETRIC_REPRESENTATION_CONTEXT() REPRESENTATION_CONTEXT('2D SPACE',''
  ) );
#877 = PCURVE('',#878,#883);
#878 = CONICAL_SURFACE('',#879,3.18,0.785398163397);
#879 = AXIS2_PLACEMENT_3D('',#880,#881,#882);
#880 = CARTESIAN_POINT('',(60.7,39.56,15.2));
#881 = DIRECTION('',(-0.,-0.,-1.));
#882 = DIRECTION('',(0.,1.,-0.));
#883 = DEFINITIONAL_REPRESENTATION('',(#884),#888);
#884 = LINE('',#885,#886);
#885 = CARTESIAN_POINT('',(0.,-0.8));
#886 = VECTOR('',#887,1.);
#887 = DIRECTION('',(1.,-0.));
#888 = ( GEOMETRIC_REPRESENTATION_CONTEXT(2) 
PARAMETRIC_REPRESENTATION_CONTEXT() REPRESENTATION_CONTEXT('2D SPACE',''
  ) );
#889 = ORIENTED_EDGE('',*,*,#890,.F.);
#890 = EDGE_CURVE('',#891,#858,#893,.T.);
#891 = VERTEX_POINT('',#892);
#892 = CARTESIAN_POINT('',(-60.7,41.94,16.));
#893 = SURFACE_CURVE('',#894,(#898,#905),.PCURVE_S1.);
#894 = LINE('',#895,#896);
#895 = CARTESIAN_POINT('',(-60.7,41.94,16.));
#896 = VECTOR('',#897,1.);
#897 = DIRECTION('',(1.,0.,0.));
#898 = PCURVE('',#436,#899);
#899 = DEFINITIONAL_REPRESENTATION('',(#900),#904);
#900 = LINE('',#901,#902);
#901 = CARTESIAN_POINT('',(-60.7,41.94));
#902 = VECTOR('',#903,1.);
#903 = DIRECTION('',(1.,0.));
#904 = ( GEOMETRIC_REPRESENTATION_CONTEXT(2) 
PARAMETRIC_REPRESENTATION_CONTEXT() REPRESENTATION_CONTEXT('2D SPACE',''
  ) );
#905 = PCURVE('',#906,#911);
#906 = PLANE('',#907);
#907 = AXIS2_PLACEMENT_3D('',#908,#909,#910);
#908 = CARTESIAN_POINT('',(-60.7,42.34,15.6));
#909 = DIRECTION('',(-6.983161618628E-18,0.707106781187,0.707106781187)
  );
#910 = DIRECTION('',(-1.,-4.937840934654E-18,-4.937840934654E-18));
#911 = DEFINITIONAL_REPRESENTATION('',(#912),#916);
#912 = LINE('',#913,#914);
#913 = CARTESIAN_POINT('',(-0.,0.565685424949));
#914 = VECTOR('',#915,1.);
#915 = DIRECTION('',(-1.,0.));
#916 = ( GEOMETRIC_REPRESENTATION_CONTEXT(2) 
PARAMETRIC_REPRESENTATION_CONTEXT() REPRESENTATION_CONTEXT('2D SPACE',''
  ) );
#917 = ORIENTED_EDGE('',*,*,#918,.F.);
#918 = EDGE_CURVE('',#397,#891,#919,.T.);
#919 = SURFACE_CURVE('',#920,(#925,#936),.PCURVE_S1.);
#920 = CIRCLE('',#921,2.38);
#921 = AXIS2_PLACEMENT_3D('',#922,#923,#924);
#922 = CARTESIAN_POINT('',(-60.7,39.56,16.));
#923 = DIRECTION('',(-0.,0.,-1.));
#924 = DIRECTION('',(-1.,0.,0.));
#925 = PCURVE('',#436,#926);
#926 = DEFINITIONAL_REPRESENTATION('',(#927),#935);
#927 = ( BOUNDED_CURVE() B_SPLINE_CURVE(2,(#928,#929,#930,#931,#932,#933
,#934),.UNSPECIFIED.,.T.,.F.) B_SPLINE_CURVE_WITH_KNOTS((1,2,2,2,2,1),(
    -2.094395102393,0.,2.094395102393,4.188790204786,6.28318530718,
8.377580409573),.UNSPECIFIED.) CURVE() GEOMETRIC_REPRESENTATION_ITEM() 
RATIONAL_B_SPLINE_CURVE((1.,0.5,1.,0.5,1.,0.5,1.)) REPRESENTATION_ITEM(
  '') );
#928 = CARTESIAN_POINT('',(-63.08,39.56));
#929 = CARTESIAN_POINT('',(-63.08,43.682280922014));
#930 = CARTESIAN_POINT('',(-59.51,41.621140461007));
#931 = CARTESIAN_POINT('',(-55.94,39.56));
#932 = CARTESIAN_POINT('',(-59.51,37.498859538993));
#933 = CARTESIAN_POINT('',(-63.08,35.437719077986));
#934 = CARTESIAN_POINT('',(-63.08,39.56));
#935 = ( GEOMETRIC_REPRESENTATION_CONTEXT(2) 
PARAMETRIC_REPRESENTATION_CONTEXT() REPRESENTATION_CONTEXT('2D SPACE',''
  ) );
#936 = PCURVE('',#411,#937);
#937 = DEFINITIONAL_REPRESENTATION('',(#938),#942);
#938 = LINE('',#939,#940);
#939 = CARTESIAN_POINT('',(0.,-0.8));
#940 = VECTOR('',#941,1.);
#941 = DIRECTION('',(1.,-0.));
#942 = ( GEOMETRIC_REPRESENTATION_CONTEXT(2) 
PARAMETRIC_REPRESENTATION_CONTEXT() REPRESENTATION_CONTEXT('2D SPACE',''
  ) );
#943 = FACE_BOUND('',#944,.T.);
#944 = EDGE_LOOP('',(#945));
#945 = ORIENTED_EDGE('',*,*,#946,.F.);
#946 = EDGE_CURVE('',#947,#947,#949,.T.);
#947 = VERTEX_POINT('',#948);
#948 = CARTESIAN_POINT('',(-40.3,-22.,16.));
#949 = SURFACE_CURVE('',#950,(#955,#962),.PCURVE_S1.);
#950 = CIRCLE('',#951,3.7);
#951 = AXIS2_PLACEMENT_3D('',#952,#953,#954);
#952 = CARTESIAN_POINT('',(-44.,-22.,16.));
#953 = DIRECTION('',(0.,0.,1.));
#954 = DIRECTION('',(1.,0.,0.));
#955 = PCURVE('',#436,#956);
#956 = DEFINITIONAL_REPRESENTATION('',(#957),#961);
#957 = CIRCLE('',#958,3.7);
#958 = AXIS2_PLACEMENT_2D('',#959,#960);
#959 = CARTESIAN_POINT('',(-44.,-22.));
#960 = DIRECTION('',(1.,0.));
#961 = ( GEOMETRIC_REPRESENTATION_CONTEXT(2) 
PARAMETRIC_REPRESENTATION_CONTEXT() REPRESENTATION_CONTEXT('2D SPACE',''
  ) );
#962 = PCURVE('',#963,#968);
#963 = CONICAL_SURFACE('',#964,1.7,0.785398163397);
#964 = AXIS2_PLACEMENT_3D('',#965,#966,#967);
#965 = CARTESIAN_POINT('',(-44.,-22.,14.));
#966 = DIRECTION('',(0.,0.,1.));
#967 = DIRECTION('',(1.,0.,0.));
#968 = DEFINITIONAL_REPRESENTATION('',(#969),#973);
#969 = LINE('',#970,#971);
#970 = CARTESIAN_POINT('',(0.,2.));
#971 = VECTOR('',#972,1.);
#972 = DIRECTION('',(1.,0.));
#973 = ( GEOMETRIC_REPRESENTATION_CONTEXT(2) 
PARAMETRIC_REPRESENTATION_CONTEXT() REPRESENTATION_CONTEXT('2D SPACE',''
  ) );
#974 = FACE_BOUND('',#975,.T.);
#975 = EDGE_LOOP('',(#976));
#976 = ORIENTED_EDGE('',*,*,#977,.F.);
#977 = EDGE_CURVE('',#978,#978,#980,.T.);
#978 = VERTEX_POINT('',#979);
#979 = CARTESIAN_POINT('',(-18.3,-22.,16.));
#980 = SURFACE_CURVE('',#981,(#986,#993),.PCURVE_S1.);
#981 = CIRCLE('',#982,3.7);
#982 = AXIS2_PLACEMENT_3D('',#983,#984,#985);
#983 = CARTESIAN_POINT('',(-22.,-22.,16.));
#984 = DIRECTION('',(0.,0.,1.));
#985 = DIRECTION('',(1.,0.,0.));
#986 = PCURVE('',#436,#987);
#987 = DEFINITIONAL_REPRESENTATION('',(#988),#992);
#988 = CIRCLE('',#989,3.7);
#989 = AXIS2_PLACEMENT_2D('',#990,#991);
#990 = CARTESIAN_POINT('',(-22.,-22.));
#991 = DIRECTION('',(1.,0.));
#992 = ( GEOMETRIC_REPRESENTATION_CONTEXT(2) 
PARAMETRIC_REPRESENTATION_CONTEXT() REPRESENTATION_CONTEXT('2D SPACE',''
  ) );
#993 = PCURVE('',#994,#999);
#994 = CONICAL_SURFACE('',#995,1.7,0.785398163397);
#995 = AXIS2_PLACEMENT_3D('',#996,#997,#998);
#996 = CARTESIAN_POINT('',(-22.,-22.,14.));
#997 = DIRECTION('',(0.,0.,1.));
#998 = DIRECTION('',(1.,0.,0.));
#999 = DEFINITIONAL_REPRESENTATION('',(#1000),#1004);
#1000 = LINE('',#1001,#1002);
#1001 = CARTESIAN_POINT('',(0.,2.));
#1002 = VECTOR('',#1003,1.);
#1003 = DIRECTION('',(1.,0.));
#1004 = ( GEOMETRIC_REPRESENTATION_CONTEXT(2) 
PARAMETRIC_REPRESENTATION_CONTEXT() REPRESENTATION_CONTEXT('2D SPACE',''
  ) );
#1005 = FACE_BOUND('',#1006,.T.);
#1006 = EDGE_LOOP('',(#1007));
#1007 = ORIENTED_EDGE('',*,*,#1008,.F.);
#1008 = EDGE_CURVE('',#1009,#1009,#1011,.T.);
#1009 = VERTEX_POINT('',#1010);
#1010 = CARTESIAN_POINT('',(3.7,-22.,16.));
#1011 = SURFACE_CURVE('',#1012,(#1017,#1024),.PCURVE_S1.);
#1012 = CIRCLE('',#1013,3.7);
#1013 = AXIS2_PLACEMENT_3D('',#1014,#1015,#1016);
#1014 = CARTESIAN_POINT('',(0.,-22.,16.));
#1015 = DIRECTION('',(0.,0.,1.));
#1016 = DIRECTION('',(1.,0.,0.));
#1017 = PCURVE('',#436,#1018);
#1018 = DEFINITIONAL_REPRESENTATION('',(#1019),#1023);
#1019 = CIRCLE('',#1020,3.7);
#1020 = AXIS2_PLACEMENT_2D('',#1021,#1022);
#1021 = CARTESIAN_POINT('',(0.,-22.));
#1022 = DIRECTION('',(1.,0.));
#1023 = ( GEOMETRIC_REPRESENTATION_CONTEXT(2) 
PARAMETRIC_REPRESENTATION_CONTEXT() REPRESENTATION_CONTEXT('2D SPACE',''
  ) );
#1024 = PCURVE('',#1025,#1030);
#1025 = CONICAL_SURFACE('',#1026,1.7,0.785398163397);
#1026 = AXIS2_PLACEMENT_3D('',#1027,#1028,#1029);
#1027 = CARTESIAN_POINT('',(0.,-22.,14.));
#1028 = DIRECTION('',(0.,0.,1.));
#1029 = DIRECTION('',(1.,0.,0.));
#1030 = DEFINITIONAL_REPRESENTATION('',(#1031),#1035);
#1031 = LINE('',#1032,#1033);
#1032 = CARTESIAN_POINT('',(0.,2.));
#1033 = VECTOR('',#1034,1.);
#1034 = DIRECTION('',(1.,0.));
#1035 = ( GEOMETRIC_REPRESENTATION_CONTEXT(2) 
PARAMETRIC_REPRESENTATION_CONTEXT() REPRESENTATION_CONTEXT('2D SPACE',''
  ) );
#1036 = FACE_BOUND('',#1037,.T.);
#1037 = EDGE_LOOP('',(#1038));
#1038 = ORIENTED_EDGE('',*,*,#1039,.F.);
#1039 = EDGE_CURVE('',#1040,#1040,#1042,.T.);
#1040 = VERTEX_POINT('',#1041);
#1041 = CARTESIAN_POINT('',(25.7,-22.,16.));
#1042 = SURFACE_CURVE('',#1043,(#1048,#1055),.PCURVE_S1.);
#1043 = CIRCLE('',#1044,3.7);
#1044 = AXIS2_PLACEMENT_3D('',#1045,#1046,#1047);
#1045 = CARTESIAN_POINT('',(22.,-22.,16.));
#1046 = DIRECTION('',(0.,0.,1.));
#1047 = DIRECTION('',(1.,0.,0.));
#1048 = PCURVE('',#436,#1049);
#1049 = DEFINITIONAL_REPRESENTATION('',(#1050),#1054);
#1050 = CIRCLE('',#1051,3.7);
#1051 = AXIS2_PLACEMENT_2D('',#1052,#1053);
#1052 = CARTESIAN_POINT('',(22.,-22.));
#1053 = DIRECTION('',(1.,0.));
#1054 = ( GEOMETRIC_REPRESENTATION_CONTEXT(2) 
PARAMETRIC_REPRESENTATION_CONTEXT() REPRESENTATION_CONTEXT('2D SPACE',''
  ) );
#1055 = PCURVE('',#1056,#1061);
#1056 = CONICAL_SURFACE('',#1057,1.7,0.785398163397);
#1057 = AXIS2_PLACEMENT_3D('',#1058,#1059,#1060);
#1058 = CARTESIAN_POINT('',(22.,-22.,14.));
#1059 = DIRECTION('',(0.,0.,1.));
#1060 = DIRECTION('',(1.,0.,0.));
#1061 = DEFINITIONAL_REPRESENTATION('',(#1062),#1066);
#1062 = LINE('',#1063,#1064);
#1063 = CARTESIAN_POINT('',(0.,2.));
#1064 = VECTOR('',#1065,1.);
#1065 = DIRECTION('',(1.,0.));
#1066 = ( GEOMETRIC_REPRESENTATION_CONTEXT(2) 
PARAMETRIC_REPRESENTATION_CONTEXT() REPRESENTATION_CONTEXT('2D SPACE',''
  ) );
#1067 = FACE_BOUND('',#1068,.T.);
#1068 = EDGE_LOOP('',(#1069));
#1069 = ORIENTED_EDGE('',*,*,#1070,.F.);
#1070 = EDGE_CURVE('',#1071,#1071,#1073,.T.);
#1071 = VERTEX_POINT('',#1072);
#1072 = CARTESIAN_POINT('',(47.7,-22.,16.));
#1073 = SURFACE_CURVE('',#1074,(#1079,#1086),.PCURVE_S1.);
#1074 = CIRCLE('',#1075,3.7);
#1075 = AXIS2_PLACEMENT_3D('',#1076,#1077,#1078);
#1076 = CARTESIAN_POINT('',(44.,-22.,16.));
#1077 = DIRECTION('',(0.,0.,1.));
#1078 = DIRECTION('',(1.,0.,0.));
#1079 = PCURVE('',#436,#1080);
#1080 = DEFINITIONAL_REPRESENTATION('',(#1081),#1085);
#1081 = CIRCLE('',#1082,3.7);
#1082 = AXIS2_PLACEMENT_2D('',#1083,#1084);
#1083 = CARTESIAN_POINT('',(44.,-22.));
#1084 = DIRECTION('',(1.,0.));
#1085 = ( GEOMETRIC_REPRESENTATION_CONTEXT(2) 
PARAMETRIC_REPRESENTATION_CONTEXT() REPRESENTATION_CONTEXT('2D SPACE',''
  ) );
#1086 = PCURVE('',#1087,#1092);
#1087 = CONICAL_SURFACE('',#1088,1.7,0.785398163397);
#1088 = AXIS2_PLACEMENT_3D('',#1089,#1090,#1091);
#1089 = CARTESIAN_POINT('',(44.,-22.,14.));
#1090 = DIRECTION('',(0.,0.,1.));
#1091 = DIRECTION('',(1.,0.,0.));
#1092 = DEFINITIONAL_REPRESENTATION('',(#1093),#1097);
#1093 = LINE('',#1094,#1095);
#1094 = CARTESIAN_POINT('',(0.,2.));
#1095 = VECTOR('',#1096,1.);
#1096 = DIRECTION('',(1.,0.));
#1097 = ( GEOMETRIC_REPRESENTATION_CONTEXT(2) 
PARAMETRIC_REPRESENTATION_CONTEXT() REPRESENTATION_CONTEXT('2D SPACE',''
  ) );
#1098 = FACE_BOUND('',#1099,.T.);
#1099 = EDGE_LOOP('',(#1100));
#1100 = ORIENTED_EDGE('',*,*,#1101,.F.);
#1101 = EDGE_CURVE('',#1102,#1102,#1104,.T.);
#1102 = VERTEX_POINT('',#1103);
#1103 = CARTESIAN_POINT('',(-40.3,0.,16.));
#1104 = SURFACE_CURVE('',#1105,(#1110,#1117),.PCURVE_S1.);
#1105 = CIRCLE('',#1106,3.7);
#1106 = AXIS2_PLACEMENT_3D('',#1107,#1108,#1109);
#1107 = CARTESIAN_POINT('',(-44.,0.,16.));
#1108 = DIRECTION('',(0.,0.,1.));
#1109 = DIRECTION('',(1.,0.,0.));
#1110 = PCURVE('',#436,#1111);
#1111 = DEFINITIONAL_REPRESENTATION('',(#1112),#1116);
#1112 = CIRCLE('',#1113,3.7);
#1113 = AXIS2_PLACEMENT_2D('',#1114,#1115);
#1114 = CARTESIAN_POINT('',(-44.,0.));
#1115 = DIRECTION('',(1.,0.));
#1116 = ( GEOMETRIC_REPRESENTATION_CONTEXT(2) 
PARAMETRIC_REPRESENTATION_CONTEXT() REPRESENTATION_CONTEXT('2D SPACE',''
  ) );
#1117 = PCURVE('',#1118,#1123);
#1118 = CONICAL_SURFACE('',#1119,1.7,0.785398163397);
#1119 = AXIS2_PLACEMENT_3D('',#1120,#1121,#1122);
#1120 = CARTESIAN_POINT('',(-44.,0.,14.));
#1121 = DIRECTION('',(0.,0.,1.));
#1122 = DIRECTION('',(1.,0.,0.));
#1123 = DEFINITIONAL_REPRESENTATION('',(#1124),#1128);
#1124 = LINE('',#1125,#1126);
#1125 = CARTESIAN_POINT('',(0.,2.));
#1126 = VECTOR('',#1127,1.);
#1127 = DIRECTION('',(1.,0.));
#1128 = ( GEOMETRIC_REPRESENTATION_CONTEXT(2) 
PARAMETRIC_REPRESENTATION_CONTEXT() REPRESENTATION_CONTEXT('2D SPACE',''
  ) );
#1129 = FACE_BOUND('',#1130,.T.);
#1130 = EDGE_LOOP('',(#1131));
#1131 = ORIENTED_EDGE('',*,*,#1132,.F.);
#1132 = EDGE_CURVE('',#1133,#1133,#1135,.T.);
#1133 = VERTEX_POINT('',#1134);
#1134 = CARTESIAN_POINT('',(-18.3,0.,16.));
#1135 = SURFACE_CURVE('',#1136,(#1141,#1148),.PCURVE_S1.);
#1136 = CIRCLE('',#1137,3.7);
#1137 = AXIS2_PLACEMENT_3D('',#1138,#1139,#1140);
#1138 = CARTESIAN_POINT('',(-22.,0.,16.));
#1139 = DIRECTION('',(0.,0.,1.));
#1140 = DIRECTION('',(1.,0.,0.));
#1141 = PCURVE('',#436,#1142);
#1142 = DEFINITIONAL_REPRESENTATION('',(#1143),#1147);
#1143 = CIRCLE('',#1144,3.7);
#1144 = AXIS2_PLACEMENT_2D('',#1145,#1146);
#1145 = CARTESIAN_POINT('',(-22.,0.));
#1146 = DIRECTION('',(1.,0.));
#1147 = ( GEOMETRIC_REPRESENTATION_CONTEXT(2) 
PARAMETRIC_REPRESENTATION_CONTEXT() REPRESENTATION_CONTEXT('2D SPACE',''
  ) );
#1148 = PCURVE('',#1149,#1154);
#1149 = CONICAL_SURFACE('',#1150,1.7,0.785398163397);
#1150 = AXIS2_PLACEMENT_3D('',#1151,#1152,#1153);
#1151 = CARTESIAN_POINT('',(-22.,0.,14.));
#1152 = DIRECTION('',(0.,0.,1.));
#1153 = DIRECTION('',(1.,0.,0.));
#1154 = DEFINITIONAL_REPRESENTATION('',(#1155),#1159);
#1155 = LINE('',#1156,#1157);
#1156 = CARTESIAN_POINT('',(0.,2.));
#1157 = VECTOR('',#1158,1.);
#1158 = DIRECTION('',(1.,0.));
#1159 = ( GEOMETRIC_REPRESENTATION_CONTEXT(2) 
PARAMETRIC_REPRESENTATION_CONTEXT() REPRESENTATION_CONTEXT('2D SPACE',''
  ) );
#1160 = FACE_BOUND('',#1161,.T.);
#1161 = EDGE_LOOP('',(#1162));
#1162 = ORIENTED_EDGE('',*,*,#1163,.F.);
#1163 = EDGE_CURVE('',#1164,#1164,#1166,.T.);
#1164 = VERTEX_POINT('',#1165);
#1165 = CARTESIAN_POINT('',(-40.3,22.,16.));
#1166 = SURFACE_CURVE('',#1167,(#1172,#1179),.PCURVE_S1.);
#1167 = CIRCLE('',#1168,3.7);
#1168 = AXIS2_PLACEMENT_3D('',#1169,#1170,#1171);
#1169 = CARTESIAN_POINT('',(-44.,22.,16.));
#1170 = DIRECTION('',(0.,0.,1.));
#1171 = DIRECTION('',(1.,0.,0.));
#1172 = PCURVE('',#436,#1173);
#1173 = DEFINITIONAL_REPRESENTATION('',(#1174),#1178);
#1174 = CIRCLE('',#1175,3.7);
#1175 = AXIS2_PLACEMENT_2D('',#1176,#1177);
#1176 = CARTESIAN_POINT('',(-44.,22.));
#1177 = DIRECTION('',(1.,0.));
#1178 = ( GEOMETRIC_REPRESENTATION_CONTEXT(2) 
PARAMETRIC_REPRESENTATION_CONTEXT() REPRESENTATION_CONTEXT('2D SPACE',''
  ) );
#1179 = PCURVE('',#1180,#1185);
#1180 = CONICAL_SURFACE('',#1181,1.7,0.785398163397);
#1181 = AXIS2_PLACEMENT_3D('',#1182,#1183,#1184);
#1182 = CARTESIAN_POINT('',(-44.,22.,14.));
#1183 = DIRECTION('',(0.,0.,1.));
#1184 = DIRECTION('',(1.,0.,0.));
#1185 = DEFINITIONAL_REPRESENTATION('',(#1186),#1190);
#1186 = LINE('',#1187,#1188);
#1187 = CARTESIAN_POINT('',(0.,2.));
#1188 = VECTOR('',#1189,1.);
#1189 = DIRECTION('',(1.,0.));
#1190 = ( GEOMETRIC_REPRESENTATION_CONTEXT(2) 
PARAMETRIC_REPRESENTATION_CONTEXT() REPRESENTATION_CONTEXT('2D SPACE',''
  ) );
#1191 = FACE_BOUND('',#1192,.T.);
#1192 = EDGE_LOOP('',(#1193));
#1193 = ORIENTED_EDGE('',*,*,#1194,.F.);
#1194 = EDGE_CURVE('',#1195,#1195,#1197,.T.);
#1195 = VERTEX_POINT('',#1196);
#1196 = CARTESIAN_POINT('',(-18.3,22.,16.));
#1197 = SURFACE_CURVE('',#1198,(#1203,#1210),.PCURVE_S1.);
#1198 = CIRCLE('',#1199,3.7);
#1199 = AXIS2_PLACEMENT_3D('',#1200,#1201,#1202);
#1200 = CARTESIAN_POINT('',(-22.,22.,16.));
#1201 = DIRECTION('',(0.,0.,1.));
#1202 = DIRECTION('',(1.,0.,0.));
#1203 = PCURVE('',#436,#1204);
#1204 = DEFINITIONAL_REPRESENTATION('',(#1205),#1209);
#1205 = CIRCLE('',#1206,3.7);
#1206 = AXIS2_PLACEMENT_2D('',#1207,#1208);
#1207 = CARTESIAN_POINT('',(-22.,22.));
#1208 = DIRECTION('',(1.,0.));
#1209 = ( GEOMETRIC_REPRESENTATION_CONTEXT(2) 
PARAMETRIC_REPRESENTATION_CONTEXT() REPRESENTATION_CONTEXT('2D SPACE',''
  ) );
#1210 = PCURVE('',#1211,#1216);
#1211 = CONICAL_SURFACE('',#1212,1.7,0.785398163397);
#1212 = AXIS2_PLACEMENT_3D('',#1213,#1214,#1215);
#1213 = CARTESIAN_POINT('',(-22.,22.,14.));
#1214 = DIRECTION('',(0.,0.,1.));
#1215 = DIRECTION('',(1.,0.,0.));
#1216 = DEFINITIONAL_REPRESENTATION('',(#1217),#1221);
#1217 = LINE('',#1218,#1219);
#1218 = CARTESIAN_POINT('',(0.,2.));
#1219 = VECTOR('',#1220,1.);
#1220 = DIRECTION('',(1.,0.));
#1221 = ( GEOMETRIC_REPRESENTATION_CONTEXT(2) 
PARAMETRIC_REPRESENTATION_CONTEXT() REPRESENTATION_CONTEXT('2D SPACE',''
  ) );
#1222 = FACE_BOUND('',#1223,.T.);
#1223 = EDGE_LOOP('',(#1224));
#1224 = ORIENTED_EDGE('',*,*,#1225,.F.);
#1225 = EDGE_CURVE('',#1226,#1226,#1228,.T.);
#1226 = VERTEX_POINT('',#1227);
#1227 = CARTESIAN_POINT('',(3.7,0.,16.));
#1228 = SURFACE_CURVE('',#1229,(#1234,#1241),.PCURVE_S1.);
#1229 = CIRCLE('',#1230,3.7);
#1230 = AXIS2_PLACEMENT_3D('',#1231,#1232,#1233);
#1231 = CARTESIAN_POINT('',(0.,0.,16.));
#1232 = DIRECTION('',(0.,0.,1.));
#1233 = DIRECTION('',(1.,0.,0.));
#1234 = PCURVE('',#436,#1235);
#1235 = DEFINITIONAL_REPRESENTATION('',(#1236),#1240);
#1236 = CIRCLE('',#1237,3.7);
#1237 = AXIS2_PLACEMENT_2D('',#1238,#1239);
#1238 = CARTESIAN_POINT('',(0.,0.));
#1239 = DIRECTION('',(1.,0.));
#1240 = ( GEOMETRIC_REPRESENTATION_CONTEXT(2) 
PARAMETRIC_REPRESENTATION_CONTEXT() REPRESENTATION_CONTEXT('2D SPACE',''
  ) );
#1241 = PCURVE('',#1242,#1247);
#1242 = CONICAL_SURFACE('',#1243,1.7,0.785398163397);
#1243 = AXIS2_PLACEMENT_3D('',#1244,#1245,#1246);
#1244 = CARTESIAN_POINT('',(0.,0.,14.));
#1245 = DIRECTION('',(0.,0.,1.));
#1246 = DIRECTION('',(1.,0.,0.));
#1247 = DEFINITIONAL_REPRESENTATION('',(#1248),#1252);
#1248 = LINE('',#1249,#1250);
#1249 = CARTESIAN_POINT('',(0.,2.));
#1250 = VECTOR('',#1251,1.);
#1251 = DIRECTION('',(1.,0.));
#1252 = ( GEOMETRIC_REPRESENTATION_CONTEXT(2) 
PARAMETRIC_REPRESENTATION_CONTEXT() REPRESENTATION_CONTEXT('2D SPACE',''
  ) );
#1253 = FACE_BOUND('',#1254,.T.);
#1254 = EDGE_LOOP('',(#1255));
#1255 = ORIENTED_EDGE('',*,*,#1256,.F.);
#1256 = EDGE_CURVE('',#1257,#1257,#1259,.T.);
#1257 = VERTEX_POINT('',#1258);
#1258 = CARTESIAN_POINT('',(25.7,0.,16.));
#1259 = SURFACE_CURVE('',#1260,(#1265,#1272),.PCURVE_S1.);
#1260 = CIRCLE('',#1261,3.7);
#1261 = AXIS2_PLACEMENT_3D('',#1262,#1263,#1264);
#1262 = CARTESIAN_POINT('',(22.,0.,16.));
#1263 = DIRECTION('',(0.,0.,1.));
#1264 = DIRECTION('',(1.,0.,0.));
#1265 = PCURVE('',#436,#1266);
#1266 = DEFINITIONAL_REPRESENTATION('',(#1267),#1271);
#1267 = CIRCLE('',#1268,3.7);
#1268 = AXIS2_PLACEMENT_2D('',#1269,#1270);
#1269 = CARTESIAN_POINT('',(22.,0.));
#1270 = DIRECTION('',(1.,0.));
#1271 = ( GEOMETRIC_REPRESENTATION_CONTEXT(2) 
PARAMETRIC_REPRESENTATION_CONTEXT() REPRESENTATION_CONTEXT('2D SPACE',''
  ) );
#1272 = PCURVE('',#1273,#1278);
#1273 = CONICAL_SURFACE('',#1274,1.7,0.785398163397);
#1274 = AXIS2_PLACEMENT_3D('',#1275,#1276,#1277);
#1275 = CARTESIAN_POINT('',(22.,0.,14.));
#1276 = DIRECTION('',(0.,0.,1.));
#1277 = DIRECTION('',(1.,0.,0.));
#1278 = DEFINITIONAL_REPRESENTATION('',(#1279),#1283);
#1279 = LINE('',#1280,#1281);
#1280 = CARTESIAN_POINT('',(0.,2.));
#1281 = VECTOR('',#1282,1.);
#1282 = DIRECTION('',(1.,0.));
#1283 = ( GEOMETRIC_REPRESENTATION_CONTEXT(2) 
PARAMETRIC_REPRESENTATION_CONTEXT() REPRESENTATION_CONTEXT('2D SPACE',''
  ) );
#1284 = FACE_BOUND('',#1285,.T.);
#1285 = EDGE_LOOP('',(#1286));
#1286 = ORIENTED_EDGE('',*,*,#1287,.F.);
#1287 = EDGE_CURVE('',#1288,#1288,#1290,.T.);
#1288 = VERTEX_POINT('',#1289);
#1289 = CARTESIAN_POINT('',(47.7,0.,16.));
#1290 = SURFACE_CURVE('',#1291,(#1296,#1303),.PCURVE_S1.);
#1291 = CIRCLE('',#1292,3.7);
#1292 = AXIS2_PLACEMENT_3D('',#1293,#1294,#1295);
#1293 = CARTESIAN_POINT('',(44.,0.,16.));
#1294 = DIRECTION('',(0.,0.,1.));
#1295 = DIRECTION('',(1.,0.,0.));
#1296 = PCURVE('',#436,#1297);
#1297 = DEFINITIONAL_REPRESENTATION('',(#1298),#1302);
#1298 = CIRCLE('',#1299,3.7);
#1299 = AXIS2_PLACEMENT_2D('',#1300,#1301);
#1300 = CARTESIAN_POINT('',(44.,0.));
#1301 = DIRECTION('',(1.,0.));
#1302 = ( GEOMETRIC_REPRESENTATION_CONTEXT(2) 
PARAMETRIC_REPRESENTATION_CONTEXT() REPRESENTATION_CONTEXT('2D SPACE',''
  ) );
#1303 = PCURVE('',#1304,#1309);
#1304 = CONICAL_SURFACE('',#1305,1.7,0.785398163397);
#1305 = AXIS2_PLACEMENT_3D('',#1306,#1307,#1308);
#1306 = CARTESIAN_POINT('',(44.,0.,14.));
#1307 = DIRECTION('',(0.,0.,1.));
#1308 = DIRECTION('',(1.,0.,0.));
#1309 = DEFINITIONAL_REPRESENTATION('',(#1310),#1314);
#1310 = LINE('',#1311,#1312);
#1311 = CARTESIAN_POINT('',(0.,2.));
#1312 = VECTOR('',#1313,1.);
#1313 = DIRECTION('',(1.,0.));
#1314 = ( GEOMETRIC_REPRESENTATION_CONTEXT(2) 
PARAMETRIC_REPRESENTATION_CONTEXT() REPRESENTATION_CONTEXT('2D SPACE',''
  ) );
#1315 = FACE_BOUND('',#1316,.T.);
#1316 = EDGE_LOOP('',(#1317));
#1317 = ORIENTED_EDGE('',*,*,#1318,.F.);
#1318 = EDGE_CURVE('',#1319,#1319,#1321,.T.);
#1319 = VERTEX_POINT('',#1320);
#1320 = CARTESIAN_POINT('',(3.7,22.,16.));
#1321 = SURFACE_CURVE('',#1322,(#1327,#1334),.PCURVE_S1.);
#1322 = CIRCLE('',#1323,3.7);
#1323 = AXIS2_PLACEMENT_3D('',#1324,#1325,#1326);
#1324 = CARTESIAN_POINT('',(0.,22.,16.));
#1325 = DIRECTION('',(0.,0.,1.));
#1326 = DIRECTION('',(1.,0.,0.));
#1327 = PCURVE('',#436,#1328);
#1328 = DEFINITIONAL_REPRESENTATION('',(#1329),#1333);
#1329 = CIRCLE('',#1330,3.7);
#1330 = AXIS2_PLACEMENT_2D('',#1331,#1332);
#1331 = CARTESIAN_POINT('',(0.,22.));
#1332 = DIRECTION('',(1.,0.));
#1333 = ( GEOMETRIC_REPRESENTATION_CONTEXT(2) 
PARAMETRIC_REPRESENTATION_CONTEXT() REPRESENTATION_CONTEXT('2D SPACE',''
  ) );
#1334 = PCURVE('',#1335,#1340);
#1335 = CONICAL_SURFACE('',#1336,1.7,0.785398163397);
#1336 = AXIS2_PLACEMENT_3D('',#1337,#1338,#1339);
#1337 = CARTESIAN_POINT('',(0.,22.,14.));
#1338 = DIRECTION('',(0.,0.,1.));
#1339 = DIRECTION('',(1.,0.,0.));
#1340 = DEFINITIONAL_REPRESENTATION('',(#1341),#1345);
#1341 = LINE('',#1342,#1343);
#1342 = CARTESIAN_POINT('',(0.,2.));
#1343 = VECTOR('',#1344,1.);
#1344 = DIRECTION('',(1.,0.));
#1345 = ( GEOMETRIC_REPRESENTATION_CONTEXT(2) 
PARAMETRIC_REPRESENTATION_CONTEXT() REPRESENTATION_CONTEXT('2D SPACE',''
  ) );
#1346 = FACE_BOUND('',#1347,.T.);
#1347 = EDGE_LOOP('',(#1348));
#1348 = ORIENTED_EDGE('',*,*,#1349,.F.);
#1349 = EDGE_CURVE('',#1350,#1350,#1352,.T.);
#1350 = VERTEX_POINT('',#1351);
#1351 = CARTESIAN_POINT('',(25.7,22.,16.));
#1352 = SURFACE_CURVE('',#1353,(#1358,#1365),.PCURVE_S1.);
#1353 = CIRCLE('',#1354,3.7);
#1354 = AXIS2_PLACEMENT_3D('',#1355,#1356,#1357);
#1355 = CARTESIAN_POINT('',(22.,22.,16.));
#1356 = DIRECTION('',(0.,0.,1.));
#1357 = DIRECTION('',(1.,0.,0.));
#1358 = PCURVE('',#436,#1359);
#1359 = DEFINITIONAL_REPRESENTATION('',(#1360),#1364);
#1360 = CIRCLE('',#1361,3.7);
#1361 = AXIS2_PLACEMENT_2D('',#1362,#1363);
#1362 = CARTESIAN_POINT('',(22.,22.));
#1363 = DIRECTION('',(1.,0.));
#1364 = ( GEOMETRIC_REPRESENTATION_CONTEXT(2) 
PARAMETRIC_REPRESENTATION_CONTEXT() REPRESENTATION_CONTEXT('2D SPACE',''
  ) );
#1365 = PCURVE('',#1366,#1371);
#1366 = CONICAL_SURFACE('',#1367,1.7,0.785398163397);
#1367 = AXIS2_PLACEMENT_3D('',#1368,#1369,#1370);
#1368 = CARTESIAN_POINT('',(22.,22.,14.));
#1369 = DIRECTION('',(0.,0.,1.));
#1370 = DIRECTION('',(1.,0.,0.));
#1371 = DEFINITIONAL_REPRESENTATION('',(#1372),#1376);
#1372 = LINE('',#1373,#1374);
#1373 = CARTESIAN_POINT('',(0.,2.));
#1374 = VECTOR('',#1375,1.);
#1375 = DIRECTION('',(1.,0.));
#1376 = ( GEOMETRIC_REPRESENTATION_CONTEXT(2) 
PARAMETRIC_REPRESENTATION_CONTEXT() REPRESENTATION_CONTEXT('2D SPACE',''
  ) );
#1377 = FACE_BOUND('',#1378,.T.);
#1378 = EDGE_LOOP('',(#1379));
#1379 = ORIENTED_EDGE('',*,*,#1380,.F.);
#1380 = EDGE_CURVE('',#1381,#1381,#1383,.T.);
#1381 = VERTEX_POINT('',#1382);
#1382 = CARTESIAN_POINT('',(47.7,22.,16.));
#1383 = SURFACE_CURVE('',#1384,(#1389,#1396),.PCURVE_S1.);
#1384 = CIRCLE('',#1385,3.7);
#1385 = AXIS2_PLACEMENT_3D('',#1386,#1387,#1388);
#1386 = CARTESIAN_POINT('',(44.,22.,16.));
#1387 = DIRECTION('',(0.,0.,1.));
#1388 = DIRECTION('',(1.,0.,0.));
#1389 = PCURVE('',#436,#1390);
#1390 = DEFINITIONAL_REPRESENTATION('',(#1391),#1395);
#1391 = CIRCLE('',#1392,3.7);
#1392 = AXIS2_PLACEMENT_2D('',#1393,#1394);
#1393 = CARTESIAN_POINT('',(44.,22.));
#1394 = DIRECTION('',(1.,0.));
#1395 = ( GEOMETRIC_REPRESENTATION_CONTEXT(2) 
PARAMETRIC_REPRESENTATION_CONTEXT() REPRESENTATION_CONTEXT('2D SPACE',''
  ) );
#1396 = PCURVE('',#1397,#1402);
#1397 = CONICAL_SURFACE('',#1398,1.7,0.785398163397);
#1398 = AXIS2_PLACEMENT_3D('',#1399,#1400,#1401);
#1399 = CARTESIAN_POINT('',(44.,22.,14.));
#1400 = DIRECTION('',(0.,0.,1.));
#1401 = DIRECTION('',(1.,0.,0.));
#1402 = DEFINITIONAL_REPRESENTATION('',(#1403),#1407);
#1403 = LINE('',#1404,#1405);
#1404 = CARTESIAN_POINT('',(0.,2.));
#1405 = VECTOR('',#1406,1.);
#1406 = DIRECTION('',(1.,0.));
#1407 = ( GEOMETRIC_REPRESENTATION_CONTEXT(2) 
PARAMETRIC_REPRESENTATION_CONTEXT() REPRESENTATION_CONTEXT('2D SPACE',''
  ) );
#1408 = ADVANCED_FACE('',(#1409),#411,.T.);
#1409 = FACE_BOUND('',#1410,.F.);
#1410 = EDGE_LOOP('',(#1411,#1412,#1413,#1432));
#1411 = ORIENTED_EDGE('',*,*,#396,.F.);
#1412 = ORIENTED_EDGE('',*,*,#638,.T.);
#1413 = ORIENTED_EDGE('',*,*,#1414,.T.);
#1414 = EDGE_CURVE('',#616,#891,#1415,.T.);
#1415 = SURFACE_CURVE('',#1416,(#1420,#1426),.PCURVE_S1.);
#1416 = LINE('',#1417,#1418);
#1417 = CARTESIAN_POINT('',(-60.7,42.74,15.2));
#1418 = VECTOR('',#1419,1.);
#1419 = DIRECTION('',(4.329780281177E-17,-0.707106781187,0.707106781187)
  );
#1420 = PCURVE('',#411,#1421);
#1421 = DEFINITIONAL_REPRESENTATION('',(#1422),#1425);
#1422 = B_SPLINE_CURVE_WITH_KNOTS('',1,(#1423,#1424),.UNSPECIFIED.,.F.,
  .F.,(2,2),(0.,1.131370849898),.PIECEWISE_BEZIER_KNOTS.);
#1423 = CARTESIAN_POINT('',(1.570796326795,0.));
#1424 = CARTESIAN_POINT('',(1.570796326795,-0.8));
#1425 = ( GEOMETRIC_REPRESENTATION_CONTEXT(2) 
PARAMETRIC_REPRESENTATION_CONTEXT() REPRESENTATION_CONTEXT('2D SPACE',''
  ) );
#1426 = PCURVE('',#906,#1427);
#1427 = DEFINITIONAL_REPRESENTATION('',(#1428),#1431);
#1428 = B_SPLINE_CURVE_WITH_KNOTS('',1,(#1429,#1430),.UNSPECIFIED.,.F.,
  .F.,(2,2),(0.,1.131370849898),.PIECEWISE_BEZIER_KNOTS.);
#1429 = CARTESIAN_POINT('',(0.,-0.565685424949));
#1430 = CARTESIAN_POINT('',(0.,0.565685424949));
#1431 = ( GEOMETRIC_REPRESENTATION_CONTEXT(2) 
PARAMETRIC_REPRESENTATION_CONTEXT() REPRESENTATION_CONTEXT('2D SPACE',''
  ) );
#1432 = ORIENTED_EDGE('',*,*,#918,.F.);
#1433 = ADVANCED_FACE('',(#1434),#493,.T.);
#1434 = FACE_BOUND('',#1435,.F.);
#1435 = EDGE_LOOP('',(#1436,#1437,#1461,#1482));
#1436 = ORIENTED_EDGE('',*,*,#746,.T.);
#1437 = ORIENTED_EDGE('',*,*,#1438,.F.);
#1438 = EDGE_CURVE('',#1439,#724,#1441,.T.);
#1439 = VERTEX_POINT('',#1440);
#1440 = CARTESIAN_POINT('',(63.88,-39.56,15.2));
#1441 = SURFACE_CURVE('',#1442,(#1447,#1454),.PCURVE_S1.);
#1442 = CIRCLE('',#1443,3.18);
#1443 = AXIS2_PLACEMENT_3D('',#1444,#1445,#1446);
#1444 = CARTESIAN_POINT('',(60.7,-39.56,15.2));
#1445 = DIRECTION('',(0.,0.,-1.));
#1446 = DIRECTION('',(1.,0.,0.));
#1447 = PCURVE('',#493,#1448);
#1448 = DEFINITIONAL_REPRESENTATION('',(#1449),#1453);
#1449 = LINE('',#1450,#1451);
#1450 = CARTESIAN_POINT('',(-6.28318530718,-15.2));
#1451 = VECTOR('',#1452,1.);
#1452 = DIRECTION('',(1.,-0.));
#1453 = ( GEOMETRIC_REPRESENTATION_CONTEXT(2) 
PARAMETRIC_REPRESENTATION_CONTEXT() REPRESENTATION_CONTEXT('2D SPACE',''
  ) );
#1454 = PCURVE('',#817,#1455);
#1455 = DEFINITIONAL_REPRESENTATION('',(#1456),#1460);
#1456 = LINE('',#1457,#1458);
#1457 = CARTESIAN_POINT('',(0.,-0.));
#1458 = VECTOR('',#1459,1.);
#1459 = DIRECTION('',(1.,-0.));
#1460 = ( GEOMETRIC_REPRESENTATION_CONTEXT(2) 
PARAMETRIC_REPRESENTATION_CONTEXT() REPRESENTATION_CONTEXT('2D SPACE',''
  ) );
#1461 = ORIENTED_EDGE('',*,*,#1462,.F.);
#1462 = EDGE_CURVE('',#477,#1439,#1463,.T.);
#1463 = SURFACE_CURVE('',#1464,(#1468,#1475),.PCURVE_S1.);
#1464 = LINE('',#1465,#1466);
#1465 = CARTESIAN_POINT('',(63.88,-39.56,0.));
#1466 = VECTOR('',#1467,1.);
#1467 = DIRECTION('',(0.,0.,1.));
#1468 = PCURVE('',#493,#1469);
#1469 = DEFINITIONAL_REPRESENTATION('',(#1470),#1474);
#1470 = LINE('',#1471,#1472);
#1471 = CARTESIAN_POINT('',(-6.28318530718,0.));
#1472 = VECTOR('',#1473,1.);
#1473 = DIRECTION('',(-0.,-1.));
#1474 = ( GEOMETRIC_REPRESENTATION_CONTEXT(2) 
PARAMETRIC_REPRESENTATION_CONTEXT() REPRESENTATION_CONTEXT('2D SPACE',''
  ) );
#1475 = PCURVE('',#521,#1476);
#1476 = DEFINITIONAL_REPRESENTATION('',(#1477),#1481);
#1477 = LINE('',#1478,#1479);
#1478 = CARTESIAN_POINT('',(0.,0.));
#1479 = VECTOR('',#1480,1.);
#1480 = DIRECTION('',(0.,-1.));
#1481 = ( GEOMETRIC_REPRESENTATION_CONTEXT(2) 
PARAMETRIC_REPRESENTATION_CONTEXT() REPRESENTATION_CONTEXT('2D SPACE',''
  ) );
#1482 = ORIENTED_EDGE('',*,*,#476,.F.);
#1483 = ADVANCED_FACE('',(#1484),#521,.F.);
#1484 = FACE_BOUND('',#1485,.F.);
#1485 = EDGE_LOOP('',(#1486,#1487,#1510,#1531));
#1486 = ORIENTED_EDGE('',*,*,#1462,.T.);
#1487 = ORIENTED_EDGE('',*,*,#1488,.F.);
#1488 = EDGE_CURVE('',#1489,#1439,#1491,.T.);
#1489 = VERTEX_POINT('',#1490);
#1490 = CARTESIAN_POINT('',(63.88,39.56,15.2));
#1491 = SURFACE_CURVE('',#1492,(#1496,#1503),.PCURVE_S1.);
#1492 = LINE('',#1493,#1494);
#1493 = CARTESIAN_POINT('',(63.88,39.56,15.2));
#1494 = VECTOR('',#1495,1.);
#1495 = DIRECTION('',(-0.,-1.,-0.));
#1496 = PCURVE('',#521,#1497);
#1497 = DEFINITIONAL_REPRESENTATION('',(#1498),#1502);
#1498 = LINE('',#1499,#1500);
#1499 = CARTESIAN_POINT('',(79.12,-15.2));
#1500 = VECTOR('',#1501,1.);
#1501 = DIRECTION('',(-1.,0.));
#1502 = ( GEOMETRIC_REPRESENTATION_CONTEXT(2) 
PARAMETRIC_REPRESENTATION_CONTEXT() REPRESENTATION_CONTEXT('2D SPACE',''
  ) );
#1503 = PCURVE('',#845,#1504);
#1504 = DEFINITIONAL_REPRESENTATION('',(#1505),#1509);
#1505 = LINE('',#1506,#1507);
#1506 = CARTESIAN_POINT('',(0.,-0.565685424949));
#1507 = VECTOR('',#1508,1.);
#1508 = DIRECTION('',(1.,0.));
#1509 = ( GEOMETRIC_REPRESENTATION_CONTEXT(2) 
PARAMETRIC_REPRESENTATION_CONTEXT() REPRESENTATION_CONTEXT('2D SPACE',''
  ) );
#1510 = ORIENTED_EDGE('',*,*,#1511,.F.);
#1511 = EDGE_CURVE('',#506,#1489,#1512,.T.);
#1512 = SURFACE_CURVE('',#1513,(#1517,#1524),.PCURVE_S1.);
#1513 = LINE('',#1514,#1515);
#1514 = CARTESIAN_POINT('',(63.88,39.56,0.));
#1515 = VECTOR('',#1516,1.);
#1516 = DIRECTION('',(0.,0.,1.));
#1517 = PCURVE('',#521,#1518);
#1518 = DEFINITIONAL_REPRESENTATION('',(#1519),#1523);
#1519 = LINE('',#1520,#1521);
#1520 = CARTESIAN_POINT('',(79.12,0.));
#1521 = VECTOR('',#1522,1.);
#1522 = DIRECTION('',(0.,-1.));
#1523 = ( GEOMETRIC_REPRESENTATION_CONTEXT(2) 
PARAMETRIC_REPRESENTATION_CONTEXT() REPRESENTATION_CONTEXT('2D SPACE',''
  ) );
#1524 = PCURVE('',#550,#1525);
#1525 = DEFINITIONAL_REPRESENTATION('',(#1526),#1530);
#1526 = LINE('',#1527,#1528);
#1527 = CARTESIAN_POINT('',(-0.,0.));
#1528 = VECTOR('',#1529,1.);
#1529 = DIRECTION('',(-0.,-1.));
#1530 = ( GEOMETRIC_REPRESENTATION_CONTEXT(2) 
PARAMETRIC_REPRESENTATION_CONTEXT() REPRESENTATION_CONTEXT('2D SPACE',''
  ) );
#1531 = ORIENTED_EDGE('',*,*,#505,.F.);
#1532 = ADVANCED_FACE('',(#1533),#550,.T.);
#1533 = FACE_BOUND('',#1534,.F.);
#1534 = EDGE_LOOP('',(#1535,#1536,#1560,#1581));
#1535 = ORIENTED_EDGE('',*,*,#1511,.T.);
#1536 = ORIENTED_EDGE('',*,*,#1537,.F.);
#1537 = EDGE_CURVE('',#1538,#1489,#1540,.T.);
#1538 = VERTEX_POINT('',#1539);
#1539 = CARTESIAN_POINT('',(60.7,42.74,15.2));
#1540 = SURFACE_CURVE('',#1541,(#1546,#1553),.PCURVE_S1.);
#1541 = CIRCLE('',#1542,3.18);
#1542 = AXIS2_PLACEMENT_3D('',#1543,#1544,#1545);
#1543 = CARTESIAN_POINT('',(60.7,39.56,15.2));
#1544 = DIRECTION('',(0.,-0.,-1.));
#1545 = DIRECTION('',(0.,1.,-0.));
#1546 = PCURVE('',#550,#1547);
#1547 = DEFINITIONAL_REPRESENTATION('',(#1548),#1552);
#1548 = LINE('',#1549,#1550);
#1549 = CARTESIAN_POINT('',(-1.570796326795,-15.2));
#1550 = VECTOR('',#1551,1.);
#1551 = DIRECTION('',(1.,-0.));
#1552 = ( GEOMETRIC_REPRESENTATION_CONTEXT(2) 
PARAMETRIC_REPRESENTATION_CONTEXT() REPRESENTATION_CONTEXT('2D SPACE',''
  ) );
#1553 = PCURVE('',#878,#1554);
#1554 = DEFINITIONAL_REPRESENTATION('',(#1555),#1559);
#1555 = LINE('',#1556,#1557);
#1556 = CARTESIAN_POINT('',(0.,-0.));
#1557 = VECTOR('',#1558,1.);
#1558 = DIRECTION('',(1.,-0.));
#1559 = ( GEOMETRIC_REPRESENTATION_CONTEXT(2) 
PARAMETRIC_REPRESENTATION_CONTEXT() REPRESENTATION_CONTEXT('2D SPACE',''
  ) );
#1560 = ORIENTED_EDGE('',*,*,#1561,.F.);
#1561 = EDGE_CURVE('',#534,#1538,#1562,.T.);
#1562 = SURFACE_CURVE('',#1563,(#1567,#1574),.PCURVE_S1.);
#1563 = LINE('',#1564,#1565);
#1564 = CARTESIAN_POINT('',(60.7,42.74,0.));
#1565 = VECTOR('',#1566,1.);
#1566 = DIRECTION('',(0.,0.,1.));
#1567 = PCURVE('',#550,#1568);
#1568 = DEFINITIONAL_REPRESENTATION('',(#1569),#1573);
#1569 = LINE('',#1570,#1571);
#1570 = CARTESIAN_POINT('',(-1.570796326795,0.));
#1571 = VECTOR('',#1572,1.);
#1572 = DIRECTION('',(-0.,-1.));
#1573 = ( GEOMETRIC_REPRESENTATION_CONTEXT(2) 
PARAMETRIC_REPRESENTATION_CONTEXT() REPRESENTATION_CONTEXT('2D SPACE',''
  ) );
#1574 = PCURVE('',#578,#1575);
#1575 = DEFINITIONAL_REPRESENTATION('',(#1576),#1580);
#1576 = LINE('',#1577,#1578);
#1577 = CARTESIAN_POINT('',(121.4,0.));
#1578 = VECTOR('',#1579,1.);
#1579 = DIRECTION('',(0.,-1.));
#1580 = ( GEOMETRIC_REPRESENTATION_CONTEXT(2) 
PARAMETRIC_REPRESENTATION_CONTEXT() REPRESENTATION_CONTEXT('2D SPACE',''
  ) );
#1581 = ORIENTED_EDGE('',*,*,#533,.F.);
#1582 = ADVANCED_FACE('',(#1583),#578,.T.);
#1583 = FACE_BOUND('',#1584,.T.);
#1584 = EDGE_LOOP('',(#1585,#1586,#1607,#1608));
#1585 = ORIENTED_EDGE('',*,*,#615,.T.);
#1586 = ORIENTED_EDGE('',*,*,#1587,.T.);
#1587 = EDGE_CURVE('',#616,#1538,#1588,.T.);
#1588 = SURFACE_CURVE('',#1589,(#1593,#1600),.PCURVE_S1.);
#1589 = LINE('',#1590,#1591);
#1590 = CARTESIAN_POINT('',(-60.7,42.74,15.2));
#1591 = VECTOR('',#1592,1.);
#1592 = DIRECTION('',(1.,0.,0.));
#1593 = PCURVE('',#578,#1594);
#1594 = DEFINITIONAL_REPRESENTATION('',(#1595),#1599);
#1595 = LINE('',#1596,#1597);
#1596 = CARTESIAN_POINT('',(0.,-15.2));
#1597 = VECTOR('',#1598,1.);
#1598 = DIRECTION('',(1.,0.));
#1599 = ( GEOMETRIC_REPRESENTATION_CONTEXT(2) 
PARAMETRIC_REPRESENTATION_CONTEXT() REPRESENTATION_CONTEXT('2D SPACE',''
  ) );
#1600 = PCURVE('',#906,#1601);
#1601 = DEFINITIONAL_REPRESENTATION('',(#1602),#1606);
#1602 = LINE('',#1603,#1604);
#1603 = CARTESIAN_POINT('',(-0.,-0.565685424949));
#1604 = VECTOR('',#1605,1.);
#1605 = DIRECTION('',(-1.,0.));
#1606 = ( GEOMETRIC_REPRESENTATION_CONTEXT(2) 
PARAMETRIC_REPRESENTATION_CONTEXT() REPRESENTATION_CONTEXT('2D SPACE',''
  ) );
#1607 = ORIENTED_EDGE('',*,*,#1561,.F.);
#1608 = ORIENTED_EDGE('',*,*,#562,.F.);
#1609 = ADVANCED_FACE('',(#1610),#680,.F.);
#1610 = FACE_BOUND('',#1611,.F.);
#1611 = EDGE_LOOP('',(#1612,#1631,#1632,#1633));
#1612 = ORIENTED_EDGE('',*,*,#1613,.F.);
#1613 = EDGE_CURVE('',#724,#774,#1614,.T.);
#1614 = SURFACE_CURVE('',#1615,(#1619,#1625),.PCURVE_S1.);
#1615 = LINE('',#1616,#1617);
#1616 = CARTESIAN_POINT('',(60.7,-42.74,15.2));
#1617 = VECTOR('',#1618,1.);
#1618 = DIRECTION('',(-4.329780281177E-17,0.707106781187,0.707106781187)
  );
#1619 = PCURVE('',#680,#1620);
#1620 = DEFINITIONAL_REPRESENTATION('',(#1621),#1624);
#1621 = B_SPLINE_CURVE_WITH_KNOTS('',1,(#1622,#1623),.UNSPECIFIED.,.F.,
  .F.,(2,2),(0.,1.131370849898),.PIECEWISE_BEZIER_KNOTS.);
#1622 = CARTESIAN_POINT('',(0.,-0.565685424949));
#1623 = CARTESIAN_POINT('',(0.,0.565685424949));
#1624 = ( GEOMETRIC_REPRESENTATION_CONTEXT(2) 
PARAMETRIC_REPRESENTATION_CONTEXT() REPRESENTATION_CONTEXT('2D SPACE',''
  ) );
#1625 = PCURVE('',#817,#1626);
#1626 = DEFINITIONAL_REPRESENTATION('',(#1627),#1630);
#1627 = B_SPLINE_CURVE_WITH_KNOTS('',1,(#1628,#1629),.UNSPECIFIED.,.F.,
  .F.,(2,2),(0.,1.131370849898),.PIECEWISE_BEZIER_KNOTS.);
#1628 = CARTESIAN_POINT('',(1.570796326795,0.));
#1629 = CARTESIAN_POINT('',(1.570796326795,-0.8));
#1630 = ( GEOMETRIC_REPRESENTATION_CONTEXT(2) 
PARAMETRIC_REPRESENTATION_CONTEXT() REPRESENTATION_CONTEXT('2D SPACE',''
  ) );
#1631 = ORIENTED_EDGE('',*,*,#723,.T.);
#1632 = ORIENTED_EDGE('',*,*,#665,.T.);
#1633 = ORIENTED_EDGE('',*,*,#773,.F.);
#1634 = ADVANCED_FACE('',(#1635),#906,.T.);
#1635 = FACE_BOUND('',#1636,.F.);
#1636 = EDGE_LOOP('',(#1637,#1638,#1639,#1658));
#1637 = ORIENTED_EDGE('',*,*,#1414,.F.);
#1638 = ORIENTED_EDGE('',*,*,#1587,.T.);
#1639 = ORIENTED_EDGE('',*,*,#1640,.T.);
#1640 = EDGE_CURVE('',#1538,#858,#1641,.T.);
#1641 = SURFACE_CURVE('',#1642,(#1646,#1652),.PCURVE_S1.);
#1642 = LINE('',#1643,#1644);
#1643 = CARTESIAN_POINT('',(60.7,42.34,15.6));
#1644 = VECTOR('',#1645,1.);
#1645 = DIRECTION('',(-0.,-0.707106781187,0.707106781187));
#1646 = PCURVE('',#906,#1647);
#1647 = DEFINITIONAL_REPRESENTATION('',(#1648),#1651);
#1648 = B_SPLINE_CURVE_WITH_KNOTS('',1,(#1649,#1650),.UNSPECIFIED.,.F.,
  .F.,(2,2),(-0.565685424949,0.565685424949),.PIECEWISE_BEZIER_KNOTS.);
#1649 = CARTESIAN_POINT('',(-121.4,-0.565685424949));
#1650 = CARTESIAN_POINT('',(-121.4,0.565685424949));
#1651 = ( GEOMETRIC_REPRESENTATION_CONTEXT(2) 
PARAMETRIC_REPRESENTATION_CONTEXT() REPRESENTATION_CONTEXT('2D SPACE',''
  ) );
#1652 = PCURVE('',#878,#1653);
#1653 = DEFINITIONAL_REPRESENTATION('',(#1654),#1657);
#1654 = B_SPLINE_CURVE_WITH_KNOTS('',1,(#1655,#1656),.UNSPECIFIED.,.F.,
  .F.,(2,2),(-0.565685424949,0.565685424949),.PIECEWISE_BEZIER_KNOTS.);
#1655 = CARTESIAN_POINT('',(0.,0.));
#1656 = CARTESIAN_POINT('',(0.,-0.8));
#1657 = ( GEOMETRIC_REPRESENTATION_CONTEXT(2) 
PARAMETRIC_REPRESENTATION_CONTEXT() REPRESENTATION_CONTEXT('2D SPACE',''
  ) );
#1658 = ORIENTED_EDGE('',*,*,#890,.F.);
#1659 = ADVANCED_FACE('',(#1660),#817,.T.);
#1660 = FACE_BOUND('',#1661,.F.);
#1661 = EDGE_LOOP('',(#1662,#1681,#1682,#1683));
#1662 = ORIENTED_EDGE('',*,*,#1663,.F.);
#1663 = EDGE_CURVE('',#1439,#797,#1664,.T.);
#1664 = SURFACE_CURVE('',#1665,(#1669,#1675),.PCURVE_S1.);
#1665 = LINE('',#1666,#1667);
#1666 = CARTESIAN_POINT('',(63.48,-39.56,15.6));
#1667 = VECTOR('',#1668,1.);
#1668 = DIRECTION('',(-0.707106781187,0.,0.707106781187));
#1669 = PCURVE('',#817,#1670);
#1670 = DEFINITIONAL_REPRESENTATION('',(#1671),#1674);
#1671 = B_SPLINE_CURVE_WITH_KNOTS('',1,(#1672,#1673),.UNSPECIFIED.,.F.,
  .F.,(2,2),(-0.565685424949,0.565685424949),.PIECEWISE_BEZIER_KNOTS.);
#1672 = CARTESIAN_POINT('',(0.,0.));
#1673 = CARTESIAN_POINT('',(0.,-0.8));
#1674 = ( GEOMETRIC_REPRESENTATION_CONTEXT(2) 
PARAMETRIC_REPRESENTATION_CONTEXT() REPRESENTATION_CONTEXT('2D SPACE',''
  ) );
#1675 = PCURVE('',#845,#1676);
#1676 = DEFINITIONAL_REPRESENTATION('',(#1677),#1680);
#1677 = B_SPLINE_CURVE_WITH_KNOTS('',1,(#1678,#1679),.UNSPECIFIED.,.F.,
  .F.,(2,2),(-0.565685424949,0.565685424949),.PIECEWISE_BEZIER_KNOTS.);
#1678 = CARTESIAN_POINT('',(79.12,-0.565685424949));
#1679 = CARTESIAN_POINT('',(79.12,0.565685424949));
#1680 = ( GEOMETRIC_REPRESENTATION_CONTEXT(2) 
PARAMETRIC_REPRESENTATION_CONTEXT() REPRESENTATION_CONTEXT('2D SPACE',''
  ) );
#1681 = ORIENTED_EDGE('',*,*,#1438,.T.);
#1682 = ORIENTED_EDGE('',*,*,#1613,.T.);
#1683 = ORIENTED_EDGE('',*,*,#796,.F.);
#1684 = ADVANCED_FACE('',(#1685),#878,.T.);
#1685 = FACE_BOUND('',#1686,.F.);
#1686 = EDGE_LOOP('',(#1687,#1688,#1689,#1708));
#1687 = ORIENTED_EDGE('',*,*,#1640,.F.);
#1688 = ORIENTED_EDGE('',*,*,#1537,.T.);
#1689 = ORIENTED_EDGE('',*,*,#1690,.T.);
#1690 = EDGE_CURVE('',#1489,#830,#1691,.T.);
#1691 = SURFACE_CURVE('',#1692,(#1696,#1702),.PCURVE_S1.);
#1692 = LINE('',#1693,#1694);
#1693 = CARTESIAN_POINT('',(63.88,39.56,15.2));
#1694 = VECTOR('',#1695,1.);
#1695 = DIRECTION('',(-0.707106781187,-4.329780281177E-17,0.707106781187
    ));
#1696 = PCURVE('',#878,#1697);
#1697 = DEFINITIONAL_REPRESENTATION('',(#1698),#1701);
#1698 = B_SPLINE_CURVE_WITH_KNOTS('',1,(#1699,#1700),.UNSPECIFIED.,.F.,
  .F.,(2,2),(0.,1.131370849898),.PIECEWISE_BEZIER_KNOTS.);
#1699 = CARTESIAN_POINT('',(1.570796326795,0.));
#1700 = CARTESIAN_POINT('',(1.570796326795,-0.8));
#1701 = ( GEOMETRIC_REPRESENTATION_CONTEXT(2) 
PARAMETRIC_REPRESENTATION_CONTEXT() REPRESENTATION_CONTEXT('2D SPACE',''
  ) );
#1702 = PCURVE('',#845,#1703);
#1703 = DEFINITIONAL_REPRESENTATION('',(#1704),#1707);
#1704 = B_SPLINE_CURVE_WITH_KNOTS('',1,(#1705,#1706),.UNSPECIFIED.,.F.,
  .F.,(2,2),(0.,1.131370849898),.PIECEWISE_BEZIER_KNOTS.);
#1705 = CARTESIAN_POINT('',(0.,-0.565685424949));
#1706 = CARTESIAN_POINT('',(0.,0.565685424949));
#1707 = ( GEOMETRIC_REPRESENTATION_CONTEXT(2) 
PARAMETRIC_REPRESENTATION_CONTEXT() REPRESENTATION_CONTEXT('2D SPACE',''
  ) );
#1708 = ORIENTED_EDGE('',*,*,#857,.F.);
#1709 = ADVANCED_FACE('',(#1710),#845,.F.);
#1710 = FACE_BOUND('',#1711,.F.);
#1711 = EDGE_LOOP('',(#1712,#1713,#1714,#1715));
#1712 = ORIENTED_EDGE('',*,*,#1690,.F.);
#1713 = ORIENTED_EDGE('',*,*,#1488,.T.);
#1714 = ORIENTED_EDGE('',*,*,#1663,.T.);
#1715 = ORIENTED_EDGE('',*,*,#829,.F.);
#1716 = ADVANCED_FACE('',(#1717),#963,.F.);
#1717 = FACE_BOUND('',#1718,.F.);
#1718 = EDGE_LOOP('',(#1719,#1748,#1766,#1767));
#1719 = ORIENTED_EDGE('',*,*,#1720,.T.);
#1720 = EDGE_CURVE('',#1721,#1721,#1723,.T.);
#1721 = VERTEX_POINT('',#1722);
#1722 = CARTESIAN_POINT('',(-42.3,-22.,14.));
#1723 = SURFACE_CURVE('',#1724,(#1729,#1736),.PCURVE_S1.);
#1724 = CIRCLE('',#1725,1.7);
#1725 = AXIS2_PLACEMENT_3D('',#1726,#1727,#1728);
#1726 = CARTESIAN_POINT('',(-44.,-22.,14.));
#1727 = DIRECTION('',(0.,0.,1.));
#1728 = DIRECTION('',(1.,0.,0.));
#1729 = PCURVE('',#963,#1730);
#1730 = DEFINITIONAL_REPRESENTATION('',(#1731),#1735);
#1731 = LINE('',#1732,#1733);
#1732 = CARTESIAN_POINT('',(0.,0.));
#1733 = VECTOR('',#1734,1.);
#1734 = DIRECTION('',(1.,0.));
#1735 = ( GEOMETRIC_REPRESENTATION_CONTEXT(2) 
PARAMETRIC_REPRESENTATION_CONTEXT() REPRESENTATION_CONTEXT('2D SPACE',''
  ) );
#1736 = PCURVE('',#1737,#1742);
#1737 = CYLINDRICAL_SURFACE('',#1738,1.7);
#1738 = AXIS2_PLACEMENT_3D('',#1739,#1740,#1741);
#1739 = CARTESIAN_POINT('',(-44.,-22.,7.01));
#1740 = DIRECTION('',(-0.,-0.,-1.));
#1741 = DIRECTION('',(1.,0.,0.));
#1742 = DEFINITIONAL_REPRESENTATION('',(#1743),#1747);
#1743 = LINE('',#1744,#1745);
#1744 = CARTESIAN_POINT('',(-0.,-6.99));
#1745 = VECTOR('',#1746,1.);
#1746 = DIRECTION('',(-1.,0.));
#1747 = ( GEOMETRIC_REPRESENTATION_CONTEXT(2) 
PARAMETRIC_REPRESENTATION_CONTEXT() REPRESENTATION_CONTEXT('2D SPACE',''
  ) );
#1748 = ORIENTED_EDGE('',*,*,#1749,.T.);
#1749 = EDGE_CURVE('',#1721,#947,#1750,.T.);
#1750 = SEAM_CURVE('',#1751,(#1754,#1760),.PCURVE_S1.);
#1751 = B_SPLINE_CURVE_WITH_KNOTS('',1,(#1752,#1753),.UNSPECIFIED.,.F.,
  .F.,(2,2),(0.,1.),.PIECEWISE_BEZIER_KNOTS.);
#1752 = CARTESIAN_POINT('',(-42.3,-22.,14.));
#1753 = CARTESIAN_POINT('',(-40.3,-22.,16.));
#1754 = PCURVE('',#963,#1755);
#1755 = DEFINITIONAL_REPRESENTATION('',(#1756),#1759);
#1756 = B_SPLINE_CURVE_WITH_KNOTS('',1,(#1757,#1758),.UNSPECIFIED.,.F.,
  .F.,(2,2),(0.,1.),.PIECEWISE_BEZIER_KNOTS.);
#1757 = CARTESIAN_POINT('',(6.28318530718,0.));
#1758 = CARTESIAN_POINT('',(6.28318530718,2.));
#1759 = ( GEOMETRIC_REPRESENTATION_CONTEXT(2) 
PARAMETRIC_REPRESENTATION_CONTEXT() REPRESENTATION_CONTEXT('2D SPACE',''
  ) );
#1760 = PCURVE('',#963,#1761);
#1761 = DEFINITIONAL_REPRESENTATION('',(#1762),#1765);
#1762 = B_SPLINE_CURVE_WITH_KNOTS('',1,(#1763,#1764),.UNSPECIFIED.,.F.,
  .F.,(2,2),(0.,1.),.PIECEWISE_BEZIER_KNOTS.);
#1763 = CARTESIAN_POINT('',(0.,0.));
#1764 = CARTESIAN_POINT('',(0.,2.));
#1765 = ( GEOMETRIC_REPRESENTATION_CONTEXT(2) 
PARAMETRIC_REPRESENTATION_CONTEXT() REPRESENTATION_CONTEXT('2D SPACE',''
  ) );
#1766 = ORIENTED_EDGE('',*,*,#946,.F.);
#1767 = ORIENTED_EDGE('',*,*,#1749,.F.);
#1768 = ADVANCED_FACE('',(#1769),#994,.F.);
#1769 = FACE_BOUND('',#1770,.F.);
#1770 = EDGE_LOOP('',(#1771,#1800,#1818,#1819));
#1771 = ORIENTED_EDGE('',*,*,#1772,.T.);
#1772 = EDGE_CURVE('',#1773,#1773,#1775,.T.);
#1773 = VERTEX_POINT('',#1774);
#1774 = CARTESIAN_POINT('',(-20.3,-22.,14.));
#1775 = SURFACE_CURVE('',#1776,(#1781,#1788),.PCURVE_S1.);
#1776 = CIRCLE('',#1777,1.7);
#1777 = AXIS2_PLACEMENT_3D('',#1778,#1779,#1780);
#1778 = CARTESIAN_POINT('',(-22.,-22.,14.));
#1779 = DIRECTION('',(0.,0.,1.));
#1780 = DIRECTION('',(1.,0.,0.));
#1781 = PCURVE('',#994,#1782);
#1782 = DEFINITIONAL_REPRESENTATION('',(#1783),#1787);
#1783 = LINE('',#1784,#1785);
#1784 = CARTESIAN_POINT('',(0.,0.));
#1785 = VECTOR('',#1786,1.);
#1786 = DIRECTION('',(1.,0.));
#1787 = ( GEOMETRIC_REPRESENTATION_CONTEXT(2) 
PARAMETRIC_REPRESENTATION_CONTEXT() REPRESENTATION_CONTEXT('2D SPACE',''
  ) );
#1788 = PCURVE('',#1789,#1794);
#1789 = CYLINDRICAL_SURFACE('',#1790,1.7);
#1790 = AXIS2_PLACEMENT_3D('',#1791,#1792,#1793);
#1791 = CARTESIAN_POINT('',(-22.,-22.,7.01));
#1792 = DIRECTION('',(-0.,-0.,-1.));
#1793 = DIRECTION('',(1.,0.,0.));
#1794 = DEFINITIONAL_REPRESENTATION('',(#1795),#1799);
#1795 = LINE('',#1796,#1797);
#1796 = CARTESIAN_POINT('',(-0.,-6.99));
#1797 = VECTOR('',#1798,1.);
#1798 = DIRECTION('',(-1.,0.));
#1799 = ( GEOMETRIC_REPRESENTATION_CONTEXT(2) 
PARAMETRIC_REPRESENTATION_CONTEXT() REPRESENTATION_CONTEXT('2D SPACE',''
  ) );
#1800 = ORIENTED_EDGE('',*,*,#1801,.T.);
#1801 = EDGE_CURVE('',#1773,#978,#1802,.T.);
#1802 = SEAM_CURVE('',#1803,(#1806,#1812),.PCURVE_S1.);
#1803 = B_SPLINE_CURVE_WITH_KNOTS('',1,(#1804,#1805),.UNSPECIFIED.,.F.,
  .F.,(2,2),(0.,1.),.PIECEWISE_BEZIER_KNOTS.);
#1804 = CARTESIAN_POINT('',(-20.3,-22.,14.));
#1805 = CARTESIAN_POINT('',(-18.3,-22.,16.));
#1806 = PCURVE('',#994,#1807);
#1807 = DEFINITIONAL_REPRESENTATION('',(#1808),#1811);
#1808 = B_SPLINE_CURVE_WITH_KNOTS('',1,(#1809,#1810),.UNSPECIFIED.,.F.,
  .F.,(2,2),(0.,1.),.PIECEWISE_BEZIER_KNOTS.);
#1809 = CARTESIAN_POINT('',(6.28318530718,0.));
#1810 = CARTESIAN_POINT('',(6.28318530718,2.));
#1811 = ( GEOMETRIC_REPRESENTATION_CONTEXT(2) 
PARAMETRIC_REPRESENTATION_CONTEXT() REPRESENTATION_CONTEXT('2D SPACE',''
  ) );
#1812 = PCURVE('',#994,#1813);
#1813 = DEFINITIONAL_REPRESENTATION('',(#1814),#1817);
#1814 = B_SPLINE_CURVE_WITH_KNOTS('',1,(#1815,#1816),.UNSPECIFIED.,.F.,
  .F.,(2,2),(0.,1.),.PIECEWISE_BEZIER_KNOTS.);
#1815 = CARTESIAN_POINT('',(0.,0.));
#1816 = CARTESIAN_POINT('',(0.,2.));
#1817 = ( GEOMETRIC_REPRESENTATION_CONTEXT(2) 
PARAMETRIC_REPRESENTATION_CONTEXT() REPRESENTATION_CONTEXT('2D SPACE',''
  ) );
#1818 = ORIENTED_EDGE('',*,*,#977,.F.);
#1819 = ORIENTED_EDGE('',*,*,#1801,.F.);
#1820 = ADVANCED_FACE('',(#1821),#1025,.F.);
#1821 = FACE_BOUND('',#1822,.F.);
#1822 = EDGE_LOOP('',(#1823,#1852,#1870,#1871));
#1823 = ORIENTED_EDGE('',*,*,#1824,.T.);
#1824 = EDGE_CURVE('',#1825,#1825,#1827,.T.);
#1825 = VERTEX_POINT('',#1826);
#1826 = CARTESIAN_POINT('',(1.7,-22.,14.));
#1827 = SURFACE_CURVE('',#1828,(#1833,#1840),.PCURVE_S1.);
#1828 = CIRCLE('',#1829,1.7);
#1829 = AXIS2_PLACEMENT_3D('',#1830,#1831,#1832);
#1830 = CARTESIAN_POINT('',(0.,-22.,14.));
#1831 = DIRECTION('',(0.,0.,1.));
#1832 = DIRECTION('',(1.,0.,0.));
#1833 = PCURVE('',#1025,#1834);
#1834 = DEFINITIONAL_REPRESENTATION('',(#1835),#1839);
#1835 = LINE('',#1836,#1837);
#1836 = CARTESIAN_POINT('',(0.,0.));
#1837 = VECTOR('',#1838,1.);
#1838 = DIRECTION('',(1.,0.));
#1839 = ( GEOMETRIC_REPRESENTATION_CONTEXT(2) 
PARAMETRIC_REPRESENTATION_CONTEXT() REPRESENTATION_CONTEXT('2D SPACE',''
  ) );
#1840 = PCURVE('',#1841,#1846);
#1841 = CYLINDRICAL_SURFACE('',#1842,1.7);
#1842 = AXIS2_PLACEMENT_3D('',#1843,#1844,#1845);
#1843 = CARTESIAN_POINT('',(0.,-22.,7.01));
#1844 = DIRECTION('',(-0.,-0.,-1.));
#1845 = DIRECTION('',(1.,0.,0.));
#1846 = DEFINITIONAL_REPRESENTATION('',(#1847),#1851);
#1847 = LINE('',#1848,#1849);
#1848 = CARTESIAN_POINT('',(-0.,-6.99));
#1849 = VECTOR('',#1850,1.);
#1850 = DIRECTION('',(-1.,0.));
#1851 = ( GEOMETRIC_REPRESENTATION_CONTEXT(2) 
PARAMETRIC_REPRESENTATION_CONTEXT() REPRESENTATION_CONTEXT('2D SPACE',''
  ) );
#1852 = ORIENTED_EDGE('',*,*,#1853,.T.);
#1853 = EDGE_CURVE('',#1825,#1009,#1854,.T.);
#1854 = SEAM_CURVE('',#1855,(#1858,#1864),.PCURVE_S1.);
#1855 = B_SPLINE_CURVE_WITH_KNOTS('',1,(#1856,#1857),.UNSPECIFIED.,.F.,
  .F.,(2,2),(0.,1.),.PIECEWISE_BEZIER_KNOTS.);
#1856 = CARTESIAN_POINT('',(1.7,-22.,14.));
#1857 = CARTESIAN_POINT('',(3.7,-22.,16.));
#1858 = PCURVE('',#1025,#1859);
#1859 = DEFINITIONAL_REPRESENTATION('',(#1860),#1863);
#1860 = B_SPLINE_CURVE_WITH_KNOTS('',1,(#1861,#1862),.UNSPECIFIED.,.F.,
  .F.,(2,2),(0.,1.),.PIECEWISE_BEZIER_KNOTS.);
#1861 = CARTESIAN_POINT('',(6.28318530718,0.));
#1862 = CARTESIAN_POINT('',(6.28318530718,2.));
#1863 = ( GEOMETRIC_REPRESENTATION_CONTEXT(2) 
PARAMETRIC_REPRESENTATION_CONTEXT() REPRESENTATION_CONTEXT('2D SPACE',''
  ) );
#1864 = PCURVE('',#1025,#1865);
#1865 = DEFINITIONAL_REPRESENTATION('',(#1866),#1869);
#1866 = B_SPLINE_CURVE_WITH_KNOTS('',1,(#1867,#1868),.UNSPECIFIED.,.F.,
  .F.,(2,2),(0.,1.),.PIECEWISE_BEZIER_KNOTS.);
#1867 = CARTESIAN_POINT('',(0.,0.));
#1868 = CARTESIAN_POINT('',(0.,2.));
#1869 = ( GEOMETRIC_REPRESENTATION_CONTEXT(2) 
PARAMETRIC_REPRESENTATION_CONTEXT() REPRESENTATION_CONTEXT('2D SPACE',''
  ) );
#1870 = ORIENTED_EDGE('',*,*,#1008,.F.);
#1871 = ORIENTED_EDGE('',*,*,#1853,.F.);
#1872 = ADVANCED_FACE('',(#1873),#1056,.F.);
#1873 = FACE_BOUND('',#1874,.F.);
#1874 = EDGE_LOOP('',(#1875,#1904,#1922,#1923));
#1875 = ORIENTED_EDGE('',*,*,#1876,.T.);
#1876 = EDGE_CURVE('',#1877,#1877,#1879,.T.);
#1877 = VERTEX_POINT('',#1878);
#1878 = CARTESIAN_POINT('',(23.7,-22.,14.));
#1879 = SURFACE_CURVE('',#1880,(#1885,#1892),.PCURVE_S1.);
#1880 = CIRCLE('',#1881,1.7);
#1881 = AXIS2_PLACEMENT_3D('',#1882,#1883,#1884);
#1882 = CARTESIAN_POINT('',(22.,-22.,14.));
#1883 = DIRECTION('',(0.,0.,1.));
#1884 = DIRECTION('',(1.,0.,0.));
#1885 = PCURVE('',#1056,#1886);
#1886 = DEFINITIONAL_REPRESENTATION('',(#1887),#1891);
#1887 = LINE('',#1888,#1889);
#1888 = CARTESIAN_POINT('',(0.,0.));
#1889 = VECTOR('',#1890,1.);
#1890 = DIRECTION('',(1.,0.));
#1891 = ( GEOMETRIC_REPRESENTATION_CONTEXT(2) 
PARAMETRIC_REPRESENTATION_CONTEXT() REPRESENTATION_CONTEXT('2D SPACE',''
  ) );
#1892 = PCURVE('',#1893,#1898);
#1893 = CYLINDRICAL_SURFACE('',#1894,1.7);
#1894 = AXIS2_PLACEMENT_3D('',#1895,#1896,#1897);
#1895 = CARTESIAN_POINT('',(22.,-22.,7.01));
#1896 = DIRECTION('',(-0.,-0.,-1.));
#1897 = DIRECTION('',(1.,0.,0.));
#1898 = DEFINITIONAL_REPRESENTATION('',(#1899),#1903);
#1899 = LINE('',#1900,#1901);
#1900 = CARTESIAN_POINT('',(-0.,-6.99));
#1901 = VECTOR('',#1902,1.);
#1902 = DIRECTION('',(-1.,0.));
#1903 = ( GEOMETRIC_REPRESENTATION_CONTEXT(2) 
PARAMETRIC_REPRESENTATION_CONTEXT() REPRESENTATION_CONTEXT('2D SPACE',''
  ) );
#1904 = ORIENTED_EDGE('',*,*,#1905,.T.);
#1905 = EDGE_CURVE('',#1877,#1040,#1906,.T.);
#1906 = SEAM_CURVE('',#1907,(#1910,#1916),.PCURVE_S1.);
#1907 = B_SPLINE_CURVE_WITH_KNOTS('',1,(#1908,#1909),.UNSPECIFIED.,.F.,
  .F.,(2,2),(0.,1.),.PIECEWISE_BEZIER_KNOTS.);
#1908 = CARTESIAN_POINT('',(23.7,-22.,14.));
#1909 = CARTESIAN_POINT('',(25.7,-22.,16.));
#1910 = PCURVE('',#1056,#1911);
#1911 = DEFINITIONAL_REPRESENTATION('',(#1912),#1915);
#1912 = B_SPLINE_CURVE_WITH_KNOTS('',1,(#1913,#1914),.UNSPECIFIED.,.F.,
  .F.,(2,2),(0.,1.),.PIECEWISE_BEZIER_KNOTS.);
#1913 = CARTESIAN_POINT('',(6.28318530718,0.));
#1914 = CARTESIAN_POINT('',(6.28318530718,2.));
#1915 = ( GEOMETRIC_REPRESENTATION_CONTEXT(2) 
PARAMETRIC_REPRESENTATION_CONTEXT() REPRESENTATION_CONTEXT('2D SPACE',''
  ) );
#1916 = PCURVE('',#1056,#1917);
#1917 = DEFINITIONAL_REPRESENTATION('',(#1918),#1921);
#1918 = B_SPLINE_CURVE_WITH_KNOTS('',1,(#1919,#1920),.UNSPECIFIED.,.F.,
  .F.,(2,2),(0.,1.),.PIECEWISE_BEZIER_KNOTS.);
#1919 = CARTESIAN_POINT('',(0.,0.));
#1920 = CARTESIAN_POINT('',(0.,2.));
#1921 = ( GEOMETRIC_REPRESENTATION_CONTEXT(2) 
PARAMETRIC_REPRESENTATION_CONTEXT() REPRESENTATION_CONTEXT('2D SPACE',''
  ) );
#1922 = ORIENTED_EDGE('',*,*,#1039,.F.);
#1923 = ORIENTED_EDGE('',*,*,#1905,.F.);
#1924 = ADVANCED_FACE('',(#1925),#1087,.F.);
#1925 = FACE_BOUND('',#1926,.F.);
#1926 = EDGE_LOOP('',(#1927,#1956,#1974,#1975));
#1927 = ORIENTED_EDGE('',*,*,#1928,.T.);
#1928 = EDGE_CURVE('',#1929,#1929,#1931,.T.);
#1929 = VERTEX_POINT('',#1930);
#1930 = CARTESIAN_POINT('',(45.7,-22.,14.));
#1931 = SURFACE_CURVE('',#1932,(#1937,#1944),.PCURVE_S1.);
#1932 = CIRCLE('',#1933,1.7);
#1933 = AXIS2_PLACEMENT_3D('',#1934,#1935,#1936);
#1934 = CARTESIAN_POINT('',(44.,-22.,14.));
#1935 = DIRECTION('',(0.,0.,1.));
#1936 = DIRECTION('',(1.,0.,0.));
#1937 = PCURVE('',#1087,#1938);
#1938 = DEFINITIONAL_REPRESENTATION('',(#1939),#1943);
#1939 = LINE('',#1940,#1941);
#1940 = CARTESIAN_POINT('',(0.,0.));
#1941 = VECTOR('',#1942,1.);
#1942 = DIRECTION('',(1.,0.));
#1943 = ( GEOMETRIC_REPRESENTATION_CONTEXT(2) 
PARAMETRIC_REPRESENTATION_CONTEXT() REPRESENTATION_CONTEXT('2D SPACE',''
  ) );
#1944 = PCURVE('',#1945,#1950);
#1945 = CYLINDRICAL_SURFACE('',#1946,1.7);
#1946 = AXIS2_PLACEMENT_3D('',#1947,#1948,#1949);
#1947 = CARTESIAN_POINT('',(44.,-22.,7.01));
#1948 = DIRECTION('',(-0.,-0.,-1.));
#1949 = DIRECTION('',(1.,0.,0.));
#1950 = DEFINITIONAL_REPRESENTATION('',(#1951),#1955);
#1951 = LINE('',#1952,#1953);
#1952 = CARTESIAN_POINT('',(-0.,-6.99));
#1953 = VECTOR('',#1954,1.);
#1954 = DIRECTION('',(-1.,0.));
#1955 = ( GEOMETRIC_REPRESENTATION_CONTEXT(2) 
PARAMETRIC_REPRESENTATION_CONTEXT() REPRESENTATION_CONTEXT('2D SPACE',''
  ) );
#1956 = ORIENTED_EDGE('',*,*,#1957,.T.);
#1957 = EDGE_CURVE('',#1929,#1071,#1958,.T.);
#1958 = SEAM_CURVE('',#1959,(#1962,#1968),.PCURVE_S1.);
#1959 = B_SPLINE_CURVE_WITH_KNOTS('',1,(#1960,#1961),.UNSPECIFIED.,.F.,
  .F.,(2,2),(0.,1.),.PIECEWISE_BEZIER_KNOTS.);
#1960 = CARTESIAN_POINT('',(45.7,-22.,14.));
#1961 = CARTESIAN_POINT('',(47.7,-22.,16.));
#1962 = PCURVE('',#1087,#1963);
#1963 = DEFINITIONAL_REPRESENTATION('',(#1964),#1967);
#1964 = B_SPLINE_CURVE_WITH_KNOTS('',1,(#1965,#1966),.UNSPECIFIED.,.F.,
  .F.,(2,2),(0.,1.),.PIECEWISE_BEZIER_KNOTS.);
#1965 = CARTESIAN_POINT('',(6.28318530718,0.));
#1966 = CARTESIAN_POINT('',(6.28318530718,2.));
#1967 = ( GEOMETRIC_REPRESENTATION_CONTEXT(2) 
PARAMETRIC_REPRESENTATION_CONTEXT() REPRESENTATION_CONTEXT('2D SPACE',''
  ) );
#1968 = PCURVE('',#1087,#1969);
#1969 = DEFINITIONAL_REPRESENTATION('',(#1970),#1973);
#1970 = B_SPLINE_CURVE_WITH_KNOTS('',1,(#1971,#1972),.UNSPECIFIED.,.F.,
  .F.,(2,2),(0.,1.),.PIECEWISE_BEZIER_KNOTS.);
#1971 = CARTESIAN_POINT('',(0.,0.));
#1972 = CARTESIAN_POINT('',(0.,2.));
#1973 = ( GEOMETRIC_REPRESENTATION_CONTEXT(2) 
PARAMETRIC_REPRESENTATION_CONTEXT() REPRESENTATION_CONTEXT('2D SPACE',''
  ) );
#1974 = ORIENTED_EDGE('',*,*,#1070,.F.);
#1975 = ORIENTED_EDGE('',*,*,#1957,.F.);
#1976 = ADVANCED_FACE('',(#1977),#1118,.F.);
#1977 = FACE_BOUND('',#1978,.F.);
#1978 = EDGE_LOOP('',(#1979,#2008,#2026,#2027));
#1979 = ORIENTED_EDGE('',*,*,#1980,.T.);
#1980 = EDGE_CURVE('',#1981,#1981,#1983,.T.);
#1981 = VERTEX_POINT('',#1982);
#1982 = CARTESIAN_POINT('',(-42.3,0.,14.));
#1983 = SURFACE_CURVE('',#1984,(#1989,#1996),.PCURVE_S1.);
#1984 = CIRCLE('',#1985,1.7);
#1985 = AXIS2_PLACEMENT_3D('',#1986,#1987,#1988);
#1986 = CARTESIAN_POINT('',(-44.,0.,14.));
#1987 = DIRECTION('',(0.,0.,1.));
#1988 = DIRECTION('',(1.,0.,0.));
#1989 = PCURVE('',#1118,#1990);
#1990 = DEFINITIONAL_REPRESENTATION('',(#1991),#1995);
#1991 = LINE('',#1992,#1993);
#1992 = CARTESIAN_POINT('',(0.,0.));
#1993 = VECTOR('',#1994,1.);
#1994 = DIRECTION('',(1.,0.));
#1995 = ( GEOMETRIC_REPRESENTATION_CONTEXT(2) 
PARAMETRIC_REPRESENTATION_CONTEXT() REPRESENTATION_CONTEXT('2D SPACE',''
  ) );
#1996 = PCURVE('',#1997,#2002);
#1997 = CYLINDRICAL_SURFACE('',#1998,1.7);
#1998 = AXIS2_PLACEMENT_3D('',#1999,#2000,#2001);
#1999 = CARTESIAN_POINT('',(-44.,0.,7.01));
#2000 = DIRECTION('',(-0.,-0.,-1.));
#2001 = DIRECTION('',(1.,0.,0.));
#2002 = DEFINITIONAL_REPRESENTATION('',(#2003),#2007);
#2003 = LINE('',#2004,#2005);
#2004 = CARTESIAN_POINT('',(-0.,-6.99));
#2005 = VECTOR('',#2006,1.);
#2006 = DIRECTION('',(-1.,0.));
#2007 = ( GEOMETRIC_REPRESENTATION_CONTEXT(2) 
PARAMETRIC_REPRESENTATION_CONTEXT() REPRESENTATION_CONTEXT('2D SPACE',''
  ) );
#2008 = ORIENTED_EDGE('',*,*,#2009,.T.);
#2009 = EDGE_CURVE('',#1981,#1102,#2010,.T.);
#2010 = SEAM_CURVE('',#2011,(#2014,#2020),.PCURVE_S1.);
#2011 = B_SPLINE_CURVE_WITH_KNOTS('',1,(#2012,#2013),.UNSPECIFIED.,.F.,
  .F.,(2,2),(0.,1.),.PIECEWISE_BEZIER_KNOTS.);
#2012 = CARTESIAN_POINT('',(-42.3,0.,14.));
#2013 = CARTESIAN_POINT('',(-40.3,0.,16.));
#2014 = PCURVE('',#1118,#2015);
#2015 = DEFINITIONAL_REPRESENTATION('',(#2016),#2019);
#2016 = B_SPLINE_CURVE_WITH_KNOTS('',1,(#2017,#2018),.UNSPECIFIED.,.F.,
  .F.,(2,2),(0.,1.),.PIECEWISE_BEZIER_KNOTS.);
#2017 = CARTESIAN_POINT('',(6.28318530718,0.));
#2018 = CARTESIAN_POINT('',(6.28318530718,2.));
#2019 = ( GEOMETRIC_REPRESENTATION_CONTEXT(2) 
PARAMETRIC_REPRESENTATION_CONTEXT() REPRESENTATION_CONTEXT('2D SPACE',''
  ) );
#2020 = PCURVE('',#1118,#2021);
#2021 = DEFINITIONAL_REPRESENTATION('',(#2022),#2025);
#2022 = B_SPLINE_CURVE_WITH_KNOTS('',1,(#2023,#2024),.UNSPECIFIED.,.F.,
  .F.,(2,2),(0.,1.),.PIECEWISE_BEZIER_KNOTS.);
#2023 = CARTESIAN_POINT('',(0.,0.));
#2024 = CARTESIAN_POINT('',(0.,2.));
#2025 = ( GEOMETRIC_REPRESENTATION_CONTEXT(2) 
PARAMETRIC_REPRESENTATION_CONTEXT() REPRESENTATION_CONTEXT('2D SPACE',''
  ) );
#2026 = ORIENTED_EDGE('',*,*,#1101,.F.);
#2027 = ORIENTED_EDGE('',*,*,#2009,.F.);
#2028 = ADVANCED_FACE('',(#2029),#1149,.F.);
#2029 = FACE_BOUND('',#2030,.F.);
#2030 = EDGE_LOOP('',(#2031,#2060,#2078,#2079));
#2031 = ORIENTED_EDGE('',*,*,#2032,.T.);
#2032 = EDGE_CURVE('',#2033,#2033,#2035,.T.);
#2033 = VERTEX_POINT('',#2034);
#2034 = CARTESIAN_POINT('',(-20.3,0.,14.));
#2035 = SURFACE_CURVE('',#2036,(#2041,#2048),.PCURVE_S1.);
#2036 = CIRCLE('',#2037,1.7);
#2037 = AXIS2_PLACEMENT_3D('',#2038,#2039,#2040);
#2038 = CARTESIAN_POINT('',(-22.,0.,14.));
#2039 = DIRECTION('',(0.,0.,1.));
#2040 = DIRECTION('',(1.,0.,0.));
#2041 = PCURVE('',#1149,#2042);
#2042 = DEFINITIONAL_REPRESENTATION('',(#2043),#2047);
#2043 = LINE('',#2044,#2045);
#2044 = CARTESIAN_POINT('',(0.,0.));
#2045 = VECTOR('',#2046,1.);
#2046 = DIRECTION('',(1.,0.));
#2047 = ( GEOMETRIC_REPRESENTATION_CONTEXT(2) 
PARAMETRIC_REPRESENTATION_CONTEXT() REPRESENTATION_CONTEXT('2D SPACE',''
  ) );
#2048 = PCURVE('',#2049,#2054);
#2049 = CYLINDRICAL_SURFACE('',#2050,1.7);
#2050 = AXIS2_PLACEMENT_3D('',#2051,#2052,#2053);
#2051 = CARTESIAN_POINT('',(-22.,0.,7.01));
#2052 = DIRECTION('',(-0.,-0.,-1.));
#2053 = DIRECTION('',(1.,0.,0.));
#2054 = DEFINITIONAL_REPRESENTATION('',(#2055),#2059);
#2055 = LINE('',#2056,#2057);
#2056 = CARTESIAN_POINT('',(-0.,-6.99));
#2057 = VECTOR('',#2058,1.);
#2058 = DIRECTION('',(-1.,0.));
#2059 = ( GEOMETRIC_REPRESENTATION_CONTEXT(2) 
PARAMETRIC_REPRESENTATION_CONTEXT() REPRESENTATION_CONTEXT('2D SPACE',''
  ) );
#2060 = ORIENTED_EDGE('',*,*,#2061,.T.);
#2061 = EDGE_CURVE('',#2033,#1133,#2062,.T.);
#2062 = SEAM_CURVE('',#2063,(#2066,#2072),.PCURVE_S1.);
#2063 = B_SPLINE_CURVE_WITH_KNOTS('',1,(#2064,#2065),.UNSPECIFIED.,.F.,
  .F.,(2,2),(0.,1.),.PIECEWISE_BEZIER_KNOTS.);
#2064 = CARTESIAN_POINT('',(-20.3,0.,14.));
#2065 = CARTESIAN_POINT('',(-18.3,0.,16.));
#2066 = PCURVE('',#1149,#2067);
#2067 = DEFINITIONAL_REPRESENTATION('',(#2068),#2071);
#2068 = B_SPLINE_CURVE_WITH_KNOTS('',1,(#2069,#2070),.UNSPECIFIED.,.F.,
  .F.,(2,2),(0.,1.),.PIECEWISE_BEZIER_KNOTS.);
#2069 = CARTESIAN_POINT('',(6.28318530718,0.));
#2070 = CARTESIAN_POINT('',(6.28318530718,2.));
#2071 = ( GEOMETRIC_REPRESENTATION_CONTEXT(2) 
PARAMETRIC_REPRESENTATION_CONTEXT() REPRESENTATION_CONTEXT('2D SPACE',''
  ) );
#2072 = PCURVE('',#1149,#2073);
#2073 = DEFINITIONAL_REPRESENTATION('',(#2074),#2077);
#2074 = B_SPLINE_CURVE_WITH_KNOTS('',1,(#2075,#2076),.UNSPECIFIED.,.F.,
  .F.,(2,2),(0.,1.),.PIECEWISE_BEZIER_KNOTS.);
#2075 = CARTESIAN_POINT('',(0.,0.));
#2076 = CARTESIAN_POINT('',(0.,2.));
#2077 = ( GEOMETRIC_REPRESENTATION_CONTEXT(2) 
PARAMETRIC_REPRESENTATION_CONTEXT() REPRESENTATION_CONTEXT('2D SPACE',''
  ) );
#2078 = ORIENTED_EDGE('',*,*,#1132,.F.);
#2079 = ORIENTED_EDGE('',*,*,#2061,.F.);
#2080 = ADVANCED_FACE('',(#2081),#1180,.F.);
#2081 = FACE_BOUND('',#2082,.F.);
#2082 = EDGE_LOOP('',(#2083,#2112,#2130,#2131));
#2083 = ORIENTED_EDGE('',*,*,#2084,.T.);
#2084 = EDGE_CURVE('',#2085,#2085,#2087,.T.);
#2085 = VERTEX_POINT('',#2086);
#2086 = CARTESIAN_POINT('',(-42.3,22.,14.));
#2087 = SURFACE_CURVE('',#2088,(#2093,#2100),.PCURVE_S1.);
#2088 = CIRCLE('',#2089,1.7);
#2089 = AXIS2_PLACEMENT_3D('',#2090,#2091,#2092);
#2090 = CARTESIAN_POINT('',(-44.,22.,14.));
#2091 = DIRECTION('',(0.,0.,1.));
#2092 = DIRECTION('',(1.,0.,0.));
#2093 = PCURVE('',#1180,#2094);
#2094 = DEFINITIONAL_REPRESENTATION('',(#2095),#2099);
#2095 = LINE('',#2096,#2097);
#2096 = CARTESIAN_POINT('',(0.,0.));
#2097 = VECTOR('',#2098,1.);
#2098 = DIRECTION('',(1.,0.));
#2099 = ( GEOMETRIC_REPRESENTATION_CONTEXT(2) 
PARAMETRIC_REPRESENTATION_CONTEXT() REPRESENTATION_CONTEXT('2D SPACE',''
  ) );
#2100 = PCURVE('',#2101,#2106);
#2101 = CYLINDRICAL_SURFACE('',#2102,1.7);
#2102 = AXIS2_PLACEMENT_3D('',#2103,#2104,#2105);
#2103 = CARTESIAN_POINT('',(-44.,22.,7.01));
#2104 = DIRECTION('',(-0.,-0.,-1.));
#2105 = DIRECTION('',(1.,0.,0.));
#2106 = DEFINITIONAL_REPRESENTATION('',(#2107),#2111);
#2107 = LINE('',#2108,#2109);
#2108 = CARTESIAN_POINT('',(-0.,-6.99));
#2109 = VECTOR('',#2110,1.);
#2110 = DIRECTION('',(-1.,0.));
#2111 = ( GEOMETRIC_REPRESENTATION_CONTEXT(2) 
PARAMETRIC_REPRESENTATION_CONTEXT() REPRESENTATION_CONTEXT('2D SPACE',''
  ) );
#2112 = ORIENTED_EDGE('',*,*,#2113,.T.);
#2113 = EDGE_CURVE('',#2085,#1164,#2114,.T.);
#2114 = SEAM_CURVE('',#2115,(#2118,#2124),.PCURVE_S1.);
#2115 = B_SPLINE_CURVE_WITH_KNOTS('',1,(#2116,#2117),.UNSPECIFIED.,.F.,
  .F.,(2,2),(0.,1.),.PIECEWISE_BEZIER_KNOTS.);
#2116 = CARTESIAN_POINT('',(-42.3,22.,14.));
#2117 = CARTESIAN_POINT('',(-40.3,22.,16.));
#2118 = PCURVE('',#1180,#2119);
#2119 = DEFINITIONAL_REPRESENTATION('',(#2120),#2123);
#2120 = B_SPLINE_CURVE_WITH_KNOTS('',1,(#2121,#2122),.UNSPECIFIED.,.F.,
  .F.,(2,2),(0.,1.),.PIECEWISE_BEZIER_KNOTS.);
#2121 = CARTESIAN_POINT('',(6.28318530718,0.));
#2122 = CARTESIAN_POINT('',(6.28318530718,2.));
#2123 = ( GEOMETRIC_REPRESENTATION_CONTEXT(2) 
PARAMETRIC_REPRESENTATION_CONTEXT() REPRESENTATION_CONTEXT('2D SPACE',''
  ) );
#2124 = PCURVE('',#1180,#2125);
#2125 = DEFINITIONAL_REPRESENTATION('',(#2126),#2129);
#2126 = B_SPLINE_CURVE_WITH_KNOTS('',1,(#2127,#2128),.UNSPECIFIED.,.F.,
  .F.,(2,2),(0.,1.),.PIECEWISE_BEZIER_KNOTS.);
#2127 = CARTESIAN_POINT('',(0.,0.));
#2128 = CARTESIAN_POINT('',(0.,2.));
#2129 = ( GEOMETRIC_REPRESENTATION_CONTEXT(2) 
PARAMETRIC_REPRESENTATION_CONTEXT() REPRESENTATION_CONTEXT('2D SPACE',''
  ) );
#2130 = ORIENTED_EDGE('',*,*,#1163,.F.);
#2131 = ORIENTED_EDGE('',*,*,#2113,.F.);
#2132 = ADVANCED_FACE('',(#2133),#1211,.F.);
#2133 = FACE_BOUND('',#2134,.F.);
#2134 = EDGE_LOOP('',(#2135,#2164,#2182,#2183));
#2135 = ORIENTED_EDGE('',*,*,#2136,.T.);
#2136 = EDGE_CURVE('',#2137,#2137,#2139,.T.);
#2137 = VERTEX_POINT('',#2138);
#2138 = CARTESIAN_POINT('',(-20.3,22.,14.));
#2139 = SURFACE_CURVE('',#2140,(#2145,#2152),.PCURVE_S1.);
#2140 = CIRCLE('',#2141,1.7);
#2141 = AXIS2_PLACEMENT_3D('',#2142,#2143,#2144);
#2142 = CARTESIAN_POINT('',(-22.,22.,14.));
#2143 = DIRECTION('',(0.,0.,1.));
#2144 = DIRECTION('',(1.,0.,0.));
#2145 = PCURVE('',#1211,#2146);
#2146 = DEFINITIONAL_REPRESENTATION('',(#2147),#2151);
#2147 = LINE('',#2148,#2149);
#2148 = CARTESIAN_POINT('',(0.,0.));
#2149 = VECTOR('',#2150,1.);
#2150 = DIRECTION('',(1.,0.));
#2151 = ( GEOMETRIC_REPRESENTATION_CONTEXT(2) 
PARAMETRIC_REPRESENTATION_CONTEXT() REPRESENTATION_CONTEXT('2D SPACE',''
  ) );
#2152 = PCURVE('',#2153,#2158);
#2153 = CYLINDRICAL_SURFACE('',#2154,1.7);
#2154 = AXIS2_PLACEMENT_3D('',#2155,#2156,#2157);
#2155 = CARTESIAN_POINT('',(-22.,22.,7.01));
#2156 = DIRECTION('',(-0.,-0.,-1.));
#2157 = DIRECTION('',(1.,0.,0.));
#2158 = DEFINITIONAL_REPRESENTATION('',(#2159),#2163);
#2159 = LINE('',#2160,#2161);
#2160 = CARTESIAN_POINT('',(-0.,-6.99));
#2161 = VECTOR('',#2162,1.);
#2162 = DIRECTION('',(-1.,0.));
#2163 = ( GEOMETRIC_REPRESENTATION_CONTEXT(2) 
PARAMETRIC_REPRESENTATION_CONTEXT() REPRESENTATION_CONTEXT('2D SPACE',''
  ) );
#2164 = ORIENTED_EDGE('',*,*,#2165,.T.);
#2165 = EDGE_CURVE('',#2137,#1195,#2166,.T.);
#2166 = SEAM_CURVE('',#2167,(#2170,#2176),.PCURVE_S1.);
#2167 = B_SPLINE_CURVE_WITH_KNOTS('',1,(#2168,#2169),.UNSPECIFIED.,.F.,
  .F.,(2,2),(0.,1.),.PIECEWISE_BEZIER_KNOTS.);
#2168 = CARTESIAN_POINT('',(-20.3,22.,14.));
#2169 = CARTESIAN_POINT('',(-18.3,22.,16.));
#2170 = PCURVE('',#1211,#2171);
#2171 = DEFINITIONAL_REPRESENTATION('',(#2172),#2175);
#2172 = B_SPLINE_CURVE_WITH_KNOTS('',1,(#2173,#2174),.UNSPECIFIED.,.F.,
  .F.,(2,2),(0.,1.),.PIECEWISE_BEZIER_KNOTS.);
#2173 = CARTESIAN_POINT('',(6.28318530718,0.));
#2174 = CARTESIAN_POINT('',(6.28318530718,2.));
#2175 = ( GEOMETRIC_REPRESENTATION_CONTEXT(2) 
PARAMETRIC_REPRESENTATION_CONTEXT() REPRESENTATION_CONTEXT('2D SPACE',''
  ) );
#2176 = PCURVE('',#1211,#2177);
#2177 = DEFINITIONAL_REPRESENTATION('',(#2178),#2181);
#2178 = B_SPLINE_CURVE_WITH_KNOTS('',1,(#2179,#2180),.UNSPECIFIED.,.F.,
  .F.,(2,2),(0.,1.),.PIECEWISE_BEZIER_KNOTS.);
#2179 = CARTESIAN_POINT('',(0.,0.));
#2180 = CARTESIAN_POINT('',(0.,2.));
#2181 = ( GEOMETRIC_REPRESENTATION_CONTEXT(2) 
PARAMETRIC_REPRESENTATION_CONTEXT() REPRESENTATION_CONTEXT('2D SPACE',''
  ) );
#2182 = ORIENTED_EDGE('',*,*,#1194,.F.);
#2183 = ORIENTED_EDGE('',*,*,#2165,.F.);
#2184 = ADVANCED_FACE('',(#2185),#1242,.F.);
#2185 = FACE_BOUND('',#2186,.F.);
#2186 = EDGE_LOOP('',(#2187,#2216,#2234,#2235));
#2187 = ORIENTED_EDGE('',*,*,#2188,.T.);
#2188 = EDGE_CURVE('',#2189,#2189,#2191,.T.);
#2189 = VERTEX_POINT('',#2190);
#2190 = CARTESIAN_POINT('',(1.7,0.,14.));
#2191 = SURFACE_CURVE('',#2192,(#2197,#2204),.PCURVE_S1.);
#2192 = CIRCLE('',#2193,1.7);
#2193 = AXIS2_PLACEMENT_3D('',#2194,#2195,#2196);
#2194 = CARTESIAN_POINT('',(0.,0.,14.));
#2195 = DIRECTION('',(0.,0.,1.));
#2196 = DIRECTION('',(1.,0.,0.));
#2197 = PCURVE('',#1242,#2198);
#2198 = DEFINITIONAL_REPRESENTATION('',(#2199),#2203);
#2199 = LINE('',#2200,#2201);
#2200 = CARTESIAN_POINT('',(0.,0.));
#2201 = VECTOR('',#2202,1.);
#2202 = DIRECTION('',(1.,0.));
#2203 = ( GEOMETRIC_REPRESENTATION_CONTEXT(2) 
PARAMETRIC_REPRESENTATION_CONTEXT() REPRESENTATION_CONTEXT('2D SPACE',''
  ) );
#2204 = PCURVE('',#2205,#2210);
#2205 = CYLINDRICAL_SURFACE('',#2206,1.7);
#2206 = AXIS2_PLACEMENT_3D('',#2207,#2208,#2209);
#2207 = CARTESIAN_POINT('',(0.,0.,7.01));
#2208 = DIRECTION('',(-0.,-0.,-1.));
#2209 = DIRECTION('',(1.,0.,0.));
#2210 = DEFINITIONAL_REPRESENTATION('',(#2211),#2215);
#2211 = LINE('',#2212,#2213);
#2212 = CARTESIAN_POINT('',(-0.,-6.99));
#2213 = VECTOR('',#2214,1.);
#2214 = DIRECTION('',(-1.,0.));
#2215 = ( GEOMETRIC_REPRESENTATION_CONTEXT(2) 
PARAMETRIC_REPRESENTATION_CONTEXT() REPRESENTATION_CONTEXT('2D SPACE',''
  ) );
#2216 = ORIENTED_EDGE('',*,*,#2217,.T.);
#2217 = EDGE_CURVE('',#2189,#1226,#2218,.T.);
#2218 = SEAM_CURVE('',#2219,(#2222,#2228),.PCURVE_S1.);
#2219 = B_SPLINE_CURVE_WITH_KNOTS('',1,(#2220,#2221),.UNSPECIFIED.,.F.,
  .F.,(2,2),(0.,1.),.PIECEWISE_BEZIER_KNOTS.);
#2220 = CARTESIAN_POINT('',(1.7,0.,14.));
#2221 = CARTESIAN_POINT('',(3.7,0.,16.));
#2222 = PCURVE('',#1242,#2223);
#2223 = DEFINITIONAL_REPRESENTATION('',(#2224),#2227);
#2224 = B_SPLINE_CURVE_WITH_KNOTS('',1,(#2225,#2226),.UNSPECIFIED.,.F.,
  .F.,(2,2),(0.,1.),.PIECEWISE_BEZIER_KNOTS.);
#2225 = CARTESIAN_POINT('',(6.28318530718,0.));
#2226 = CARTESIAN_POINT('',(6.28318530718,2.));
#2227 = ( GEOMETRIC_REPRESENTATION_CONTEXT(2) 
PARAMETRIC_REPRESENTATION_CONTEXT() REPRESENTATION_CONTEXT('2D SPACE',''
  ) );
#2228 = PCURVE('',#1242,#2229);
#2229 = DEFINITIONAL_REPRESENTATION('',(#2230),#2233);
#2230 = B_SPLINE_CURVE_WITH_KNOTS('',1,(#2231,#2232),.UNSPECIFIED.,.F.,
  .F.,(2,2),(0.,1.),.PIECEWISE_BEZIER_KNOTS.);
#2231 = CARTESIAN_POINT('',(0.,0.));
#2232 = CARTESIAN_POINT('',(0.,2.));
#2233 = ( GEOMETRIC_REPRESENTATION_CONTEXT(2) 
PARAMETRIC_REPRESENTATION_CONTEXT() REPRESENTATION_CONTEXT('2D SPACE',''
  ) );
#2234 = ORIENTED_EDGE('',*,*,#1225,.F.);
#2235 = ORIENTED_EDGE('',*,*,#2217,.F.);
#2236 = ADVANCED_FACE('',(#2237),#1273,.F.);
#2237 = FACE_BOUND('',#2238,.F.);
#2238 = EDGE_LOOP('',(#2239,#2268,#2286,#2287));
#2239 = ORIENTED_EDGE('',*,*,#2240,.T.);
#2240 = EDGE_CURVE('',#2241,#2241,#2243,.T.);
#2241 = VERTEX_POINT('',#2242);
#2242 = CARTESIAN_POINT('',(23.7,0.,14.));
#2243 = SURFACE_CURVE('',#2244,(#2249,#2256),.PCURVE_S1.);
#2244 = CIRCLE('',#2245,1.7);
#2245 = AXIS2_PLACEMENT_3D('',#2246,#2247,#2248);
#2246 = CARTESIAN_POINT('',(22.,0.,14.));
#2247 = DIRECTION('',(0.,0.,1.));
#2248 = DIRECTION('',(1.,0.,0.));
#2249 = PCURVE('',#1273,#2250);
#2250 = DEFINITIONAL_REPRESENTATION('',(#2251),#2255);
#2251 = LINE('',#2252,#2253);
#2252 = CARTESIAN_POINT('',(0.,0.));
#2253 = VECTOR('',#2254,1.);
#2254 = DIRECTION('',(1.,0.));
#2255 = ( GEOMETRIC_REPRESENTATION_CONTEXT(2) 
PARAMETRIC_REPRESENTATION_CONTEXT() REPRESENTATION_CONTEXT('2D SPACE',''
  ) );
#2256 = PCURVE('',#2257,#2262);
#2257 = CYLINDRICAL_SURFACE('',#2258,1.7);
#2258 = AXIS2_PLACEMENT_3D('',#2259,#2260,#2261);
#2259 = CARTESIAN_POINT('',(22.,0.,7.01));
#2260 = DIRECTION('',(-0.,-0.,-1.));
#2261 = DIRECTION('',(1.,0.,0.));
#2262 = DEFINITIONAL_REPRESENTATION('',(#2263),#2267);
#2263 = LINE('',#2264,#2265);
#2264 = CARTESIAN_POINT('',(-0.,-6.99));
#2265 = VECTOR('',#2266,1.);
#2266 = DIRECTION('',(-1.,0.));
#2267 = ( GEOMETRIC_REPRESENTATION_CONTEXT(2) 
PARAMETRIC_REPRESENTATION_CONTEXT() REPRESENTATION_CONTEXT('2D SPACE',''
  ) );
#2268 = ORIENTED_EDGE('',*,*,#2269,.T.);
#2269 = EDGE_CURVE('',#2241,#1257,#2270,.T.);
#2270 = SEAM_CURVE('',#2271,(#2274,#2280),.PCURVE_S1.);
#2271 = B_SPLINE_CURVE_WITH_KNOTS('',1,(#2272,#2273),.UNSPECIFIED.,.F.,
  .F.,(2,2),(0.,1.),.PIECEWISE_BEZIER_KNOTS.);
#2272 = CARTESIAN_POINT('',(23.7,0.,14.));
#2273 = CARTESIAN_POINT('',(25.7,0.,16.));
#2274 = PCURVE('',#1273,#2275);
#2275 = DEFINITIONAL_REPRESENTATION('',(#2276),#2279);
#2276 = B_SPLINE_CURVE_WITH_KNOTS('',1,(#2277,#2278),.UNSPECIFIED.,.F.,
  .F.,(2,2),(0.,1.),.PIECEWISE_BEZIER_KNOTS.);
#2277 = CARTESIAN_POINT('',(6.28318530718,0.));
#2278 = CARTESIAN_POINT('',(6.28318530718,2.));
#2279 = ( GEOMETRIC_REPRESENTATION_CONTEXT(2) 
PARAMETRIC_REPRESENTATION_CONTEXT() REPRESENTATION_CONTEXT('2D SPACE',''
  ) );
#2280 = PCURVE('',#1273,#2281);
#2281 = DEFINITIONAL_REPRESENTATION('',(#2282),#2285);
#2282 = B_SPLINE_CURVE_WITH_KNOTS('',1,(#2283,#2284),.UNSPECIFIED.,.F.,
  .F.,(2,2),(0.,1.),.PIECEWISE_BEZIER_KNOTS.);
#2283 = CARTESIAN_POINT('',(0.,0.));
#2284 = CARTESIAN_POINT('',(0.,2.));
#2285 = ( GEOMETRIC_REPRESENTATION_CONTEXT(2) 
PARAMETRIC_REPRESENTATION_CONTEXT() REPRESENTATION_CONTEXT('2D SPACE',''
  ) );
#2286 = ORIENTED_EDGE('',*,*,#1256,.F.);
#2287 = ORIENTED_EDGE('',*,*,#2269,.F.);
#2288 = ADVANCED_FACE('',(#2289),#1304,.F.);
#2289 = FACE_BOUND('',#2290,.F.);
#2290 = EDGE_LOOP('',(#2291,#2320,#2338,#2339));
#2291 = ORIENTED_EDGE('',*,*,#2292,.T.);
#2292 = EDGE_CURVE('',#2293,#2293,#2295,.T.);
#2293 = VERTEX_POINT('',#2294);
#2294 = CARTESIAN_POINT('',(45.7,0.,14.));
#2295 = SURFACE_CURVE('',#2296,(#2301,#2308),.PCURVE_S1.);
#2296 = CIRCLE('',#2297,1.7);
#2297 = AXIS2_PLACEMENT_3D('',#2298,#2299,#2300);
#2298 = CARTESIAN_POINT('',(44.,0.,14.));
#2299 = DIRECTION('',(0.,0.,1.));
#2300 = DIRECTION('',(1.,0.,0.));
#2301 = PCURVE('',#1304,#2302);
#2302 = DEFINITIONAL_REPRESENTATION('',(#2303),#2307);
#2303 = LINE('',#2304,#2305);
#2304 = CARTESIAN_POINT('',(0.,0.));
#2305 = VECTOR('',#2306,1.);
#2306 = DIRECTION('',(1.,0.));
#2307 = ( GEOMETRIC_REPRESENTATION_CONTEXT(2) 
PARAMETRIC_REPRESENTATION_CONTEXT() REPRESENTATION_CONTEXT('2D SPACE',''
  ) );
#2308 = PCURVE('',#2309,#2314);
#2309 = CYLINDRICAL_SURFACE('',#2310,1.7);
#2310 = AXIS2_PLACEMENT_3D('',#2311,#2312,#2313);
#2311 = CARTESIAN_POINT('',(44.,0.,7.01));
#2312 = DIRECTION('',(-0.,-0.,-1.));
#2313 = DIRECTION('',(1.,0.,0.));
#2314 = DEFINITIONAL_REPRESENTATION('',(#2315),#2319);
#2315 = LINE('',#2316,#2317);
#2316 = CARTESIAN_POINT('',(-0.,-6.99));
#2317 = VECTOR('',#2318,1.);
#2318 = DIRECTION('',(-1.,0.));
#2319 = ( GEOMETRIC_REPRESENTATION_CONTEXT(2) 
PARAMETRIC_REPRESENTATION_CONTEXT() REPRESENTATION_CONTEXT('2D SPACE',''
  ) );
#2320 = ORIENTED_EDGE('',*,*,#2321,.T.);
#2321 = EDGE_CURVE('',#2293,#1288,#2322,.T.);
#2322 = SEAM_CURVE('',#2323,(#2326,#2332),.PCURVE_S1.);
#2323 = B_SPLINE_CURVE_WITH_KNOTS('',1,(#2324,#2325),.UNSPECIFIED.,.F.,
  .F.,(2,2),(0.,1.),.PIECEWISE_BEZIER_KNOTS.);
#2324 = CARTESIAN_POINT('',(45.7,0.,14.));
#2325 = CARTESIAN_POINT('',(47.7,0.,16.));
#2326 = PCURVE('',#1304,#2327);
#2327 = DEFINITIONAL_REPRESENTATION('',(#2328),#2331);
#2328 = B_SPLINE_CURVE_WITH_KNOTS('',1,(#2329,#2330),.UNSPECIFIED.,.F.,
  .F.,(2,2),(0.,1.),.PIECEWISE_BEZIER_KNOTS.);
#2329 = CARTESIAN_POINT('',(6.28318530718,0.));
#2330 = CARTESIAN_POINT('',(6.28318530718,2.));
#2331 = ( GEOMETRIC_REPRESENTATION_CONTEXT(2) 
PARAMETRIC_REPRESENTATION_CONTEXT() REPRESENTATION_CONTEXT('2D SPACE',''
  ) );
#2332 = PCURVE('',#1304,#2333);
#2333 = DEFINITIONAL_REPRESENTATION('',(#2334),#2337);
#2334 = B_SPLINE_CURVE_WITH_KNOTS('',1,(#2335,#2336),.UNSPECIFIED.,.F.,
  .F.,(2,2),(0.,1.),.PIECEWISE_BEZIER_KNOTS.);
#2335 = CARTESIAN_POINT('',(0.,0.));
#2336 = CARTESIAN_POINT('',(0.,2.));
#2337 = ( GEOMETRIC_REPRESENTATION_CONTEXT(2) 
PARAMETRIC_REPRESENTATION_CONTEXT() REPRESENTATION_CONTEXT('2D SPACE',''
  ) );
#2338 = ORIENTED_EDGE('',*,*,#1287,.F.);
#2339 = ORIENTED_EDGE('',*,*,#2321,.F.);
#2340 = ADVANCED_FACE('',(#2341),#1335,.F.);
#2341 = FACE_BOUND('',#2342,.F.);
#2342 = EDGE_LOOP('',(#2343,#2372,#2390,#2391));
#2343 = ORIENTED_EDGE('',*,*,#2344,.T.);
#2344 = EDGE_CURVE('',#2345,#2345,#2347,.T.);
#2345 = VERTEX_POINT('',#2346);
#2346 = CARTESIAN_POINT('',(1.7,22.,14.));
#2347 = SURFACE_CURVE('',#2348,(#2353,#2360),.PCURVE_S1.);
#2348 = CIRCLE('',#2349,1.7);
#2349 = AXIS2_PLACEMENT_3D('',#2350,#2351,#2352);
#2350 = CARTESIAN_POINT('',(0.,22.,14.));
#2351 = DIRECTION('',(0.,0.,1.));
#2352 = DIRECTION('',(1.,0.,0.));
#2353 = PCURVE('',#1335,#2354);
#2354 = DEFINITIONAL_REPRESENTATION('',(#2355),#2359);
#2355 = LINE('',#2356,#2357);
#2356 = CARTESIAN_POINT('',(0.,0.));
#2357 = VECTOR('',#2358,1.);
#2358 = DIRECTION('',(1.,0.));
#2359 = ( GEOMETRIC_REPRESENTATION_CONTEXT(2) 
PARAMETRIC_REPRESENTATION_CONTEXT() REPRESENTATION_CONTEXT('2D SPACE',''
  ) );
#2360 = PCURVE('',#2361,#2366);
#2361 = CYLINDRICAL_SURFACE('',#2362,1.7);
#2362 = AXIS2_PLACEMENT_3D('',#2363,#2364,#2365);
#2363 = CARTESIAN_POINT('',(0.,22.,7.01));
#2364 = DIRECTION('',(-0.,-0.,-1.));
#2365 = DIRECTION('',(1.,0.,0.));
#2366 = DEFINITIONAL_REPRESENTATION('',(#2367),#2371);
#2367 = LINE('',#2368,#2369);
#2368 = CARTESIAN_POINT('',(-0.,-6.99));
#2369 = VECTOR('',#2370,1.);
#2370 = DIRECTION('',(-1.,0.));
#2371 = ( GEOMETRIC_REPRESENTATION_CONTEXT(2) 
PARAMETRIC_REPRESENTATION_CONTEXT() REPRESENTATION_CONTEXT('2D SPACE',''
  ) );
#2372 = ORIENTED_EDGE('',*,*,#2373,.T.);
#2373 = EDGE_CURVE('',#2345,#1319,#2374,.T.);
#2374 = SEAM_CURVE('',#2375,(#2378,#2384),.PCURVE_S1.);
#2375 = B_SPLINE_CURVE_WITH_KNOTS('',1,(#2376,#2377),.UNSPECIFIED.,.F.,
  .F.,(2,2),(0.,1.),.PIECEWISE_BEZIER_KNOTS.);
#2376 = CARTESIAN_POINT('',(1.7,22.,14.));
#2377 = CARTESIAN_POINT('',(3.7,22.,16.));
#2378 = PCURVE('',#1335,#2379);
#2379 = DEFINITIONAL_REPRESENTATION('',(#2380),#2383);
#2380 = B_SPLINE_CURVE_WITH_KNOTS('',1,(#2381,#2382),.UNSPECIFIED.,.F.,
  .F.,(2,2),(0.,1.),.PIECEWISE_BEZIER_KNOTS.);
#2381 = CARTESIAN_POINT('',(6.28318530718,0.));
#2382 = CARTESIAN_POINT('',(6.28318530718,2.));
#2383 = ( GEOMETRIC_REPRESENTATION_CONTEXT(2) 
PARAMETRIC_REPRESENTATION_CONTEXT() REPRESENTATION_CONTEXT('2D SPACE',''
  ) );
#2384 = PCURVE('',#1335,#2385);
#2385 = DEFINITIONAL_REPRESENTATION('',(#2386),#2389);
#2386 = B_SPLINE_CURVE_WITH_KNOTS('',1,(#2387,#2388),.UNSPECIFIED.,.F.,
  .F.,(2,2),(0.,1.),.PIECEWISE_BEZIER_KNOTS.);
#2387 = CARTESIAN_POINT('',(0.,0.));
#2388 = CARTESIAN_POINT('',(0.,2.));
#2389 = ( GEOMETRIC_REPRESENTATION_CONTEXT(2) 
PARAMETRIC_REPRESENTATION_CONTEXT() REPRESENTATION_CONTEXT('2D SPACE',''
  ) );
#2390 = ORIENTED_EDGE('',*,*,#1318,.F.);
#2391 = ORIENTED_EDGE('',*,*,#2373,.F.);
#2392 = ADVANCED_FACE('',(#2393),#1366,.F.);
#2393 = FACE_BOUND('',#2394,.F.);
#2394 = EDGE_LOOP('',(#2395,#2424,#2442,#2443));
#2395 = ORIENTED_EDGE('',*,*,#2396,.T.);
#2396 = EDGE_CURVE('',#2397,#2397,#2399,.T.);
#2397 = VERTEX_POINT('',#2398);
#2398 = CARTESIAN_POINT('',(23.7,22.,14.));
#2399 = SURFACE_CURVE('',#2400,(#2405,#2412),.PCURVE_S1.);
#2400 = CIRCLE('',#2401,1.7);
#2401 = AXIS2_PLACEMENT_3D('',#2402,#2403,#2404);
#2402 = CARTESIAN_POINT('',(22.,22.,14.));
#2403 = DIRECTION('',(0.,0.,1.));
#2404 = DIRECTION('',(1.,0.,0.));
#2405 = PCURVE('',#1366,#2406);
#2406 = DEFINITIONAL_REPRESENTATION('',(#2407),#2411);
#2407 = LINE('',#2408,#2409);
#2408 = CARTESIAN_POINT('',(0.,0.));
#2409 = VECTOR('',#2410,1.);
#2410 = DIRECTION('',(1.,0.));
#2411 = ( GEOMETRIC_REPRESENTATION_CONTEXT(2) 
PARAMETRIC_REPRESENTATION_CONTEXT() REPRESENTATION_CONTEXT('2D SPACE',''
  ) );
#2412 = PCURVE('',#2413,#2418);
#2413 = CYLINDRICAL_SURFACE('',#2414,1.7);
#2414 = AXIS2_PLACEMENT_3D('',#2415,#2416,#2417);
#2415 = CARTESIAN_POINT('',(22.,22.,7.01));
#2416 = DIRECTION('',(-0.,-0.,-1.));
#2417 = DIRECTION('',(1.,0.,0.));
#2418 = DEFINITIONAL_REPRESENTATION('',(#2419),#2423);
#2419 = LINE('',#2420,#2421);
#2420 = CARTESIAN_POINT('',(-0.,-6.99));
#2421 = VECTOR('',#2422,1.);
#2422 = DIRECTION('',(-1.,0.));
#2423 = ( GEOMETRIC_REPRESENTATION_CONTEXT(2) 
PARAMETRIC_REPRESENTATION_CONTEXT() REPRESENTATION_CONTEXT('2D SPACE',''
  ) );
#2424 = ORIENTED_EDGE('',*,*,#2425,.T.);
#2425 = EDGE_CURVE('',#2397,#1350,#2426,.T.);
#2426 = SEAM_CURVE('',#2427,(#2430,#2436),.PCURVE_S1.);
#2427 = B_SPLINE_CURVE_WITH_KNOTS('',1,(#2428,#2429),.UNSPECIFIED.,.F.,
  .F.,(2,2),(0.,1.),.PIECEWISE_BEZIER_KNOTS.);
#2428 = CARTESIAN_POINT('',(23.7,22.,14.));
#2429 = CARTESIAN_POINT('',(25.7,22.,16.));
#2430 = PCURVE('',#1366,#2431);
#2431 = DEFINITIONAL_REPRESENTATION('',(#2432),#2435);
#2432 = B_SPLINE_CURVE_WITH_KNOTS('',1,(#2433,#2434),.UNSPECIFIED.,.F.,
  .F.,(2,2),(0.,1.),.PIECEWISE_BEZIER_KNOTS.);
#2433 = CARTESIAN_POINT('',(6.28318530718,0.));
#2434 = CARTESIAN_POINT('',(6.28318530718,2.));
#2435 = ( GEOMETRIC_REPRESENTATION_CONTEXT(2) 
PARAMETRIC_REPRESENTATION_CONTEXT() REPRESENTATION_CONTEXT('2D SPACE',''
  ) );
#2436 = PCURVE('',#1366,#2437);
#2437 = DEFINITIONAL_REPRESENTATION('',(#2438),#2441);
#2438 = B_SPLINE_CURVE_WITH_KNOTS('',1,(#2439,#2440),.UNSPECIFIED.,.F.,
  .F.,(2,2),(0.,1.),.PIECEWISE_BEZIER_KNOTS.);
#2439 = CARTESIAN_POINT('',(0.,0.));
#2440 = CARTESIAN_POINT('',(0.,2.));
#2441 = ( GEOMETRIC_REPRESENTATION_CONTEXT(2) 
PARAMETRIC_REPRESENTATION_CONTEXT() REPRESENTATION_CONTEXT('2D SPACE',''
  ) );
#2442 = ORIENTED_EDGE('',*,*,#1349,.F.);
#2443 = ORIENTED_EDGE('',*,*,#2425,.F.);
#2444 = ADVANCED_FACE('',(#2445),#1397,.F.);
#2445 = FACE_BOUND('',#2446,.F.);
#2446 = EDGE_LOOP('',(#2447,#2476,#2494,#2495));
#2447 = ORIENTED_EDGE('',*,*,#2448,.T.);
#2448 = EDGE_CURVE('',#2449,#2449,#2451,.T.);
#2449 = VERTEX_POINT('',#2450);
#2450 = CARTESIAN_POINT('',(45.7,22.,14.));
#2451 = SURFACE_CURVE('',#2452,(#2457,#2464),.PCURVE_S1.);
#2452 = CIRCLE('',#2453,1.7);
#2453 = AXIS2_PLACEMENT_3D('',#2454,#2455,#2456);
#2454 = CARTESIAN_POINT('',(44.,22.,14.));
#2455 = DIRECTION('',(0.,0.,1.));
#2456 = DIRECTION('',(1.,0.,0.));
#2457 = PCURVE('',#1397,#2458);
#2458 = DEFINITIONAL_REPRESENTATION('',(#2459),#2463);
#2459 = LINE('',#2460,#2461);
#2460 = CARTESIAN_POINT('',(0.,0.));
#2461 = VECTOR('',#2462,1.);
#2462 = DIRECTION('',(1.,0.));
#2463 = ( GEOMETRIC_REPRESENTATION_CONTEXT(2) 
PARAMETRIC_REPRESENTATION_CONTEXT() REPRESENTATION_CONTEXT('2D SPACE',''
  ) );
#2464 = PCURVE('',#2465,#2470);
#2465 = CYLINDRICAL_SURFACE('',#2466,1.7);
#2466 = AXIS2_PLACEMENT_3D('',#2467,#2468,#2469);
#2467 = CARTESIAN_POINT('',(44.,22.,7.01));
#2468 = DIRECTION('',(-0.,-0.,-1.));
#2469 = DIRECTION('',(1.,0.,0.));
#2470 = DEFINITIONAL_REPRESENTATION('',(#2471),#2475);
#2471 = LINE('',#2472,#2473);
#2472 = CARTESIAN_POINT('',(-0.,-6.99));
#2473 = VECTOR('',#2474,1.);
#2474 = DIRECTION('',(-1.,0.));
#2475 = ( GEOMETRIC_REPRESENTATION_CONTEXT(2) 
PARAMETRIC_REPRESENTATION_CONTEXT() REPRESENTATION_CONTEXT('2D SPACE',''
  ) );
#2476 = ORIENTED_EDGE('',*,*,#2477,.T.);
#2477 = EDGE_CURVE('',#2449,#1381,#2478,.T.);
#2478 = SEAM_CURVE('',#2479,(#2482,#2488),.PCURVE_S1.);
#2479 = B_SPLINE_CURVE_WITH_KNOTS('',1,(#2480,#2481),.UNSPECIFIED.,.F.,
  .F.,(2,2),(0.,1.),.PIECEWISE_BEZIER_KNOTS.);
#2480 = CARTESIAN_POINT('',(45.7,22.,14.));
#2481 = CARTESIAN_POINT('',(47.7,22.,16.));
#2482 = PCURVE('',#1397,#2483);
#2483 = DEFINITIONAL_REPRESENTATION('',(#2484),#2487);
#2484 = B_SPLINE_CURVE_WITH_KNOTS('',1,(#2485,#2486),.UNSPECIFIED.,.F.,
  .F.,(2,2),(0.,1.),.PIECEWISE_BEZIER_KNOTS.);
#2485 = CARTESIAN_POINT('',(6.28318530718,0.));
#2486 = CARTESIAN_POINT('',(6.28318530718,2.));
#2487 = ( GEOMETRIC_REPRESENTATION_CONTEXT(2) 
PARAMETRIC_REPRESENTATION_CONTEXT() REPRESENTATION_CONTEXT('2D SPACE',''
  ) );
#2488 = PCURVE('',#1397,#2489);
#2489 = DEFINITIONAL_REPRESENTATION('',(#2490),#2493);
#2490 = B_SPLINE_CURVE_WITH_KNOTS('',1,(#2491,#2492),.UNSPECIFIED.,.F.,
  .F.,(2,2),(0.,1.),.PIECEWISE_BEZIER_KNOTS.);
#2491 = CARTESIAN_POINT('',(0.,0.));
#2492 = CARTESIAN_POINT('',(0.,2.));
#2493 = ( GEOMETRIC_REPRESENTATION_CONTEXT(2) 
PARAMETRIC_REPRESENTATION_CONTEXT() REPRESENTATION_CONTEXT('2D SPACE',''
  ) );
#2494 = ORIENTED_EDGE('',*,*,#1380,.F.);
#2495 = ORIENTED_EDGE('',*,*,#2477,.F.);
#2496 = ADVANCED_FACE('',(#2497),#1737,.F.);
#2497 = FACE_BOUND('',#2498,.T.);
#2498 = EDGE_LOOP('',(#2499,#2522,#2549,#2550));
#2499 = ORIENTED_EDGE('',*,*,#2500,.F.);
#2500 = EDGE_CURVE('',#2501,#1721,#2503,.T.);
#2501 = VERTEX_POINT('',#2502);
#2502 = CARTESIAN_POINT('',(-42.3,-22.,7.01));
#2503 = SEAM_CURVE('',#2504,(#2508,#2515),.PCURVE_S1.);
#2504 = LINE('',#2505,#2506);
#2505 = CARTESIAN_POINT('',(-42.3,-22.,7.01));
#2506 = VECTOR('',#2507,1.);
#2507 = DIRECTION('',(0.,0.,1.));
#2508 = PCURVE('',#1737,#2509);
#2509 = DEFINITIONAL_REPRESENTATION('',(#2510),#2514);
#2510 = LINE('',#2511,#2512);
#2511 = CARTESIAN_POINT('',(-6.28318530718,0.));
#2512 = VECTOR('',#2513,1.);
#2513 = DIRECTION('',(-0.,-1.));
#2514 = ( GEOMETRIC_REPRESENTATION_CONTEXT(2) 
PARAMETRIC_REPRESENTATION_CONTEXT() REPRESENTATION_CONTEXT('2D SPACE',''
  ) );
#2515 = PCURVE('',#1737,#2516);
#2516 = DEFINITIONAL_REPRESENTATION('',(#2517),#2521);
#2517 = LINE('',#2518,#2519);
#2518 = CARTESIAN_POINT('',(-0.,0.));
#2519 = VECTOR('',#2520,1.);
#2520 = DIRECTION('',(-0.,-1.));
#2521 = ( GEOMETRIC_REPRESENTATION_CONTEXT(2) 
PARAMETRIC_REPRESENTATION_CONTEXT() REPRESENTATION_CONTEXT('2D SPACE',''
  ) );
#2522 = ORIENTED_EDGE('',*,*,#2523,.F.);
#2523 = EDGE_CURVE('',#2501,#2501,#2524,.T.);
#2524 = SURFACE_CURVE('',#2525,(#2530,#2537),.PCURVE_S1.);
#2525 = CIRCLE('',#2526,1.7);
#2526 = AXIS2_PLACEMENT_3D('',#2527,#2528,#2529);
#2527 = CARTESIAN_POINT('',(-44.,-22.,7.01));
#2528 = DIRECTION('',(0.,0.,1.));
#2529 = DIRECTION('',(1.,0.,0.));
#2530 = PCURVE('',#1737,#2531);
#2531 = DEFINITIONAL_REPRESENTATION('',(#2532),#2536);
#2532 = LINE('',#2533,#2534);
#2533 = CARTESIAN_POINT('',(-0.,0.));
#2534 = VECTOR('',#2535,1.);
#2535 = DIRECTION('',(-1.,0.));
#2536 = ( GEOMETRIC_REPRESENTATION_CONTEXT(2) 
PARAMETRIC_REPRESENTATION_CONTEXT() REPRESENTATION_CONTEXT('2D SPACE',''
  ) );
#2537 = PCURVE('',#2538,#2543);
#2538 = PLANE('',#2539);
#2539 = AXIS2_PLACEMENT_3D('',#2540,#2541,#2542);
#2540 = CARTESIAN_POINT('',(-44.,-22.,7.01));
#2541 = DIRECTION('',(0.,0.,1.));
#2542 = DIRECTION('',(1.,0.,-0.));
#2543 = DEFINITIONAL_REPRESENTATION('',(#2544),#2548);
#2544 = CIRCLE('',#2545,1.7);
#2545 = AXIS2_PLACEMENT_2D('',#2546,#2547);
#2546 = CARTESIAN_POINT('',(0.,0.));
#2547 = DIRECTION('',(1.,0.));
#2548 = ( GEOMETRIC_REPRESENTATION_CONTEXT(2) 
PARAMETRIC_REPRESENTATION_CONTEXT() REPRESENTATION_CONTEXT('2D SPACE',''
  ) );
#2549 = ORIENTED_EDGE('',*,*,#2500,.T.);
#2550 = ORIENTED_EDGE('',*,*,#1720,.T.);
#2551 = ADVANCED_FACE('',(#2552),#1789,.F.);
#2552 = FACE_BOUND('',#2553,.T.);
#2553 = EDGE_LOOP('',(#2554,#2577,#2604,#2605));
#2554 = ORIENTED_EDGE('',*,*,#2555,.F.);
#2555 = EDGE_CURVE('',#2556,#1773,#2558,.T.);
#2556 = VERTEX_POINT('',#2557);
#2557 = CARTESIAN_POINT('',(-20.3,-22.,7.01));
#2558 = SEAM_CURVE('',#2559,(#2563,#2570),.PCURVE_S1.);
#2559 = LINE('',#2560,#2561);
#2560 = CARTESIAN_POINT('',(-20.3,-22.,7.01));
#2561 = VECTOR('',#2562,1.);
#2562 = DIRECTION('',(0.,0.,1.));
#2563 = PCURVE('',#1789,#2564);
#2564 = DEFINITIONAL_REPRESENTATION('',(#2565),#2569);
#2565 = LINE('',#2566,#2567);
#2566 = CARTESIAN_POINT('',(-6.28318530718,0.));
#2567 = VECTOR('',#2568,1.);
#2568 = DIRECTION('',(-0.,-1.));
#2569 = ( GEOMETRIC_REPRESENTATION_CONTEXT(2) 
PARAMETRIC_REPRESENTATION_CONTEXT() REPRESENTATION_CONTEXT('2D SPACE',''
  ) );
#2570 = PCURVE('',#1789,#2571);
#2571 = DEFINITIONAL_REPRESENTATION('',(#2572),#2576);
#2572 = LINE('',#2573,#2574);
#2573 = CARTESIAN_POINT('',(-0.,0.));
#2574 = VECTOR('',#2575,1.);
#2575 = DIRECTION('',(-0.,-1.));
#2576 = ( GEOMETRIC_REPRESENTATION_CONTEXT(2) 
PARAMETRIC_REPRESENTATION_CONTEXT() REPRESENTATION_CONTEXT('2D SPACE',''
  ) );
#2577 = ORIENTED_EDGE('',*,*,#2578,.F.);
#2578 = EDGE_CURVE('',#2556,#2556,#2579,.T.);
#2579 = SURFACE_CURVE('',#2580,(#2585,#2592),.PCURVE_S1.);
#2580 = CIRCLE('',#2581,1.7);
#2581 = AXIS2_PLACEMENT_3D('',#2582,#2583,#2584);
#2582 = CARTESIAN_POINT('',(-22.,-22.,7.01));
#2583 = DIRECTION('',(0.,0.,1.));
#2584 = DIRECTION('',(1.,0.,0.));
#2585 = PCURVE('',#1789,#2586);
#2586 = DEFINITIONAL_REPRESENTATION('',(#2587),#2591);
#2587 = LINE('',#2588,#2589);
#2588 = CARTESIAN_POINT('',(-0.,0.));
#2589 = VECTOR('',#2590,1.);
#2590 = DIRECTION('',(-1.,0.));
#2591 = ( GEOMETRIC_REPRESENTATION_CONTEXT(2) 
PARAMETRIC_REPRESENTATION_CONTEXT() REPRESENTATION_CONTEXT('2D SPACE',''
  ) );
#2592 = PCURVE('',#2593,#2598);
#2593 = PLANE('',#2594);
#2594 = AXIS2_PLACEMENT_3D('',#2595,#2596,#2597);
#2595 = CARTESIAN_POINT('',(-22.,-22.,7.01));
#2596 = DIRECTION('',(0.,0.,1.));
#2597 = DIRECTION('',(1.,0.,-0.));
#2598 = DEFINITIONAL_REPRESENTATION('',(#2599),#2603);
#2599 = CIRCLE('',#2600,1.7);
#2600 = AXIS2_PLACEMENT_2D('',#2601,#2602);
#2601 = CARTESIAN_POINT('',(0.,0.));
#2602 = DIRECTION('',(1.,0.));
#2603 = ( GEOMETRIC_REPRESENTATION_CONTEXT(2) 
PARAMETRIC_REPRESENTATION_CONTEXT() REPRESENTATION_CONTEXT('2D SPACE',''
  ) );
#2604 = ORIENTED_EDGE('',*,*,#2555,.T.);
#2605 = ORIENTED_EDGE('',*,*,#1772,.T.);
#2606 = ADVANCED_FACE('',(#2607),#1841,.F.);
#2607 = FACE_BOUND('',#2608,.T.);
#2608 = EDGE_LOOP('',(#2609,#2632,#2659,#2660));
#2609 = ORIENTED_EDGE('',*,*,#2610,.F.);
#2610 = EDGE_CURVE('',#2611,#1825,#2613,.T.);
#2611 = VERTEX_POINT('',#2612);
#2612 = CARTESIAN_POINT('',(1.7,-22.,7.01));
#2613 = SEAM_CURVE('',#2614,(#2618,#2625),.PCURVE_S1.);
#2614 = LINE('',#2615,#2616);
#2615 = CARTESIAN_POINT('',(1.7,-22.,7.01));
#2616 = VECTOR('',#2617,1.);
#2617 = DIRECTION('',(0.,0.,1.));
#2618 = PCURVE('',#1841,#2619);
#2619 = DEFINITIONAL_REPRESENTATION('',(#2620),#2624);
#2620 = LINE('',#2621,#2622);
#2621 = CARTESIAN_POINT('',(-6.28318530718,0.));
#2622 = VECTOR('',#2623,1.);
#2623 = DIRECTION('',(-0.,-1.));
#2624 = ( GEOMETRIC_REPRESENTATION_CONTEXT(2) 
PARAMETRIC_REPRESENTATION_CONTEXT() REPRESENTATION_CONTEXT('2D SPACE',''
  ) );
#2625 = PCURVE('',#1841,#2626);
#2626 = DEFINITIONAL_REPRESENTATION('',(#2627),#2631);
#2627 = LINE('',#2628,#2629);
#2628 = CARTESIAN_POINT('',(-0.,0.));
#2629 = VECTOR('',#2630,1.);
#2630 = DIRECTION('',(-0.,-1.));
#2631 = ( GEOMETRIC_REPRESENTATION_CONTEXT(2) 
PARAMETRIC_REPRESENTATION_CONTEXT() REPRESENTATION_CONTEXT('2D SPACE',''
  ) );
#2632 = ORIENTED_EDGE('',*,*,#2633,.F.);
#2633 = EDGE_CURVE('',#2611,#2611,#2634,.T.);
#2634 = SURFACE_CURVE('',#2635,(#2640,#2647),.PCURVE_S1.);
#2635 = CIRCLE('',#2636,1.7);
#2636 = AXIS2_PLACEMENT_3D('',#2637,#2638,#2639);
#2637 = CARTESIAN_POINT('',(0.,-22.,7.01));
#2638 = DIRECTION('',(0.,0.,1.));
#2639 = DIRECTION('',(1.,0.,0.));
#2640 = PCURVE('',#1841,#2641);
#2641 = DEFINITIONAL_REPRESENTATION('',(#2642),#2646);
#2642 = LINE('',#2643,#2644);
#2643 = CARTESIAN_POINT('',(-0.,0.));
#2644 = VECTOR('',#2645,1.);
#2645 = DIRECTION('',(-1.,0.));
#2646 = ( GEOMETRIC_REPRESENTATION_CONTEXT(2) 
PARAMETRIC_REPRESENTATION_CONTEXT() REPRESENTATION_CONTEXT('2D SPACE',''
  ) );
#2647 = PCURVE('',#2648,#2653);
#2648 = PLANE('',#2649);
#2649 = AXIS2_PLACEMENT_3D('',#2650,#2651,#2652);
#2650 = CARTESIAN_POINT('',(-5.027353428454E-17,-22.,7.01));
#2651 = DIRECTION('',(0.,0.,1.));
#2652 = DIRECTION('',(1.,0.,-0.));
#2653 = DEFINITIONAL_REPRESENTATION('',(#2654),#2658);
#2654 = CIRCLE('',#2655,1.7);
#2655 = AXIS2_PLACEMENT_2D('',#2656,#2657);
#2656 = CARTESIAN_POINT('',(5.027353428454E-17,0.));
#2657 = DIRECTION('',(1.,0.));
#2658 = ( GEOMETRIC_REPRESENTATION_CONTEXT(2) 
PARAMETRIC_REPRESENTATION_CONTEXT() REPRESENTATION_CONTEXT('2D SPACE',''
  ) );
#2659 = ORIENTED_EDGE('',*,*,#2610,.T.);
#2660 = ORIENTED_EDGE('',*,*,#1824,.T.);
#2661 = ADVANCED_FACE('',(#2662),#1893,.F.);
#2662 = FACE_BOUND('',#2663,.T.);
#2663 = EDGE_LOOP('',(#2664,#2687,#2714,#2715));
#2664 = ORIENTED_EDGE('',*,*,#2665,.F.);
#2665 = EDGE_CURVE('',#2666,#1877,#2668,.T.);
#2666 = VERTEX_POINT('',#2667);
#2667 = CARTESIAN_POINT('',(23.7,-22.,7.01));
#2668 = SEAM_CURVE('',#2669,(#2673,#2680),.PCURVE_S1.);
#2669 = LINE('',#2670,#2671);
#2670 = CARTESIAN_POINT('',(23.7,-22.,7.01));
#2671 = VECTOR('',#2672,1.);
#2672 = DIRECTION('',(0.,0.,1.));
#2673 = PCURVE('',#1893,#2674);
#2674 = DEFINITIONAL_REPRESENTATION('',(#2675),#2679);
#2675 = LINE('',#2676,#2677);
#2676 = CARTESIAN_POINT('',(-6.28318530718,0.));
#2677 = VECTOR('',#2678,1.);
#2678 = DIRECTION('',(-0.,-1.));
#2679 = ( GEOMETRIC_REPRESENTATION_CONTEXT(2) 
PARAMETRIC_REPRESENTATION_CONTEXT() REPRESENTATION_CONTEXT('2D SPACE',''
  ) );
#2680 = PCURVE('',#1893,#2681);
#2681 = DEFINITIONAL_REPRESENTATION('',(#2682),#2686);
#2682 = LINE('',#2683,#2684);
#2683 = CARTESIAN_POINT('',(-0.,0.));
#2684 = VECTOR('',#2685,1.);
#2685 = DIRECTION('',(-0.,-1.));
#2686 = ( GEOMETRIC_REPRESENTATION_CONTEXT(2) 
PARAMETRIC_REPRESENTATION_CONTEXT() REPRESENTATION_CONTEXT('2D SPACE',''
  ) );
#2687 = ORIENTED_EDGE('',*,*,#2688,.F.);
#2688 = EDGE_CURVE('',#2666,#2666,#2689,.T.);
#2689 = SURFACE_CURVE('',#2690,(#2695,#2702),.PCURVE_S1.);
#2690 = CIRCLE('',#2691,1.7);
#2691 = AXIS2_PLACEMENT_3D('',#2692,#2693,#2694);
#2692 = CARTESIAN_POINT('',(22.,-22.,7.01));
#2693 = DIRECTION('',(0.,0.,1.));
#2694 = DIRECTION('',(1.,0.,0.));
#2695 = PCURVE('',#1893,#2696);
#2696 = DEFINITIONAL_REPRESENTATION('',(#2697),#2701);
#2697 = LINE('',#2698,#2699);
#2698 = CARTESIAN_POINT('',(-0.,0.));
#2699 = VECTOR('',#2700,1.);
#2700 = DIRECTION('',(-1.,0.));
#2701 = ( GEOMETRIC_REPRESENTATION_CONTEXT(2) 
PARAMETRIC_REPRESENTATION_CONTEXT() REPRESENTATION_CONTEXT('2D SPACE',''
  ) );
#2702 = PCURVE('',#2703,#2708);
#2703 = PLANE('',#2704);
#2704 = AXIS2_PLACEMENT_3D('',#2705,#2706,#2707);
#2705 = CARTESIAN_POINT('',(22.,-22.,7.01));
#2706 = DIRECTION('',(0.,0.,1.));
#2707 = DIRECTION('',(1.,0.,-0.));
#2708 = DEFINITIONAL_REPRESENTATION('',(#2709),#2713);
#2709 = CIRCLE('',#2710,1.7);
#2710 = AXIS2_PLACEMENT_2D('',#2711,#2712);
#2711 = CARTESIAN_POINT('',(0.,0.));
#2712 = DIRECTION('',(1.,0.));
#2713 = ( GEOMETRIC_REPRESENTATION_CONTEXT(2) 
PARAMETRIC_REPRESENTATION_CONTEXT() REPRESENTATION_CONTEXT('2D SPACE',''
  ) );
#2714 = ORIENTED_EDGE('',*,*,#2665,.T.);
#2715 = ORIENTED_EDGE('',*,*,#1876,.T.);
#2716 = ADVANCED_FACE('',(#2717),#1945,.F.);
#2717 = FACE_BOUND('',#2718,.T.);
#2718 = EDGE_LOOP('',(#2719,#2742,#2769,#2770));
#2719 = ORIENTED_EDGE('',*,*,#2720,.F.);
#2720 = EDGE_CURVE('',#2721,#1929,#2723,.T.);
#2721 = VERTEX_POINT('',#2722);
#2722 = CARTESIAN_POINT('',(45.7,-22.,7.01));
#2723 = SEAM_CURVE('',#2724,(#2728,#2735),.PCURVE_S1.);
#2724 = LINE('',#2725,#2726);
#2725 = CARTESIAN_POINT('',(45.7,-22.,7.01));
#2726 = VECTOR('',#2727,1.);
#2727 = DIRECTION('',(0.,0.,1.));
#2728 = PCURVE('',#1945,#2729);
#2729 = DEFINITIONAL_REPRESENTATION('',(#2730),#2734);
#2730 = LINE('',#2731,#2732);
#2731 = CARTESIAN_POINT('',(-6.28318530718,0.));
#2732 = VECTOR('',#2733,1.);
#2733 = DIRECTION('',(-0.,-1.));
#2734 = ( GEOMETRIC_REPRESENTATION_CONTEXT(2) 
PARAMETRIC_REPRESENTATION_CONTEXT() REPRESENTATION_CONTEXT('2D SPACE',''
  ) );
#2735 = PCURVE('',#1945,#2736);
#2736 = DEFINITIONAL_REPRESENTATION('',(#2737),#2741);
#2737 = LINE('',#2738,#2739);
#2738 = CARTESIAN_POINT('',(-0.,0.));
#2739 = VECTOR('',#2740,1.);
#2740 = DIRECTION('',(-0.,-1.));
#2741 = ( GEOMETRIC_REPRESENTATION_CONTEXT(2) 
PARAMETRIC_REPRESENTATION_CONTEXT() REPRESENTATION_CONTEXT('2D SPACE',''
  ) );
#2742 = ORIENTED_EDGE('',*,*,#2743,.F.);
#2743 = EDGE_CURVE('',#2721,#2721,#2744,.T.);
#2744 = SURFACE_CURVE('',#2745,(#2750,#2757),.PCURVE_S1.);
#2745 = CIRCLE('',#2746,1.7);
#2746 = AXIS2_PLACEMENT_3D('',#2747,#2748,#2749);
#2747 = CARTESIAN_POINT('',(44.,-22.,7.01));
#2748 = DIRECTION('',(0.,0.,1.));
#2749 = DIRECTION('',(1.,0.,0.));
#2750 = PCURVE('',#1945,#2751);
#2751 = DEFINITIONAL_REPRESENTATION('',(#2752),#2756);
#2752 = LINE('',#2753,#2754);
#2753 = CARTESIAN_POINT('',(-0.,0.));
#2754 = VECTOR('',#2755,1.);
#2755 = DIRECTION('',(-1.,0.));
#2756 = ( GEOMETRIC_REPRESENTATION_CONTEXT(2) 
PARAMETRIC_REPRESENTATION_CONTEXT() REPRESENTATION_CONTEXT('2D SPACE',''
  ) );
#2757 = PCURVE('',#2758,#2763);
#2758 = PLANE('',#2759);
#2759 = AXIS2_PLACEMENT_3D('',#2760,#2761,#2762);
#2760 = CARTESIAN_POINT('',(44.,-22.,7.01));
#2761 = DIRECTION('',(0.,0.,1.));
#2762 = DIRECTION('',(1.,0.,-0.));
#2763 = DEFINITIONAL_REPRESENTATION('',(#2764),#2768);
#2764 = CIRCLE('',#2765,1.7);
#2765 = AXIS2_PLACEMENT_2D('',#2766,#2767);
#2766 = CARTESIAN_POINT('',(0.,0.));
#2767 = DIRECTION('',(1.,0.));
#2768 = ( GEOMETRIC_REPRESENTATION_CONTEXT(2) 
PARAMETRIC_REPRESENTATION_CONTEXT() REPRESENTATION_CONTEXT('2D SPACE',''
  ) );
#2769 = ORIENTED_EDGE('',*,*,#2720,.T.);
#2770 = ORIENTED_EDGE('',*,*,#1928,.T.);
#2771 = ADVANCED_FACE('',(#2772),#1997,.F.);
#2772 = FACE_BOUND('',#2773,.T.);
#2773 = EDGE_LOOP('',(#2774,#2797,#2824,#2825));
#2774 = ORIENTED_EDGE('',*,*,#2775,.F.);
#2775 = EDGE_CURVE('',#2776,#1981,#2778,.T.);
#2776 = VERTEX_POINT('',#2777);
#2777 = CARTESIAN_POINT('',(-42.3,0.,7.01));
#2778 = SEAM_CURVE('',#2779,(#2783,#2790),.PCURVE_S1.);
#2779 = LINE('',#2780,#2781);
#2780 = CARTESIAN_POINT('',(-42.3,0.,7.01));
#2781 = VECTOR('',#2782,1.);
#2782 = DIRECTION('',(0.,0.,1.));
#2783 = PCURVE('',#1997,#2784);
#2784 = DEFINITIONAL_REPRESENTATION('',(#2785),#2789);
#2785 = LINE('',#2786,#2787);
#2786 = CARTESIAN_POINT('',(-6.28318530718,0.));
#2787 = VECTOR('',#2788,1.);
#2788 = DIRECTION('',(-0.,-1.));
#2789 = ( GEOMETRIC_REPRESENTATION_CONTEXT(2) 
PARAMETRIC_REPRESENTATION_CONTEXT() REPRESENTATION_CONTEXT('2D SPACE',''
  ) );
#2790 = PCURVE('',#1997,#2791);
#2791 = DEFINITIONAL_REPRESENTATION('',(#2792),#2796);
#2792 = LINE('',#2793,#2794);
#2793 = CARTESIAN_POINT('',(-0.,0.));
#2794 = VECTOR('',#2795,1.);
#2795 = DIRECTION('',(-0.,-1.));
#2796 = ( GEOMETRIC_REPRESENTATION_CONTEXT(2) 
PARAMETRIC_REPRESENTATION_CONTEXT() REPRESENTATION_CONTEXT('2D SPACE',''
  ) );
#2797 = ORIENTED_EDGE('',*,*,#2798,.F.);
#2798 = EDGE_CURVE('',#2776,#2776,#2799,.T.);
#2799 = SURFACE_CURVE('',#2800,(#2805,#2812),.PCURVE_S1.);
#2800 = CIRCLE('',#2801,1.7);
#2801 = AXIS2_PLACEMENT_3D('',#2802,#2803,#2804);
#2802 = CARTESIAN_POINT('',(-44.,0.,7.01));
#2803 = DIRECTION('',(0.,0.,1.));
#2804 = DIRECTION('',(1.,0.,0.));
#2805 = PCURVE('',#1997,#2806);
#2806 = DEFINITIONAL_REPRESENTATION('',(#2807),#2811);
#2807 = LINE('',#2808,#2809);
#2808 = CARTESIAN_POINT('',(-0.,0.));
#2809 = VECTOR('',#2810,1.);
#2810 = DIRECTION('',(-1.,0.));
#2811 = ( GEOMETRIC_REPRESENTATION_CONTEXT(2) 
PARAMETRIC_REPRESENTATION_CONTEXT() REPRESENTATION_CONTEXT('2D SPACE',''
  ) );
#2812 = PCURVE('',#2813,#2818);
#2813 = PLANE('',#2814);
#2814 = AXIS2_PLACEMENT_3D('',#2815,#2816,#2817);
#2815 = CARTESIAN_POINT('',(-44.,1.316974851865E-16,7.01));
#2816 = DIRECTION('',(0.,0.,1.));
#2817 = DIRECTION('',(1.,0.,-0.));
#2818 = DEFINITIONAL_REPRESENTATION('',(#2819),#2823);
#2819 = CIRCLE('',#2820,1.7);
#2820 = AXIS2_PLACEMENT_2D('',#2821,#2822);
#2821 = CARTESIAN_POINT('',(0.,-1.316974851865E-16));
#2822 = DIRECTION('',(1.,0.));
#2823 = ( GEOMETRIC_REPRESENTATION_CONTEXT(2) 
PARAMETRIC_REPRESENTATION_CONTEXT() REPRESENTATION_CONTEXT('2D SPACE',''
  ) );
#2824 = ORIENTED_EDGE('',*,*,#2775,.T.);
#2825 = ORIENTED_EDGE('',*,*,#1980,.T.);
#2826 = ADVANCED_FACE('',(#2827),#2049,.F.);
#2827 = FACE_BOUND('',#2828,.T.);
#2828 = EDGE_LOOP('',(#2829,#2852,#2879,#2880));
#2829 = ORIENTED_EDGE('',*,*,#2830,.F.);
#2830 = EDGE_CURVE('',#2831,#2033,#2833,.T.);
#2831 = VERTEX_POINT('',#2832);
#2832 = CARTESIAN_POINT('',(-20.3,0.,7.01));
#2833 = SEAM_CURVE('',#2834,(#2838,#2845),.PCURVE_S1.);
#2834 = LINE('',#2835,#2836);
#2835 = CARTESIAN_POINT('',(-20.3,0.,7.01));
#2836 = VECTOR('',#2837,1.);
#2837 = DIRECTION('',(0.,0.,1.));
#2838 = PCURVE('',#2049,#2839);
#2839 = DEFINITIONAL_REPRESENTATION('',(#2840),#2844);
#2840 = LINE('',#2841,#2842);
#2841 = CARTESIAN_POINT('',(-6.28318530718,0.));
#2842 = VECTOR('',#2843,1.);
#2843 = DIRECTION('',(-0.,-1.));
#2844 = ( GEOMETRIC_REPRESENTATION_CONTEXT(2) 
PARAMETRIC_REPRESENTATION_CONTEXT() REPRESENTATION_CONTEXT('2D SPACE',''
  ) );
#2845 = PCURVE('',#2049,#2846);
#2846 = DEFINITIONAL_REPRESENTATION('',(#2847),#2851);
#2847 = LINE('',#2848,#2849);
#2848 = CARTESIAN_POINT('',(-0.,0.));
#2849 = VECTOR('',#2850,1.);
#2850 = DIRECTION('',(-0.,-1.));
#2851 = ( GEOMETRIC_REPRESENTATION_CONTEXT(2) 
PARAMETRIC_REPRESENTATION_CONTEXT() REPRESENTATION_CONTEXT('2D SPACE',''
  ) );
#2852 = ORIENTED_EDGE('',*,*,#2853,.F.);
#2853 = EDGE_CURVE('',#2831,#2831,#2854,.T.);
#2854 = SURFACE_CURVE('',#2855,(#2860,#2867),.PCURVE_S1.);
#2855 = CIRCLE('',#2856,1.7);
#2856 = AXIS2_PLACEMENT_3D('',#2857,#2858,#2859);
#2857 = CARTESIAN_POINT('',(-22.,0.,7.01));
#2858 = DIRECTION('',(0.,0.,1.));
#2859 = DIRECTION('',(1.,0.,0.));
#2860 = PCURVE('',#2049,#2861);
#2861 = DEFINITIONAL_REPRESENTATION('',(#2862),#2866);
#2862 = LINE('',#2863,#2864);
#2863 = CARTESIAN_POINT('',(-0.,0.));
#2864 = VECTOR('',#2865,1.);
#2865 = DIRECTION('',(-1.,0.));
#2866 = ( GEOMETRIC_REPRESENTATION_CONTEXT(2) 
PARAMETRIC_REPRESENTATION_CONTEXT() REPRESENTATION_CONTEXT('2D SPACE',''
  ) );
#2867 = PCURVE('',#2868,#2873);
#2868 = PLANE('',#2869);
#2869 = AXIS2_PLACEMENT_3D('',#2870,#2871,#2872);
#2870 = CARTESIAN_POINT('',(-22.,1.316974851865E-16,7.01));
#2871 = DIRECTION('',(0.,0.,1.));
#2872 = DIRECTION('',(1.,0.,-0.));
#2873 = DEFINITIONAL_REPRESENTATION('',(#2874),#2878);
#2874 = CIRCLE('',#2875,1.7);
#2875 = AXIS2_PLACEMENT_2D('',#2876,#2877);
#2876 = CARTESIAN_POINT('',(0.,-1.316974851865E-16));
#2877 = DIRECTION('',(1.,0.));
#2878 = ( GEOMETRIC_REPRESENTATION_CONTEXT(2) 
PARAMETRIC_REPRESENTATION_CONTEXT() REPRESENTATION_CONTEXT('2D SPACE',''
  ) );
#2879 = ORIENTED_EDGE('',*,*,#2830,.T.);
#2880 = ORIENTED_EDGE('',*,*,#2032,.T.);
#2881 = ADVANCED_FACE('',(#2882),#2101,.F.);
#2882 = FACE_BOUND('',#2883,.T.);
#2883 = EDGE_LOOP('',(#2884,#2907,#2934,#2935));
#2884 = ORIENTED_EDGE('',*,*,#2885,.F.);
#2885 = EDGE_CURVE('',#2886,#2085,#2888,.T.);
#2886 = VERTEX_POINT('',#2887);
#2887 = CARTESIAN_POINT('',(-42.3,22.,7.01));
#2888 = SEAM_CURVE('',#2889,(#2893,#2900),.PCURVE_S1.);
#2889 = LINE('',#2890,#2891);
#2890 = CARTESIAN_POINT('',(-42.3,22.,7.01));
#2891 = VECTOR('',#2892,1.);
#2892 = DIRECTION('',(0.,0.,1.));
#2893 = PCURVE('',#2101,#2894);
#2894 = DEFINITIONAL_REPRESENTATION('',(#2895),#2899);
#2895 = LINE('',#2896,#2897);
#2896 = CARTESIAN_POINT('',(-6.28318530718,0.));
#2897 = VECTOR('',#2898,1.);
#2898 = DIRECTION('',(-0.,-1.));
#2899 = ( GEOMETRIC_REPRESENTATION_CONTEXT(2) 
PARAMETRIC_REPRESENTATION_CONTEXT() REPRESENTATION_CONTEXT('2D SPACE',''
  ) );
#2900 = PCURVE('',#2101,#2901);
#2901 = DEFINITIONAL_REPRESENTATION('',(#2902),#2906);
#2902 = LINE('',#2903,#2904);
#2903 = CARTESIAN_POINT('',(-0.,0.));
#2904 = VECTOR('',#2905,1.);
#2905 = DIRECTION('',(-0.,-1.));
#2906 = ( GEOMETRIC_REPRESENTATION_CONTEXT(2) 
PARAMETRIC_REPRESENTATION_CONTEXT() REPRESENTATION_CONTEXT('2D SPACE',''
  ) );
#2907 = ORIENTED_EDGE('',*,*,#2908,.F.);
#2908 = EDGE_CURVE('',#2886,#2886,#2909,.T.);
#2909 = SURFACE_CURVE('',#2910,(#2915,#2922),.PCURVE_S1.);
#2910 = CIRCLE('',#2911,1.7);
#2911 = AXIS2_PLACEMENT_3D('',#2912,#2913,#2914);
#2912 = CARTESIAN_POINT('',(-44.,22.,7.01));
#2913 = DIRECTION('',(0.,0.,1.));
#2914 = DIRECTION('',(1.,0.,0.));
#2915 = PCURVE('',#2101,#2916);
#2916 = DEFINITIONAL_REPRESENTATION('',(#2917),#2921);
#2917 = LINE('',#2918,#2919);
#2918 = CARTESIAN_POINT('',(-0.,0.));
#2919 = VECTOR('',#2920,1.);
#2920 = DIRECTION('',(-1.,0.));
#2921 = ( GEOMETRIC_REPRESENTATION_CONTEXT(2) 
PARAMETRIC_REPRESENTATION_CONTEXT() REPRESENTATION_CONTEXT('2D SPACE',''
  ) );
#2922 = PCURVE('',#2923,#2928);
#2923 = PLANE('',#2924);
#2924 = AXIS2_PLACEMENT_3D('',#2925,#2926,#2927);
#2925 = CARTESIAN_POINT('',(-44.,22.,7.01));
#2926 = DIRECTION('',(0.,0.,1.));
#2927 = DIRECTION('',(1.,0.,-0.));
#2928 = DEFINITIONAL_REPRESENTATION('',(#2929),#2933);
#2929 = CIRCLE('',#2930,1.7);
#2930 = AXIS2_PLACEMENT_2D('',#2931,#2932);
#2931 = CARTESIAN_POINT('',(0.,0.));
#2932 = DIRECTION('',(1.,0.));
#2933 = ( GEOMETRIC_REPRESENTATION_CONTEXT(2) 
PARAMETRIC_REPRESENTATION_CONTEXT() REPRESENTATION_CONTEXT('2D SPACE',''
  ) );
#2934 = ORIENTED_EDGE('',*,*,#2885,.T.);
#2935 = ORIENTED_EDGE('',*,*,#2084,.T.);
#2936 = ADVANCED_FACE('',(#2937),#2153,.F.);
#2937 = FACE_BOUND('',#2938,.T.);
#2938 = EDGE_LOOP('',(#2939,#2962,#2989,#2990));
#2939 = ORIENTED_EDGE('',*,*,#2940,.F.);
#2940 = EDGE_CURVE('',#2941,#2137,#2943,.T.);
#2941 = VERTEX_POINT('',#2942);
#2942 = CARTESIAN_POINT('',(-20.3,22.,7.01));
#2943 = SEAM_CURVE('',#2944,(#2948,#2955),.PCURVE_S1.);
#2944 = LINE('',#2945,#2946);
#2945 = CARTESIAN_POINT('',(-20.3,22.,7.01));
#2946 = VECTOR('',#2947,1.);
#2947 = DIRECTION('',(0.,0.,1.));
#2948 = PCURVE('',#2153,#2949);
#2949 = DEFINITIONAL_REPRESENTATION('',(#2950),#2954);
#2950 = LINE('',#2951,#2952);
#2951 = CARTESIAN_POINT('',(-6.28318530718,0.));
#2952 = VECTOR('',#2953,1.);
#2953 = DIRECTION('',(-0.,-1.));
#2954 = ( GEOMETRIC_REPRESENTATION_CONTEXT(2) 
PARAMETRIC_REPRESENTATION_CONTEXT() REPRESENTATION_CONTEXT('2D SPACE',''
  ) );
#2955 = PCURVE('',#2153,#2956);
#2956 = DEFINITIONAL_REPRESENTATION('',(#2957),#2961);
#2957 = LINE('',#2958,#2959);
#2958 = CARTESIAN_POINT('',(-0.,0.));
#2959 = VECTOR('',#2960,1.);
#2960 = DIRECTION('',(-0.,-1.));
#2961 = ( GEOMETRIC_REPRESENTATION_CONTEXT(2) 
PARAMETRIC_REPRESENTATION_CONTEXT() REPRESENTATION_CONTEXT('2D SPACE',''
  ) );
#2962 = ORIENTED_EDGE('',*,*,#2963,.F.);
#2963 = EDGE_CURVE('',#2941,#2941,#2964,.T.);
#2964 = SURFACE_CURVE('',#2965,(#2970,#2977),.PCURVE_S1.);
#2965 = CIRCLE('',#2966,1.7);
#2966 = AXIS2_PLACEMENT_3D('',#2967,#2968,#2969);
#2967 = CARTESIAN_POINT('',(-22.,22.,7.01));
#2968 = DIRECTION('',(0.,0.,1.));
#2969 = DIRECTION('',(1.,0.,0.));
#2970 = PCURVE('',#2153,#2971);
#2971 = DEFINITIONAL_REPRESENTATION('',(#2972),#2976);
#2972 = LINE('',#2973,#2974);
#2973 = CARTESIAN_POINT('',(-0.,0.));
#2974 = VECTOR('',#2975,1.);
#2975 = DIRECTION('',(-1.,0.));
#2976 = ( GEOMETRIC_REPRESENTATION_CONTEXT(2) 
PARAMETRIC_REPRESENTATION_CONTEXT() REPRESENTATION_CONTEXT('2D SPACE',''
  ) );
#2977 = PCURVE('',#2978,#2983);
#2978 = PLANE('',#2979);
#2979 = AXIS2_PLACEMENT_3D('',#2980,#2981,#2982);
#2980 = CARTESIAN_POINT('',(-22.,22.,7.01));
#2981 = DIRECTION('',(0.,0.,1.));
#2982 = DIRECTION('',(1.,0.,-0.));
#2983 = DEFINITIONAL_REPRESENTATION('',(#2984),#2988);
#2984 = CIRCLE('',#2985,1.7);
#2985 = AXIS2_PLACEMENT_2D('',#2986,#2987);
#2986 = CARTESIAN_POINT('',(0.,0.));
#2987 = DIRECTION('',(1.,0.));
#2988 = ( GEOMETRIC_REPRESENTATION_CONTEXT(2) 
PARAMETRIC_REPRESENTATION_CONTEXT() REPRESENTATION_CONTEXT('2D SPACE',''
  ) );
#2989 = ORIENTED_EDGE('',*,*,#2940,.T.);
#2990 = ORIENTED_EDGE('',*,*,#2136,.T.);
#2991 = ADVANCED_FACE('',(#2992),#2205,.F.);
#2992 = FACE_BOUND('',#2993,.T.);
#2993 = EDGE_LOOP('',(#2994,#3017,#3044,#3045));
#2994 = ORIENTED_EDGE('',*,*,#2995,.F.);
#2995 = EDGE_CURVE('',#2996,#2189,#2998,.T.);
#2996 = VERTEX_POINT('',#2997);
#2997 = CARTESIAN_POINT('',(1.7,0.,7.01));
#2998 = SEAM_CURVE('',#2999,(#3003,#3010),.PCURVE_S1.);
#2999 = LINE('',#3000,#3001);
#3000 = CARTESIAN_POINT('',(1.7,0.,7.01));
#3001 = VECTOR('',#3002,1.);
#3002 = DIRECTION('',(0.,0.,1.));
#3003 = PCURVE('',#2205,#3004);
#3004 = DEFINITIONAL_REPRESENTATION('',(#3005),#3009);
#3005 = LINE('',#3006,#3007);
#3006 = CARTESIAN_POINT('',(-6.28318530718,0.));
#3007 = VECTOR('',#3008,1.);
#3008 = DIRECTION('',(-0.,-1.));
#3009 = ( GEOMETRIC_REPRESENTATION_CONTEXT(2) 
PARAMETRIC_REPRESENTATION_CONTEXT() REPRESENTATION_CONTEXT('2D SPACE',''
  ) );
#3010 = PCURVE('',#2205,#3011);
#3011 = DEFINITIONAL_REPRESENTATION('',(#3012),#3016);
#3012 = LINE('',#3013,#3014);
#3013 = CARTESIAN_POINT('',(-0.,0.));
#3014 = VECTOR('',#3015,1.);
#3015 = DIRECTION('',(-0.,-1.));
#3016 = ( GEOMETRIC_REPRESENTATION_CONTEXT(2) 
PARAMETRIC_REPRESENTATION_CONTEXT() REPRESENTATION_CONTEXT('2D SPACE',''
  ) );
#3017 = ORIENTED_EDGE('',*,*,#3018,.F.);
#3018 = EDGE_CURVE('',#2996,#2996,#3019,.T.);
#3019 = SURFACE_CURVE('',#3020,(#3025,#3032),.PCURVE_S1.);
#3020 = CIRCLE('',#3021,1.7);
#3021 = AXIS2_PLACEMENT_3D('',#3022,#3023,#3024);
#3022 = CARTESIAN_POINT('',(0.,0.,7.01));
#3023 = DIRECTION('',(0.,0.,1.));
#3024 = DIRECTION('',(1.,0.,0.));
#3025 = PCURVE('',#2205,#3026);
#3026 = DEFINITIONAL_REPRESENTATION('',(#3027),#3031);
#3027 = LINE('',#3028,#3029);
#3028 = CARTESIAN_POINT('',(-0.,0.));
#3029 = VECTOR('',#3030,1.);
#3030 = DIRECTION('',(-1.,0.));
#3031 = ( GEOMETRIC_REPRESENTATION_CONTEXT(2) 
PARAMETRIC_REPRESENTATION_CONTEXT() REPRESENTATION_CONTEXT('2D SPACE',''
  ) );
#3032 = PCURVE('',#3033,#3038);
#3033 = PLANE('',#3034);
#3034 = AXIS2_PLACEMENT_3D('',#3035,#3036,#3037);
#3035 = CARTESIAN_POINT('',(-5.027353428454E-17,1.316974851865E-16,7.01)
  );
#3036 = DIRECTION('',(0.,0.,1.));
#3037 = DIRECTION('',(1.,0.,-0.));
#3038 = DEFINITIONAL_REPRESENTATION('',(#3039),#3043);
#3039 = CIRCLE('',#3040,1.7);
#3040 = AXIS2_PLACEMENT_2D('',#3041,#3042);
#3041 = CARTESIAN_POINT('',(5.027353428454E-17,-1.316974851865E-16));
#3042 = DIRECTION('',(1.,0.));
#3043 = ( GEOMETRIC_REPRESENTATION_CONTEXT(2) 
PARAMETRIC_REPRESENTATION_CONTEXT() REPRESENTATION_CONTEXT('2D SPACE',''
  ) );
#3044 = ORIENTED_EDGE('',*,*,#2995,.T.);
#3045 = ORIENTED_EDGE('',*,*,#2188,.T.);
#3046 = ADVANCED_FACE('',(#3047),#2257,.F.);
#3047 = FACE_BOUND('',#3048,.T.);
#3048 = EDGE_LOOP('',(#3049,#3072,#3099,#3100));
#3049 = ORIENTED_EDGE('',*,*,#3050,.F.);
#3050 = EDGE_CURVE('',#3051,#2241,#3053,.T.);
#3051 = VERTEX_POINT('',#3052);
#3052 = CARTESIAN_POINT('',(23.7,0.,7.01));
#3053 = SEAM_CURVE('',#3054,(#3058,#3065),.PCURVE_S1.);
#3054 = LINE('',#3055,#3056);
#3055 = CARTESIAN_POINT('',(23.7,0.,7.01));
#3056 = VECTOR('',#3057,1.);
#3057 = DIRECTION('',(0.,0.,1.));
#3058 = PCURVE('',#2257,#3059);
#3059 = DEFINITIONAL_REPRESENTATION('',(#3060),#3064);
#3060 = LINE('',#3061,#3062);
#3061 = CARTESIAN_POINT('',(-6.28318530718,0.));
#3062 = VECTOR('',#3063,1.);
#3063 = DIRECTION('',(-0.,-1.));
#3064 = ( GEOMETRIC_REPRESENTATION_CONTEXT(2) 
PARAMETRIC_REPRESENTATION_CONTEXT() REPRESENTATION_CONTEXT('2D SPACE',''
  ) );
#3065 = PCURVE('',#2257,#3066);
#3066 = DEFINITIONAL_REPRESENTATION('',(#3067),#3071);
#3067 = LINE('',#3068,#3069);
#3068 = CARTESIAN_POINT('',(-0.,0.));
#3069 = VECTOR('',#3070,1.);
#3070 = DIRECTION('',(-0.,-1.));
#3071 = ( GEOMETRIC_REPRESENTATION_CONTEXT(2) 
PARAMETRIC_REPRESENTATION_CONTEXT() REPRESENTATION_CONTEXT('2D SPACE',''
  ) );
#3072 = ORIENTED_EDGE('',*,*,#3073,.F.);
#3073 = EDGE_CURVE('',#3051,#3051,#3074,.T.);
#3074 = SURFACE_CURVE('',#3075,(#3080,#3087),.PCURVE_S1.);
#3075 = CIRCLE('',#3076,1.7);
#3076 = AXIS2_PLACEMENT_3D('',#3077,#3078,#3079);
#3077 = CARTESIAN_POINT('',(22.,0.,7.01));
#3078 = DIRECTION('',(0.,0.,1.));
#3079 = DIRECTION('',(1.,0.,0.));
#3080 = PCURVE('',#2257,#3081);
#3081 = DEFINITIONAL_REPRESENTATION('',(#3082),#3086);
#3082 = LINE('',#3083,#3084);
#3083 = CARTESIAN_POINT('',(-0.,0.));
#3084 = VECTOR('',#3085,1.);
#3085 = DIRECTION('',(-1.,0.));
#3086 = ( GEOMETRIC_REPRESENTATION_CONTEXT(2) 
PARAMETRIC_REPRESENTATION_CONTEXT() REPRESENTATION_CONTEXT('2D SPACE',''
  ) );
#3087 = PCURVE('',#3088,#3093);
#3088 = PLANE('',#3089);
#3089 = AXIS2_PLACEMENT_3D('',#3090,#3091,#3092);
#3090 = CARTESIAN_POINT('',(22.,1.316974851865E-16,7.01));
#3091 = DIRECTION('',(0.,0.,1.));
#3092 = DIRECTION('',(1.,0.,-0.));
#3093 = DEFINITIONAL_REPRESENTATION('',(#3094),#3098);
#3094 = CIRCLE('',#3095,1.7);
#3095 = AXIS2_PLACEMENT_2D('',#3096,#3097);
#3096 = CARTESIAN_POINT('',(0.,-1.316974851865E-16));
#3097 = DIRECTION('',(1.,0.));
#3098 = ( GEOMETRIC_REPRESENTATION_CONTEXT(2) 
PARAMETRIC_REPRESENTATION_CONTEXT() REPRESENTATION_CONTEXT('2D SPACE',''
  ) );
#3099 = ORIENTED_EDGE('',*,*,#3050,.T.);
#3100 = ORIENTED_EDGE('',*,*,#2240,.T.);
#3101 = ADVANCED_FACE('',(#3102),#2309,.F.);
#3102 = FACE_BOUND('',#3103,.T.);
#3103 = EDGE_LOOP('',(#3104,#3127,#3154,#3155));
#3104 = ORIENTED_EDGE('',*,*,#3105,.F.);
#3105 = EDGE_CURVE('',#3106,#2293,#3108,.T.);
#3106 = VERTEX_POINT('',#3107);
#3107 = CARTESIAN_POINT('',(45.7,0.,7.01));
#3108 = SEAM_CURVE('',#3109,(#3113,#3120),.PCURVE_S1.);
#3109 = LINE('',#3110,#3111);
#3110 = CARTESIAN_POINT('',(45.7,0.,7.01));
#3111 = VECTOR('',#3112,1.);
#3112 = DIRECTION('',(0.,0.,1.));
#3113 = PCURVE('',#2309,#3114);
#3114 = DEFINITIONAL_REPRESENTATION('',(#3115),#3119);
#3115 = LINE('',#3116,#3117);
#3116 = CARTESIAN_POINT('',(-6.28318530718,0.));
#3117 = VECTOR('',#3118,1.);
#3118 = DIRECTION('',(-0.,-1.));
#3119 = ( GEOMETRIC_REPRESENTATION_CONTEXT(2) 
PARAMETRIC_REPRESENTATION_CONTEXT() REPRESENTATION_CONTEXT('2D SPACE',''
  ) );
#3120 = PCURVE('',#2309,#3121);
#3121 = DEFINITIONAL_REPRESENTATION('',(#3122),#3126);
#3122 = LINE('',#3123,#3124);
#3123 = CARTESIAN_POINT('',(-0.,0.));
#3124 = VECTOR('',#3125,1.);
#3125 = DIRECTION('',(-0.,-1.));
#3126 = ( GEOMETRIC_REPRESENTATION_CONTEXT(2) 
PARAMETRIC_REPRESENTATION_CONTEXT() REPRESENTATION_CONTEXT('2D SPACE',''
  ) );
#3127 = ORIENTED_EDGE('',*,*,#3128,.F.);
#3128 = EDGE_CURVE('',#3106,#3106,#3129,.T.);
#3129 = SURFACE_CURVE('',#3130,(#3135,#3142),.PCURVE_S1.);
#3130 = CIRCLE('',#3131,1.7);
#3131 = AXIS2_PLACEMENT_3D('',#3132,#3133,#3134);
#3132 = CARTESIAN_POINT('',(44.,0.,7.01));
#3133 = DIRECTION('',(0.,0.,1.));
#3134 = DIRECTION('',(1.,0.,0.));
#3135 = PCURVE('',#2309,#3136);
#3136 = DEFINITIONAL_REPRESENTATION('',(#3137),#3141);
#3137 = LINE('',#3138,#3139);
#3138 = CARTESIAN_POINT('',(-0.,0.));
#3139 = VECTOR('',#3140,1.);
#3140 = DIRECTION('',(-1.,0.));
#3141 = ( GEOMETRIC_REPRESENTATION_CONTEXT(2) 
PARAMETRIC_REPRESENTATION_CONTEXT() REPRESENTATION_CONTEXT('2D SPACE',''
  ) );
#3142 = PCURVE('',#3143,#3148);
#3143 = PLANE('',#3144);
#3144 = AXIS2_PLACEMENT_3D('',#3145,#3146,#3147);
#3145 = CARTESIAN_POINT('',(44.,1.316974851865E-16,7.01));
#3146 = DIRECTION('',(0.,0.,1.));
#3147 = DIRECTION('',(1.,0.,-0.));
#3148 = DEFINITIONAL_REPRESENTATION('',(#3149),#3153);
#3149 = CIRCLE('',#3150,1.7);
#3150 = AXIS2_PLACEMENT_2D('',#3151,#3152);
#3151 = CARTESIAN_POINT('',(0.,-1.316974851865E-16));
#3152 = DIRECTION('',(1.,0.));
#3153 = ( GEOMETRIC_REPRESENTATION_CONTEXT(2) 
PARAMETRIC_REPRESENTATION_CONTEXT() REPRESENTATION_CONTEXT('2D SPACE',''
  ) );
#3154 = ORIENTED_EDGE('',*,*,#3105,.T.);
#3155 = ORIENTED_EDGE('',*,*,#2292,.T.);
#3156 = ADVANCED_FACE('',(#3157),#2361,.F.);
#3157 = FACE_BOUND('',#3158,.T.);
#3158 = EDGE_LOOP('',(#3159,#3182,#3209,#3210));
#3159 = ORIENTED_EDGE('',*,*,#3160,.F.);
#3160 = EDGE_CURVE('',#3161,#2345,#3163,.T.);
#3161 = VERTEX_POINT('',#3162);
#3162 = CARTESIAN_POINT('',(1.7,22.,7.01));
#3163 = SEAM_CURVE('',#3164,(#3168,#3175),.PCURVE_S1.);
#3164 = LINE('',#3165,#3166);
#3165 = CARTESIAN_POINT('',(1.7,22.,7.01));
#3166 = VECTOR('',#3167,1.);
#3167 = DIRECTION('',(0.,0.,1.));
#3168 = PCURVE('',#2361,#3169);
#3169 = DEFINITIONAL_REPRESENTATION('',(#3170),#3174);
#3170 = LINE('',#3171,#3172);
#3171 = CARTESIAN_POINT('',(-6.28318530718,0.));
#3172 = VECTOR('',#3173,1.);
#3173 = DIRECTION('',(-0.,-1.));
#3174 = ( GEOMETRIC_REPRESENTATION_CONTEXT(2) 
PARAMETRIC_REPRESENTATION_CONTEXT() REPRESENTATION_CONTEXT('2D SPACE',''
  ) );
#3175 = PCURVE('',#2361,#3176);
#3176 = DEFINITIONAL_REPRESENTATION('',(#3177),#3181);
#3177 = LINE('',#3178,#3179);
#3178 = CARTESIAN_POINT('',(-0.,0.));
#3179 = VECTOR('',#3180,1.);
#3180 = DIRECTION('',(-0.,-1.));
#3181 = ( GEOMETRIC_REPRESENTATION_CONTEXT(2) 
PARAMETRIC_REPRESENTATION_CONTEXT() REPRESENTATION_CONTEXT('2D SPACE',''
  ) );
#3182 = ORIENTED_EDGE('',*,*,#3183,.F.);
#3183 = EDGE_CURVE('',#3161,#3161,#3184,.T.);
#3184 = SURFACE_CURVE('',#3185,(#3190,#3197),.PCURVE_S1.);
#3185 = CIRCLE('',#3186,1.7);
#3186 = AXIS2_PLACEMENT_3D('',#3187,#3188,#3189);
#3187 = CARTESIAN_POINT('',(0.,22.,7.01));
#3188 = DIRECTION('',(0.,0.,1.));
#3189 = DIRECTION('',(1.,0.,0.));
#3190 = PCURVE('',#2361,#3191);
#3191 = DEFINITIONAL_REPRESENTATION('',(#3192),#3196);
#3192 = LINE('',#3193,#3194);
#3193 = CARTESIAN_POINT('',(-0.,0.));
#3194 = VECTOR('',#3195,1.);
#3195 = DIRECTION('',(-1.,0.));
#3196 = ( GEOMETRIC_REPRESENTATION_CONTEXT(2) 
PARAMETRIC_REPRESENTATION_CONTEXT() REPRESENTATION_CONTEXT('2D SPACE',''
  ) );
#3197 = PCURVE('',#3198,#3203);
#3198 = PLANE('',#3199);
#3199 = AXIS2_PLACEMENT_3D('',#3200,#3201,#3202);
#3200 = CARTESIAN_POINT('',(-5.027353428454E-17,22.,7.01));
#3201 = DIRECTION('',(0.,0.,1.));
#3202 = DIRECTION('',(1.,0.,-0.));
#3203 = DEFINITIONAL_REPRESENTATION('',(#3204),#3208);
#3204 = CIRCLE('',#3205,1.7);
#3205 = AXIS2_PLACEMENT_2D('',#3206,#3207);
#3206 = CARTESIAN_POINT('',(5.027353428454E-17,0.));
#3207 = DIRECTION('',(1.,0.));
#3208 = ( GEOMETRIC_REPRESENTATION_CONTEXT(2) 
PARAMETRIC_REPRESENTATION_CONTEXT() REPRESENTATION_CONTEXT('2D SPACE',''
  ) );
#3209 = ORIENTED_EDGE('',*,*,#3160,.T.);
#3210 = ORIENTED_EDGE('',*,*,#2344,.T.);
#3211 = ADVANCED_FACE('',(#3212),#2413,.F.);
#3212 = FACE_BOUND('',#3213,.T.);
#3213 = EDGE_LOOP('',(#3214,#3237,#3264,#3265));
#3214 = ORIENTED_EDGE('',*,*,#3215,.F.);
#3215 = EDGE_CURVE('',#3216,#2397,#3218,.T.);
#3216 = VERTEX_POINT('',#3217);
#3217 = CARTESIAN_POINT('',(23.7,22.,7.01));
#3218 = SEAM_CURVE('',#3219,(#3223,#3230),.PCURVE_S1.);
#3219 = LINE('',#3220,#3221);
#3220 = CARTESIAN_POINT('',(23.7,22.,7.01));
#3221 = VECTOR('',#3222,1.);
#3222 = DIRECTION('',(0.,0.,1.));
#3223 = PCURVE('',#2413,#3224);
#3224 = DEFINITIONAL_REPRESENTATION('',(#3225),#3229);
#3225 = LINE('',#3226,#3227);
#3226 = CARTESIAN_POINT('',(-6.28318530718,0.));
#3227 = VECTOR('',#3228,1.);
#3228 = DIRECTION('',(-0.,-1.));
#3229 = ( GEOMETRIC_REPRESENTATION_CONTEXT(2) 
PARAMETRIC_REPRESENTATION_CONTEXT() REPRESENTATION_CONTEXT('2D SPACE',''
  ) );
#3230 = PCURVE('',#2413,#3231);
#3231 = DEFINITIONAL_REPRESENTATION('',(#3232),#3236);
#3232 = LINE('',#3233,#3234);
#3233 = CARTESIAN_POINT('',(-0.,0.));
#3234 = VECTOR('',#3235,1.);
#3235 = DIRECTION('',(-0.,-1.));
#3236 = ( GEOMETRIC_REPRESENTATION_CONTEXT(2) 
PARAMETRIC_REPRESENTATION_CONTEXT() REPRESENTATION_CONTEXT('2D SPACE',''
  ) );
#3237 = ORIENTED_EDGE('',*,*,#3238,.F.);
#3238 = EDGE_CURVE('',#3216,#3216,#3239,.T.);
#3239 = SURFACE_CURVE('',#3240,(#3245,#3252),.PCURVE_S1.);
#3240 = CIRCLE('',#3241,1.7);
#3241 = AXIS2_PLACEMENT_3D('',#3242,#3243,#3244);
#3242 = CARTESIAN_POINT('',(22.,22.,7.01));
#3243 = DIRECTION('',(0.,0.,1.));
#3244 = DIRECTION('',(1.,0.,0.));
#3245 = PCURVE('',#2413,#3246);
#3246 = DEFINITIONAL_REPRESENTATION('',(#3247),#3251);
#3247 = LINE('',#3248,#3249);
#3248 = CARTESIAN_POINT('',(-0.,0.));
#3249 = VECTOR('',#3250,1.);
#3250 = DIRECTION('',(-1.,0.));
#3251 = ( GEOMETRIC_REPRESENTATION_CONTEXT(2) 
PARAMETRIC_REPRESENTATION_CONTEXT() REPRESENTATION_CONTEXT('2D SPACE',''
  ) );
#3252 = PCURVE('',#3253,#3258);
#3253 = PLANE('',#3254);
#3254 = AXIS2_PLACEMENT_3D('',#3255,#3256,#3257);
#3255 = CARTESIAN_POINT('',(22.,22.,7.01));
#3256 = DIRECTION('',(0.,0.,1.));
#3257 = DIRECTION('',(1.,0.,-0.));
#3258 = DEFINITIONAL_REPRESENTATION('',(#3259),#3263);
#3259 = CIRCLE('',#3260,1.7);
#3260 = AXIS2_PLACEMENT_2D('',#3261,#3262);
#3261 = CARTESIAN_POINT('',(0.,0.));
#3262 = DIRECTION('',(1.,0.));
#3263 = ( GEOMETRIC_REPRESENTATION_CONTEXT(2) 
PARAMETRIC_REPRESENTATION_CONTEXT() REPRESENTATION_CONTEXT('2D SPACE',''
  ) );
#3264 = ORIENTED_EDGE('',*,*,#3215,.T.);
#3265 = ORIENTED_EDGE('',*,*,#2396,.T.);
#3266 = ADVANCED_FACE('',(#3267),#2465,.F.);
#3267 = FACE_BOUND('',#3268,.T.);
#3268 = EDGE_LOOP('',(#3269,#3292,#3319,#3320));
#3269 = ORIENTED_EDGE('',*,*,#3270,.F.);
#3270 = EDGE_CURVE('',#3271,#2449,#3273,.T.);
#3271 = VERTEX_POINT('',#3272);
#3272 = CARTESIAN_POINT('',(45.7,22.,7.01));
#3273 = SEAM_CURVE('',#3274,(#3278,#3285),.PCURVE_S1.);
#3274 = LINE('',#3275,#3276);
#3275 = CARTESIAN_POINT('',(45.7,22.,7.01));
#3276 = VECTOR('',#3277,1.);
#3277 = DIRECTION('',(0.,0.,1.));
#3278 = PCURVE('',#2465,#3279);
#3279 = DEFINITIONAL_REPRESENTATION('',(#3280),#3284);
#3280 = LINE('',#3281,#3282);
#3281 = CARTESIAN_POINT('',(-6.28318530718,0.));
#3282 = VECTOR('',#3283,1.);
#3283 = DIRECTION('',(-0.,-1.));
#3284 = ( GEOMETRIC_REPRESENTATION_CONTEXT(2) 
PARAMETRIC_REPRESENTATION_CONTEXT() REPRESENTATION_CONTEXT('2D SPACE',''
  ) );
#3285 = PCURVE('',#2465,#3286);
#3286 = DEFINITIONAL_REPRESENTATION('',(#3287),#3291);
#3287 = LINE('',#3288,#3289);
#3288 = CARTESIAN_POINT('',(-0.,0.));
#3289 = VECTOR('',#3290,1.);
#3290 = DIRECTION('',(-0.,-1.));
#3291 = ( GEOMETRIC_REPRESENTATION_CONTEXT(2) 
PARAMETRIC_REPRESENTATION_CONTEXT() REPRESENTATION_CONTEXT('2D SPACE',''
  ) );
#3292 = ORIENTED_EDGE('',*,*,#3293,.F.);
#3293 = EDGE_CURVE('',#3271,#3271,#3294,.T.);
#3294 = SURFACE_CURVE('',#3295,(#3300,#3307),.PCURVE_S1.);
#3295 = CIRCLE('',#3296,1.7);
#3296 = AXIS2_PLACEMENT_3D('',#3297,#3298,#3299);
#3297 = CARTESIAN_POINT('',(44.,22.,7.01));
#3298 = DIRECTION('',(0.,0.,1.));
#3299 = DIRECTION('',(1.,0.,0.));
#3300 = PCURVE('',#2465,#3301);
#3301 = DEFINITIONAL_REPRESENTATION('',(#3302),#3306);
#3302 = LINE('',#3303,#3304);
#3303 = CARTESIAN_POINT('',(-0.,0.));
#3304 = VECTOR('',#3305,1.);
#3305 = DIRECTION('',(-1.,0.));
#3306 = ( GEOMETRIC_REPRESENTATION_CONTEXT(2) 
PARAMETRIC_REPRESENTATION_CONTEXT() REPRESENTATION_CONTEXT('2D SPACE',''
  ) );
#3307 = PCURVE('',#3308,#3313);
#3308 = PLANE('',#3309);
#3309 = AXIS2_PLACEMENT_3D('',#3310,#3311,#3312);
#3310 = CARTESIAN_POINT('',(44.,22.,7.01));
#3311 = DIRECTION('',(0.,0.,1.));
#3312 = DIRECTION('',(1.,0.,-0.));
#3313 = DEFINITIONAL_REPRESENTATION('',(#3314),#3318);
#3314 = CIRCLE('',#3315,1.7);
#3315 = AXIS2_PLACEMENT_2D('',#3316,#3317);
#3316 = CARTESIAN_POINT('',(0.,0.));
#3317 = DIRECTION('',(1.,0.));
#3318 = ( GEOMETRIC_REPRESENTATION_CONTEXT(2) 
PARAMETRIC_REPRESENTATION_CONTEXT() REPRESENTATION_CONTEXT('2D SPACE',''
  ) );
#3319 = ORIENTED_EDGE('',*,*,#3270,.T.);
#3320 = ORIENTED_EDGE('',*,*,#2448,.T.);
#3321 = ADVANCED_FACE('',(#3322),#2538,.T.);
#3322 = FACE_BOUND('',#3323,.T.);
#3323 = EDGE_LOOP('',(#3324));
#3324 = ORIENTED_EDGE('',*,*,#2523,.T.);
#3325 = ADVANCED_FACE('',(#3326),#2593,.T.);
#3326 = FACE_BOUND('',#3327,.T.);
#3327 = EDGE_LOOP('',(#3328));
#3328 = ORIENTED_EDGE('',*,*,#2578,.T.);
#3329 = ADVANCED_FACE('',(#3330),#2648,.T.);
#3330 = FACE_BOUND('',#3331,.T.);
#3331 = EDGE_LOOP('',(#3332));
#3332 = ORIENTED_EDGE('',*,*,#2633,.T.);
#3333 = ADVANCED_FACE('',(#3334),#2703,.T.);
#3334 = FACE_BOUND('',#3335,.T.);
#3335 = EDGE_LOOP('',(#3336));
#3336 = ORIENTED_EDGE('',*,*,#2688,.T.);
#3337 = ADVANCED_FACE('',(#3338),#2758,.T.);
#3338 = FACE_BOUND('',#3339,.T.);
#3339 = EDGE_LOOP('',(#3340));
#3340 = ORIENTED_EDGE('',*,*,#2743,.T.);
#3341 = ADVANCED_FACE('',(#3342),#2813,.T.);
#3342 = FACE_BOUND('',#3343,.T.);
#3343 = EDGE_LOOP('',(#3344));
#3344 = ORIENTED_EDGE('',*,*,#2798,.T.);
#3345 = ADVANCED_FACE('',(#3346),#2868,.T.);
#3346 = FACE_BOUND('',#3347,.T.);
#3347 = EDGE_LOOP('',(#3348));
#3348 = ORIENTED_EDGE('',*,*,#2853,.T.);
#3349 = ADVANCED_FACE('',(#3350),#2923,.T.);
#3350 = FACE_BOUND('',#3351,.T.);
#3351 = EDGE_LOOP('',(#3352));
#3352 = ORIENTED_EDGE('',*,*,#2908,.T.);
#3353 = ADVANCED_FACE('',(#3354),#2978,.T.);
#3354 = FACE_BOUND('',#3355,.T.);
#3355 = EDGE_LOOP('',(#3356));
#3356 = ORIENTED_EDGE('',*,*,#2963,.T.);
#3357 = ADVANCED_FACE('',(#3358),#3033,.T.);
#3358 = FACE_BOUND('',#3359,.T.);
#3359 = EDGE_LOOP('',(#3360));
#3360 = ORIENTED_EDGE('',*,*,#3018,.T.);
#3361 = ADVANCED_FACE('',(#3362),#3088,.T.);
#3362 = FACE_BOUND('',#3363,.T.);
#3363 = EDGE_LOOP('',(#3364));
#3364 = ORIENTED_EDGE('',*,*,#3073,.T.);
#3365 = ADVANCED_FACE('',(#3366),#3143,.T.);
#3366 = FACE_BOUND('',#3367,.T.);
#3367 = EDGE_LOOP('',(#3368));
#3368 = ORIENTED_EDGE('',*,*,#3128,.T.);
#3369 = ADVANCED_FACE('',(#3370),#3198,.T.);
#3370 = FACE_BOUND('',#3371,.T.);
#3371 = EDGE_LOOP('',(#3372));
#3372 = ORIENTED_EDGE('',*,*,#3183,.T.);
#3373 = ADVANCED_FACE('',(#3374),#3253,.T.);
#3374 = FACE_BOUND('',#3375,.T.);
#3375 = EDGE_LOOP('',(#3376));
#3376 = ORIENTED_EDGE('',*,*,#3238,.T.);
#3377 = ADVANCED_FACE('',(#3378),#3308,.T.);
#3378 = FACE_BOUND('',#3379,.T.);
#3379 = EDGE_LOOP('',(#3380));
#3380 = ORIENTED_EDGE('',*,*,#3293,.T.);
#3381 = ( GEOMETRIC_REPRESENTATION_CONTEXT(3) 
GLOBAL_UNCERTAINTY_ASSIGNED_CONTEXT((#3385)) 
GLOBAL_UNIT_ASSIGNED_CONTEXT((#3382,#3383,#3384)) REPRESENTATION_CONTEXT
('Context #1','3D Context with UNIT and UNCERTAINTY') );
#3382 = ( LENGTH_UNIT() NAMED_UNIT(*) SI_UNIT(.MILLI.,.METRE.) );
#3383 = ( NAMED_UNIT(*) PLANE_ANGLE_UNIT() SI_UNIT($,.RADIAN.) );
#3384 = ( NAMED_UNIT(*) SI_UNIT($,.STERADIAN.) SOLID_ANGLE_UNIT() );
#3385 = UNCERTAINTY_MEASURE_WITH_UNIT(LENGTH_MEASURE(1.E-07),#3382,
  'distance_accuracy_value','confusion accuracy');
#3386 = CONTEXT_DEPENDENT_SHAPE_REPRESENTATION(#3387,#3389);
#3387 = ( REPRESENTATION_RELATIONSHIP('','',#164,#10) 
REPRESENTATION_RELATIONSHIP_WITH_TRANSFORMATION(#3388) 
SHAPE_REPRESENTATION_RELATIONSHIP() );
#3388 = ITEM_DEFINED_TRANSFORMATION('','',#11,#15);
#3389 = PRODUCT_DEFINITION_SHAPE('Placement','Placement of an item',
  #3390);
#3390 = NEXT_ASSEMBLY_USAGE_OCCURRENCE('149','holder','',#5,#159,$);
#3391 = PRODUCT_RELATED_PRODUCT_CATEGORY('part',$,(#161));
#3392 = SHAPE_DEFINITION_REPRESENTATION(#3393,#3399);
#3393 = PRODUCT_DEFINITION_SHAPE('','',#3394);
#3394 = PRODUCT_DEFINITION('design','',#3395,#3398);
#3395 = PRODUCT_DEFINITION_FORMATION('','',#3396);
#3396 = PRODUCT('stub 1 stub','stub 1 stub','',(#3397));
#3397 = PRODUCT_CONTEXT('',#2,'mechanical');
#3398 = PRODUCT_DEFINITION_CONTEXT('part definition',#2,'design');
#3399 = ADVANCED_BREP_SHAPE_REPRESENTATION('',(#11,#3400),#3882);
#3400 = MANIFOLD_SOLID_BREP('',#3401);
#3401 = CLOSED_SHELL('',(#3402,#3494,#3529,#3564,#3619,#3674,#3727,#3766
    ,#3770,#3825,#3878));
#3402 = ADVANCED_FACE('',(#3403),#3416,.T.);
#3403 = FACE_BOUND('',#3404,.F.);
#3404 = EDGE_LOOP('',(#3405,#3439,#3462,#3493));
#3405 = ORIENTED_EDGE('',*,*,#3406,.F.);
#3406 = EDGE_CURVE('',#3407,#3407,#3409,.T.);
#3407 = VERTEX_POINT('',#3408);
#3408 = CARTESIAN_POINT('',(-37.65,-22.,16.));
#3409 = SURFACE_CURVE('',#3410,(#3415,#3427),.PCURVE_S1.);
#3410 = CIRCLE('',#3411,6.35);
#3411 = AXIS2_PLACEMENT_3D('',#3412,#3413,#3414);
#3412 = CARTESIAN_POINT('',(-44.,-22.,16.));
#3413 = DIRECTION('',(0.,0.,1.));
#3414 = DIRECTION('',(1.,0.,0.));
#3415 = PCURVE('',#3416,#3421);
#3416 = CYLINDRICAL_SURFACE('',#3417,6.35);
#3417 = AXIS2_PLACEMENT_3D('',#3418,#3419,#3420);
#3418 = CARTESIAN_POINT('',(-44.,-22.,16.));
#3419 = DIRECTION('',(-0.,-0.,-1.));
#3420 = DIRECTION('',(1.,0.,0.));
#3421 = DEFINITIONAL_REPRESENTATION('',(#3422),#3426);
#3422 = LINE('',#3423,#3424);
#3423 = CARTESIAN_POINT('',(-0.,0.));
#3424 = VECTOR('',#3425,1.);
#3425 = DIRECTION('',(-1.,0.));
#3426 = ( GEOMETRIC_REPRESENTATION_CONTEXT(2) 
PARAMETRIC_REPRESENTATION_CONTEXT() REPRESENTATION_CONTEXT('2D SPACE',''
  ) );
#3427 = PCURVE('',#3428,#3433);
#3428 = PLANE('',#3429);
#3429 = AXIS2_PLACEMENT_3D('',#3430,#3431,#3432);
#3430 = CARTESIAN_POINT('',(-44.,-22.,16.));
#3431 = DIRECTION('',(0.,0.,1.));
#3432 = DIRECTION('',(1.,0.,0.));
#3433 = DEFINITIONAL_REPRESENTATION('',(#3434),#3438);
#3434 = CIRCLE('',#3435,6.35);
#3435 = AXIS2_PLACEMENT_2D('',#3436,#3437);
#3436 = CARTESIAN_POINT('',(0.,-6.021627052289E-16));
#3437 = DIRECTION('',(1.,0.));
#3438 = ( GEOMETRIC_REPRESENTATION_CONTEXT(2) 
PARAMETRIC_REPRESENTATION_CONTEXT() REPRESENTATION_CONTEXT('2D SPACE',''
  ) );
#3439 = ORIENTED_EDGE('',*,*,#3440,.T.);
#3440 = EDGE_CURVE('',#3407,#3441,#3443,.T.);
#3441 = VERTEX_POINT('',#3442);
#3442 = CARTESIAN_POINT('',(-37.65,-22.,17.1));
#3443 = SEAM_CURVE('',#3444,(#3448,#3455),.PCURVE_S1.);
#3444 = LINE('',#3445,#3446);
#3445 = CARTESIAN_POINT('',(-37.65,-22.,16.));
#3446 = VECTOR('',#3447,1.);
#3447 = DIRECTION('',(0.,0.,1.));
#3448 = PCURVE('',#3416,#3449);
#3449 = DEFINITIONAL_REPRESENTATION('',(#3450),#3454);
#3450 = LINE('',#3451,#3452);
#3451 = CARTESIAN_POINT('',(-6.28318530718,0.));
#3452 = VECTOR('',#3453,1.);
#3453 = DIRECTION('',(-0.,-1.));
#3454 = ( GEOMETRIC_REPRESENTATION_CONTEXT(2) 
PARAMETRIC_REPRESENTATION_CONTEXT() REPRESENTATION_CONTEXT('2D SPACE',''
  ) );
#3455 = PCURVE('',#3416,#3456);
#3456 = DEFINITIONAL_REPRESENTATION('',(#3457),#3461);
#3457 = LINE('',#3458,#3459);
#3458 = CARTESIAN_POINT('',(-0.,0.));
#3459 = VECTOR('',#3460,1.);
#3460 = DIRECTION('',(-0.,-1.));
#3461 = ( GEOMETRIC_REPRESENTATION_CONTEXT(2) 
PARAMETRIC_REPRESENTATION_CONTEXT() REPRESENTATION_CONTEXT('2D SPACE',''
  ) );
#3462 = ORIENTED_EDGE('',*,*,#3463,.F.);
#3463 = EDGE_CURVE('',#3441,#3441,#3464,.T.);
#3464 = SURFACE_CURVE('',#3465,(#3470,#3477),.PCURVE_S1.);
#3465 = CIRCLE('',#3466,6.35);
#3466 = AXIS2_PLACEMENT_3D('',#3467,#3468,#3469);
#3467 = CARTESIAN_POINT('',(-44.,-22.,17.1));
#3468 = DIRECTION('',(0.,0.,-1.));
#3469 = DIRECTION('',(1.,0.,0.));
#3470 = PCURVE('',#3416,#3471);
#3471 = DEFINITIONAL_REPRESENTATION('',(#3472),#3476);
#3472 = LINE('',#3473,#3474);
#3473 = CARTESIAN_POINT('',(-6.28318530718,-1.1));
#3474 = VECTOR('',#3475,1.);
#3475 = DIRECTION('',(1.,-0.));
#3476 = ( GEOMETRIC_REPRESENTATION_CONTEXT(2) 
PARAMETRIC_REPRESENTATION_CONTEXT() REPRESENTATION_CONTEXT('2D SPACE',''
  ) );
#3477 = PCURVE('',#3478,#3483);
#3478 = PLANE('',#3479);
#3479 = AXIS2_PLACEMENT_3D('',#3480,#3481,#3482);
#3480 = CARTESIAN_POINT('',(-44.,-22.,17.1));
#3481 = DIRECTION('',(0.,0.,1.));
#3482 = DIRECTION('',(1.,0.,0.));
#3483 = DEFINITIONAL_REPRESENTATION('',(#3484),#3492);
#3484 = ( BOUNDED_CURVE() B_SPLINE_CURVE(2,(#3485,#3486,#3487,#3488,
#3489,#3490,#3491),.UNSPECIFIED.,.T.,.F.) B_SPLINE_CURVE_WITH_KNOTS((1,2
    ,2,2,2,1),(-2.094395102393,0.,2.094395102393,4.188790204786,
6.28318530718,8.377580409573),.UNSPECIFIED.) CURVE() 
GEOMETRIC_REPRESENTATION_ITEM() RATIONAL_B_SPLINE_CURVE((1.,0.5,1.,0.5,
1.,0.5,1.)) REPRESENTATION_ITEM('') );
#3485 = CARTESIAN_POINT('',(6.35,-1.196249076369E-16));
#3486 = CARTESIAN_POINT('',(6.35,-10.99852262806));
#3487 = CARTESIAN_POINT('',(-3.175,-5.499261314031));
#3488 = CARTESIAN_POINT('',(-12.7,-1.674926342554E-15));
#3489 = CARTESIAN_POINT('',(-3.175,5.499261314031));
#3490 = CARTESIAN_POINT('',(6.35,10.998522628062));
#3491 = CARTESIAN_POINT('',(6.35,-1.196249076369E-16));
#3492 = ( GEOMETRIC_REPRESENTATION_CONTEXT(2) 
PARAMETRIC_REPRESENTATION_CONTEXT() REPRESENTATION_CONTEXT('2D SPACE',''
  ) );
#3493 = ORIENTED_EDGE('',*,*,#3440,.F.);
#3494 = ADVANCED_FACE('',(#3495,#3498),#3428,.F.);
#3495 = FACE_BOUND('',#3496,.F.);
#3496 = EDGE_LOOP('',(#3497));
#3497 = ORIENTED_EDGE('',*,*,#3406,.T.);
#3498 = FACE_BOUND('',#3499,.F.);
#3499 = EDGE_LOOP('',(#3500));
#3500 = ORIENTED_EDGE('',*,*,#3501,.F.);
#3501 = EDGE_CURVE('',#3502,#3502,#3504,.T.);
#3502 = VERTEX_POINT('',#3503);
#3503 = CARTESIAN_POINT('',(-42.425,-22.,16.));
#3504 = SURFACE_CURVE('',#3505,(#3510,#3517),.PCURVE_S1.);
#3505 = CIRCLE('',#3506,1.575);
#3506 = AXIS2_PLACEMENT_3D('',#3507,#3508,#3509);
#3507 = CARTESIAN_POINT('',(-44.,-22.,16.));
#3508 = DIRECTION('',(0.,0.,1.));
#3509 = DIRECTION('',(1.,0.,0.));
#3510 = PCURVE('',#3428,#3511);
#3511 = DEFINITIONAL_REPRESENTATION('',(#3512),#3516);
#3512 = CIRCLE('',#3513,1.575);
#3513 = AXIS2_PLACEMENT_2D('',#3514,#3515);
#3514 = CARTESIAN_POINT('',(0.,-6.021627052289E-16));
#3515 = DIRECTION('',(1.,0.));
#3516 = ( GEOMETRIC_REPRESENTATION_CONTEXT(2) 
PARAMETRIC_REPRESENTATION_CONTEXT() REPRESENTATION_CONTEXT('2D SPACE',''
  ) );
#3517 = PCURVE('',#3518,#3523);
#3518 = CYLINDRICAL_SURFACE('',#3519,1.575);
#3519 = AXIS2_PLACEMENT_3D('',#3520,#3521,#3522);
#3520 = CARTESIAN_POINT('',(-44.,-22.,8.));
#3521 = DIRECTION('',(-0.,-0.,-1.));
#3522 = DIRECTION('',(1.,0.,0.));
#3523 = DEFINITIONAL_REPRESENTATION('',(#3524),#3528);
#3524 = LINE('',#3525,#3526);
#3525 = CARTESIAN_POINT('',(-0.,-8.));
#3526 = VECTOR('',#3527,1.);
#3527 = DIRECTION('',(-1.,0.));
#3528 = ( GEOMETRIC_REPRESENTATION_CONTEXT(2) 
PARAMETRIC_REPRESENTATION_CONTEXT() REPRESENTATION_CONTEXT('2D SPACE',''
  ) );
#3529 = ADVANCED_FACE('',(#3530,#3533),#3478,.T.);
#3530 = FACE_BOUND('',#3531,.T.);
#3531 = EDGE_LOOP('',(#3532));
#3532 = ORIENTED_EDGE('',*,*,#3463,.F.);
#3533 = FACE_BOUND('',#3534,.T.);
#3534 = EDGE_LOOP('',(#3535));
#3535 = ORIENTED_EDGE('',*,*,#3536,.F.);
#3536 = EDGE_CURVE('',#3537,#3537,#3539,.T.);
#3537 = VERTEX_POINT('',#3538);
#3538 = CARTESIAN_POINT('',(-38.15,-22.,17.1));
#3539 = SURFACE_CURVE('',#3540,(#3545,#3552),.PCURVE_S1.);
#3540 = CIRCLE('',#3541,5.85);
#3541 = AXIS2_PLACEMENT_3D('',#3542,#3543,#3544);
#3542 = CARTESIAN_POINT('',(-44.,-22.,17.1));
#3543 = DIRECTION('',(0.,0.,1.));
#3544 = DIRECTION('',(1.,0.,0.));
#3545 = PCURVE('',#3478,#3546);
#3546 = DEFINITIONAL_REPRESENTATION('',(#3547),#3551);
#3547 = CIRCLE('',#3548,5.85);
#3548 = AXIS2_PLACEMENT_2D('',#3549,#3550);
#3549 = CARTESIAN_POINT('',(3.321377597886E-14,3.341888834508E-16));
#3550 = DIRECTION('',(1.,0.));
#3551 = ( GEOMETRIC_REPRESENTATION_CONTEXT(2) 
PARAMETRIC_REPRESENTATION_CONTEXT() REPRESENTATION_CONTEXT('2D SPACE',''
  ) );
#3552 = PCURVE('',#3553,#3558);
#3553 = CYLINDRICAL_SURFACE('',#3554,5.85);
#3554 = AXIS2_PLACEMENT_3D('',#3555,#3556,#3557);
#3555 = CARTESIAN_POINT('',(-44.,-22.,17.1));
#3556 = DIRECTION('',(-0.,-0.,-1.));
#3557 = DIRECTION('',(1.,0.,0.));
#3558 = DEFINITIONAL_REPRESENTATION('',(#3559),#3563);
#3559 = LINE('',#3560,#3561);
#3560 = CARTESIAN_POINT('',(-0.,0.));
#3561 = VECTOR('',#3562,1.);
#3562 = DIRECTION('',(-1.,0.));
#3563 = ( GEOMETRIC_REPRESENTATION_CONTEXT(2) 
PARAMETRIC_REPRESENTATION_CONTEXT() REPRESENTATION_CONTEXT('2D SPACE',''
  ) );
#3564 = ADVANCED_FACE('',(#3565),#3518,.T.);
#3565 = FACE_BOUND('',#3566,.F.);
#3566 = EDGE_LOOP('',(#3567,#3590,#3591,#3592));
#3567 = ORIENTED_EDGE('',*,*,#3568,.T.);
#3568 = EDGE_CURVE('',#3569,#3502,#3571,.T.);
#3569 = VERTEX_POINT('',#3570);
#3570 = CARTESIAN_POINT('',(-42.425,-22.,8.4));
#3571 = SEAM_CURVE('',#3572,(#3576,#3583),.PCURVE_S1.);
#3572 = LINE('',#3573,#3574);
#3573 = CARTESIAN_POINT('',(-42.425,-22.,8.));
#3574 = VECTOR('',#3575,1.);
#3575 = DIRECTION('',(0.,0.,1.));
#3576 = PCURVE('',#3518,#3577);
#3577 = DEFINITIONAL_REPRESENTATION('',(#3578),#3582);
#3578 = LINE('',#3579,#3580);
#3579 = CARTESIAN_POINT('',(-0.,0.));
#3580 = VECTOR('',#3581,1.);
#3581 = DIRECTION('',(-0.,-1.));
#3582 = ( GEOMETRIC_REPRESENTATION_CONTEXT(2) 
PARAMETRIC_REPRESENTATION_CONTEXT() REPRESENTATION_CONTEXT('2D SPACE',''
  ) );
#3583 = PCURVE('',#3518,#3584);
#3584 = DEFINITIONAL_REPRESENTATION('',(#3585),#3589);
#3585 = LINE('',#3586,#3587);
#3586 = CARTESIAN_POINT('',(-6.28318530718,0.));
#3587 = VECTOR('',#3588,1.);
#3588 = DIRECTION('',(-0.,-1.));
#3589 = ( GEOMETRIC_REPRESENTATION_CONTEXT(2) 
PARAMETRIC_REPRESENTATION_CONTEXT() REPRESENTATION_CONTEXT('2D SPACE',''
  ) );
#3590 = ORIENTED_EDGE('',*,*,#3501,.T.);
#3591 = ORIENTED_EDGE('',*,*,#3568,.F.);
#3592 = ORIENTED_EDGE('',*,*,#3593,.F.);
#3593 = EDGE_CURVE('',#3569,#3569,#3594,.T.);
#3594 = SURFACE_CURVE('',#3595,(#3600,#3607),.PCURVE_S1.);
#3595 = CIRCLE('',#3596,1.575);
#3596 = AXIS2_PLACEMENT_3D('',#3597,#3598,#3599);
#3597 = CARTESIAN_POINT('',(-44.,-22.,8.4));
#3598 = DIRECTION('',(0.,0.,1.));
#3599 = DIRECTION('',(1.,0.,0.));
#3600 = PCURVE('',#3518,#3601);
#3601 = DEFINITIONAL_REPRESENTATION('',(#3602),#3606);
#3602 = LINE('',#3603,#3604);
#3603 = CARTESIAN_POINT('',(-0.,-0.4));
#3604 = VECTOR('',#3605,1.);
#3605 = DIRECTION('',(-1.,0.));
#3606 = ( GEOMETRIC_REPRESENTATION_CONTEXT(2) 
PARAMETRIC_REPRESENTATION_CONTEXT() REPRESENTATION_CONTEXT('2D SPACE',''
  ) );
#3607 = PCURVE('',#3608,#3613);
#3608 = CONICAL_SURFACE('',#3609,1.575,0.785398163397);
#3609 = AXIS2_PLACEMENT_3D('',#3610,#3611,#3612);
#3610 = CARTESIAN_POINT('',(-44.,-22.,8.4));
#3611 = DIRECTION('',(0.,0.,1.));
#3612 = DIRECTION('',(1.,0.,0.));
#3613 = DEFINITIONAL_REPRESENTATION('',(#3614),#3618);
#3614 = LINE('',#3615,#3616);
#3615 = CARTESIAN_POINT('',(0.,-0.));
#3616 = VECTOR('',#3617,1.);
#3617 = DIRECTION('',(1.,-0.));
#3618 = ( GEOMETRIC_REPRESENTATION_CONTEXT(2) 
PARAMETRIC_REPRESENTATION_CONTEXT() REPRESENTATION_CONTEXT('2D SPACE',''
  ) );
#3619 = ADVANCED_FACE('',(#3620),#3553,.T.);
#3620 = FACE_BOUND('',#3621,.F.);
#3621 = EDGE_LOOP('',(#3622,#3645,#3672,#3673));
#3622 = ORIENTED_EDGE('',*,*,#3623,.T.);
#3623 = EDGE_CURVE('',#3537,#3624,#3626,.T.);
#3624 = VERTEX_POINT('',#3625);
#3625 = CARTESIAN_POINT('',(-38.15,-22.,18.1));
#3626 = SEAM_CURVE('',#3627,(#3631,#3638),.PCURVE_S1.);
#3627 = LINE('',#3628,#3629);
#3628 = CARTESIAN_POINT('',(-38.15,-22.,17.1));
#3629 = VECTOR('',#3630,1.);
#3630 = DIRECTION('',(0.,0.,1.));
#3631 = PCURVE('',#3553,#3632);
#3632 = DEFINITIONAL_REPRESENTATION('',(#3633),#3637);
#3633 = LINE('',#3634,#3635);
#3634 = CARTESIAN_POINT('',(-0.,0.));
#3635 = VECTOR('',#3636,1.);
#3636 = DIRECTION('',(-0.,-1.));
#3637 = ( GEOMETRIC_REPRESENTATION_CONTEXT(2) 
PARAMETRIC_REPRESENTATION_CONTEXT() REPRESENTATION_CONTEXT('2D SPACE',''
  ) );
#3638 = PCURVE('',#3553,#3639);
#3639 = DEFINITIONAL_REPRESENTATION('',(#3640),#3644);
#3640 = LINE('',#3641,#3642);
#3641 = CARTESIAN_POINT('',(-6.28318530718,0.));
#3642 = VECTOR('',#3643,1.);
#3643 = DIRECTION('',(-0.,-1.));
#3644 = ( GEOMETRIC_REPRESENTATION_CONTEXT(2) 
PARAMETRIC_REPRESENTATION_CONTEXT() REPRESENTATION_CONTEXT('2D SPACE',''
  ) );
#3645 = ORIENTED_EDGE('',*,*,#3646,.T.);
#3646 = EDGE_CURVE('',#3624,#3624,#3647,.T.);
#3647 = SURFACE_CURVE('',#3648,(#3653,#3660),.PCURVE_S1.);
#3648 = CIRCLE('',#3649,5.85);
#3649 = AXIS2_PLACEMENT_3D('',#3650,#3651,#3652);
#3650 = CARTESIAN_POINT('',(-44.,-22.,18.1));
#3651 = DIRECTION('',(0.,0.,1.));
#3652 = DIRECTION('',(1.,0.,0.));
#3653 = PCURVE('',#3553,#3654);
#3654 = DEFINITIONAL_REPRESENTATION('',(#3655),#3659);
#3655 = LINE('',#3656,#3657);
#3656 = CARTESIAN_POINT('',(-0.,-1.));
#3657 = VECTOR('',#3658,1.);
#3658 = DIRECTION('',(-1.,0.));
#3659 = ( GEOMETRIC_REPRESENTATION_CONTEXT(2) 
PARAMETRIC_REPRESENTATION_CONTEXT() REPRESENTATION_CONTEXT('2D SPACE',''
  ) );
#3660 = PCURVE('',#3661,#3666);
#3661 = PLANE('',#3662);
#3662 = AXIS2_PLACEMENT_3D('',#3663,#3664,#3665);
#3663 = CARTESIAN_POINT('',(-44.,-22.,18.1));
#3664 = DIRECTION('',(0.,0.,1.));
#3665 = DIRECTION('',(1.,0.,0.));
#3666 = DEFINITIONAL_REPRESENTATION('',(#3667),#3671);
#3667 = CIRCLE('',#3668,5.85);
#3668 = AXIS2_PLACEMENT_2D('',#3669,#3670);
#3669 = CARTESIAN_POINT('',(3.321377597886E-14,3.341888834508E-16));
#3670 = DIRECTION('',(1.,0.));
#3671 = ( GEOMETRIC_REPRESENTATION_CONTEXT(2) 
PARAMETRIC_REPRESENTATION_CONTEXT() REPRESENTATION_CONTEXT('2D SPACE',''
  ) );
#3672 = ORIENTED_EDGE('',*,*,#3623,.F.);
#3673 = ORIENTED_EDGE('',*,*,#3536,.F.);
#3674 = ADVANCED_FACE('',(#3675),#3608,.T.);
#3675 = FACE_BOUND('',#3676,.F.);
#3676 = EDGE_LOOP('',(#3677,#3698,#3699,#3700));
#3677 = ORIENTED_EDGE('',*,*,#3678,.F.);
#3678 = EDGE_CURVE('',#3569,#3679,#3681,.T.);
#3679 = VERTEX_POINT('',#3680);
#3680 = CARTESIAN_POINT('',(-42.825,-22.,8.));
#3681 = SEAM_CURVE('',#3682,(#3686,#3692),.PCURVE_S1.);
#3682 = LINE('',#3683,#3684);
#3683 = CARTESIAN_POINT('',(-42.425,-22.,8.4));
#3684 = VECTOR('',#3685,1.);
#3685 = DIRECTION('',(-0.707106781187,-0.,-0.707106781187));
#3686 = PCURVE('',#3608,#3687);
#3687 = DEFINITIONAL_REPRESENTATION('',(#3688),#3691);
#3688 = B_SPLINE_CURVE_WITH_KNOTS('',1,(#3689,#3690),.UNSPECIFIED.,.F.,
  .F.,(2,2),(0.,0.565685424949),.PIECEWISE_BEZIER_KNOTS.);
#3689 = CARTESIAN_POINT('',(0.,0.));
#3690 = CARTESIAN_POINT('',(0.,-0.4));
#3691 = ( GEOMETRIC_REPRESENTATION_CONTEXT(2) 
PARAMETRIC_REPRESENTATION_CONTEXT() REPRESENTATION_CONTEXT('2D SPACE',''
  ) );
#3692 = PCURVE('',#3608,#3693);
#3693 = DEFINITIONAL_REPRESENTATION('',(#3694),#3697);
#3694 = B_SPLINE_CURVE_WITH_KNOTS('',1,(#3695,#3696),.UNSPECIFIED.,.F.,
  .F.,(2,2),(0.,0.565685424949),.PIECEWISE_BEZIER_KNOTS.);
#3695 = CARTESIAN_POINT('',(6.28318530718,0.));
#3696 = CARTESIAN_POINT('',(6.28318530718,-0.4));
#3697 = ( GEOMETRIC_REPRESENTATION_CONTEXT(2) 
PARAMETRIC_REPRESENTATION_CONTEXT() REPRESENTATION_CONTEXT('2D SPACE',''
  ) );
#3698 = ORIENTED_EDGE('',*,*,#3593,.T.);
#3699 = ORIENTED_EDGE('',*,*,#3678,.T.);
#3700 = ORIENTED_EDGE('',*,*,#3701,.F.);
#3701 = EDGE_CURVE('',#3679,#3679,#3702,.T.);
#3702 = SURFACE_CURVE('',#3703,(#3708,#3715),.PCURVE_S1.);
#3703 = CIRCLE('',#3704,1.175);
#3704 = AXIS2_PLACEMENT_3D('',#3705,#3706,#3707);
#3705 = CARTESIAN_POINT('',(-44.,-22.,8.));
#3706 = DIRECTION('',(0.,0.,1.));
#3707 = DIRECTION('',(1.,0.,0.));
#3708 = PCURVE('',#3608,#3709);
#3709 = DEFINITIONAL_REPRESENTATION('',(#3710),#3714);
#3710 = LINE('',#3711,#3712);
#3711 = CARTESIAN_POINT('',(0.,-0.4));
#3712 = VECTOR('',#3713,1.);
#3713 = DIRECTION('',(1.,-0.));
#3714 = ( GEOMETRIC_REPRESENTATION_CONTEXT(2) 
PARAMETRIC_REPRESENTATION_CONTEXT() REPRESENTATION_CONTEXT('2D SPACE',''
  ) );
#3715 = PCURVE('',#3716,#3721);
#3716 = PLANE('',#3717);
#3717 = AXIS2_PLACEMENT_3D('',#3718,#3719,#3720);
#3718 = CARTESIAN_POINT('',(-44.,-22.,8.));
#3719 = DIRECTION('',(0.,0.,1.));
#3720 = DIRECTION('',(1.,0.,0.));
#3721 = DEFINITIONAL_REPRESENTATION('',(#3722),#3726);
#3722 = CIRCLE('',#3723,1.175);
#3723 = AXIS2_PLACEMENT_2D('',#3724,#3725);
#3724 = CARTESIAN_POINT('',(5.426349732299E-17,-4.423303769075E-17));
#3725 = DIRECTION('',(1.,0.));
#3726 = ( GEOMETRIC_REPRESENTATION_CONTEXT(2) 
PARAMETRIC_REPRESENTATION_CONTEXT() REPRESENTATION_CONTEXT('2D SPACE',''
  ) );
#3727 = ADVANCED_FACE('',(#3728,#3763),#3661,.F.);
#3728 = FACE_BOUND('',#3729,.F.);
#3729 = EDGE_LOOP('',(#3730));
#3730 = ORIENTED_EDGE('',*,*,#3731,.F.);
#3731 = EDGE_CURVE('',#3732,#3732,#3734,.T.);
#3732 = VERTEX_POINT('',#3733);
#3733 = CARTESIAN_POINT('',(-37.65,-22.,18.1));
#3734 = SURFACE_CURVE('',#3735,(#3740,#3751),.PCURVE_S1.);
#3735 = CIRCLE('',#3736,6.35);
#3736 = AXIS2_PLACEMENT_3D('',#3737,#3738,#3739);
#3737 = CARTESIAN_POINT('',(-44.,-22.,18.1));
#3738 = DIRECTION('',(0.,0.,-1.));
#3739 = DIRECTION('',(1.,0.,0.));
#3740 = PCURVE('',#3661,#3741);
#3741 = DEFINITIONAL_REPRESENTATION('',(#3742),#3750);
#3742 = ( BOUNDED_CURVE() B_SPLINE_CURVE(2,(#3743,#3744,#3745,#3746,
#3747,#3748,#3749),.UNSPECIFIED.,.T.,.F.) B_SPLINE_CURVE_WITH_KNOTS((1,2
    ,2,2,2,1),(-2.094395102393,0.,2.094395102393,4.188790204786,
6.28318530718,8.377580409573),.UNSPECIFIED.) CURVE() 
GEOMETRIC_REPRESENTATION_ITEM() RATIONAL_B_SPLINE_CURVE((1.,0.5,1.,0.5,
1.,0.5,1.)) REPRESENTATION_ITEM('') );
#3743 = CARTESIAN_POINT('',(6.35,-1.196249076369E-16));
#3744 = CARTESIAN_POINT('',(6.35,-10.99852262806));
#3745 = CARTESIAN_POINT('',(-3.175,-5.499261314031));
#3746 = CARTESIAN_POINT('',(-12.7,-1.674926342554E-15));
#3747 = CARTESIAN_POINT('',(-3.175,5.499261314031));
#3748 = CARTESIAN_POINT('',(6.35,10.998522628062));
#3749 = CARTESIAN_POINT('',(6.35,-1.196249076369E-16));
#3750 = ( GEOMETRIC_REPRESENTATION_CONTEXT(2) 
PARAMETRIC_REPRESENTATION_CONTEXT() REPRESENTATION_CONTEXT('2D SPACE',''
  ) );
#3751 = PCURVE('',#3752,#3757);
#3752 = CYLINDRICAL_SURFACE('',#3753,6.35);
#3753 = AXIS2_PLACEMENT_3D('',#3754,#3755,#3756);
#3754 = CARTESIAN_POINT('',(-44.,-22.,16.));
#3755 = DIRECTION('',(-0.,-0.,-1.));
#3756 = DIRECTION('',(1.,0.,0.));
#3757 = DEFINITIONAL_REPRESENTATION('',(#3758),#3762);
#3758 = LINE('',#3759,#3760);
#3759 = CARTESIAN_POINT('',(-6.28318530718,-2.1));
#3760 = VECTOR('',#3761,1.);
#3761 = DIRECTION('',(1.,-0.));
#3762 = ( GEOMETRIC_REPRESENTATION_CONTEXT(2) 
PARAMETRIC_REPRESENTATION_CONTEXT() REPRESENTATION_CONTEXT('2D SPACE',''
  ) );
#3763 = FACE_BOUND('',#3764,.F.);
#3764 = EDGE_LOOP('',(#3765));
#3765 = ORIENTED_EDGE('',*,*,#3646,.F.);
#3766 = ADVANCED_FACE('',(#3767),#3716,.F.);
#3767 = FACE_BOUND('',#3768,.F.);
#3768 = EDGE_LOOP('',(#3769));
#3769 = ORIENTED_EDGE('',*,*,#3701,.T.);
#3770 = ADVANCED_FACE('',(#3771),#3752,.T.);
#3771 = FACE_BOUND('',#3772,.F.);
#3772 = EDGE_LOOP('',(#3773,#3774,#3797,#3824));
#3773 = ORIENTED_EDGE('',*,*,#3731,.T.);
#3774 = ORIENTED_EDGE('',*,*,#3775,.T.);
#3775 = EDGE_CURVE('',#3732,#3776,#3778,.T.);
#3776 = VERTEX_POINT('',#3777);
#3777 = CARTESIAN_POINT('',(-37.65,-22.,19.));
#3778 = SEAM_CURVE('',#3779,(#3783,#3790),.PCURVE_S1.);
#3779 = LINE('',#3780,#3781);
#3780 = CARTESIAN_POINT('',(-37.65,-22.,16.));
#3781 = VECTOR('',#3782,1.);
#3782 = DIRECTION('',(0.,0.,1.));
#3783 = PCURVE('',#3752,#3784);
#3784 = DEFINITIONAL_REPRESENTATION('',(#3785),#3789);
#3785 = LINE('',#3786,#3787);
#3786 = CARTESIAN_POINT('',(-6.28318530718,0.));
#3787 = VECTOR('',#3788,1.);
#3788 = DIRECTION('',(-0.,-1.));
#3789 = ( GEOMETRIC_REPRESENTATION_CONTEXT(2) 
PARAMETRIC_REPRESENTATION_CONTEXT() REPRESENTATION_CONTEXT('2D SPACE',''
  ) );
#3790 = PCURVE('',#3752,#3791);
#3791 = DEFINITIONAL_REPRESENTATION('',(#3792),#3796);
#3792 = LINE('',#3793,#3794);
#3793 = CARTESIAN_POINT('',(-0.,0.));
#3794 = VECTOR('',#3795,1.);
#3795 = DIRECTION('',(-0.,-1.));
#3796 = ( GEOMETRIC_REPRESENTATION_CONTEXT(2) 
PARAMETRIC_REPRESENTATION_CONTEXT() REPRESENTATION_CONTEXT('2D SPACE',''
  ) );
#3797 = ORIENTED_EDGE('',*,*,#3798,.T.);
#3798 = EDGE_CURVE('',#3776,#3776,#3799,.T.);
#3799 = SURFACE_CURVE('',#3800,(#3805,#3812),.PCURVE_S1.);
#3800 = CIRCLE('',#3801,6.35);
#3801 = AXIS2_PLACEMENT_3D('',#3802,#3803,#3804);
#3802 = CARTESIAN_POINT('',(-44.,-22.,19.));
#3803 = DIRECTION('',(0.,0.,1.));
#3804 = DIRECTION('',(1.,0.,0.));
#3805 = PCURVE('',#3752,#3806);
#3806 = DEFINITIONAL_REPRESENTATION('',(#3807),#3811);
#3807 = LINE('',#3808,#3809);
#3808 = CARTESIAN_POINT('',(-0.,-3.));
#3809 = VECTOR('',#3810,1.);
#3810 = DIRECTION('',(-1.,0.));
#3811 = ( GEOMETRIC_REPRESENTATION_CONTEXT(2) 
PARAMETRIC_REPRESENTATION_CONTEXT() REPRESENTATION_CONTEXT('2D SPACE',''
  ) );
#3812 = PCURVE('',#3813,#3818);
#3813 = CONICAL_SURFACE('',#3814,6.35,0.785398163397);
#3814 = AXIS2_PLACEMENT_3D('',#3815,#3816,#3817);
#3815 = CARTESIAN_POINT('',(-44.,-22.,19.));
#3816 = DIRECTION('',(-0.,-0.,-1.));
#3817 = DIRECTION('',(1.,0.,0.));
#3818 = DEFINITIONAL_REPRESENTATION('',(#3819),#3823);
#3819 = LINE('',#3820,#3821);
#3820 = CARTESIAN_POINT('',(-0.,-0.));
#3821 = VECTOR('',#3822,1.);
#3822 = DIRECTION('',(-1.,-0.));
#3823 = ( GEOMETRIC_REPRESENTATION_CONTEXT(2) 
PARAMETRIC_REPRESENTATION_CONTEXT() REPRESENTATION_CONTEXT('2D SPACE',''
  ) );
#3824 = ORIENTED_EDGE('',*,*,#3775,.F.);
#3825 = ADVANCED_FACE('',(#3826),#3813,.T.);
#3826 = FACE_BOUND('',#3827,.T.);
#3827 = EDGE_LOOP('',(#3828,#3849,#3850,#3851));
#3828 = ORIENTED_EDGE('',*,*,#3829,.F.);
#3829 = EDGE_CURVE('',#3776,#3830,#3832,.T.);
#3830 = VERTEX_POINT('',#3831);
#3831 = CARTESIAN_POINT('',(-37.85,-22.,19.2));
#3832 = SEAM_CURVE('',#3833,(#3837,#3843),.PCURVE_S1.);
#3833 = LINE('',#3834,#3835);
#3834 = CARTESIAN_POINT('',(-37.65,-22.,19.));
#3835 = VECTOR('',#3836,1.);
#3836 = DIRECTION('',(-0.707106781187,0.,0.707106781187));
#3837 = PCURVE('',#3813,#3838);
#3838 = DEFINITIONAL_REPRESENTATION('',(#3839),#3842);
#3839 = B_SPLINE_CURVE_WITH_KNOTS('',1,(#3840,#3841),.UNSPECIFIED.,.F.,
  .F.,(2,2),(0.,0.282842712475),.PIECEWISE_BEZIER_KNOTS.);
#3840 = CARTESIAN_POINT('',(0.,0.));
#3841 = CARTESIAN_POINT('',(0.,-0.2));
#3842 = ( GEOMETRIC_REPRESENTATION_CONTEXT(2) 
PARAMETRIC_REPRESENTATION_CONTEXT() REPRESENTATION_CONTEXT('2D SPACE',''
  ) );
#3843 = PCURVE('',#3813,#3844);
#3844 = DEFINITIONAL_REPRESENTATION('',(#3845),#3848);
#3845 = B_SPLINE_CURVE_WITH_KNOTS('',1,(#3846,#3847),.UNSPECIFIED.,.F.,
  .F.,(2,2),(0.,0.282842712475),.PIECEWISE_BEZIER_KNOTS.);
#3846 = CARTESIAN_POINT('',(-6.28318530718,0.));
#3847 = CARTESIAN_POINT('',(-6.28318530718,-0.2));
#3848 = ( GEOMETRIC_REPRESENTATION_CONTEXT(2) 
PARAMETRIC_REPRESENTATION_CONTEXT() REPRESENTATION_CONTEXT('2D SPACE',''
  ) );
#3849 = ORIENTED_EDGE('',*,*,#3798,.T.);
#3850 = ORIENTED_EDGE('',*,*,#3829,.T.);
#3851 = ORIENTED_EDGE('',*,*,#3852,.F.);
#3852 = EDGE_CURVE('',#3830,#3830,#3853,.T.);
#3853 = SURFACE_CURVE('',#3854,(#3859,#3866),.PCURVE_S1.);
#3854 = CIRCLE('',#3855,6.15);
#3855 = AXIS2_PLACEMENT_3D('',#3856,#3857,#3858);
#3856 = CARTESIAN_POINT('',(-44.,-22.,19.2));
#3857 = DIRECTION('',(0.,0.,1.));
#3858 = DIRECTION('',(1.,0.,0.));
#3859 = PCURVE('',#3813,#3860);
#3860 = DEFINITIONAL_REPRESENTATION('',(#3861),#3865);
#3861 = LINE('',#3862,#3863);
#3862 = CARTESIAN_POINT('',(-0.,-0.2));
#3863 = VECTOR('',#3864,1.);
#3864 = DIRECTION('',(-1.,-0.));
#3865 = ( GEOMETRIC_REPRESENTATION_CONTEXT(2) 
PARAMETRIC_REPRESENTATION_CONTEXT() REPRESENTATION_CONTEXT('2D SPACE',''
  ) );
#3866 = PCURVE('',#3867,#3872);
#3867 = PLANE('',#3868);
#3868 = AXIS2_PLACEMENT_3D('',#3869,#3870,#3871);
#3869 = CARTESIAN_POINT('',(-44.,-22.,19.2));
#3870 = DIRECTION('',(0.,0.,1.));
#3871 = DIRECTION('',(1.,0.,0.));
#3872 = DEFINITIONAL_REPRESENTATION('',(#3873),#3877);
#3873 = CIRCLE('',#3874,6.15);
#3874 = AXIS2_PLACEMENT_2D('',#3875,#3876);
#3875 = CARTESIAN_POINT('',(0.,-6.021627052289E-16));
#3876 = DIRECTION('',(1.,0.));
#3877 = ( GEOMETRIC_REPRESENTATION_CONTEXT(2) 
PARAMETRIC_REPRESENTATION_CONTEXT() REPRESENTATION_CONTEXT('2D SPACE',''
  ) );
#3878 = ADVANCED_FACE('',(#3879),#3867,.T.);
#3879 = FACE_BOUND('',#3880,.T.);
#3880 = EDGE_LOOP('',(#3881));
#3881 = ORIENTED_EDGE('',*,*,#3852,.T.);
#3882 = ( GEOMETRIC_REPRESENTATION_CONTEXT(3) 
GLOBAL_UNCERTAINTY_ASSIGNED_CONTEXT((#3886)) 
GLOBAL_UNIT_ASSIGNED_CONTEXT((#3883,#3884,#3885)) REPRESENTATION_CONTEXT
('Context #1','3D Context with UNIT and UNCERTAINTY') );
#3883 = ( LENGTH_UNIT() NAMED_UNIT(*) SI_UNIT(.MILLI.,.METRE.) );
#3884 = ( NAMED_UNIT(*) PLANE_ANGLE_UNIT() SI_UNIT($,.RADIAN.) );
#3885 = ( NAMED_UNIT(*) SI_UNIT($,.STERADIAN.) SOLID_ANGLE_UNIT() );
#3886 = UNCERTAINTY_MEASURE_WITH_UNIT(LENGTH_MEASURE(1.E-07),#3883,
  'distance_accuracy_value','confusion accuracy');
#3887 = CONTEXT_DEPENDENT_SHAPE_REPRESENTATION(#3888,#3890);
#3888 = ( REPRESENTATION_RELATIONSHIP('','',#3399,#10) 
REPRESENTATION_RELATIONSHIP_WITH_TRANSFORMATION(#3889) 
SHAPE_REPRESENTATION_RELATIONSHIP() );
#3889 = ITEM_DEFINED_TRANSFORMATION('','',#11,#19);
#3890 = PRODUCT_DEFINITION_SHAPE('Placement','Placement of an item',
  #3891);
#3891 = NEXT_ASSEMBLY_USAGE_OCCURRENCE('150','stub 1 stub','',#5,#3394,$
  );
#3892 = PRODUCT_RELATED_PRODUCT_CATEGORY('part',$,(#3396));
#3893 = SHAPE_DEFINITION_REPRESENTATION(#3894,#3900);
#3894 = PRODUCT_DEFINITION_SHAPE('','',#3895);
#3895 = PRODUCT_DEFINITION('design','',#3896,#3899);
#3896 = PRODUCT_DEFINITION_FORMATION('','',#3897);
#3897 = PRODUCT('stub 1 carbon tab','stub 1 carbon tab','',(#3898));
#3898 = PRODUCT_CONTEXT('',#2,'mechanical');
#3899 = PRODUCT_DEFINITION_CONTEXT('part definition',#2,'design');
#3900 = ADVANCED_BREP_SHAPE_REPRESENTATION('',(#11,#3901),#3999);
#3901 = MANIFOLD_SOLID_BREP('',#3902);
#3902 = CLOSED_SHELL('',(#3903,#3991,#3995));
#3903 = ADVANCED_FACE('',(#3904),#3918,.T.);
#3904 = FACE_BOUND('',#3905,.F.);
#3905 = EDGE_LOOP('',(#3906,#3936,#3963,#3964));
#3906 = ORIENTED_EDGE('',*,*,#3907,.T.);
#3907 = EDGE_CURVE('',#3908,#3910,#3912,.T.);
#3908 = VERTEX_POINT('',#3909);
#3909 = CARTESIAN_POINT('',(-38.15,-22.,19.2));
#3910 = VERTEX_POINT('',#3911);
#3911 = CARTESIAN_POINT('',(-38.15,-22.,19.35));
#3912 = SEAM_CURVE('',#3913,(#3917,#3929),.PCURVE_S1.);
#3913 = LINE('',#3914,#3915);
#3914 = CARTESIAN_POINT('',(-38.15,-22.,19.2));
#3915 = VECTOR('',#3916,1.);
#3916 = DIRECTION('',(0.,0.,1.));
#3917 = PCURVE('',#3918,#3923);
#3918 = CYLINDRICAL_SURFACE('',#3919,5.85);
#3919 = AXIS2_PLACEMENT_3D('',#3920,#3921,#3922);
#3920 = CARTESIAN_POINT('',(-44.,-22.,19.2));
#3921 = DIRECTION('',(-0.,-0.,-1.));
#3922 = DIRECTION('',(1.,0.,0.));
#3923 = DEFINITIONAL_REPRESENTATION('',(#3924),#3928);
#3924 = LINE('',#3925,#3926);
#3925 = CARTESIAN_POINT('',(-0.,0.));
#3926 = VECTOR('',#3927,1.);
#3927 = DIRECTION('',(-0.,-1.));
#3928 = ( GEOMETRIC_REPRESENTATION_CONTEXT(2) 
PARAMETRIC_REPRESENTATION_CONTEXT() REPRESENTATION_CONTEXT('2D SPACE',''
  ) );
#3929 = PCURVE('',#3918,#3930);
#3930 = DEFINITIONAL_REPRESENTATION('',(#3931),#3935);
#3931 = LINE('',#3932,#3933);
#3932 = CARTESIAN_POINT('',(-6.28318530718,0.));
#3933 = VECTOR('',#3934,1.);
#3934 = DIRECTION('',(-0.,-1.));
#3935 = ( GEOMETRIC_REPRESENTATION_CONTEXT(2) 
PARAMETRIC_REPRESENTATION_CONTEXT() REPRESENTATION_CONTEXT('2D SPACE',''
  ) );
#3936 = ORIENTED_EDGE('',*,*,#3937,.T.);
#3937 = EDGE_CURVE('',#3910,#3910,#3938,.T.);
#3938 = SURFACE_CURVE('',#3939,(#3944,#3951),.PCURVE_S1.);
#3939 = CIRCLE('',#3940,5.85);
#3940 = AXIS2_PLACEMENT_3D('',#3941,#3942,#3943);
#3941 = CARTESIAN_POINT('',(-44.,-22.,19.35));
#3942 = DIRECTION('',(0.,0.,1.));
#3943 = DIRECTION('',(1.,0.,0.));
#3944 = PCURVE('',#3918,#3945);
#3945 = DEFINITIONAL_REPRESENTATION('',(#3946),#3950);
#3946 = LINE('',#3947,#3948);
#3947 = CARTESIAN_POINT('',(-0.,-0.15));
#3948 = VECTOR('',#3949,1.);
#3949 = DIRECTION('',(-1.,0.));
#3950 = ( GEOMETRIC_REPRESENTATION_CONTEXT(2) 
PARAMETRIC_REPRESENTATION_CONTEXT() REPRESENTATION_CONTEXT('2D SPACE',''
  ) );
#3951 = PCURVE('',#3952,#3957);
#3952 = PLANE('',#3953);
#3953 = AXIS2_PLACEMENT_3D('',#3954,#3955,#3956);
#3954 = CARTESIAN_POINT('',(-44.,-22.,19.35));
#3955 = DIRECTION('',(0.,0.,1.));
#3956 = DIRECTION('',(1.,0.,0.));
#3957 = DEFINITIONAL_REPRESENTATION('',(#3958),#3962);
#3958 = CIRCLE('',#3959,5.85);
#3959 = AXIS2_PLACEMENT_2D('',#3960,#3961);
#3960 = CARTESIAN_POINT('',(2.337504500067E-16,-2.286947741797E-16));
#3961 = DIRECTION('',(1.,0.));
#3962 = ( GEOMETRIC_REPRESENTATION_CONTEXT(2) 
PARAMETRIC_REPRESENTATION_CONTEXT() REPRESENTATION_CONTEXT('2D SPACE',''
  ) );
#3963 = ORIENTED_EDGE('',*,*,#3907,.F.);
#3964 = ORIENTED_EDGE('',*,*,#3965,.F.);
#3965 = EDGE_CURVE('',#3908,#3908,#3966,.T.);
#3966 = SURFACE_CURVE('',#3967,(#3972,#3979),.PCURVE_S1.);
#3967 = CIRCLE('',#3968,5.85);
#3968 = AXIS2_PLACEMENT_3D('',#3969,#3970,#3971);
#3969 = CARTESIAN_POINT('',(-44.,-22.,19.2));
#3970 = DIRECTION('',(0.,0.,1.));
#3971 = DIRECTION('',(1.,0.,0.));
#3972 = PCURVE('',#3918,#3973);
#3973 = DEFINITIONAL_REPRESENTATION('',(#3974),#3978);
#3974 = LINE('',#3975,#3976);
#3975 = CARTESIAN_POINT('',(-0.,0.));
#3976 = VECTOR('',#3977,1.);
#3977 = DIRECTION('',(-1.,0.));
#3978 = ( GEOMETRIC_REPRESENTATION_CONTEXT(2) 
PARAMETRIC_REPRESENTATION_CONTEXT() REPRESENTATION_CONTEXT('2D SPACE',''
  ) );
#3979 = PCURVE('',#3980,#3985);
#3980 = PLANE('',#3981);
#3981 = AXIS2_PLACEMENT_3D('',#3982,#3983,#3984);
#3982 = CARTESIAN_POINT('',(-44.,-22.,19.2));
#3983 = DIRECTION('',(0.,0.,1.));
#3984 = DIRECTION('',(1.,0.,0.));
#3985 = DEFINITIONAL_REPRESENTATION('',(#3986),#3990);
#3986 = CIRCLE('',#3987,5.85);
#3987 = AXIS2_PLACEMENT_2D('',#3988,#3989);
#3988 = CARTESIAN_POINT('',(2.337504500067E-16,-2.286947741797E-16));
#3989 = DIRECTION('',(1.,0.));
#3990 = ( GEOMETRIC_REPRESENTATION_CONTEXT(2) 
PARAMETRIC_REPRESENTATION_CONTEXT() REPRESENTATION_CONTEXT('2D SPACE',''
  ) );
#3991 = ADVANCED_FACE('',(#3992),#3980,.F.);
#3992 = FACE_BOUND('',#3993,.F.);
#3993 = EDGE_LOOP('',(#3994));
#3994 = ORIENTED_EDGE('',*,*,#3965,.T.);
#3995 = ADVANCED_FACE('',(#3996),#3952,.T.);
#3996 = FACE_BOUND('',#3997,.T.);
#3997 = EDGE_LOOP('',(#3998));
#3998 = ORIENTED_EDGE('',*,*,#3937,.T.);
#3999 = ( GEOMETRIC_REPRESENTATION_CONTEXT(3) 
GLOBAL_UNCERTAINTY_ASSIGNED_CONTEXT((#4003)) 
GLOBAL_UNIT_ASSIGNED_CONTEXT((#4000,#4001,#4002)) REPRESENTATION_CONTEXT
('Context #1','3D Context with UNIT and UNCERTAINTY') );
#4000 = ( LENGTH_UNIT() NAMED_UNIT(*) SI_UNIT(.MILLI.,.METRE.) );
#4001 = ( NAMED_UNIT(*) PLANE_ANGLE_UNIT() SI_UNIT($,.RADIAN.) );
#4002 = ( NAMED_UNIT(*) SI_UNIT($,.STERADIAN.) SOLID_ANGLE_UNIT() );
#4003 = UNCERTAINTY_MEASURE_WITH_UNIT(LENGTH_MEASURE(1.E-07),#4000,
  'distance_accuracy_value','confusion accuracy');
#4004 = CONTEXT_DEPENDENT_SHAPE_REPRESENTATION(#4005,#4007);
#4005 = ( REPRESENTATION_RELATIONSHIP('','',#3900,#10) 
REPRESENTATION_RELATIONSHIP_WITH_TRANSFORMATION(#4006) 
SHAPE_REPRESENTATION_RELATIONSHIP() );
#4006 = ITEM_DEFINED_TRANSFORMATION('','',#11,#23);
#4007 = PRODUCT_DEFINITION_SHAPE('Placement','Placement of an item',
  #4008);
#4008 = NEXT_ASSEMBLY_USAGE_OCCURRENCE('151','stub 1 carbon tab','',#5,
  #3895,$);
#4009 = PRODUCT_RELATED_PRODUCT_CATEGORY('part',$,(#3897));
#4010 = SHAPE_DEFINITION_REPRESENTATION(#4011,#4017);
#4011 = PRODUCT_DEFINITION_SHAPE('','',#4012);
#4012 = PRODUCT_DEFINITION('design','',#4013,#4016);
#4013 = PRODUCT_DEFINITION_FORMATION('','',#4014);
#4014 = PRODUCT('stub 1 sample','stub 1 sample','',(#4015));
#4015 = PRODUCT_CONTEXT('',#2,'mechanical');
#4016 = PRODUCT_DEFINITION_CONTEXT('part definition',#2,'design');
#4017 = ADVANCED_BREP_SHAPE_REPRESENTATION('',(#11,#4018),#4668);
#4018 = MANIFOLD_SOLID_BREP('',#4019);
#4019 = CLOSED_SHELL('',(#4020,#4140,#4218,#4296,#4372,#4450,#4526,#4599
    ,#4646,#4657));
#4020 = ADVANCED_FACE('',(#4021),#4035,.T.);
#4021 = FACE_BOUND('',#4022,.T.);
#4022 = EDGE_LOOP('',(#4023,#4058,#4086,#4114));
#4023 = ORIENTED_EDGE('',*,*,#4024,.T.);
#4024 = EDGE_CURVE('',#4025,#4027,#4029,.T.);
#4025 = VERTEX_POINT('',#4026);
#4026 = CARTESIAN_POINT('',(-46.8575,-23.8225,19.35));
#4027 = VERTEX_POINT('',#4028);
#4028 = CARTESIAN_POINT('',(-46.8575,-23.8225,20.85));
#4029 = SURFACE_CURVE('',#4030,(#4034,#4046),.PCURVE_S1.);
#4030 = LINE('',#4031,#4032);
#4031 = CARTESIAN_POINT('',(-46.8575,-23.8225,19.35));
#4032 = VECTOR('',#4033,1.);
#4033 = DIRECTION('',(0.,0.,1.));
#4034 = PCURVE('',#4035,#4040);
#4035 = PLANE('',#4036);
#4036 = AXIS2_PLACEMENT_3D('',#4037,#4038,#4039);
#4037 = CARTESIAN_POINT('',(-46.8575,-23.8225,19.35));
#4038 = DIRECTION('',(-1.,0.,0.));
#4039 = DIRECTION('',(0.,1.,0.));
#4040 = DEFINITIONAL_REPRESENTATION('',(#4041),#4045);
#4041 = LINE('',#4042,#4043);
#4042 = CARTESIAN_POINT('',(0.,0.));
#4043 = VECTOR('',#4044,1.);
#4044 = DIRECTION('',(0.,-1.));
#4045 = ( GEOMETRIC_REPRESENTATION_CONTEXT(2) 
PARAMETRIC_REPRESENTATION_CONTEXT() REPRESENTATION_CONTEXT('2D SPACE',''
  ) );
#4046 = PCURVE('',#4047,#4052);
#4047 = CYLINDRICAL_SURFACE('',#4048,0.4);
#4048 = AXIS2_PLACEMENT_3D('',#4049,#4050,#4051);
#4049 = CARTESIAN_POINT('',(-46.4575,-23.8225,19.35));
#4050 = DIRECTION('',(-0.,-0.,-1.));
#4051 = DIRECTION('',(1.,0.,0.));
#4052 = DEFINITIONAL_REPRESENTATION('',(#4053),#4057);
#4053 = LINE('',#4054,#4055);
#4054 = CARTESIAN_POINT('',(-3.14159265359,0.));
#4055 = VECTOR('',#4056,1.);
#4056 = DIRECTION('',(-0.,-1.));
#4057 = ( GEOMETRIC_REPRESENTATION_CONTEXT(2) 
PARAMETRIC_REPRESENTATION_CONTEXT() REPRESENTATION_CONTEXT('2D SPACE',''
  ) );
#4058 = ORIENTED_EDGE('',*,*,#4059,.T.);
#4059 = EDGE_CURVE('',#4027,#4060,#4062,.T.);
#4060 = VERTEX_POINT('',#4061);
#4061 = CARTESIAN_POINT('',(-46.8575,-20.1775,20.85));
#4062 = SURFACE_CURVE('',#4063,(#4067,#4074),.PCURVE_S1.);
#4063 = LINE('',#4064,#4065);
#4064 = CARTESIAN_POINT('',(-46.8575,-22.,20.85));
#4065 = VECTOR('',#4066,1.);
#4066 = DIRECTION('',(0.,1.,0.));
#4067 = PCURVE('',#4035,#4068);
#4068 = DEFINITIONAL_REPRESENTATION('',(#4069),#4073);
#4069 = LINE('',#4070,#4071);
#4070 = CARTESIAN_POINT('',(1.8225,-1.5));
#4071 = VECTOR('',#4072,1.);
#4072 = DIRECTION('',(1.,0.));
#4073 = ( GEOMETRIC_REPRESENTATION_CONTEXT(2) 
PARAMETRIC_REPRESENTATION_CONTEXT() REPRESENTATION_CONTEXT('2D SPACE',''
  ) );
#4074 = PCURVE('',#4075,#4080);
#4075 = PLANE('',#4076);
#4076 = AXIS2_PLACEMENT_3D('',#4077,#4078,#4079);
#4077 = CARTESIAN_POINT('',(-44.,-22.,20.85));
#4078 = DIRECTION('',(0.,0.,1.));
#4079 = DIRECTION('',(1.,0.,0.));
#4080 = DEFINITIONAL_REPRESENTATION('',(#4081),#4085);
#4081 = LINE('',#4082,#4083);
#4082 = CARTESIAN_POINT('',(-2.8575,0.));
#4083 = VECTOR('',#4084,1.);
#4084 = DIRECTION('',(0.,1.));
#4085 = ( GEOMETRIC_REPRESENTATION_CONTEXT(2) 
PARAMETRIC_REPRESENTATION_CONTEXT() REPRESENTATION_CONTEXT('2D SPACE',''
  ) );
#4086 = ORIENTED_EDGE('',*,*,#4087,.F.);
#4087 = EDGE_CURVE('',#4088,#4060,#4090,.T.);
#4088 = VERTEX_POINT('',#4089);
#4089 = CARTESIAN_POINT('',(-46.8575,-20.1775,19.35));
#4090 = SURFACE_CURVE('',#4091,(#4095,#4102),.PCURVE_S1.);
#4091 = LINE('',#4092,#4093);
#4092 = CARTESIAN_POINT('',(-46.8575,-20.1775,19.35));
#4093 = VECTOR('',#4094,1.);
#4094 = DIRECTION('',(0.,0.,1.));
#4095 = PCURVE('',#4035,#4096);
#4096 = DEFINITIONAL_REPRESENTATION('',(#4097),#4101);
#4097 = LINE('',#4098,#4099);
#4098 = CARTESIAN_POINT('',(3.645,0.));
#4099 = VECTOR('',#4100,1.);
#4100 = DIRECTION('',(0.,-1.));
#4101 = ( GEOMETRIC_REPRESENTATION_CONTEXT(2) 
PARAMETRIC_REPRESENTATION_CONTEXT() REPRESENTATION_CONTEXT('2D SPACE',''
  ) );
#4102 = PCURVE('',#4103,#4108);
#4103 = CYLINDRICAL_SURFACE('',#4104,0.4);
#4104 = AXIS2_PLACEMENT_3D('',#4105,#4106,#4107);
#4105 = CARTESIAN_POINT('',(-46.4575,-20.1775,19.35));
#4106 = DIRECTION('',(-0.,-0.,-1.));
#4107 = DIRECTION('',(1.,0.,0.));
#4108 = DEFINITIONAL_REPRESENTATION('',(#4109),#4113);
#4109 = LINE('',#4110,#4111);
#4110 = CARTESIAN_POINT('',(-3.14159265359,0.));
#4111 = VECTOR('',#4112,1.);
#4112 = DIRECTION('',(-0.,-1.));
#4113 = ( GEOMETRIC_REPRESENTATION_CONTEXT(2) 
PARAMETRIC_REPRESENTATION_CONTEXT() REPRESENTATION_CONTEXT('2D SPACE',''
  ) );
#4114 = ORIENTED_EDGE('',*,*,#4115,.F.);
#4115 = EDGE_CURVE('',#4025,#4088,#4116,.T.);
#4116 = SURFACE_CURVE('',#4117,(#4121,#4128),.PCURVE_S1.);
#4117 = LINE('',#4118,#4119);
#4118 = CARTESIAN_POINT('',(-46.8575,-22.,19.35));
#4119 = VECTOR('',#4120,1.);
#4120 = DIRECTION('',(0.,1.,0.));
#4121 = PCURVE('',#4035,#4122);
#4122 = DEFINITIONAL_REPRESENTATION('',(#4123),#4127);
#4123 = LINE('',#4124,#4125);
#4124 = CARTESIAN_POINT('',(1.8225,0.));
#4125 = VECTOR('',#4126,1.);
#4126 = DIRECTION('',(1.,0.));
#4127 = ( GEOMETRIC_REPRESENTATION_CONTEXT(2) 
PARAMETRIC_REPRESENTATION_CONTEXT() REPRESENTATION_CONTEXT('2D SPACE',''
  ) );
#4128 = PCURVE('',#4129,#4134);
#4129 = PLANE('',#4130);
#4130 = AXIS2_PLACEMENT_3D('',#4131,#4132,#4133);
#4131 = CARTESIAN_POINT('',(-44.,-22.,19.35));
#4132 = DIRECTION('',(0.,0.,1.));
#4133 = DIRECTION('',(1.,0.,0.));
#4134 = DEFINITIONAL_REPRESENTATION('',(#4135),#4139);
#4135 = LINE('',#4136,#4137);
#4136 = CARTESIAN_POINT('',(-2.8575,0.));
#4137 = VECTOR('',#4138,1.);
#4138 = DIRECTION('',(0.,1.));
#4139 = ( GEOMETRIC_REPRESENTATION_CONTEXT(2) 
PARAMETRIC_REPRESENTATION_CONTEXT() REPRESENTATION_CONTEXT('2D SPACE',''
  ) );
#4140 = ADVANCED_FACE('',(#4141),#4103,.T.);
#4141 = FACE_BOUND('',#4142,.F.);
#4142 = EDGE_LOOP('',(#4143,#4173,#4195,#4196));
#4143 = ORIENTED_EDGE('',*,*,#4144,.T.);
#4144 = EDGE_CURVE('',#4145,#4147,#4149,.T.);
#4145 = VERTEX_POINT('',#4146);
#4146 = CARTESIAN_POINT('',(-46.4575,-19.7775,19.35));
#4147 = VERTEX_POINT('',#4148);
#4148 = CARTESIAN_POINT('',(-46.4575,-19.7775,20.85));
#4149 = SURFACE_CURVE('',#4150,(#4154,#4161),.PCURVE_S1.);
#4150 = LINE('',#4151,#4152);
#4151 = CARTESIAN_POINT('',(-46.4575,-19.7775,19.35));
#4152 = VECTOR('',#4153,1.);
#4153 = DIRECTION('',(0.,0.,1.));
#4154 = PCURVE('',#4103,#4155);
#4155 = DEFINITIONAL_REPRESENTATION('',(#4156),#4160);
#4156 = LINE('',#4157,#4158);
#4157 = CARTESIAN_POINT('',(-1.570796326795,0.));
#4158 = VECTOR('',#4159,1.);
#4159 = DIRECTION('',(-0.,-1.));
#4160 = ( GEOMETRIC_REPRESENTATION_CONTEXT(2) 
PARAMETRIC_REPRESENTATION_CONTEXT() REPRESENTATION_CONTEXT('2D SPACE',''
  ) );
#4161 = PCURVE('',#4162,#4167);
#4162 = PLANE('',#4163);
#4163 = AXIS2_PLACEMENT_3D('',#4164,#4165,#4166);
#4164 = CARTESIAN_POINT('',(-46.4575,-19.7775,19.35));
#4165 = DIRECTION('',(0.,1.,0.));
#4166 = DIRECTION('',(1.,0.,0.));
#4167 = DEFINITIONAL_REPRESENTATION('',(#4168),#4172);
#4168 = LINE('',#4169,#4170);
#4169 = CARTESIAN_POINT('',(0.,0.));
#4170 = VECTOR('',#4171,1.);
#4171 = DIRECTION('',(0.,-1.));
#4172 = ( GEOMETRIC_REPRESENTATION_CONTEXT(2) 
PARAMETRIC_REPRESENTATION_CONTEXT() REPRESENTATION_CONTEXT('2D SPACE',''
  ) );
#4173 = ORIENTED_EDGE('',*,*,#4174,.T.);
#4174 = EDGE_CURVE('',#4147,#4060,#4175,.T.);
#4175 = SURFACE_CURVE('',#4176,(#4181,#4188),.PCURVE_S1.);
#4176 = CIRCLE('',#4177,0.4);
#4177 = AXIS2_PLACEMENT_3D('',#4178,#4179,#4180);
#4178 = CARTESIAN_POINT('',(-46.4575,-20.1775,20.85));
#4179 = DIRECTION('',(0.,0.,1.));
#4180 = DIRECTION('',(1.,0.,0.));
#4181 = PCURVE('',#4103,#4182);
#4182 = DEFINITIONAL_REPRESENTATION('',(#4183),#4187);
#4183 = LINE('',#4184,#4185);
#4184 = CARTESIAN_POINT('',(-0.,-1.5));
#4185 = VECTOR('',#4186,1.);
#4186 = DIRECTION('',(-1.,0.));
#4187 = ( GEOMETRIC_REPRESENTATION_CONTEXT(2) 
PARAMETRIC_REPRESENTATION_CONTEXT() REPRESENTATION_CONTEXT('2D SPACE',''
  ) );
#4188 = PCURVE('',#4075,#4189);
#4189 = DEFINITIONAL_REPRESENTATION('',(#4190),#4194);
#4190 = CIRCLE('',#4191,0.4);
#4191 = AXIS2_PLACEMENT_2D('',#4192,#4193);
#4192 = CARTESIAN_POINT('',(-2.4575,1.8225));
#4193 = DIRECTION('',(1.,0.));
#4194 = ( GEOMETRIC_REPRESENTATION_CONTEXT(2) 
PARAMETRIC_REPRESENTATION_CONTEXT() REPRESENTATION_CONTEXT('2D SPACE',''
  ) );
#4195 = ORIENTED_EDGE('',*,*,#4087,.F.);
#4196 = ORIENTED_EDGE('',*,*,#4197,.F.);
#4197 = EDGE_CURVE('',#4145,#4088,#4198,.T.);
#4198 = SURFACE_CURVE('',#4199,(#4204,#4211),.PCURVE_S1.);
#4199 = CIRCLE('',#4200,0.4);
#4200 = AXIS2_PLACEMENT_3D('',#4201,#4202,#4203);
#4201 = CARTESIAN_POINT('',(-46.4575,-20.1775,19.35));
#4202 = DIRECTION('',(0.,0.,1.));
#4203 = DIRECTION('',(1.,0.,0.));
#4204 = PCURVE('',#4103,#4205);
#4205 = DEFINITIONAL_REPRESENTATION('',(#4206),#4210);
#4206 = LINE('',#4207,#4208);
#4207 = CARTESIAN_POINT('',(-0.,0.));
#4208 = VECTOR('',#4209,1.);
#4209 = DIRECTION('',(-1.,0.));
#4210 = ( GEOMETRIC_REPRESENTATION_CONTEXT(2) 
PARAMETRIC_REPRESENTATION_CONTEXT() REPRESENTATION_CONTEXT('2D SPACE',''
  ) );
#4211 = PCURVE('',#4129,#4212);
#4212 = DEFINITIONAL_REPRESENTATION('',(#4213),#4217);
#4213 = CIRCLE('',#4214,0.4);
#4214 = AXIS2_PLACEMENT_2D('',#4215,#4216);
#4215 = CARTESIAN_POINT('',(-2.4575,1.8225));
#4216 = DIRECTION('',(1.,0.));
#4217 = ( GEOMETRIC_REPRESENTATION_CONTEXT(2) 
PARAMETRIC_REPRESENTATION_CONTEXT() REPRESENTATION_CONTEXT('2D SPACE',''
  ) );
#4218 = ADVANCED_FACE('',(#4219),#4047,.T.);
#4219 = FACE_BOUND('',#4220,.F.);
#4220 = EDGE_LOOP('',(#4221,#4222,#4246,#4274));
#4221 = ORIENTED_EDGE('',*,*,#4024,.T.);
#4222 = ORIENTED_EDGE('',*,*,#4223,.T.);
#4223 = EDGE_CURVE('',#4027,#4224,#4226,.T.);
#4224 = VERTEX_POINT('',#4225);
#4225 = CARTESIAN_POINT('',(-46.4575,-24.2225,20.85));
#4226 = SURFACE_CURVE('',#4227,(#4232,#4239),.PCURVE_S1.);
#4227 = CIRCLE('',#4228,0.4);
#4228 = AXIS2_PLACEMENT_3D('',#4229,#4230,#4231);
#4229 = CARTESIAN_POINT('',(-46.4575,-23.8225,20.85));
#4230 = DIRECTION('',(0.,0.,1.));
#4231 = DIRECTION('',(1.,0.,0.));
#4232 = PCURVE('',#4047,#4233);
#4233 = DEFINITIONAL_REPRESENTATION('',(#4234),#4238);
#4234 = LINE('',#4235,#4236);
#4235 = CARTESIAN_POINT('',(-0.,-1.5));
#4236 = VECTOR('',#4237,1.);
#4237 = DIRECTION('',(-1.,0.));
#4238 = ( GEOMETRIC_REPRESENTATION_CONTEXT(2) 
PARAMETRIC_REPRESENTATION_CONTEXT() REPRESENTATION_CONTEXT('2D SPACE',''
  ) );
#4239 = PCURVE('',#4075,#4240);
#4240 = DEFINITIONAL_REPRESENTATION('',(#4241),#4245);
#4241 = CIRCLE('',#4242,0.4);
#4242 = AXIS2_PLACEMENT_2D('',#4243,#4244);
#4243 = CARTESIAN_POINT('',(-2.4575,-1.8225));
#4244 = DIRECTION('',(1.,0.));
#4245 = ( GEOMETRIC_REPRESENTATION_CONTEXT(2) 
PARAMETRIC_REPRESENTATION_CONTEXT() REPRESENTATION_CONTEXT('2D SPACE',''
  ) );
#4246 = ORIENTED_EDGE('',*,*,#4247,.F.);
#4247 = EDGE_CURVE('',#4248,#4224,#4250,.T.);
#4248 = VERTEX_POINT('',#4249);
#4249 = CARTESIAN_POINT('',(-46.4575,-24.2225,19.35));
#4250 = SURFACE_CURVE('',#4251,(#4255,#4262),.PCURVE_S1.);
#4251 = LINE('',#4252,#4253);
#4252 = CARTESIAN_POINT('',(-46.4575,-24.2225,19.35));
#4253 = VECTOR('',#4254,1.);
#4254 = DIRECTION('',(0.,0.,1.));
#4255 = PCURVE('',#4047,#4256);
#4256 = DEFINITIONAL_REPRESENTATION('',(#4257),#4261);
#4257 = LINE('',#4258,#4259);
#4258 = CARTESIAN_POINT('',(-4.712388980385,0.));
#4259 = VECTOR('',#4260,1.);
#4260 = DIRECTION('',(-0.,-1.));
#4261 = ( GEOMETRIC_REPRESENTATION_CONTEXT(2) 
PARAMETRIC_REPRESENTATION_CONTEXT() REPRESENTATION_CONTEXT('2D SPACE',''
  ) );
#4262 = PCURVE('',#4263,#4268);
#4263 = PLANE('',#4264);
#4264 = AXIS2_PLACEMENT_3D('',#4265,#4266,#4267);
#4265 = CARTESIAN_POINT('',(-46.4575,-24.2225,19.35));
#4266 = DIRECTION('',(0.,1.,0.));
#4267 = DIRECTION('',(1.,0.,0.));
#4268 = DEFINITIONAL_REPRESENTATION('',(#4269),#4273);
#4269 = LINE('',#4270,#4271);
#4270 = CARTESIAN_POINT('',(0.,0.));
#4271 = VECTOR('',#4272,1.);
#4272 = DIRECTION('',(0.,-1.));
#4273 = ( GEOMETRIC_REPRESENTATION_CONTEXT(2) 
PARAMETRIC_REPRESENTATION_CONTEXT() REPRESENTATION_CONTEXT('2D SPACE',''
  ) );
#4274 = ORIENTED_EDGE('',*,*,#4275,.F.);
#4275 = EDGE_CURVE('',#4025,#4248,#4276,.T.);
#4276 = SURFACE_CURVE('',#4277,(#4282,#4289),.PCURVE_S1.);
#4277 = CIRCLE('',#4278,0.4);
#4278 = AXIS2_PLACEMENT_3D('',#4279,#4280,#4281);
#4279 = CARTESIAN_POINT('',(-46.4575,-23.8225,19.35));
#4280 = DIRECTION('',(0.,0.,1.));
#4281 = DIRECTION('',(1.,0.,0.));
#4282 = PCURVE('',#4047,#4283);
#4283 = DEFINITIONAL_REPRESENTATION('',(#4284),#4288);
#4284 = LINE('',#4285,#4286);
#4285 = CARTESIAN_POINT('',(-0.,0.));
#4286 = VECTOR('',#4287,1.);
#4287 = DIRECTION('',(-1.,0.));
#4288 = ( GEOMETRIC_REPRESENTATION_CONTEXT(2) 
PARAMETRIC_REPRESENTATION_CONTEXT() REPRESENTATION_CONTEXT('2D SPACE',''
  ) );
#4289 = PCURVE('',#4129,#4290);
#4290 = DEFINITIONAL_REPRESENTATION('',(#4291),#4295);
#4291 = CIRCLE('',#4292,0.4);
#4292 = AXIS2_PLACEMENT_2D('',#4293,#4294);
#4293 = CARTESIAN_POINT('',(-2.4575,-1.8225));
#4294 = DIRECTION('',(1.,0.));
#4295 = ( GEOMETRIC_REPRESENTATION_CONTEXT(2) 
PARAMETRIC_REPRESENTATION_CONTEXT() REPRESENTATION_CONTEXT('2D SPACE',''
  ) );
#4296 = ADVANCED_FACE('',(#4297),#4263,.F.);
#4297 = FACE_BOUND('',#4298,.F.);
#4298 = EDGE_LOOP('',(#4299,#4300,#4323,#4351));
#4299 = ORIENTED_EDGE('',*,*,#4247,.T.);
#4300 = ORIENTED_EDGE('',*,*,#4301,.T.);
#4301 = EDGE_CURVE('',#4224,#4302,#4304,.T.);
#4302 = VERTEX_POINT('',#4303);
#4303 = CARTESIAN_POINT('',(-41.5425,-24.2225,20.85));
#4304 = SURFACE_CURVE('',#4305,(#4309,#4316),.PCURVE_S1.);
#4305 = LINE('',#4306,#4307);
#4306 = CARTESIAN_POINT('',(-44.,-24.2225,20.85));
#4307 = VECTOR('',#4308,1.);
#4308 = DIRECTION('',(1.,0.,0.));
#4309 = PCURVE('',#4263,#4310);
#4310 = DEFINITIONAL_REPRESENTATION('',(#4311),#4315);
#4311 = LINE('',#4312,#4313);
#4312 = CARTESIAN_POINT('',(2.4575,-1.5));
#4313 = VECTOR('',#4314,1.);
#4314 = DIRECTION('',(1.,0.));
#4315 = ( GEOMETRIC_REPRESENTATION_CONTEXT(2) 
PARAMETRIC_REPRESENTATION_CONTEXT() REPRESENTATION_CONTEXT('2D SPACE',''
  ) );
#4316 = PCURVE('',#4075,#4317);
#4317 = DEFINITIONAL_REPRESENTATION('',(#4318),#4322);
#4318 = LINE('',#4319,#4320);
#4319 = CARTESIAN_POINT('',(0.,-2.2225));
#4320 = VECTOR('',#4321,1.);
#4321 = DIRECTION('',(1.,0.));
#4322 = ( GEOMETRIC_REPRESENTATION_CONTEXT(2) 
PARAMETRIC_REPRESENTATION_CONTEXT() REPRESENTATION_CONTEXT('2D SPACE',''
  ) );
#4323 = ORIENTED_EDGE('',*,*,#4324,.F.);
#4324 = EDGE_CURVE('',#4325,#4302,#4327,.T.);
#4325 = VERTEX_POINT('',#4326);
#4326 = CARTESIAN_POINT('',(-41.5425,-24.2225,19.35));
#4327 = SURFACE_CURVE('',#4328,(#4332,#4339),.PCURVE_S1.);
#4328 = LINE('',#4329,#4330);
#4329 = CARTESIAN_POINT('',(-41.5425,-24.2225,19.35));
#4330 = VECTOR('',#4331,1.);
#4331 = DIRECTION('',(0.,0.,1.));
#4332 = PCURVE('',#4263,#4333);
#4333 = DEFINITIONAL_REPRESENTATION('',(#4334),#4338);
#4334 = LINE('',#4335,#4336);
#4335 = CARTESIAN_POINT('',(4.915,0.));
#4336 = VECTOR('',#4337,1.);
#4337 = DIRECTION('',(0.,-1.));
#4338 = ( GEOMETRIC_REPRESENTATION_CONTEXT(2) 
PARAMETRIC_REPRESENTATION_CONTEXT() REPRESENTATION_CONTEXT('2D SPACE',''
  ) );
#4339 = PCURVE('',#4340,#4345);
#4340 = CYLINDRICAL_SURFACE('',#4341,0.4);
#4341 = AXIS2_PLACEMENT_3D('',#4342,#4343,#4344);
#4342 = CARTESIAN_POINT('',(-41.5425,-23.8225,19.35));
#4343 = DIRECTION('',(-0.,-0.,-1.));
#4344 = DIRECTION('',(1.,0.,0.));
#4345 = DEFINITIONAL_REPRESENTATION('',(#4346),#4350);
#4346 = LINE('',#4347,#4348);
#4347 = CARTESIAN_POINT('',(-4.712388980385,0.));
#4348 = VECTOR('',#4349,1.);
#4349 = DIRECTION('',(-0.,-1.));
#4350 = ( GEOMETRIC_REPRESENTATION_CONTEXT(2) 
PARAMETRIC_REPRESENTATION_CONTEXT() REPRESENTATION_CONTEXT('2D SPACE',''
  ) );
#4351 = ORIENTED_EDGE('',*,*,#4352,.F.);
#4352 = EDGE_CURVE('',#4248,#4325,#4353,.T.);
#4353 = SURFACE_CURVE('',#4354,(#4358,#4365),.PCURVE_S1.);
#4354 = LINE('',#4355,#4356);
#4355 = CARTESIAN_POINT('',(-44.,-24.2225,19.35));
#4356 = VECTOR('',#4357,1.);
#4357 = DIRECTION('',(1.,0.,0.));
#4358 = PCURVE('',#4263,#4359);
#4359 = DEFINITIONAL_REPRESENTATION('',(#4360),#4364);
#4360 = LINE('',#4361,#4362);
#4361 = CARTESIAN_POINT('',(2.4575,0.));
#4362 = VECTOR('',#4363,1.);
#4363 = DIRECTION('',(1.,0.));
#4364 = ( GEOMETRIC_REPRESENTATION_CONTEXT(2) 
PARAMETRIC_REPRESENTATION_CONTEXT() REPRESENTATION_CONTEXT('2D SPACE',''
  ) );
#4365 = PCURVE('',#4129,#4366);
#4366 = DEFINITIONAL_REPRESENTATION('',(#4367),#4371);
#4367 = LINE('',#4368,#4369);
#4368 = CARTESIAN_POINT('',(0.,-2.2225));
#4369 = VECTOR('',#4370,1.);
#4370 = DIRECTION('',(1.,0.));
#4371 = ( GEOMETRIC_REPRESENTATION_CONTEXT(2) 
PARAMETRIC_REPRESENTATION_CONTEXT() REPRESENTATION_CONTEXT('2D SPACE',''
  ) );
#4372 = ADVANCED_FACE('',(#4373),#4340,.T.);
#4373 = FACE_BOUND('',#4374,.F.);
#4374 = EDGE_LOOP('',(#4375,#4376,#4400,#4428));
#4375 = ORIENTED_EDGE('',*,*,#4324,.T.);
#4376 = ORIENTED_EDGE('',*,*,#4377,.T.);
#4377 = EDGE_CURVE('',#4302,#4378,#4380,.T.);
#4378 = VERTEX_POINT('',#4379);
#4379 = CARTESIAN_POINT('',(-41.1425,-23.8225,20.85));
#4380 = SURFACE_CURVE('',#4381,(#4386,#4393),.PCURVE_S1.);
#4381 = CIRCLE('',#4382,0.4);
#4382 = AXIS2_PLACEMENT_3D('',#4383,#4384,#4385);
#4383 = CARTESIAN_POINT('',(-41.5425,-23.8225,20.85));
#4384 = DIRECTION('',(0.,0.,1.));
#4385 = DIRECTION('',(1.,0.,0.));
#4386 = PCURVE('',#4340,#4387);
#4387 = DEFINITIONAL_REPRESENTATION('',(#4388),#4392);
#4388 = LINE('',#4389,#4390);
#4389 = CARTESIAN_POINT('',(-0.,-1.5));
#4390 = VECTOR('',#4391,1.);
#4391 = DIRECTION('',(-1.,0.));
#4392 = ( GEOMETRIC_REPRESENTATION_CONTEXT(2) 
PARAMETRIC_REPRESENTATION_CONTEXT() REPRESENTATION_CONTEXT('2D SPACE',''
  ) );
#4393 = PCURVE('',#4075,#4394);
#4394 = DEFINITIONAL_REPRESENTATION('',(#4395),#4399);
#4395 = CIRCLE('',#4396,0.4);
#4396 = AXIS2_PLACEMENT_2D('',#4397,#4398);
#4397 = CARTESIAN_POINT('',(2.4575,-1.8225));
#4398 = DIRECTION('',(1.,0.));
#4399 = ( GEOMETRIC_REPRESENTATION_CONTEXT(2) 
PARAMETRIC_REPRESENTATION_CONTEXT() REPRESENTATION_CONTEXT('2D SPACE',''
  ) );
#4400 = ORIENTED_EDGE('',*,*,#4401,.F.);
#4401 = EDGE_CURVE('',#4402,#4378,#4404,.T.);
#4402 = VERTEX_POINT('',#4403);
#4403 = CARTESIAN_POINT('',(-41.1425,-23.8225,19.35));
#4404 = SURFACE_CURVE('',#4405,(#4409,#4416),.PCURVE_S1.);
#4405 = LINE('',#4406,#4407);
#4406 = CARTESIAN_POINT('',(-41.1425,-23.8225,19.35));
#4407 = VECTOR('',#4408,1.);
#4408 = DIRECTION('',(0.,0.,1.));
#4409 = PCURVE('',#4340,#4410);
#4410 = DEFINITIONAL_REPRESENTATION('',(#4411),#4415);
#4411 = LINE('',#4412,#4413);
#4412 = CARTESIAN_POINT('',(-6.28318530718,0.));
#4413 = VECTOR('',#4414,1.);
#4414 = DIRECTION('',(-0.,-1.));
#4415 = ( GEOMETRIC_REPRESENTATION_CONTEXT(2) 
PARAMETRIC_REPRESENTATION_CONTEXT() REPRESENTATION_CONTEXT('2D SPACE',''
  ) );
#4416 = PCURVE('',#4417,#4422);
#4417 = PLANE('',#4418);
#4418 = AXIS2_PLACEMENT_3D('',#4419,#4420,#4421);
#4419 = CARTESIAN_POINT('',(-41.1425,-23.8225,19.35));
#4420 = DIRECTION('',(-1.,0.,0.));
#4421 = DIRECTION('',(0.,1.,0.));
#4422 = DEFINITIONAL_REPRESENTATION('',(#4423),#4427);
#4423 = LINE('',#4424,#4425);
#4424 = CARTESIAN_POINT('',(0.,0.));
#4425 = VECTOR('',#4426,1.);
#4426 = DIRECTION('',(0.,-1.));
#4427 = ( GEOMETRIC_REPRESENTATION_CONTEXT(2) 
PARAMETRIC_REPRESENTATION_CONTEXT() REPRESENTATION_CONTEXT('2D SPACE',''
  ) );
#4428 = ORIENTED_EDGE('',*,*,#4429,.F.);
#4429 = EDGE_CURVE('',#4325,#4402,#4430,.T.);
#4430 = SURFACE_CURVE('',#4431,(#4436,#4443),.PCURVE_S1.);
#4431 = CIRCLE('',#4432,0.4);
#4432 = AXIS2_PLACEMENT_3D('',#4433,#4434,#4435);
#4433 = CARTESIAN_POINT('',(-41.5425,-23.8225,19.35));
#4434 = DIRECTION('',(0.,0.,1.));
#4435 = DIRECTION('',(1.,0.,0.));
#4436 = PCURVE('',#4340,#4437);
#4437 = DEFINITIONAL_REPRESENTATION('',(#4438),#4442);
#4438 = LINE('',#4439,#4440);
#4439 = CARTESIAN_POINT('',(-0.,0.));
#4440 = VECTOR('',#4441,1.);
#4441 = DIRECTION('',(-1.,0.));
#4442 = ( GEOMETRIC_REPRESENTATION_CONTEXT(2) 
PARAMETRIC_REPRESENTATION_CONTEXT() REPRESENTATION_CONTEXT('2D SPACE',''
  ) );
#4443 = PCURVE('',#4129,#4444);
#4444 = DEFINITIONAL_REPRESENTATION('',(#4445),#4449);
#4445 = CIRCLE('',#4446,0.4);
#4446 = AXIS2_PLACEMENT_2D('',#4447,#4448);
#4447 = CARTESIAN_POINT('',(2.4575,-1.8225));
#4448 = DIRECTION('',(1.,0.));
#4449 = ( GEOMETRIC_REPRESENTATION_CONTEXT(2) 
PARAMETRIC_REPRESENTATION_CONTEXT() REPRESENTATION_CONTEXT('2D SPACE',''
  ) );
#4450 = ADVANCED_FACE('',(#4451),#4417,.F.);
#4451 = FACE_BOUND('',#4452,.F.);
#4452 = EDGE_LOOP('',(#4453,#4454,#4477,#4505));
#4453 = ORIENTED_EDGE('',*,*,#4401,.T.);
#4454 = ORIENTED_EDGE('',*,*,#4455,.T.);
#4455 = EDGE_CURVE('',#4378,#4456,#4458,.T.);
#4456 = VERTEX_POINT('',#4457);
#4457 = CARTESIAN_POINT('',(-41.1425,-20.1775,20.85));
#4458 = SURFACE_CURVE('',#4459,(#4463,#4470),.PCURVE_S1.);
#4459 = LINE('',#4460,#4461);
#4460 = CARTESIAN_POINT('',(-41.1425,-22.,20.85));
#4461 = VECTOR('',#4462,1.);
#4462 = DIRECTION('',(0.,1.,0.));
#4463 = PCURVE('',#4417,#4464);
#4464 = DEFINITIONAL_REPRESENTATION('',(#4465),#4469);
#4465 = LINE('',#4466,#4467);
#4466 = CARTESIAN_POINT('',(1.8225,-1.5));
#4467 = VECTOR('',#4468,1.);
#4468 = DIRECTION('',(1.,0.));
#4469 = ( GEOMETRIC_REPRESENTATION_CONTEXT(2) 
PARAMETRIC_REPRESENTATION_CONTEXT() REPRESENTATION_CONTEXT('2D SPACE',''
  ) );
#4470 = PCURVE('',#4075,#4471);
#4471 = DEFINITIONAL_REPRESENTATION('',(#4472),#4476);
#4472 = LINE('',#4473,#4474);
#4473 = CARTESIAN_POINT('',(2.8575,0.));
#4474 = VECTOR('',#4475,1.);
#4475 = DIRECTION('',(0.,1.));
#4476 = ( GEOMETRIC_REPRESENTATION_CONTEXT(2) 
PARAMETRIC_REPRESENTATION_CONTEXT() REPRESENTATION_CONTEXT('2D SPACE',''
  ) );
#4477 = ORIENTED_EDGE('',*,*,#4478,.F.);
#4478 = EDGE_CURVE('',#4479,#4456,#4481,.T.);
#4479 = VERTEX_POINT('',#4480);
#4480 = CARTESIAN_POINT('',(-41.1425,-20.1775,19.35));
#4481 = SURFACE_CURVE('',#4482,(#4486,#4493),.PCURVE_S1.);
#4482 = LINE('',#4483,#4484);
#4483 = CARTESIAN_POINT('',(-41.1425,-20.1775,19.35));
#4484 = VECTOR('',#4485,1.);
#4485 = DIRECTION('',(0.,0.,1.));
#4486 = PCURVE('',#4417,#4487);
#4487 = DEFINITIONAL_REPRESENTATION('',(#4488),#4492);
#4488 = LINE('',#4489,#4490);
#4489 = CARTESIAN_POINT('',(3.645,0.));
#4490 = VECTOR('',#4491,1.);
#4491 = DIRECTION('',(0.,-1.));
#4492 = ( GEOMETRIC_REPRESENTATION_CONTEXT(2) 
PARAMETRIC_REPRESENTATION_CONTEXT() REPRESENTATION_CONTEXT('2D SPACE',''
  ) );
#4493 = PCURVE('',#4494,#4499);
#4494 = CYLINDRICAL_SURFACE('',#4495,0.4);
#4495 = AXIS2_PLACEMENT_3D('',#4496,#4497,#4498);
#4496 = CARTESIAN_POINT('',(-41.5425,-20.1775,19.35));
#4497 = DIRECTION('',(-0.,-0.,-1.));
#4498 = DIRECTION('',(1.,0.,0.));
#4499 = DEFINITIONAL_REPRESENTATION('',(#4500),#4504);
#4500 = LINE('',#4501,#4502);
#4501 = CARTESIAN_POINT('',(-0.,0.));
#4502 = VECTOR('',#4503,1.);
#4503 = DIRECTION('',(-0.,-1.));
#4504 = ( GEOMETRIC_REPRESENTATION_CONTEXT(2) 
PARAMETRIC_REPRESENTATION_CONTEXT() REPRESENTATION_CONTEXT('2D SPACE',''
  ) );
#4505 = ORIENTED_EDGE('',*,*,#4506,.F.);
#4506 = EDGE_CURVE('',#4402,#4479,#4507,.T.);
#4507 = SURFACE_CURVE('',#4508,(#4512,#4519),.PCURVE_S1.);
#4508 = LINE('',#4509,#4510);
#4509 = CARTESIAN_POINT('',(-41.1425,-22.,19.35));
#4510 = VECTOR('',#4511,1.);
#4511 = DIRECTION('',(0.,1.,0.));
#4512 = PCURVE('',#4417,#4513);
#4513 = DEFINITIONAL_REPRESENTATION('',(#4514),#4518);
#4514 = LINE('',#4515,#4516);
#4515 = CARTESIAN_POINT('',(1.8225,0.));
#4516 = VECTOR('',#4517,1.);
#4517 = DIRECTION('',(1.,0.));
#4518 = ( GEOMETRIC_REPRESENTATION_CONTEXT(2) 
PARAMETRIC_REPRESENTATION_CONTEXT() REPRESENTATION_CONTEXT('2D SPACE',''
  ) );
#4519 = PCURVE('',#4129,#4520);
#4520 = DEFINITIONAL_REPRESENTATION('',(#4521),#4525);
#4521 = LINE('',#4522,#4523);
#4522 = CARTESIAN_POINT('',(2.8575,0.));
#4523 = VECTOR('',#4524,1.);
#4524 = DIRECTION('',(0.,1.));
#4525 = ( GEOMETRIC_REPRESENTATION_CONTEXT(2) 
PARAMETRIC_REPRESENTATION_CONTEXT() REPRESENTATION_CONTEXT('2D SPACE',''
  ) );
#4526 = ADVANCED_FACE('',(#4527),#4494,.T.);
#4527 = FACE_BOUND('',#4528,.F.);
#4528 = EDGE_LOOP('',(#4529,#4530,#4554,#4577));
#4529 = ORIENTED_EDGE('',*,*,#4478,.T.);
#4530 = ORIENTED_EDGE('',*,*,#4531,.T.);
#4531 = EDGE_CURVE('',#4456,#4532,#4534,.T.);
#4532 = VERTEX_POINT('',#4533);
#4533 = CARTESIAN_POINT('',(-41.5425,-19.7775,20.85));
#4534 = SURFACE_CURVE('',#4535,(#4540,#4547),.PCURVE_S1.);
#4535 = CIRCLE('',#4536,0.4);
#4536 = AXIS2_PLACEMENT_3D('',#4537,#4538,#4539);
#4537 = CARTESIAN_POINT('',(-41.5425,-20.1775,20.85));
#4538 = DIRECTION('',(0.,0.,1.));
#4539 = DIRECTION('',(1.,0.,0.));
#4540 = PCURVE('',#4494,#4541);
#4541 = DEFINITIONAL_REPRESENTATION('',(#4542),#4546);
#4542 = LINE('',#4543,#4544);
#4543 = CARTESIAN_POINT('',(-0.,-1.5));
#4544 = VECTOR('',#4545,1.);
#4545 = DIRECTION('',(-1.,0.));
#4546 = ( GEOMETRIC_REPRESENTATION_CONTEXT(2) 
PARAMETRIC_REPRESENTATION_CONTEXT() REPRESENTATION_CONTEXT('2D SPACE',''
  ) );
#4547 = PCURVE('',#4075,#4548);
#4548 = DEFINITIONAL_REPRESENTATION('',(#4549),#4553);
#4549 = CIRCLE('',#4550,0.4);
#4550 = AXIS2_PLACEMENT_2D('',#4551,#4552);
#4551 = CARTESIAN_POINT('',(2.4575,1.8225));
#4552 = DIRECTION('',(1.,0.));
#4553 = ( GEOMETRIC_REPRESENTATION_CONTEXT(2) 
PARAMETRIC_REPRESENTATION_CONTEXT() REPRESENTATION_CONTEXT('2D SPACE',''
  ) );
#4554 = ORIENTED_EDGE('',*,*,#4555,.F.);
#4555 = EDGE_CURVE('',#4556,#4532,#4558,.T.);
#4556 = VERTEX_POINT('',#4557);
#4557 = CARTESIAN_POINT('',(-41.5425,-19.7775,19.35));
#4558 = SURFACE_CURVE('',#4559,(#4563,#4570),.PCURVE_S1.);
#4559 = LINE('',#4560,#4561);
#4560 = CARTESIAN_POINT('',(-41.5425,-19.7775,19.35));
#4561 = VECTOR('',#4562,1.);
#4562 = DIRECTION('',(0.,0.,1.));
#4563 = PCURVE('',#4494,#4564);
#4564 = DEFINITIONAL_REPRESENTATION('',(#4565),#4569);
#4565 = LINE('',#4566,#4567);
#4566 = CARTESIAN_POINT('',(-1.570796326795,0.));
#4567 = VECTOR('',#4568,1.);
#4568 = DIRECTION('',(-0.,-1.));
#4569 = ( GEOMETRIC_REPRESENTATION_CONTEXT(2) 
PARAMETRIC_REPRESENTATION_CONTEXT() REPRESENTATION_CONTEXT('2D SPACE',''
  ) );
#4570 = PCURVE('',#4162,#4571);
#4571 = DEFINITIONAL_REPRESENTATION('',(#4572),#4576);
#4572 = LINE('',#4573,#4574);
#4573 = CARTESIAN_POINT('',(4.915,0.));
#4574 = VECTOR('',#4575,1.);
#4575 = DIRECTION('',(0.,-1.));
#4576 = ( GEOMETRIC_REPRESENTATION_CONTEXT(2) 
PARAMETRIC_REPRESENTATION_CONTEXT() REPRESENTATION_CONTEXT('2D SPACE',''
  ) );
#4577 = ORIENTED_EDGE('',*,*,#4578,.F.);
#4578 = EDGE_CURVE('',#4479,#4556,#4579,.T.);
#4579 = SURFACE_CURVE('',#4580,(#4585,#4592),.PCURVE_S1.);
#4580 = CIRCLE('',#4581,0.4);
#4581 = AXIS2_PLACEMENT_3D('',#4582,#4583,#4584);
#4582 = CARTESIAN_POINT('',(-41.5425,-20.1775,19.35));
#4583 = DIRECTION('',(0.,0.,1.));
#4584 = DIRECTION('',(1.,0.,0.));
#4585 = PCURVE('',#4494,#4586);
#4586 = DEFINITIONAL_REPRESENTATION('',(#4587),#4591);
#4587 = LINE('',#4588,#4589);
#4588 = CARTESIAN_POINT('',(-0.,0.));
#4589 = VECTOR('',#4590,1.);
#4590 = DIRECTION('',(-1.,0.));
#4591 = ( GEOMETRIC_REPRESENTATION_CONTEXT(2) 
PARAMETRIC_REPRESENTATION_CONTEXT() REPRESENTATION_CONTEXT('2D SPACE',''
  ) );
#4592 = PCURVE('',#4129,#4593);
#4593 = DEFINITIONAL_REPRESENTATION('',(#4594),#4598);
#4594 = CIRCLE('',#4595,0.4);
#4595 = AXIS2_PLACEMENT_2D('',#4596,#4597);
#4596 = CARTESIAN_POINT('',(2.4575,1.8225));
#4597 = DIRECTION('',(1.,0.));
#4598 = ( GEOMETRIC_REPRESENTATION_CONTEXT(2) 
PARAMETRIC_REPRESENTATION_CONTEXT() REPRESENTATION_CONTEXT('2D SPACE',''
  ) );
#4599 = ADVANCED_FACE('',(#4600),#4162,.T.);
#4600 = FACE_BOUND('',#4601,.T.);
#4601 = EDGE_LOOP('',(#4602,#4603,#4624,#4625));
#4602 = ORIENTED_EDGE('',*,*,#4144,.T.);
#4603 = ORIENTED_EDGE('',*,*,#4604,.T.);
#4604 = EDGE_CURVE('',#4147,#4532,#4605,.T.);
#4605 = SURFACE_CURVE('',#4606,(#4610,#4617),.PCURVE_S1.);
#4606 = LINE('',#4607,#4608);
#4607 = CARTESIAN_POINT('',(-44.,-19.7775,20.85));
#4608 = VECTOR('',#4609,1.);
#4609 = DIRECTION('',(1.,0.,0.));
#4610 = PCURVE('',#4162,#4611);
#4611 = DEFINITIONAL_REPRESENTATION('',(#4612),#4616);
#4612 = LINE('',#4613,#4614);
#4613 = CARTESIAN_POINT('',(2.4575,-1.5));
#4614 = VECTOR('',#4615,1.);
#4615 = DIRECTION('',(1.,0.));
#4616 = ( GEOMETRIC_REPRESENTATION_CONTEXT(2) 
PARAMETRIC_REPRESENTATION_CONTEXT() REPRESENTATION_CONTEXT('2D SPACE',''
  ) );
#4617 = PCURVE('',#4075,#4618);
#4618 = DEFINITIONAL_REPRESENTATION('',(#4619),#4623);
#4619 = LINE('',#4620,#4621);
#4620 = CARTESIAN_POINT('',(0.,2.2225));
#4621 = VECTOR('',#4622,1.);
#4622 = DIRECTION('',(1.,0.));
#4623 = ( GEOMETRIC_REPRESENTATION_CONTEXT(2) 
PARAMETRIC_REPRESENTATION_CONTEXT() REPRESENTATION_CONTEXT('2D SPACE',''
  ) );
#4624 = ORIENTED_EDGE('',*,*,#4555,.F.);
#4625 = ORIENTED_EDGE('',*,*,#4626,.F.);
#4626 = EDGE_CURVE('',#4145,#4556,#4627,.T.);
#4627 = SURFACE_CURVE('',#4628,(#4632,#4639),.PCURVE_S1.);
#4628 = LINE('',#4629,#4630);
#4629 = CARTESIAN_POINT('',(-44.,-19.7775,19.35));
#4630 = VECTOR('',#4631,1.);
#4631 = DIRECTION('',(1.,0.,0.));
#4632 = PCURVE('',#4162,#4633);
#4633 = DEFINITIONAL_REPRESENTATION('',(#4634),#4638);
#4634 = LINE('',#4635,#4636);
#4635 = CARTESIAN_POINT('',(2.4575,0.));
#4636 = VECTOR('',#4637,1.);
#4637 = DIRECTION('',(1.,0.));
#4638 = ( GEOMETRIC_REPRESENTATION_CONTEXT(2) 
PARAMETRIC_REPRESENTATION_CONTEXT() REPRESENTATION_CONTEXT('2D SPACE',''
  ) );
#4639 = PCURVE('',#4129,#4640);
#4640 = DEFINITIONAL_REPRESENTATION('',(#4641),#4645);
#4641 = LINE('',#4642,#4643);
#4642 = CARTESIAN_POINT('',(0.,2.2225));
#4643 = VECTOR('',#4644,1.);
#4644 = DIRECTION('',(1.,0.));
#4645 = ( GEOMETRIC_REPRESENTATION_CONTEXT(2) 
PARAMETRIC_REPRESENTATION_CONTEXT() REPRESENTATION_CONTEXT('2D SPACE',''
  ) );
#4646 = ADVANCED_FACE('',(#4647),#4129,.F.);
#4647 = FACE_BOUND('',#4648,.F.);
#4648 = EDGE_LOOP('',(#4649,#4650,#4651,#4652,#4653,#4654,#4655,#4656));
#4649 = ORIENTED_EDGE('',*,*,#4115,.F.);
#4650 = ORIENTED_EDGE('',*,*,#4275,.T.);
#4651 = ORIENTED_EDGE('',*,*,#4352,.T.);
#4652 = ORIENTED_EDGE('',*,*,#4429,.T.);
#4653 = ORIENTED_EDGE('',*,*,#4506,.T.);
#4654 = ORIENTED_EDGE('',*,*,#4578,.T.);
#4655 = ORIENTED_EDGE('',*,*,#4626,.F.);
#4656 = ORIENTED_EDGE('',*,*,#4197,.T.);
#4657 = ADVANCED_FACE('',(#4658),#4075,.T.);
#4658 = FACE_BOUND('',#4659,.T.);
#4659 = EDGE_LOOP('',(#4660,#4661,#4662,#4663,#4664,#4665,#4666,#4667));
#4660 = ORIENTED_EDGE('',*,*,#4059,.F.);
#4661 = ORIENTED_EDGE('',*,*,#4223,.T.);
#4662 = ORIENTED_EDGE('',*,*,#4301,.T.);
#4663 = ORIENTED_EDGE('',*,*,#4377,.T.);
#4664 = ORIENTED_EDGE('',*,*,#4455,.T.);
#4665 = ORIENTED_EDGE('',*,*,#4531,.T.);
#4666 = ORIENTED_EDGE('',*,*,#4604,.F.);
#4667 = ORIENTED_EDGE('',*,*,#4174,.T.);
#4668 = ( GEOMETRIC_REPRESENTATION_CONTEXT(3) 
GLOBAL_UNCERTAINTY_ASSIGNED_CONTEXT((#4672)) 
GLOBAL_UNIT_ASSIGNED_CONTEXT((#4669,#4670,#4671)) REPRESENTATION_CONTEXT
('Context #1','3D Context with UNIT and UNCERTAINTY') );
#4669 = ( LENGTH_UNIT() NAMED_UNIT(*) SI_UNIT(.MILLI.,.METRE.) );
#4670 = ( NAMED_UNIT(*) PLANE_ANGLE_UNIT() SI_UNIT($,.RADIAN.) );
#4671 = ( NAMED_UNIT(*) SI_UNIT($,.STERADIAN.) SOLID_ANGLE_UNIT() );
#4672 = UNCERTAINTY_MEASURE_WITH_UNIT(LENGTH_MEASURE(1.E-07),#4669,
  'distance_accuracy_value','confusion accuracy');
#4673 = CONTEXT_DEPENDENT_SHAPE_REPRESENTATION(#4674,#4676);
#4674 = ( REPRESENTATION_RELATIONSHIP('','',#4017,#10) 
REPRESENTATION_RELATIONSHIP_WITH_TRANSFORMATION(#4675) 
SHAPE_REPRESENTATION_RELATIONSHIP() );
#4675 = ITEM_DEFINED_TRANSFORMATION('','',#11,#27);
#4676 = PRODUCT_DEFINITION_SHAPE('Placement','Placement of an item',
  #4677);
#4677 = NEXT_ASSEMBLY_USAGE_OCCURRENCE('152','stub 1 sample','',#5,#4012
  ,$);
#4678 = PRODUCT_RELATED_PRODUCT_CATEGORY('part',$,(#4014));
#4679 = SHAPE_DEFINITION_REPRESENTATION(#4680,#4686);
#4680 = PRODUCT_DEFINITION_SHAPE('','',#4681);
#4681 = PRODUCT_DEFINITION('design','',#4682,#4685);
#4682 = PRODUCT_DEFINITION_FORMATION('','',#4683);
#4683 = PRODUCT('stub 2 stub','stub 2 stub','',(#4684));
#4684 = PRODUCT_CONTEXT('',#2,'mechanical');
#4685 = PRODUCT_DEFINITION_CONTEXT('part definition',#2,'design');
#4686 = ADVANCED_BREP_SHAPE_REPRESENTATION('',(#11,#4687),#5169);
#4687 = MANIFOLD_SOLID_BREP('',#4688);
#4688 = CLOSED_SHELL('',(#4689,#4781,#4816,#4851,#4906,#4961,#5014,#5053
    ,#5057,#5112,#5165));
#4689 = ADVANCED_FACE('',(#4690),#4703,.T.);
#4690 = FACE_BOUND('',#4691,.F.);
#4691 = EDGE_LOOP('',(#4692,#4726,#4749,#4780));
#4692 = ORIENTED_EDGE('',*,*,#4693,.F.);
#4693 = EDGE_CURVE('',#4694,#4694,#4696,.T.);
#4694 = VERTEX_POINT('',#4695);
#4695 = CARTESIAN_POINT('',(-15.65,-22.,16.));
#4696 = SURFACE_CURVE('',#4697,(#4702,#4714),.PCURVE_S1.);
#4697 = CIRCLE('',#4698,6.35);
#4698 = AXIS2_PLACEMENT_3D('',#4699,#4700,#4701);
#4699 = CARTESIAN_POINT('',(-22.,-22.,16.));
#4700 = DIRECTION('',(0.,0.,1.));
#4701 = DIRECTION('',(1.,0.,0.));
#4702 = PCURVE('',#4703,#4708);
#4703 = CYLINDRICAL_SURFACE('',#4704,6.35);
#4704 = AXIS2_PLACEMENT_3D('',#4705,#4706,#4707);
#4705 = CARTESIAN_POINT('',(-22.,-22.,16.));
#4706 = DIRECTION('',(-0.,-0.,-1.));
#4707 = DIRECTION('',(1.,0.,0.));
#4708 = DEFINITIONAL_REPRESENTATION('',(#4709),#4713);
#4709 = LINE('',#4710,#4711);
#4710 = CARTESIAN_POINT('',(-0.,0.));
#4711 = VECTOR('',#4712,1.);
#4712 = DIRECTION('',(-1.,0.));
#4713 = ( GEOMETRIC_REPRESENTATION_CONTEXT(2) 
PARAMETRIC_REPRESENTATION_CONTEXT() REPRESENTATION_CONTEXT('2D SPACE',''
  ) );
#4714 = PCURVE('',#4715,#4720);
#4715 = PLANE('',#4716);
#4716 = AXIS2_PLACEMENT_3D('',#4717,#4718,#4719);
#4717 = CARTESIAN_POINT('',(-22.,-22.,16.));
#4718 = DIRECTION('',(0.,0.,1.));
#4719 = DIRECTION('',(1.,0.,0.));
#4720 = DEFINITIONAL_REPRESENTATION('',(#4721),#4725);
#4721 = CIRCLE('',#4722,6.35);
#4722 = AXIS2_PLACEMENT_2D('',#4723,#4724);
#4723 = CARTESIAN_POINT('',(0.,-6.021627052289E-16));
#4724 = DIRECTION('',(1.,0.));
#4725 = ( GEOMETRIC_REPRESENTATION_CONTEXT(2) 
PARAMETRIC_REPRESENTATION_CONTEXT() REPRESENTATION_CONTEXT('2D SPACE',''
  ) );
#4726 = ORIENTED_EDGE('',*,*,#4727,.T.);
#4727 = EDGE_CURVE('',#4694,#4728,#4730,.T.);
#4728 = VERTEX_POINT('',#4729);
#4729 = CARTESIAN_POINT('',(-15.65,-22.,17.1));
#4730 = SEAM_CURVE('',#4731,(#4735,#4742),.PCURVE_S1.);
#4731 = LINE('',#4732,#4733);
#4732 = CARTESIAN_POINT('',(-15.65,-22.,16.));
#4733 = VECTOR('',#4734,1.);
#4734 = DIRECTION('',(0.,0.,1.));
#4735 = PCURVE('',#4703,#4736);
#4736 = DEFINITIONAL_REPRESENTATION('',(#4737),#4741);
#4737 = LINE('',#4738,#4739);
#4738 = CARTESIAN_POINT('',(-6.28318530718,0.));
#4739 = VECTOR('',#4740,1.);
#4740 = DIRECTION('',(-0.,-1.));
#4741 = ( GEOMETRIC_REPRESENTATION_CONTEXT(2) 
PARAMETRIC_REPRESENTATION_CONTEXT() REPRESENTATION_CONTEXT('2D SPACE',''
  ) );
#4742 = PCURVE('',#4703,#4743);
#4743 = DEFINITIONAL_REPRESENTATION('',(#4744),#4748);
#4744 = LINE('',#4745,#4746);
#4745 = CARTESIAN_POINT('',(-0.,0.));
#4746 = VECTOR('',#4747,1.);
#4747 = DIRECTION('',(-0.,-1.));
#4748 = ( GEOMETRIC_REPRESENTATION_CONTEXT(2) 
PARAMETRIC_REPRESENTATION_CONTEXT() REPRESENTATION_CONTEXT('2D SPACE',''
  ) );
#4749 = ORIENTED_EDGE('',*,*,#4750,.F.);
#4750 = EDGE_CURVE('',#4728,#4728,#4751,.T.);
#4751 = SURFACE_CURVE('',#4752,(#4757,#4764),.PCURVE_S1.);
#4752 = CIRCLE('',#4753,6.35);
#4753 = AXIS2_PLACEMENT_3D('',#4754,#4755,#4756);
#4754 = CARTESIAN_POINT('',(-22.,-22.,17.1));
#4755 = DIRECTION('',(0.,0.,-1.));
#4756 = DIRECTION('',(1.,0.,0.));
#4757 = PCURVE('',#4703,#4758);
#4758 = DEFINITIONAL_REPRESENTATION('',(#4759),#4763);
#4759 = LINE('',#4760,#4761);
#4760 = CARTESIAN_POINT('',(-6.28318530718,-1.1));
#4761 = VECTOR('',#4762,1.);
#4762 = DIRECTION('',(1.,-0.));
#4763 = ( GEOMETRIC_REPRESENTATION_CONTEXT(2) 
PARAMETRIC_REPRESENTATION_CONTEXT() REPRESENTATION_CONTEXT('2D SPACE',''
  ) );
#4764 = PCURVE('',#4765,#4770);
#4765 = PLANE('',#4766);
#4766 = AXIS2_PLACEMENT_3D('',#4767,#4768,#4769);
#4767 = CARTESIAN_POINT('',(-22.,-22.,17.1));
#4768 = DIRECTION('',(0.,0.,1.));
#4769 = DIRECTION('',(1.,0.,0.));
#4770 = DEFINITIONAL_REPRESENTATION('',(#4771),#4779);
#4771 = ( BOUNDED_CURVE() B_SPLINE_CURVE(2,(#4772,#4773,#4774,#4775,
#4776,#4777,#4778),.UNSPECIFIED.,.T.,.F.) B_SPLINE_CURVE_WITH_KNOTS((1,2
    ,2,2,2,1),(-2.094395102393,0.,2.094395102393,4.188790204786,
6.28318530718,8.377580409573),.UNSPECIFIED.) CURVE() 
GEOMETRIC_REPRESENTATION_ITEM() RATIONAL_B_SPLINE_CURVE((1.,0.5,1.,0.5,
1.,0.5,1.)) REPRESENTATION_ITEM('') );
#4772 = CARTESIAN_POINT('',(6.35,-1.196249076369E-16));
#4773 = CARTESIAN_POINT('',(6.35,-10.99852262806));
#4774 = CARTESIAN_POINT('',(-3.175,-5.499261314031));
#4775 = CARTESIAN_POINT('',(-12.7,-1.674926342554E-15));
#4776 = CARTESIAN_POINT('',(-3.175,5.499261314031));
#4777 = CARTESIAN_POINT('',(6.35,10.998522628062));
#4778 = CARTESIAN_POINT('',(6.35,-1.196249076369E-16));
#4779 = ( GEOMETRIC_REPRESENTATION_CONTEXT(2) 
PARAMETRIC_REPRESENTATION_CONTEXT() REPRESENTATION_CONTEXT('2D SPACE',''
  ) );
#4780 = ORIENTED_EDGE('',*,*,#4727,.F.);
#4781 = ADVANCED_FACE('',(#4782,#4785),#4715,.F.);
#4782 = FACE_BOUND('',#4783,.F.);
#4783 = EDGE_LOOP('',(#4784));
#4784 = ORIENTED_EDGE('',*,*,#4693,.T.);
#4785 = FACE_BOUND('',#4786,.F.);
#4786 = EDGE_LOOP('',(#4787));
#4787 = ORIENTED_EDGE('',*,*,#4788,.F.);
#4788 = EDGE_CURVE('',#4789,#4789,#4791,.T.);
#4789 = VERTEX_POINT('',#4790);
#4790 = CARTESIAN_POINT('',(-20.425,-22.,16.));
#4791 = SURFACE_CURVE('',#4792,(#4797,#4804),.PCURVE_S1.);
#4792 = CIRCLE('',#4793,1.575);
#4793 = AXIS2_PLACEMENT_3D('',#4794,#4795,#4796);
#4794 = CARTESIAN_POINT('',(-22.,-22.,16.));
#4795 = DIRECTION('',(0.,0.,1.));
#4796 = DIRECTION('',(1.,0.,0.));
#4797 = PCURVE('',#4715,#4798);
#4798 = DEFINITIONAL_REPRESENTATION('',(#4799),#4803);
#4799 = CIRCLE('',#4800,1.575);
#4800 = AXIS2_PLACEMENT_2D('',#4801,#4802);
#4801 = CARTESIAN_POINT('',(0.,-6.021627052289E-16));
#4802 = DIRECTION('',(1.,0.));
#4803 = ( GEOMETRIC_REPRESENTATION_CONTEXT(2) 
PARAMETRIC_REPRESENTATION_CONTEXT() REPRESENTATION_CONTEXT('2D SPACE',''
  ) );
#4804 = PCURVE('',#4805,#4810);
#4805 = CYLINDRICAL_SURFACE('',#4806,1.575);
#4806 = AXIS2_PLACEMENT_3D('',#4807,#4808,#4809);
#4807 = CARTESIAN_POINT('',(-22.,-22.,8.));
#4808 = DIRECTION('',(-0.,-0.,-1.));
#4809 = DIRECTION('',(1.,0.,0.));
#4810 = DEFINITIONAL_REPRESENTATION('',(#4811),#4815);
#4811 = LINE('',#4812,#4813);
#4812 = CARTESIAN_POINT('',(-0.,-8.));
#4813 = VECTOR('',#4814,1.);
#4814 = DIRECTION('',(-1.,0.));
#4815 = ( GEOMETRIC_REPRESENTATION_CONTEXT(2) 
PARAMETRIC_REPRESENTATION_CONTEXT() REPRESENTATION_CONTEXT('2D SPACE',''
  ) );
#4816 = ADVANCED_FACE('',(#4817,#4820),#4765,.T.);
#4817 = FACE_BOUND('',#4818,.T.);
#4818 = EDGE_LOOP('',(#4819));
#4819 = ORIENTED_EDGE('',*,*,#4750,.F.);
#4820 = FACE_BOUND('',#4821,.T.);
#4821 = EDGE_LOOP('',(#4822));
#4822 = ORIENTED_EDGE('',*,*,#4823,.F.);
#4823 = EDGE_CURVE('',#4824,#4824,#4826,.T.);
#4824 = VERTEX_POINT('',#4825);
#4825 = CARTESIAN_POINT('',(-16.15,-22.,17.1));
#4826 = SURFACE_CURVE('',#4827,(#4832,#4839),.PCURVE_S1.);
#4827 = CIRCLE('',#4828,5.85);
#4828 = AXIS2_PLACEMENT_3D('',#4829,#4830,#4831);
#4829 = CARTESIAN_POINT('',(-22.,-22.,17.1));
#4830 = DIRECTION('',(0.,0.,1.));
#4831 = DIRECTION('',(1.,0.,0.));
#4832 = PCURVE('',#4765,#4833);
#4833 = DEFINITIONAL_REPRESENTATION('',(#4834),#4838);
#4834 = CIRCLE('',#4835,5.85);
#4835 = AXIS2_PLACEMENT_2D('',#4836,#4837);
#4836 = CARTESIAN_POINT('',(3.321377597886E-14,3.341888834508E-16));
#4837 = DIRECTION('',(1.,0.));
#4838 = ( GEOMETRIC_REPRESENTATION_CONTEXT(2) 
PARAMETRIC_REPRESENTATION_CONTEXT() REPRESENTATION_CONTEXT('2D SPACE',''
  ) );
#4839 = PCURVE('',#4840,#4845);
#4840 = CYLINDRICAL_SURFACE('',#4841,5.85);
#4841 = AXIS2_PLACEMENT_3D('',#4842,#4843,#4844);
#4842 = CARTESIAN_POINT('',(-22.,-22.,17.1));
#4843 = DIRECTION('',(-0.,-0.,-1.));
#4844 = DIRECTION('',(1.,0.,0.));
#4845 = DEFINITIONAL_REPRESENTATION('',(#4846),#4850);
#4846 = LINE('',#4847,#4848);
#4847 = CARTESIAN_POINT('',(-0.,0.));
#4848 = VECTOR('',#4849,1.);
#4849 = DIRECTION('',(-1.,0.));
#4850 = ( GEOMETRIC_REPRESENTATION_CONTEXT(2) 
PARAMETRIC_REPRESENTATION_CONTEXT() REPRESENTATION_CONTEXT('2D SPACE',''
  ) );
#4851 = ADVANCED_FACE('',(#4852),#4805,.T.);
#4852 = FACE_BOUND('',#4853,.F.);
#4853 = EDGE_LOOP('',(#4854,#4877,#4878,#4879));
#4854 = ORIENTED_EDGE('',*,*,#4855,.T.);
#4855 = EDGE_CURVE('',#4856,#4789,#4858,.T.);
#4856 = VERTEX_POINT('',#4857);
#4857 = CARTESIAN_POINT('',(-20.425,-22.,8.4));
#4858 = SEAM_CURVE('',#4859,(#4863,#4870),.PCURVE_S1.);
#4859 = LINE('',#4860,#4861);
#4860 = CARTESIAN_POINT('',(-20.425,-22.,8.));
#4861 = VECTOR('',#4862,1.);
#4862 = DIRECTION('',(0.,0.,1.));
#4863 = PCURVE('',#4805,#4864);
#4864 = DEFINITIONAL_REPRESENTATION('',(#4865),#4869);
#4865 = LINE('',#4866,#4867);
#4866 = CARTESIAN_POINT('',(-0.,0.));
#4867 = VECTOR('',#4868,1.);
#4868 = DIRECTION('',(-0.,-1.));
#4869 = ( GEOMETRIC_REPRESENTATION_CONTEXT(2) 
PARAMETRIC_REPRESENTATION_CONTEXT() REPRESENTATION_CONTEXT('2D SPACE',''
  ) );
#4870 = PCURVE('',#4805,#4871);
#4871 = DEFINITIONAL_REPRESENTATION('',(#4872),#4876);
#4872 = LINE('',#4873,#4874);
#4873 = CARTESIAN_POINT('',(-6.28318530718,0.));
#4874 = VECTOR('',#4875,1.);
#4875 = DIRECTION('',(-0.,-1.));
#4876 = ( GEOMETRIC_REPRESENTATION_CONTEXT(2) 
PARAMETRIC_REPRESENTATION_CONTEXT() REPRESENTATION_CONTEXT('2D SPACE',''
  ) );
#4877 = ORIENTED_EDGE('',*,*,#4788,.T.);
#4878 = ORIENTED_EDGE('',*,*,#4855,.F.);
#4879 = ORIENTED_EDGE('',*,*,#4880,.F.);
#4880 = EDGE_CURVE('',#4856,#4856,#4881,.T.);
#4881 = SURFACE_CURVE('',#4882,(#4887,#4894),.PCURVE_S1.);
#4882 = CIRCLE('',#4883,1.575);
#4883 = AXIS2_PLACEMENT_3D('',#4884,#4885,#4886);
#4884 = CARTESIAN_POINT('',(-22.,-22.,8.4));
#4885 = DIRECTION('',(0.,0.,1.));
#4886 = DIRECTION('',(1.,0.,0.));
#4887 = PCURVE('',#4805,#4888);
#4888 = DEFINITIONAL_REPRESENTATION('',(#4889),#4893);
#4889 = LINE('',#4890,#4891);
#4890 = CARTESIAN_POINT('',(-0.,-0.4));
#4891 = VECTOR('',#4892,1.);
#4892 = DIRECTION('',(-1.,0.));
#4893 = ( GEOMETRIC_REPRESENTATION_CONTEXT(2) 
PARAMETRIC_REPRESENTATION_CONTEXT() REPRESENTATION_CONTEXT('2D SPACE',''
  ) );
#4894 = PCURVE('',#4895,#4900);
#4895 = CONICAL_SURFACE('',#4896,1.575,0.785398163397);
#4896 = AXIS2_PLACEMENT_3D('',#4897,#4898,#4899);
#4897 = CARTESIAN_POINT('',(-22.,-22.,8.4));
#4898 = DIRECTION('',(0.,0.,1.));
#4899 = DIRECTION('',(1.,0.,0.));
#4900 = DEFINITIONAL_REPRESENTATION('',(#4901),#4905);
#4901 = LINE('',#4902,#4903);
#4902 = CARTESIAN_POINT('',(0.,-0.));
#4903 = VECTOR('',#4904,1.);
#4904 = DIRECTION('',(1.,-0.));
#4905 = ( GEOMETRIC_REPRESENTATION_CONTEXT(2) 
PARAMETRIC_REPRESENTATION_CONTEXT() REPRESENTATION_CONTEXT('2D SPACE',''
  ) );
#4906 = ADVANCED_FACE('',(#4907),#4840,.T.);
#4907 = FACE_BOUND('',#4908,.F.);
#4908 = EDGE_LOOP('',(#4909,#4932,#4959,#4960));
#4909 = ORIENTED_EDGE('',*,*,#4910,.T.);
#4910 = EDGE_CURVE('',#4824,#4911,#4913,.T.);
#4911 = VERTEX_POINT('',#4912);
#4912 = CARTESIAN_POINT('',(-16.15,-22.,18.1));
#4913 = SEAM_CURVE('',#4914,(#4918,#4925),.PCURVE_S1.);
#4914 = LINE('',#4915,#4916);
#4915 = CARTESIAN_POINT('',(-16.15,-22.,17.1));
#4916 = VECTOR('',#4917,1.);
#4917 = DIRECTION('',(0.,0.,1.));
#4918 = PCURVE('',#4840,#4919);
#4919 = DEFINITIONAL_REPRESENTATION('',(#4920),#4924);
#4920 = LINE('',#4921,#4922);
#4921 = CARTESIAN_POINT('',(-0.,0.));
#4922 = VECTOR('',#4923,1.);
#4923 = DIRECTION('',(-0.,-1.));
#4924 = ( GEOMETRIC_REPRESENTATION_CONTEXT(2) 
PARAMETRIC_REPRESENTATION_CONTEXT() REPRESENTATION_CONTEXT('2D SPACE',''
  ) );
#4925 = PCURVE('',#4840,#4926);
#4926 = DEFINITIONAL_REPRESENTATION('',(#4927),#4931);
#4927 = LINE('',#4928,#4929);
#4928 = CARTESIAN_POINT('',(-6.28318530718,0.));
#4929 = VECTOR('',#4930,1.);
#4930 = DIRECTION('',(-0.,-1.));
#4931 = ( GEOMETRIC_REPRESENTATION_CONTEXT(2) 
PARAMETRIC_REPRESENTATION_CONTEXT() REPRESENTATION_CONTEXT('2D SPACE',''
  ) );
#4932 = ORIENTED_EDGE('',*,*,#4933,.T.);
#4933 = EDGE_CURVE('',#4911,#4911,#4934,.T.);
#4934 = SURFACE_CURVE('',#4935,(#4940,#4947),.PCURVE_S1.);
#4935 = CIRCLE('',#4936,5.85);
#4936 = AXIS2_PLACEMENT_3D('',#4937,#4938,#4939);
#4937 = CARTESIAN_POINT('',(-22.,-22.,18.1));
#4938 = DIRECTION('',(0.,0.,1.));
#4939 = DIRECTION('',(1.,0.,0.));
#4940 = PCURVE('',#4840,#4941);
#4941 = DEFINITIONAL_REPRESENTATION('',(#4942),#4946);
#4942 = LINE('',#4943,#4944);
#4943 = CARTESIAN_POINT('',(-0.,-1.));
#4944 = VECTOR('',#4945,1.);
#4945 = DIRECTION('',(-1.,0.));
#4946 = ( GEOMETRIC_REPRESENTATION_CONTEXT(2) 
PARAMETRIC_REPRESENTATION_CONTEXT() REPRESENTATION_CONTEXT('2D SPACE',''
  ) );
#4947 = PCURVE('',#4948,#4953);
#4948 = PLANE('',#4949);
#4949 = AXIS2_PLACEMENT_3D('',#4950,#4951,#4952);
#4950 = CARTESIAN_POINT('',(-22.,-22.,18.1));
#4951 = DIRECTION('',(0.,0.,1.));
#4952 = DIRECTION('',(1.,0.,0.));
#4953 = DEFINITIONAL_REPRESENTATION('',(#4954),#4958);
#4954 = CIRCLE('',#4955,5.85);
#4955 = AXIS2_PLACEMENT_2D('',#4956,#4957);
#4956 = CARTESIAN_POINT('',(3.321377597886E-14,3.341888834508E-16));
#4957 = DIRECTION('',(1.,0.));
#4958 = ( GEOMETRIC_REPRESENTATION_CONTEXT(2) 
PARAMETRIC_REPRESENTATION_CONTEXT() REPRESENTATION_CONTEXT('2D SPACE',''
  ) );
#4959 = ORIENTED_EDGE('',*,*,#4910,.F.);
#4960 = ORIENTED_EDGE('',*,*,#4823,.F.);
#4961 = ADVANCED_FACE('',(#4962),#4895,.T.);
#4962 = FACE_BOUND('',#4963,.F.);
#4963 = EDGE_LOOP('',(#4964,#4985,#4986,#4987));
#4964 = ORIENTED_EDGE('',*,*,#4965,.F.);
#4965 = EDGE_CURVE('',#4856,#4966,#4968,.T.);
#4966 = VERTEX_POINT('',#4967);
#4967 = CARTESIAN_POINT('',(-20.825,-22.,8.));
#4968 = SEAM_CURVE('',#4969,(#4973,#4979),.PCURVE_S1.);
#4969 = LINE('',#4970,#4971);
#4970 = CARTESIAN_POINT('',(-20.425,-22.,8.4));
#4971 = VECTOR('',#4972,1.);
#4972 = DIRECTION('',(-0.707106781187,-0.,-0.707106781187));
#4973 = PCURVE('',#4895,#4974);
#4974 = DEFINITIONAL_REPRESENTATION('',(#4975),#4978);
#4975 = B_SPLINE_CURVE_WITH_KNOTS('',1,(#4976,#4977),.UNSPECIFIED.,.F.,
  .F.,(2,2),(0.,0.565685424949),.PIECEWISE_BEZIER_KNOTS.);
#4976 = CARTESIAN_POINT('',(0.,0.));
#4977 = CARTESIAN_POINT('',(0.,-0.4));
#4978 = ( GEOMETRIC_REPRESENTATION_CONTEXT(2) 
PARAMETRIC_REPRESENTATION_CONTEXT() REPRESENTATION_CONTEXT('2D SPACE',''
  ) );
#4979 = PCURVE('',#4895,#4980);
#4980 = DEFINITIONAL_REPRESENTATION('',(#4981),#4984);
#4981 = B_SPLINE_CURVE_WITH_KNOTS('',1,(#4982,#4983),.UNSPECIFIED.,.F.,
  .F.,(2,2),(0.,0.565685424949),.PIECEWISE_BEZIER_KNOTS.);
#4982 = CARTESIAN_POINT('',(6.28318530718,0.));
#4983 = CARTESIAN_POINT('',(6.28318530718,-0.4));
#4984 = ( GEOMETRIC_REPRESENTATION_CONTEXT(2) 
PARAMETRIC_REPRESENTATION_CONTEXT() REPRESENTATION_CONTEXT('2D SPACE',''
  ) );
#4985 = ORIENTED_EDGE('',*,*,#4880,.T.);
#4986 = ORIENTED_EDGE('',*,*,#4965,.T.);
#4987 = ORIENTED_EDGE('',*,*,#4988,.F.);
#4988 = EDGE_CURVE('',#4966,#4966,#4989,.T.);
#4989 = SURFACE_CURVE('',#4990,(#4995,#5002),.PCURVE_S1.);
#4990 = CIRCLE('',#4991,1.175);
#4991 = AXIS2_PLACEMENT_3D('',#4992,#4993,#4994);
#4992 = CARTESIAN_POINT('',(-22.,-22.,8.));
#4993 = DIRECTION('',(0.,0.,1.));
#4994 = DIRECTION('',(1.,0.,0.));
#4995 = PCURVE('',#4895,#4996);
#4996 = DEFINITIONAL_REPRESENTATION('',(#4997),#5001);
#4997 = LINE('',#4998,#4999);
#4998 = CARTESIAN_POINT('',(0.,-0.4));
#4999 = VECTOR('',#5000,1.);
#5000 = DIRECTION('',(1.,-0.));
#5001 = ( GEOMETRIC_REPRESENTATION_CONTEXT(2) 
PARAMETRIC_REPRESENTATION_CONTEXT() REPRESENTATION_CONTEXT('2D SPACE',''
  ) );
#5002 = PCURVE('',#5003,#5008);
#5003 = PLANE('',#5004);
#5004 = AXIS2_PLACEMENT_3D('',#5005,#5006,#5007);
#5005 = CARTESIAN_POINT('',(-22.,-22.,8.));
#5006 = DIRECTION('',(0.,0.,1.));
#5007 = DIRECTION('',(1.,0.,0.));
#5008 = DEFINITIONAL_REPRESENTATION('',(#5009),#5013);
#5009 = CIRCLE('',#5010,1.175);
#5010 = AXIS2_PLACEMENT_2D('',#5011,#5012);
#5011 = CARTESIAN_POINT('',(5.426349732299E-17,-4.423303769075E-17));
#5012 = DIRECTION('',(1.,0.));
#5013 = ( GEOMETRIC_REPRESENTATION_CONTEXT(2) 
PARAMETRIC_REPRESENTATION_CONTEXT() REPRESENTATION_CONTEXT('2D SPACE',''
  ) );
#5014 = ADVANCED_FACE('',(#5015,#5050),#4948,.F.);
#5015 = FACE_BOUND('',#5016,.F.);
#5016 = EDGE_LOOP('',(#5017));
#5017 = ORIENTED_EDGE('',*,*,#5018,.F.);
#5018 = EDGE_CURVE('',#5019,#5019,#5021,.T.);
#5019 = VERTEX_POINT('',#5020);
#5020 = CARTESIAN_POINT('',(-15.65,-22.,18.1));
#5021 = SURFACE_CURVE('',#5022,(#5027,#5038),.PCURVE_S1.);
#5022 = CIRCLE('',#5023,6.35);
#5023 = AXIS2_PLACEMENT_3D('',#5024,#5025,#5026);
#5024 = CARTESIAN_POINT('',(-22.,-22.,18.1));
#5025 = DIRECTION('',(0.,0.,-1.));
#5026 = DIRECTION('',(1.,0.,0.));
#5027 = PCURVE('',#4948,#5028);
#5028 = DEFINITIONAL_REPRESENTATION('',(#5029),#5037);
#5029 = ( BOUNDED_CURVE() B_SPLINE_CURVE(2,(#5030,#5031,#5032,#5033,
#5034,#5035,#5036),.UNSPECIFIED.,.T.,.F.) B_SPLINE_CURVE_WITH_KNOTS((1,2
    ,2,2,2,1),(-2.094395102393,0.,2.094395102393,4.188790204786,
6.28318530718,8.377580409573),.UNSPECIFIED.) CURVE() 
GEOMETRIC_REPRESENTATION_ITEM() RATIONAL_B_SPLINE_CURVE((1.,0.5,1.,0.5,
1.,0.5,1.)) REPRESENTATION_ITEM('') );
#5030 = CARTESIAN_POINT('',(6.35,-1.196249076369E-16));
#5031 = CARTESIAN_POINT('',(6.35,-10.99852262806));
#5032 = CARTESIAN_POINT('',(-3.175,-5.499261314031));
#5033 = CARTESIAN_POINT('',(-12.7,-1.674926342554E-15));
#5034 = CARTESIAN_POINT('',(-3.175,5.499261314031));
#5035 = CARTESIAN_POINT('',(6.35,10.998522628062));
#5036 = CARTESIAN_POINT('',(6.35,-1.196249076369E-16));
#5037 = ( GEOMETRIC_REPRESENTATION_CONTEXT(2) 
PARAMETRIC_REPRESENTATION_CONTEXT() REPRESENTATION_CONTEXT('2D SPACE',''
  ) );
#5038 = PCURVE('',#5039,#5044);
#5039 = CYLINDRICAL_SURFACE('',#5040,6.35);
#5040 = AXIS2_PLACEMENT_3D('',#5041,#5042,#5043);
#5041 = CARTESIAN_POINT('',(-22.,-22.,16.));
#5042 = DIRECTION('',(-0.,-0.,-1.));
#5043 = DIRECTION('',(1.,0.,0.));
#5044 = DEFINITIONAL_REPRESENTATION('',(#5045),#5049);
#5045 = LINE('',#5046,#5047);
#5046 = CARTESIAN_POINT('',(-6.28318530718,-2.1));
#5047 = VECTOR('',#5048,1.);
#5048 = DIRECTION('',(1.,-0.));
#5049 = ( GEOMETRIC_REPRESENTATION_CONTEXT(2) 
PARAMETRIC_REPRESENTATION_CONTEXT() REPRESENTATION_CONTEXT('2D SPACE',''
  ) );
#5050 = FACE_BOUND('',#5051,.F.);
#5051 = EDGE_LOOP('',(#5052));
#5052 = ORIENTED_EDGE('',*,*,#4933,.F.);
#5053 = ADVANCED_FACE('',(#5054),#5003,.F.);
#5054 = FACE_BOUND('',#5055,.F.);
#5055 = EDGE_LOOP('',(#5056));
#5056 = ORIENTED_EDGE('',*,*,#4988,.T.);
#5057 = ADVANCED_FACE('',(#5058),#5039,.T.);
#5058 = FACE_BOUND('',#5059,.F.);
#5059 = EDGE_LOOP('',(#5060,#5061,#5084,#5111));
#5060 = ORIENTED_EDGE('',*,*,#5018,.T.);
#5061 = ORIENTED_EDGE('',*,*,#5062,.T.);
#5062 = EDGE_CURVE('',#5019,#5063,#5065,.T.);
#5063 = VERTEX_POINT('',#5064);
#5064 = CARTESIAN_POINT('',(-15.65,-22.,19.));
#5065 = SEAM_CURVE('',#5066,(#5070,#5077),.PCURVE_S1.);
#5066 = LINE('',#5067,#5068);
#5067 = CARTESIAN_POINT('',(-15.65,-22.,16.));
#5068 = VECTOR('',#5069,1.);
#5069 = DIRECTION('',(0.,0.,1.));
#5070 = PCURVE('',#5039,#5071);
#5071 = DEFINITIONAL_REPRESENTATION('',(#5072),#5076);
#5072 = LINE('',#5073,#5074);
#5073 = CARTESIAN_POINT('',(-6.28318530718,0.));
#5074 = VECTOR('',#5075,1.);
#5075 = DIRECTION('',(-0.,-1.));
#5076 = ( GEOMETRIC_REPRESENTATION_CONTEXT(2) 
PARAMETRIC_REPRESENTATION_CONTEXT() REPRESENTATION_CONTEXT('2D SPACE',''
  ) );
#5077 = PCURVE('',#5039,#5078);
#5078 = DEFINITIONAL_REPRESENTATION('',(#5079),#5083);
#5079 = LINE('',#5080,#5081);
#5080 = CARTESIAN_POINT('',(-0.,0.));
#5081 = VECTOR('',#5082,1.);
#5082 = DIRECTION('',(-0.,-1.));
#5083 = ( GEOMETRIC_REPRESENTATION_CONTEXT(2) 
PARAMETRIC_REPRESENTATION_CONTEXT() REPRESENTATION_CONTEXT('2D SPACE',''
  ) );
#5084 = ORIENTED_EDGE('',*,*,#5085,.T.);
#5085 = EDGE_CURVE('',#5063,#5063,#5086,.T.);
#5086 = SURFACE_CURVE('',#5087,(#5092,#5099),.PCURVE_S1.);
#5087 = CIRCLE('',#5088,6.35);
#5088 = AXIS2_PLACEMENT_3D('',#5089,#5090,#5091);
#5089 = CARTESIAN_POINT('',(-22.,-22.,19.));
#5090 = DIRECTION('',(0.,0.,1.));
#5091 = DIRECTION('',(1.,0.,0.));
#5092 = PCURVE('',#5039,#5093);
#5093 = DEFINITIONAL_REPRESENTATION('',(#5094),#5098);
#5094 = LINE('',#5095,#5096);
#5095 = CARTESIAN_POINT('',(-0.,-3.));
#5096 = VECTOR('',#5097,1.);
#5097 = DIRECTION('',(-1.,0.));
#5098 = ( GEOMETRIC_REPRESENTATION_CONTEXT(2) 
PARAMETRIC_REPRESENTATION_CONTEXT() REPRESENTATION_CONTEXT('2D SPACE',''
  ) );
#5099 = PCURVE('',#5100,#5105);
#5100 = CONICAL_SURFACE('',#5101,6.35,0.785398163397);
#5101 = AXIS2_PLACEMENT_3D('',#5102,#5103,#5104);
#5102 = CARTESIAN_POINT('',(-22.,-22.,19.));
#5103 = DIRECTION('',(-0.,-0.,-1.));
#5104 = DIRECTION('',(1.,0.,0.));
#5105 = DEFINITIONAL_REPRESENTATION('',(#5106),#5110);
#5106 = LINE('',#5107,#5108);
#5107 = CARTESIAN_POINT('',(-0.,-0.));
#5108 = VECTOR('',#5109,1.);
#5109 = DIRECTION('',(-1.,-0.));
#5110 = ( GEOMETRIC_REPRESENTATION_CONTEXT(2) 
PARAMETRIC_REPRESENTATION_CONTEXT() REPRESENTATION_CONTEXT('2D SPACE',''
  ) );
#5111 = ORIENTED_EDGE('',*,*,#5062,.F.);
#5112 = ADVANCED_FACE('',(#5113),#5100,.T.);
#5113 = FACE_BOUND('',#5114,.T.);
#5114 = EDGE_LOOP('',(#5115,#5136,#5137,#5138));
#5115 = ORIENTED_EDGE('',*,*,#5116,.F.);
#5116 = EDGE_CURVE('',#5063,#5117,#5119,.T.);
#5117 = VERTEX_POINT('',#5118);
#5118 = CARTESIAN_POINT('',(-15.85,-22.,19.2));
#5119 = SEAM_CURVE('',#5120,(#5124,#5130),.PCURVE_S1.);
#5120 = LINE('',#5121,#5122);
#5121 = CARTESIAN_POINT('',(-15.65,-22.,19.));
#5122 = VECTOR('',#5123,1.);
#5123 = DIRECTION('',(-0.707106781187,0.,0.707106781187));
#5124 = PCURVE('',#5100,#5125);
#5125 = DEFINITIONAL_REPRESENTATION('',(#5126),#5129);
#5126 = B_SPLINE_CURVE_WITH_KNOTS('',1,(#5127,#5128),.UNSPECIFIED.,.F.,
  .F.,(2,2),(0.,0.282842712475),.PIECEWISE_BEZIER_KNOTS.);
#5127 = CARTESIAN_POINT('',(0.,0.));
#5128 = CARTESIAN_POINT('',(0.,-0.2));
#5129 = ( GEOMETRIC_REPRESENTATION_CONTEXT(2) 
PARAMETRIC_REPRESENTATION_CONTEXT() REPRESENTATION_CONTEXT('2D SPACE',''
  ) );
#5130 = PCURVE('',#5100,#5131);
#5131 = DEFINITIONAL_REPRESENTATION('',(#5132),#5135);
#5132 = B_SPLINE_CURVE_WITH_KNOTS('',1,(#5133,#5134),.UNSPECIFIED.,.F.,
  .F.,(2,2),(0.,0.282842712475),.PIECEWISE_BEZIER_KNOTS.);
#5133 = CARTESIAN_POINT('',(-6.28318530718,0.));
#5134 = CARTESIAN_POINT('',(-6.28318530718,-0.2));
#5135 = ( GEOMETRIC_REPRESENTATION_CONTEXT(2) 
PARAMETRIC_REPRESENTATION_CONTEXT() REPRESENTATION_CONTEXT('2D SPACE',''
  ) );
#5136 = ORIENTED_EDGE('',*,*,#5085,.T.);
#5137 = ORIENTED_EDGE('',*,*,#5116,.T.);
#5138 = ORIENTED_EDGE('',*,*,#5139,.F.);
#5139 = EDGE_CURVE('',#5117,#5117,#5140,.T.);
#5140 = SURFACE_CURVE('',#5141,(#5146,#5153),.PCURVE_S1.);
#5141 = CIRCLE('',#5142,6.15);
#5142 = AXIS2_PLACEMENT_3D('',#5143,#5144,#5145);
#5143 = CARTESIAN_POINT('',(-22.,-22.,19.2));
#5144 = DIRECTION('',(0.,0.,1.));
#5145 = DIRECTION('',(1.,0.,0.));
#5146 = PCURVE('',#5100,#5147);
#5147 = DEFINITIONAL_REPRESENTATION('',(#5148),#5152);
#5148 = LINE('',#5149,#5150);
#5149 = CARTESIAN_POINT('',(-0.,-0.2));
#5150 = VECTOR('',#5151,1.);
#5151 = DIRECTION('',(-1.,-0.));
#5152 = ( GEOMETRIC_REPRESENTATION_CONTEXT(2) 
PARAMETRIC_REPRESENTATION_CONTEXT() REPRESENTATION_CONTEXT('2D SPACE',''
  ) );
#5153 = PCURVE('',#5154,#5159);
#5154 = PLANE('',#5155);
#5155 = AXIS2_PLACEMENT_3D('',#5156,#5157,#5158);
#5156 = CARTESIAN_POINT('',(-22.,-22.,19.2));
#5157 = DIRECTION('',(0.,0.,1.));
#5158 = DIRECTION('',(1.,0.,0.));
#5159 = DEFINITIONAL_REPRESENTATION('',(#5160),#5164);
#5160 = CIRCLE('',#5161,6.15);
#5161 = AXIS2_PLACEMENT_2D('',#5162,#5163);
#5162 = CARTESIAN_POINT('',(0.,-6.021627052289E-16));
#5163 = DIRECTION('',(1.,0.));
#5164 = ( GEOMETRIC_REPRESENTATION_CONTEXT(2) 
PARAMETRIC_REPRESENTATION_CONTEXT() REPRESENTATION_CONTEXT('2D SPACE',''
  ) );
#5165 = ADVANCED_FACE('',(#5166),#5154,.T.);
#5166 = FACE_BOUND('',#5167,.T.);
#5167 = EDGE_LOOP('',(#5168));
#5168 = ORIENTED_EDGE('',*,*,#5139,.T.);
#5169 = ( GEOMETRIC_REPRESENTATION_CONTEXT(3) 
GLOBAL_UNCERTAINTY_ASSIGNED_CONTEXT((#5173)) 
GLOBAL_UNIT_ASSIGNED_CONTEXT((#5170,#5171,#5172)) REPRESENTATION_CONTEXT
('Context #1','3D Context with UNIT and UNCERTAINTY') );
#5170 = ( LENGTH_UNIT() NAMED_UNIT(*) SI_UNIT(.MILLI.,.METRE.) );
#5171 = ( NAMED_UNIT(*) PLANE_ANGLE_UNIT() SI_UNIT($,.RADIAN.) );
#5172 = ( NAMED_UNIT(*) SI_UNIT($,.STERADIAN.) SOLID_ANGLE_UNIT() );
#5173 = UNCERTAINTY_MEASURE_WITH_UNIT(LENGTH_MEASURE(1.E-07),#5170,
  'distance_accuracy_value','confusion accuracy');
#5174 = CONTEXT_DEPENDENT_SHAPE_REPRESENTATION(#5175,#5177);
#5175 = ( REPRESENTATION_RELATIONSHIP('','',#4686,#10) 
REPRESENTATION_RELATIONSHIP_WITH_TRANSFORMATION(#5176) 
SHAPE_REPRESENTATION_RELATIONSHIP() );
#5176 = ITEM_DEFINED_TRANSFORMATION('','',#11,#31);
#5177 = PRODUCT_DEFINITION_SHAPE('Placement','Placement of an item',
  #5178);
#5178 = NEXT_ASSEMBLY_USAGE_OCCURRENCE('153','stub 2 stub','',#5,#4681,$
  );
#5179 = PRODUCT_RELATED_PRODUCT_CATEGORY('part',$,(#4683));
#5180 = SHAPE_DEFINITION_REPRESENTATION(#5181,#5187);
#5181 = PRODUCT_DEFINITION_SHAPE('','',#5182);
#5182 = PRODUCT_DEFINITION('design','',#5183,#5186);
#5183 = PRODUCT_DEFINITION_FORMATION('','',#5184);
#5184 = PRODUCT('stub 2 carbon tab','stub 2 carbon tab','',(#5185));
#5185 = PRODUCT_CONTEXT('',#2,'mechanical');
#5186 = PRODUCT_DEFINITION_CONTEXT('part definition',#2,'design');
#5187 = ADVANCED_BREP_SHAPE_REPRESENTATION('',(#11,#5188),#5286);
#5188 = MANIFOLD_SOLID_BREP('',#5189);
#5189 = CLOSED_SHELL('',(#5190,#5278,#5282));
#5190 = ADVANCED_FACE('',(#5191),#5205,.T.);
#5191 = FACE_BOUND('',#5192,.F.);
#5192 = EDGE_LOOP('',(#5193,#5223,#5250,#5251));
#5193 = ORIENTED_EDGE('',*,*,#5194,.T.);
#5194 = EDGE_CURVE('',#5195,#5197,#5199,.T.);
#5195 = VERTEX_POINT('',#5196);
#5196 = CARTESIAN_POINT('',(-16.15,-22.,19.2));
#5197 = VERTEX_POINT('',#5198);
#5198 = CARTESIAN_POINT('',(-16.15,-22.,19.35));
#5199 = SEAM_CURVE('',#5200,(#5204,#5216),.PCURVE_S1.);
#5200 = LINE('',#5201,#5202);
#5201 = CARTESIAN_POINT('',(-16.15,-22.,19.2));
#5202 = VECTOR('',#5203,1.);
#5203 = DIRECTION('',(0.,0.,1.));
#5204 = PCURVE('',#5205,#5210);
#5205 = CYLINDRICAL_SURFACE('',#5206,5.85);
#5206 = AXIS2_PLACEMENT_3D('',#5207,#5208,#5209);
#5207 = CARTESIAN_POINT('',(-22.,-22.,19.2));
#5208 = DIRECTION('',(-0.,-0.,-1.));
#5209 = DIRECTION('',(1.,0.,0.));
#5210 = DEFINITIONAL_REPRESENTATION('',(#5211),#5215);
#5211 = LINE('',#5212,#5213);
#5212 = CARTESIAN_POINT('',(-0.,0.));
#5213 = VECTOR('',#5214,1.);
#5214 = DIRECTION('',(-0.,-1.));
#5215 = ( GEOMETRIC_REPRESENTATION_CONTEXT(2) 
PARAMETRIC_REPRESENTATION_CONTEXT() REPRESENTATION_CONTEXT('2D SPACE',''
  ) );
#5216 = PCURVE('',#5205,#5217);
#5217 = DEFINITIONAL_REPRESENTATION('',(#5218),#5222);
#5218 = LINE('',#5219,#5220);
#5219 = CARTESIAN_POINT('',(-6.28318530718,0.));
#5220 = VECTOR('',#5221,1.);
#5221 = DIRECTION('',(-0.,-1.));
#5222 = ( GEOMETRIC_REPRESENTATION_CONTEXT(2) 
PARAMETRIC_REPRESENTATION_CONTEXT() REPRESENTATION_CONTEXT('2D SPACE',''
  ) );
#5223 = ORIENTED_EDGE('',*,*,#5224,.T.);
#5224 = EDGE_CURVE('',#5197,#5197,#5225,.T.);
#5225 = SURFACE_CURVE('',#5226,(#5231,#5238),.PCURVE_S1.);
#5226 = CIRCLE('',#5227,5.85);
#5227 = AXIS2_PLACEMENT_3D('',#5228,#5229,#5230);
#5228 = CARTESIAN_POINT('',(-22.,-22.,19.35));
#5229 = DIRECTION('',(0.,0.,1.));
#5230 = DIRECTION('',(1.,0.,0.));
#5231 = PCURVE('',#5205,#5232);
#5232 = DEFINITIONAL_REPRESENTATION('',(#5233),#5237);
#5233 = LINE('',#5234,#5235);
#5234 = CARTESIAN_POINT('',(-0.,-0.15));
#5235 = VECTOR('',#5236,1.);
#5236 = DIRECTION('',(-1.,0.));
#5237 = ( GEOMETRIC_REPRESENTATION_CONTEXT(2) 
PARAMETRIC_REPRESENTATION_CONTEXT() REPRESENTATION_CONTEXT('2D SPACE',''
  ) );
#5238 = PCURVE('',#5239,#5244);
#5239 = PLANE('',#5240);
#5240 = AXIS2_PLACEMENT_3D('',#5241,#5242,#5243);
#5241 = CARTESIAN_POINT('',(-22.,-22.,19.35));
#5242 = DIRECTION('',(0.,0.,1.));
#5243 = DIRECTION('',(1.,0.,0.));
#5244 = DEFINITIONAL_REPRESENTATION('',(#5245),#5249);
#5245 = CIRCLE('',#5246,5.85);
#5246 = AXIS2_PLACEMENT_2D('',#5247,#5248);
#5247 = CARTESIAN_POINT('',(2.337504500067E-16,-2.286947741797E-16));
#5248 = DIRECTION('',(1.,0.));
#5249 = ( GEOMETRIC_REPRESENTATION_CONTEXT(2) 
PARAMETRIC_REPRESENTATION_CONTEXT() REPRESENTATION_CONTEXT('2D SPACE',''
  ) );
#5250 = ORIENTED_EDGE('',*,*,#5194,.F.);
#5251 = ORIENTED_EDGE('',*,*,#5252,.F.);
#5252 = EDGE_CURVE('',#5195,#5195,#5253,.T.);
#5253 = SURFACE_CURVE('',#5254,(#5259,#5266),.PCURVE_S1.);
#5254 = CIRCLE('',#5255,5.85);
#5255 = AXIS2_PLACEMENT_3D('',#5256,#5257,#5258);
#5256 = CARTESIAN_POINT('',(-22.,-22.,19.2));
#5257 = DIRECTION('',(0.,0.,1.));
#5258 = DIRECTION('',(1.,0.,0.));
#5259 = PCURVE('',#5205,#5260);
#5260 = DEFINITIONAL_REPRESENTATION('',(#5261),#5265);
#5261 = LINE('',#5262,#5263);
#5262 = CARTESIAN_POINT('',(-0.,0.));
#5263 = VECTOR('',#5264,1.);
#5264 = DIRECTION('',(-1.,0.));
#5265 = ( GEOMETRIC_REPRESENTATION_CONTEXT(2) 
PARAMETRIC_REPRESENTATION_CONTEXT() REPRESENTATION_CONTEXT('2D SPACE',''
  ) );
#5266 = PCURVE('',#5267,#5272);
#5267 = PLANE('',#5268);
#5268 = AXIS2_PLACEMENT_3D('',#5269,#5270,#5271);
#5269 = CARTESIAN_POINT('',(-22.,-22.,19.2));
#5270 = DIRECTION('',(0.,0.,1.));
#5271 = DIRECTION('',(1.,0.,0.));
#5272 = DEFINITIONAL_REPRESENTATION('',(#5273),#5277);
#5273 = CIRCLE('',#5274,5.85);
#5274 = AXIS2_PLACEMENT_2D('',#5275,#5276);
#5275 = CARTESIAN_POINT('',(2.337504500067E-16,-2.286947741797E-16));
#5276 = DIRECTION('',(1.,0.));
#5277 = ( GEOMETRIC_REPRESENTATION_CONTEXT(2) 
PARAMETRIC_REPRESENTATION_CONTEXT() REPRESENTATION_CONTEXT('2D SPACE',''
  ) );
#5278 = ADVANCED_FACE('',(#5279),#5267,.F.);
#5279 = FACE_BOUND('',#5280,.F.);
#5280 = EDGE_LOOP('',(#5281));
#5281 = ORIENTED_EDGE('',*,*,#5252,.T.);
#5282 = ADVANCED_FACE('',(#5283),#5239,.T.);
#5283 = FACE_BOUND('',#5284,.T.);
#5284 = EDGE_LOOP('',(#5285));
#5285 = ORIENTED_EDGE('',*,*,#5224,.T.);
#5286 = ( GEOMETRIC_REPRESENTATION_CONTEXT(3) 
GLOBAL_UNCERTAINTY_ASSIGNED_CONTEXT((#5290)) 
GLOBAL_UNIT_ASSIGNED_CONTEXT((#5287,#5288,#5289)) REPRESENTATION_CONTEXT
('Context #1','3D Context with UNIT and UNCERTAINTY') );
#5287 = ( LENGTH_UNIT() NAMED_UNIT(*) SI_UNIT(.MILLI.,.METRE.) );
#5288 = ( NAMED_UNIT(*) PLANE_ANGLE_UNIT() SI_UNIT($,.RADIAN.) );
#5289 = ( NAMED_UNIT(*) SI_UNIT($,.STERADIAN.) SOLID_ANGLE_UNIT() );
#5290 = UNCERTAINTY_MEASURE_WITH_UNIT(LENGTH_MEASURE(1.E-07),#5287,
  'distance_accuracy_value','confusion accuracy');
#5291 = CONTEXT_DEPENDENT_SHAPE_REPRESENTATION(#5292,#5294);
#5292 = ( REPRESENTATION_RELATIONSHIP('','',#5187,#10) 
REPRESENTATION_RELATIONSHIP_WITH_TRANSFORMATION(#5293) 
SHAPE_REPRESENTATION_RELATIONSHIP() );
#5293 = ITEM_DEFINED_TRANSFORMATION('','',#11,#35);
#5294 = PRODUCT_DEFINITION_SHAPE('Placement','Placement of an item',
  #5295);
#5295 = NEXT_ASSEMBLY_USAGE_OCCURRENCE('154','stub 2 carbon tab','',#5,
  #5182,$);
#5296 = PRODUCT_RELATED_PRODUCT_CATEGORY('part',$,(#5184));
#5297 = SHAPE_DEFINITION_REPRESENTATION(#5298,#5304);
#5298 = PRODUCT_DEFINITION_SHAPE('','',#5299);
#5299 = PRODUCT_DEFINITION('design','',#5300,#5303);
#5300 = PRODUCT_DEFINITION_FORMATION('','',#5301);
#5301 = PRODUCT('stub 2 sample','stub 2 sample','',(#5302));
#5302 = PRODUCT_CONTEXT('',#2,'mechanical');
#5303 = PRODUCT_DEFINITION_CONTEXT('part definition',#2,'design');
#5304 = ADVANCED_BREP_SHAPE_REPRESENTATION('',(#11,#5305),#5955);
#5305 = MANIFOLD_SOLID_BREP('',#5306);
#5306 = CLOSED_SHELL('',(#5307,#5427,#5505,#5583,#5659,#5737,#5813,#5886
    ,#5933,#5944));
#5307 = ADVANCED_FACE('',(#5308),#5322,.T.);
#5308 = FACE_BOUND('',#5309,.T.);
#5309 = EDGE_LOOP('',(#5310,#5345,#5373,#5401));
#5310 = ORIENTED_EDGE('',*,*,#5311,.T.);
#5311 = EDGE_CURVE('',#5312,#5314,#5316,.T.);
#5312 = VERTEX_POINT('',#5313);
#5313 = CARTESIAN_POINT('',(-24.8575,-23.8225,19.35));
#5314 = VERTEX_POINT('',#5315);
#5315 = CARTESIAN_POINT('',(-24.8575,-23.8225,20.85));
#5316 = SURFACE_CURVE('',#5317,(#5321,#5333),.PCURVE_S1.);
#5317 = LINE('',#5318,#5319);
#5318 = CARTESIAN_POINT('',(-24.8575,-23.8225,19.35));
#5319 = VECTOR('',#5320,1.);
#5320 = DIRECTION('',(0.,0.,1.));
#5321 = PCURVE('',#5322,#5327);
#5322 = PLANE('',#5323);
#5323 = AXIS2_PLACEMENT_3D('',#5324,#5325,#5326);
#5324 = CARTESIAN_POINT('',(-24.8575,-23.8225,19.35));
#5325 = DIRECTION('',(-1.,0.,0.));
#5326 = DIRECTION('',(0.,1.,0.));
#5327 = DEFINITIONAL_REPRESENTATION('',(#5328),#5332);
#5328 = LINE('',#5329,#5330);
#5329 = CARTESIAN_POINT('',(0.,0.));
#5330 = VECTOR('',#5331,1.);
#5331 = DIRECTION('',(0.,-1.));
#5332 = ( GEOMETRIC_REPRESENTATION_CONTEXT(2) 
PARAMETRIC_REPRESENTATION_CONTEXT() REPRESENTATION_CONTEXT('2D SPACE',''
  ) );
#5333 = PCURVE('',#5334,#5339);
#5334 = CYLINDRICAL_SURFACE('',#5335,0.4);
#5335 = AXIS2_PLACEMENT_3D('',#5336,#5337,#5338);
#5336 = CARTESIAN_POINT('',(-24.4575,-23.8225,19.35));
#5337 = DIRECTION('',(-0.,-0.,-1.));
#5338 = DIRECTION('',(1.,0.,0.));
#5339 = DEFINITIONAL_REPRESENTATION('',(#5340),#5344);
#5340 = LINE('',#5341,#5342);
#5341 = CARTESIAN_POINT('',(-3.14159265359,0.));
#5342 = VECTOR('',#5343,1.);
#5343 = DIRECTION('',(-0.,-1.));
#5344 = ( GEOMETRIC_REPRESENTATION_CONTEXT(2) 
PARAMETRIC_REPRESENTATION_CONTEXT() REPRESENTATION_CONTEXT('2D SPACE',''
  ) );
#5345 = ORIENTED_EDGE('',*,*,#5346,.T.);
#5346 = EDGE_CURVE('',#5314,#5347,#5349,.T.);
#5347 = VERTEX_POINT('',#5348);
#5348 = CARTESIAN_POINT('',(-24.8575,-20.1775,20.85));
#5349 = SURFACE_CURVE('',#5350,(#5354,#5361),.PCURVE_S1.);
#5350 = LINE('',#5351,#5352);
#5351 = CARTESIAN_POINT('',(-24.8575,-22.,20.85));
#5352 = VECTOR('',#5353,1.);
#5353 = DIRECTION('',(0.,1.,0.));
#5354 = PCURVE('',#5322,#5355);
#5355 = DEFINITIONAL_REPRESENTATION('',(#5356),#5360);
#5356 = LINE('',#5357,#5358);
#5357 = CARTESIAN_POINT('',(1.8225,-1.5));
#5358 = VECTOR('',#5359,1.);
#5359 = DIRECTION('',(1.,0.));
#5360 = ( GEOMETRIC_REPRESENTATION_CONTEXT(2) 
PARAMETRIC_REPRESENTATION_CONTEXT() REPRESENTATION_CONTEXT('2D SPACE',''
  ) );
#5361 = PCURVE('',#5362,#5367);
#5362 = PLANE('',#5363);
#5363 = AXIS2_PLACEMENT_3D('',#5364,#5365,#5366);
#5364 = CARTESIAN_POINT('',(-22.,-22.,20.85));
#5365 = DIRECTION('',(0.,0.,1.));
#5366 = DIRECTION('',(1.,0.,0.));
#5367 = DEFINITIONAL_REPRESENTATION('',(#5368),#5372);
#5368 = LINE('',#5369,#5370);
#5369 = CARTESIAN_POINT('',(-2.8575,0.));
#5370 = VECTOR('',#5371,1.);
#5371 = DIRECTION('',(0.,1.));
#5372 = ( GEOMETRIC_REPRESENTATION_CONTEXT(2) 
PARAMETRIC_REPRESENTATION_CONTEXT() REPRESENTATION_CONTEXT('2D SPACE',''
  ) );
#5373 = ORIENTED_EDGE('',*,*,#5374,.F.);
#5374 = EDGE_CURVE('',#5375,#5347,#5377,.T.);
#5375 = VERTEX_POINT('',#5376);
#5376 = CARTESIAN_POINT('',(-24.8575,-20.1775,19.35));
#5377 = SURFACE_CURVE('',#5378,(#5382,#5389),.PCURVE_S1.);
#5378 = LINE('',#5379,#5380);
#5379 = CARTESIAN_POINT('',(-24.8575,-20.1775,19.35));
#5380 = VECTOR('',#5381,1.);
#5381 = DIRECTION('',(0.,0.,1.));
#5382 = PCURVE('',#5322,#5383);
#5383 = DEFINITIONAL_REPRESENTATION('',(#5384),#5388);
#5384 = LINE('',#5385,#5386);
#5385 = CARTESIAN_POINT('',(3.645,0.));
#5386 = VECTOR('',#5387,1.);
#5387 = DIRECTION('',(0.,-1.));
#5388 = ( GEOMETRIC_REPRESENTATION_CONTEXT(2) 
PARAMETRIC_REPRESENTATION_CONTEXT() REPRESENTATION_CONTEXT('2D SPACE',''
  ) );
#5389 = PCURVE('',#5390,#5395);
#5390 = CYLINDRICAL_SURFACE('',#5391,0.4);
#5391 = AXIS2_PLACEMENT_3D('',#5392,#5393,#5394);
#5392 = CARTESIAN_POINT('',(-24.4575,-20.1775,19.35));
#5393 = DIRECTION('',(-0.,-0.,-1.));
#5394 = DIRECTION('',(1.,0.,0.));
#5395 = DEFINITIONAL_REPRESENTATION('',(#5396),#5400);
#5396 = LINE('',#5397,#5398);
#5397 = CARTESIAN_POINT('',(-3.14159265359,0.));
#5398 = VECTOR('',#5399,1.);
#5399 = DIRECTION('',(-0.,-1.));
#5400 = ( GEOMETRIC_REPRESENTATION_CONTEXT(2) 
PARAMETRIC_REPRESENTATION_CONTEXT() REPRESENTATION_CONTEXT('2D SPACE',''
  ) );
#5401 = ORIENTED_EDGE('',*,*,#5402,.F.);
#5402 = EDGE_CURVE('',#5312,#5375,#5403,.T.);
#5403 = SURFACE_CURVE('',#5404,(#5408,#5415),.PCURVE_S1.);
#5404 = LINE('',#5405,#5406);
#5405 = CARTESIAN_POINT('',(-24.8575,-22.,19.35));
#5406 = VECTOR('',#5407,1.);
#5407 = DIRECTION('',(0.,1.,0.));
#5408 = PCURVE('',#5322,#5409);
#5409 = DEFINITIONAL_REPRESENTATION('',(#5410),#5414);
#5410 = LINE('',#5411,#5412);
#5411 = CARTESIAN_POINT('',(1.8225,0.));
#5412 = VECTOR('',#5413,1.);
#5413 = DIRECTION('',(1.,0.));
#5414 = ( GEOMETRIC_REPRESENTATION_CONTEXT(2) 
PARAMETRIC_REPRESENTATION_CONTEXT() REPRESENTATION_CONTEXT('2D SPACE',''
  ) );
#5415 = PCURVE('',#5416,#5421);
#5416 = PLANE('',#5417);
#5417 = AXIS2_PLACEMENT_3D('',#5418,#5419,#5420);
#5418 = CARTESIAN_POINT('',(-22.,-22.,19.35));
#5419 = DIRECTION('',(0.,0.,1.));
#5420 = DIRECTION('',(1.,0.,0.));
#5421 = DEFINITIONAL_REPRESENTATION('',(#5422),#5426);
#5422 = LINE('',#5423,#5424);
#5423 = CARTESIAN_POINT('',(-2.8575,0.));
#5424 = VECTOR('',#5425,1.);
#5425 = DIRECTION('',(0.,1.));
#5426 = ( GEOMETRIC_REPRESENTATION_CONTEXT(2) 
PARAMETRIC_REPRESENTATION_CONTEXT() REPRESENTATION_CONTEXT('2D SPACE',''
  ) );
#5427 = ADVANCED_FACE('',(#5428),#5390,.T.);
#5428 = FACE_BOUND('',#5429,.F.);
#5429 = EDGE_LOOP('',(#5430,#5460,#5482,#5483));
#5430 = ORIENTED_EDGE('',*,*,#5431,.T.);
#5431 = EDGE_CURVE('',#5432,#5434,#5436,.T.);
#5432 = VERTEX_POINT('',#5433);
#5433 = CARTESIAN_POINT('',(-24.4575,-19.7775,19.35));
#5434 = VERTEX_POINT('',#5435);
#5435 = CARTESIAN_POINT('',(-24.4575,-19.7775,20.85));
#5436 = SURFACE_CURVE('',#5437,(#5441,#5448),.PCURVE_S1.);
#5437 = LINE('',#5438,#5439);
#5438 = CARTESIAN_POINT('',(-24.4575,-19.7775,19.35));
#5439 = VECTOR('',#5440,1.);
#5440 = DIRECTION('',(0.,0.,1.));
#5441 = PCURVE('',#5390,#5442);
#5442 = DEFINITIONAL_REPRESENTATION('',(#5443),#5447);
#5443 = LINE('',#5444,#5445);
#5444 = CARTESIAN_POINT('',(-1.570796326795,0.));
#5445 = VECTOR('',#5446,1.);
#5446 = DIRECTION('',(-0.,-1.));
#5447 = ( GEOMETRIC_REPRESENTATION_CONTEXT(2) 
PARAMETRIC_REPRESENTATION_CONTEXT() REPRESENTATION_CONTEXT('2D SPACE',''
  ) );
#5448 = PCURVE('',#5449,#5454);
#5449 = PLANE('',#5450);
#5450 = AXIS2_PLACEMENT_3D('',#5451,#5452,#5453);
#5451 = CARTESIAN_POINT('',(-24.4575,-19.7775,19.35));
#5452 = DIRECTION('',(0.,1.,0.));
#5453 = DIRECTION('',(1.,0.,0.));
#5454 = DEFINITIONAL_REPRESENTATION('',(#5455),#5459);
#5455 = LINE('',#5456,#5457);
#5456 = CARTESIAN_POINT('',(0.,0.));
#5457 = VECTOR('',#5458,1.);
#5458 = DIRECTION('',(0.,-1.));
#5459 = ( GEOMETRIC_REPRESENTATION_CONTEXT(2) 
PARAMETRIC_REPRESENTATION_CONTEXT() REPRESENTATION_CONTEXT('2D SPACE',''
  ) );
#5460 = ORIENTED_EDGE('',*,*,#5461,.T.);
#5461 = EDGE_CURVE('',#5434,#5347,#5462,.T.);
#5462 = SURFACE_CURVE('',#5463,(#5468,#5475),.PCURVE_S1.);
#5463 = CIRCLE('',#5464,0.4);
#5464 = AXIS2_PLACEMENT_3D('',#5465,#5466,#5467);
#5465 = CARTESIAN_POINT('',(-24.4575,-20.1775,20.85));
#5466 = DIRECTION('',(0.,0.,1.));
#5467 = DIRECTION('',(1.,0.,0.));
#5468 = PCURVE('',#5390,#5469);
#5469 = DEFINITIONAL_REPRESENTATION('',(#5470),#5474);
#5470 = LINE('',#5471,#5472);
#5471 = CARTESIAN_POINT('',(-0.,-1.5));
#5472 = VECTOR('',#5473,1.);
#5473 = DIRECTION('',(-1.,0.));
#5474 = ( GEOMETRIC_REPRESENTATION_CONTEXT(2) 
PARAMETRIC_REPRESENTATION_CONTEXT() REPRESENTATION_CONTEXT('2D SPACE',''
  ) );
#5475 = PCURVE('',#5362,#5476);
#5476 = DEFINITIONAL_REPRESENTATION('',(#5477),#5481);
#5477 = CIRCLE('',#5478,0.4);
#5478 = AXIS2_PLACEMENT_2D('',#5479,#5480);
#5479 = CARTESIAN_POINT('',(-2.4575,1.8225));
#5480 = DIRECTION('',(1.,0.));
#5481 = ( GEOMETRIC_REPRESENTATION_CONTEXT(2) 
PARAMETRIC_REPRESENTATION_CONTEXT() REPRESENTATION_CONTEXT('2D SPACE',''
  ) );
#5482 = ORIENTED_EDGE('',*,*,#5374,.F.);
#5483 = ORIENTED_EDGE('',*,*,#5484,.F.);
#5484 = EDGE_CURVE('',#5432,#5375,#5485,.T.);
#5485 = SURFACE_CURVE('',#5486,(#5491,#5498),.PCURVE_S1.);
#5486 = CIRCLE('',#5487,0.4);
#5487 = AXIS2_PLACEMENT_3D('',#5488,#5489,#5490);
#5488 = CARTESIAN_POINT('',(-24.4575,-20.1775,19.35));
#5489 = DIRECTION('',(0.,0.,1.));
#5490 = DIRECTION('',(1.,0.,0.));
#5491 = PCURVE('',#5390,#5492);
#5492 = DEFINITIONAL_REPRESENTATION('',(#5493),#5497);
#5493 = LINE('',#5494,#5495);
#5494 = CARTESIAN_POINT('',(-0.,0.));
#5495 = VECTOR('',#5496,1.);
#5496 = DIRECTION('',(-1.,0.));
#5497 = ( GEOMETRIC_REPRESENTATION_CONTEXT(2) 
PARAMETRIC_REPRESENTATION_CONTEXT() REPRESENTATION_CONTEXT('2D SPACE',''
  ) );
#5498 = PCURVE('',#5416,#5499);
#5499 = DEFINITIONAL_REPRESENTATION('',(#5500),#5504);
#5500 = CIRCLE('',#5501,0.4);
#5501 = AXIS2_PLACEMENT_2D('',#5502,#5503);
#5502 = CARTESIAN_POINT('',(-2.4575,1.8225));
#5503 = DIRECTION('',(1.,0.));
#5504 = ( GEOMETRIC_REPRESENTATION_CONTEXT(2) 
PARAMETRIC_REPRESENTATION_CONTEXT() REPRESENTATION_CONTEXT('2D SPACE',''
  ) );
#5505 = ADVANCED_FACE('',(#5506),#5334,.T.);
#5506 = FACE_BOUND('',#5507,.F.);
#5507 = EDGE_LOOP('',(#5508,#5509,#5533,#5561));
#5508 = ORIENTED_EDGE('',*,*,#5311,.T.);
#5509 = ORIENTED_EDGE('',*,*,#5510,.T.);
#5510 = EDGE_CURVE('',#5314,#5511,#5513,.T.);
#5511 = VERTEX_POINT('',#5512);
#5512 = CARTESIAN_POINT('',(-24.4575,-24.2225,20.85));
#5513 = SURFACE_CURVE('',#5514,(#5519,#5526),.PCURVE_S1.);
#5514 = CIRCLE('',#5515,0.4);
#5515 = AXIS2_PLACEMENT_3D('',#5516,#5517,#5518);
#5516 = CARTESIAN_POINT('',(-24.4575,-23.8225,20.85));
#5517 = DIRECTION('',(0.,0.,1.));
#5518 = DIRECTION('',(1.,0.,0.));
#5519 = PCURVE('',#5334,#5520);
#5520 = DEFINITIONAL_REPRESENTATION('',(#5521),#5525);
#5521 = LINE('',#5522,#5523);
#5522 = CARTESIAN_POINT('',(-0.,-1.5));
#5523 = VECTOR('',#5524,1.);
#5524 = DIRECTION('',(-1.,0.));
#5525 = ( GEOMETRIC_REPRESENTATION_CONTEXT(2) 
PARAMETRIC_REPRESENTATION_CONTEXT() REPRESENTATION_CONTEXT('2D SPACE',''
  ) );
#5526 = PCURVE('',#5362,#5527);
#5527 = DEFINITIONAL_REPRESENTATION('',(#5528),#5532);
#5528 = CIRCLE('',#5529,0.4);
#5529 = AXIS2_PLACEMENT_2D('',#5530,#5531);
#5530 = CARTESIAN_POINT('',(-2.4575,-1.8225));
#5531 = DIRECTION('',(1.,0.));
#5532 = ( GEOMETRIC_REPRESENTATION_CONTEXT(2) 
PARAMETRIC_REPRESENTATION_CONTEXT() REPRESENTATION_CONTEXT('2D SPACE',''
  ) );
#5533 = ORIENTED_EDGE('',*,*,#5534,.F.);
#5534 = EDGE_CURVE('',#5535,#5511,#5537,.T.);
#5535 = VERTEX_POINT('',#5536);
#5536 = CARTESIAN_POINT('',(-24.4575,-24.2225,19.35));
#5537 = SURFACE_CURVE('',#5538,(#5542,#5549),.PCURVE_S1.);
#5538 = LINE('',#5539,#5540);
#5539 = CARTESIAN_POINT('',(-24.4575,-24.2225,19.35));
#5540 = VECTOR('',#5541,1.);
#5541 = DIRECTION('',(0.,0.,1.));
#5542 = PCURVE('',#5334,#5543);
#5543 = DEFINITIONAL_REPRESENTATION('',(#5544),#5548);
#5544 = LINE('',#5545,#5546);
#5545 = CARTESIAN_POINT('',(-4.712388980385,0.));
#5546 = VECTOR('',#5547,1.);
#5547 = DIRECTION('',(-0.,-1.));
#5548 = ( GEOMETRIC_REPRESENTATION_CONTEXT(2) 
PARAMETRIC_REPRESENTATION_CONTEXT() REPRESENTATION_CONTEXT('2D SPACE',''
  ) );
#5549 = PCURVE('',#5550,#5555);
#5550 = PLANE('',#5551);
#5551 = AXIS2_PLACEMENT_3D('',#5552,#5553,#5554);
#5552 = CARTESIAN_POINT('',(-24.4575,-24.2225,19.35));
#5553 = DIRECTION('',(0.,1.,0.));
#5554 = DIRECTION('',(1.,0.,0.));
#5555 = DEFINITIONAL_REPRESENTATION('',(#5556),#5560);
#5556 = LINE('',#5557,#5558);
#5557 = CARTESIAN_POINT('',(0.,0.));
#5558 = VECTOR('',#5559,1.);
#5559 = DIRECTION('',(0.,-1.));
#5560 = ( GEOMETRIC_REPRESENTATION_CONTEXT(2) 
PARAMETRIC_REPRESENTATION_CONTEXT() REPRESENTATION_CONTEXT('2D SPACE',''
  ) );
#5561 = ORIENTED_EDGE('',*,*,#5562,.F.);
#5562 = EDGE_CURVE('',#5312,#5535,#5563,.T.);
#5563 = SURFACE_CURVE('',#5564,(#5569,#5576),.PCURVE_S1.);
#5564 = CIRCLE('',#5565,0.4);
#5565 = AXIS2_PLACEMENT_3D('',#5566,#5567,#5568);
#5566 = CARTESIAN_POINT('',(-24.4575,-23.8225,19.35));
#5567 = DIRECTION('',(0.,0.,1.));
#5568 = DIRECTION('',(1.,0.,0.));
#5569 = PCURVE('',#5334,#5570);
#5570 = DEFINITIONAL_REPRESENTATION('',(#5571),#5575);
#5571 = LINE('',#5572,#5573);
#5572 = CARTESIAN_POINT('',(-0.,0.));
#5573 = VECTOR('',#5574,1.);
#5574 = DIRECTION('',(-1.,0.));
#5575 = ( GEOMETRIC_REPRESENTATION_CONTEXT(2) 
PARAMETRIC_REPRESENTATION_CONTEXT() REPRESENTATION_CONTEXT('2D SPACE',''
  ) );
#5576 = PCURVE('',#5416,#5577);
#5577 = DEFINITIONAL_REPRESENTATION('',(#5578),#5582);
#5578 = CIRCLE('',#5579,0.4);
#5579 = AXIS2_PLACEMENT_2D('',#5580,#5581);
#5580 = CARTESIAN_POINT('',(-2.4575,-1.8225));
#5581 = DIRECTION('',(1.,0.));
#5582 = ( GEOMETRIC_REPRESENTATION_CONTEXT(2) 
PARAMETRIC_REPRESENTATION_CONTEXT() REPRESENTATION_CONTEXT('2D SPACE',''
  ) );
#5583 = ADVANCED_FACE('',(#5584),#5550,.F.);
#5584 = FACE_BOUND('',#5585,.F.);
#5585 = EDGE_LOOP('',(#5586,#5587,#5610,#5638));
#5586 = ORIENTED_EDGE('',*,*,#5534,.T.);
#5587 = ORIENTED_EDGE('',*,*,#5588,.T.);
#5588 = EDGE_CURVE('',#5511,#5589,#5591,.T.);
#5589 = VERTEX_POINT('',#5590);
#5590 = CARTESIAN_POINT('',(-19.5425,-24.2225,20.85));
#5591 = SURFACE_CURVE('',#5592,(#5596,#5603),.PCURVE_S1.);
#5592 = LINE('',#5593,#5594);
#5593 = CARTESIAN_POINT('',(-22.,-24.2225,20.85));
#5594 = VECTOR('',#5595,1.);
#5595 = DIRECTION('',(1.,0.,0.));
#5596 = PCURVE('',#5550,#5597);
#5597 = DEFINITIONAL_REPRESENTATION('',(#5598),#5602);
#5598 = LINE('',#5599,#5600);
#5599 = CARTESIAN_POINT('',(2.4575,-1.5));
#5600 = VECTOR('',#5601,1.);
#5601 = DIRECTION('',(1.,0.));
#5602 = ( GEOMETRIC_REPRESENTATION_CONTEXT(2) 
PARAMETRIC_REPRESENTATION_CONTEXT() REPRESENTATION_CONTEXT('2D SPACE',''
  ) );
#5603 = PCURVE('',#5362,#5604);
#5604 = DEFINITIONAL_REPRESENTATION('',(#5605),#5609);
#5605 = LINE('',#5606,#5607);
#5606 = CARTESIAN_POINT('',(0.,-2.2225));
#5607 = VECTOR('',#5608,1.);
#5608 = DIRECTION('',(1.,0.));
#5609 = ( GEOMETRIC_REPRESENTATION_CONTEXT(2) 
PARAMETRIC_REPRESENTATION_CONTEXT() REPRESENTATION_CONTEXT('2D SPACE',''
  ) );
#5610 = ORIENTED_EDGE('',*,*,#5611,.F.);
#5611 = EDGE_CURVE('',#5612,#5589,#5614,.T.);
#5612 = VERTEX_POINT('',#5613);
#5613 = CARTESIAN_POINT('',(-19.5425,-24.2225,19.35));
#5614 = SURFACE_CURVE('',#5615,(#5619,#5626),.PCURVE_S1.);
#5615 = LINE('',#5616,#5617);
#5616 = CARTESIAN_POINT('',(-19.5425,-24.2225,19.35));
#5617 = VECTOR('',#5618,1.);
#5618 = DIRECTION('',(0.,0.,1.));
#5619 = PCURVE('',#5550,#5620);
#5620 = DEFINITIONAL_REPRESENTATION('',(#5621),#5625);
#5621 = LINE('',#5622,#5623);
#5622 = CARTESIAN_POINT('',(4.915,0.));
#5623 = VECTOR('',#5624,1.);
#5624 = DIRECTION('',(0.,-1.));
#5625 = ( GEOMETRIC_REPRESENTATION_CONTEXT(2) 
PARAMETRIC_REPRESENTATION_CONTEXT() REPRESENTATION_CONTEXT('2D SPACE',''
  ) );
#5626 = PCURVE('',#5627,#5632);
#5627 = CYLINDRICAL_SURFACE('',#5628,0.4);
#5628 = AXIS2_PLACEMENT_3D('',#5629,#5630,#5631);
#5629 = CARTESIAN_POINT('',(-19.5425,-23.8225,19.35));
#5630 = DIRECTION('',(-0.,-0.,-1.));
#5631 = DIRECTION('',(1.,0.,0.));
#5632 = DEFINITIONAL_REPRESENTATION('',(#5633),#5637);
#5633 = LINE('',#5634,#5635);
#5634 = CARTESIAN_POINT('',(-4.712388980385,0.));
#5635 = VECTOR('',#5636,1.);
#5636 = DIRECTION('',(-0.,-1.));
#5637 = ( GEOMETRIC_REPRESENTATION_CONTEXT(2) 
PARAMETRIC_REPRESENTATION_CONTEXT() REPRESENTATION_CONTEXT('2D SPACE',''
  ) );
#5638 = ORIENTED_EDGE('',*,*,#5639,.F.);
#5639 = EDGE_CURVE('',#5535,#5612,#5640,.T.);
#5640 = SURFACE_CURVE('',#5641,(#5645,#5652),.PCURVE_S1.);
#5641 = LINE('',#5642,#5643);
#5642 = CARTESIAN_POINT('',(-22.,-24.2225,19.35));
#5643 = VECTOR('',#5644,1.);
#5644 = DIRECTION('',(1.,0.,0.));
#5645 = PCURVE('',#5550,#5646);
#5646 = DEFINITIONAL_REPRESENTATION('',(#5647),#5651);
#5647 = LINE('',#5648,#5649);
#5648 = CARTESIAN_POINT('',(2.4575,0.));
#5649 = VECTOR('',#5650,1.);
#5650 = DIRECTION('',(1.,0.));
#5651 = ( GEOMETRIC_REPRESENTATION_CONTEXT(2) 
PARAMETRIC_REPRESENTATION_CONTEXT() REPRESENTATION_CONTEXT('2D SPACE',''
  ) );
#5652 = PCURVE('',#5416,#5653);
#5653 = DEFINITIONAL_REPRESENTATION('',(#5654),#5658);
#5654 = LINE('',#5655,#5656);
#5655 = CARTESIAN_POINT('',(0.,-2.2225));
#5656 = VECTOR('',#5657,1.);
#5657 = DIRECTION('',(1.,0.));
#5658 = ( GEOMETRIC_REPRESENTATION_CONTEXT(2) 
PARAMETRIC_REPRESENTATION_CONTEXT() REPRESENTATION_CONTEXT('2D SPACE',''
  ) );
#5659 = ADVANCED_FACE('',(#5660),#5627,.T.);
#5660 = FACE_BOUND('',#5661,.F.);
#5661 = EDGE_LOOP('',(#5662,#5663,#5687,#5715));
#5662 = ORIENTED_EDGE('',*,*,#5611,.T.);
#5663 = ORIENTED_EDGE('',*,*,#5664,.T.);
#5664 = EDGE_CURVE('',#5589,#5665,#5667,.T.);
#5665 = VERTEX_POINT('',#5666);
#5666 = CARTESIAN_POINT('',(-19.1425,-23.8225,20.85));
#5667 = SURFACE_CURVE('',#5668,(#5673,#5680),.PCURVE_S1.);
#5668 = CIRCLE('',#5669,0.4);
#5669 = AXIS2_PLACEMENT_3D('',#5670,#5671,#5672);
#5670 = CARTESIAN_POINT('',(-19.5425,-23.8225,20.85));
#5671 = DIRECTION('',(0.,0.,1.));
#5672 = DIRECTION('',(1.,0.,0.));
#5673 = PCURVE('',#5627,#5674);
#5674 = DEFINITIONAL_REPRESENTATION('',(#5675),#5679);
#5675 = LINE('',#5676,#5677);
#5676 = CARTESIAN_POINT('',(-0.,-1.5));
#5677 = VECTOR('',#5678,1.);
#5678 = DIRECTION('',(-1.,0.));
#5679 = ( GEOMETRIC_REPRESENTATION_CONTEXT(2) 
PARAMETRIC_REPRESENTATION_CONTEXT() REPRESENTATION_CONTEXT('2D SPACE',''
  ) );
#5680 = PCURVE('',#5362,#5681);
#5681 = DEFINITIONAL_REPRESENTATION('',(#5682),#5686);
#5682 = CIRCLE('',#5683,0.4);
#5683 = AXIS2_PLACEMENT_2D('',#5684,#5685);
#5684 = CARTESIAN_POINT('',(2.4575,-1.8225));
#5685 = DIRECTION('',(1.,0.));
#5686 = ( GEOMETRIC_REPRESENTATION_CONTEXT(2) 
PARAMETRIC_REPRESENTATION_CONTEXT() REPRESENTATION_CONTEXT('2D SPACE',''
  ) );
#5687 = ORIENTED_EDGE('',*,*,#5688,.F.);
#5688 = EDGE_CURVE('',#5689,#5665,#5691,.T.);
#5689 = VERTEX_POINT('',#5690);
#5690 = CARTESIAN_POINT('',(-19.1425,-23.8225,19.35));
#5691 = SURFACE_CURVE('',#5692,(#5696,#5703),.PCURVE_S1.);
#5692 = LINE('',#5693,#5694);
#5693 = CARTESIAN_POINT('',(-19.1425,-23.8225,19.35));
#5694 = VECTOR('',#5695,1.);
#5695 = DIRECTION('',(0.,0.,1.));
#5696 = PCURVE('',#5627,#5697);
#5697 = DEFINITIONAL_REPRESENTATION('',(#5698),#5702);
#5698 = LINE('',#5699,#5700);
#5699 = CARTESIAN_POINT('',(-6.28318530718,0.));
#5700 = VECTOR('',#5701,1.);
#5701 = DIRECTION('',(-0.,-1.));
#5702 = ( GEOMETRIC_REPRESENTATION_CONTEXT(2) 
PARAMETRIC_REPRESENTATION_CONTEXT() REPRESENTATION_CONTEXT('2D SPACE',''
  ) );
#5703 = PCURVE('',#5704,#5709);
#5704 = PLANE('',#5705);
#5705 = AXIS2_PLACEMENT_3D('',#5706,#5707,#5708);
#5706 = CARTESIAN_POINT('',(-19.1425,-23.8225,19.35));
#5707 = DIRECTION('',(-1.,0.,0.));
#5708 = DIRECTION('',(0.,1.,0.));
#5709 = DEFINITIONAL_REPRESENTATION('',(#5710),#5714);
#5710 = LINE('',#5711,#5712);
#5711 = CARTESIAN_POINT('',(0.,0.));
#5712 = VECTOR('',#5713,1.);
#5713 = DIRECTION('',(0.,-1.));
#5714 = ( GEOMETRIC_REPRESENTATION_CONTEXT(2) 
PARAMETRIC_REPRESENTATION_CONTEXT() REPRESENTATION_CONTEXT('2D SPACE',''
  ) );
#5715 = ORIENTED_EDGE('',*,*,#5716,.F.);
#5716 = EDGE_CURVE('',#5612,#5689,#5717,.T.);
#5717 = SURFACE_CURVE('',#5718,(#5723,#5730),.PCURVE_S1.);
#5718 = CIRCLE('',#5719,0.4);
#5719 = AXIS2_PLACEMENT_3D('',#5720,#5721,#5722);
#5720 = CARTESIAN_POINT('',(-19.5425,-23.8225,19.35));
#5721 = DIRECTION('',(0.,0.,1.));
#5722 = DIRECTION('',(1.,0.,0.));
#5723 = PCURVE('',#5627,#5724);
#5724 = DEFINITIONAL_REPRESENTATION('',(#5725),#5729);
#5725 = LINE('',#5726,#5727);
#5726 = CARTESIAN_POINT('',(-0.,0.));
#5727 = VECTOR('',#5728,1.);
#5728 = DIRECTION('',(-1.,0.));
#5729 = ( GEOMETRIC_REPRESENTATION_CONTEXT(2) 
PARAMETRIC_REPRESENTATION_CONTEXT() REPRESENTATION_CONTEXT('2D SPACE',''
  ) );
#5730 = PCURVE('',#5416,#5731);
#5731 = DEFINITIONAL_REPRESENTATION('',(#5732),#5736);
#5732 = CIRCLE('',#5733,0.4);
#5733 = AXIS2_PLACEMENT_2D('',#5734,#5735);
#5734 = CARTESIAN_POINT('',(2.4575,-1.8225));
#5735 = DIRECTION('',(1.,0.));
#5736 = ( GEOMETRIC_REPRESENTATION_CONTEXT(2) 
PARAMETRIC_REPRESENTATION_CONTEXT() REPRESENTATION_CONTEXT('2D SPACE',''
  ) );
#5737 = ADVANCED_FACE('',(#5738),#5704,.F.);
#5738 = FACE_BOUND('',#5739,.F.);
#5739 = EDGE_LOOP('',(#5740,#5741,#5764,#5792));
#5740 = ORIENTED_EDGE('',*,*,#5688,.T.);
#5741 = ORIENTED_EDGE('',*,*,#5742,.T.);
#5742 = EDGE_CURVE('',#5665,#5743,#5745,.T.);
#5743 = VERTEX_POINT('',#5744);
#5744 = CARTESIAN_POINT('',(-19.1425,-20.1775,20.85));
#5745 = SURFACE_CURVE('',#5746,(#5750,#5757),.PCURVE_S1.);
#5746 = LINE('',#5747,#5748);
#5747 = CARTESIAN_POINT('',(-19.1425,-22.,20.85));
#5748 = VECTOR('',#5749,1.);
#5749 = DIRECTION('',(0.,1.,0.));
#5750 = PCURVE('',#5704,#5751);
#5751 = DEFINITIONAL_REPRESENTATION('',(#5752),#5756);
#5752 = LINE('',#5753,#5754);
#5753 = CARTESIAN_POINT('',(1.8225,-1.5));
#5754 = VECTOR('',#5755,1.);
#5755 = DIRECTION('',(1.,0.));
#5756 = ( GEOMETRIC_REPRESENTATION_CONTEXT(2) 
PARAMETRIC_REPRESENTATION_CONTEXT() REPRESENTATION_CONTEXT('2D SPACE',''
  ) );
#5757 = PCURVE('',#5362,#5758);
#5758 = DEFINITIONAL_REPRESENTATION('',(#5759),#5763);
#5759 = LINE('',#5760,#5761);
#5760 = CARTESIAN_POINT('',(2.8575,0.));
#5761 = VECTOR('',#5762,1.);
#5762 = DIRECTION('',(0.,1.));
#5763 = ( GEOMETRIC_REPRESENTATION_CONTEXT(2) 
PARAMETRIC_REPRESENTATION_CONTEXT() REPRESENTATION_CONTEXT('2D SPACE',''
  ) );
#5764 = ORIENTED_EDGE('',*,*,#5765,.F.);
#5765 = EDGE_CURVE('',#5766,#5743,#5768,.T.);
#5766 = VERTEX_POINT('',#5767);
#5767 = CARTESIAN_POINT('',(-19.1425,-20.1775,19.35));
#5768 = SURFACE_CURVE('',#5769,(#5773,#5780),.PCURVE_S1.);
#5769 = LINE('',#5770,#5771);
#5770 = CARTESIAN_POINT('',(-19.1425,-20.1775,19.35));
#5771 = VECTOR('',#5772,1.);
#5772 = DIRECTION('',(0.,0.,1.));
#5773 = PCURVE('',#5704,#5774);
#5774 = DEFINITIONAL_REPRESENTATION('',(#5775),#5779);
#5775 = LINE('',#5776,#5777);
#5776 = CARTESIAN_POINT('',(3.645,0.));
#5777 = VECTOR('',#5778,1.);
#5778 = DIRECTION('',(0.,-1.));
#5779 = ( GEOMETRIC_REPRESENTATION_CONTEXT(2) 
PARAMETRIC_REPRESENTATION_CONTEXT() REPRESENTATION_CONTEXT('2D SPACE',''
  ) );
#5780 = PCURVE('',#5781,#5786);
#5781 = CYLINDRICAL_SURFACE('',#5782,0.4);
#5782 = AXIS2_PLACEMENT_3D('',#5783,#5784,#5785);
#5783 = CARTESIAN_POINT('',(-19.5425,-20.1775,19.35));
#5784 = DIRECTION('',(-0.,-0.,-1.));
#5785 = DIRECTION('',(1.,0.,0.));
#5786 = DEFINITIONAL_REPRESENTATION('',(#5787),#5791);
#5787 = LINE('',#5788,#5789);
#5788 = CARTESIAN_POINT('',(-0.,0.));
#5789 = VECTOR('',#5790,1.);
#5790 = DIRECTION('',(-0.,-1.));
#5791 = ( GEOMETRIC_REPRESENTATION_CONTEXT(2) 
PARAMETRIC_REPRESENTATION_CONTEXT() REPRESENTATION_CONTEXT('2D SPACE',''
  ) );
#5792 = ORIENTED_EDGE('',*,*,#5793,.F.);
#5793 = EDGE_CURVE('',#5689,#5766,#5794,.T.);
#5794 = SURFACE_CURVE('',#5795,(#5799,#5806),.PCURVE_S1.);
#5795 = LINE('',#5796,#5797);
#5796 = CARTESIAN_POINT('',(-19.1425,-22.,19.35));
#5797 = VECTOR('',#5798,1.);
#5798 = DIRECTION('',(0.,1.,0.));
#5799 = PCURVE('',#5704,#5800);
#5800 = DEFINITIONAL_REPRESENTATION('',(#5801),#5805);
#5801 = LINE('',#5802,#5803);
#5802 = CARTESIAN_POINT('',(1.8225,0.));
#5803 = VECTOR('',#5804,1.);
#5804 = DIRECTION('',(1.,0.));
#5805 = ( GEOMETRIC_REPRESENTATION_CONTEXT(2) 
PARAMETRIC_REPRESENTATION_CONTEXT() REPRESENTATION_CONTEXT('2D SPACE',''
  ) );
#5806 = PCURVE('',#5416,#5807);
#5807 = DEFINITIONAL_REPRESENTATION('',(#5808),#5812);
#5808 = LINE('',#5809,#5810);
#5809 = CARTESIAN_POINT('',(2.8575,0.));
#5810 = VECTOR('',#5811,1.);
#5811 = DIRECTION('',(0.,1.));
#5812 = ( GEOMETRIC_REPRESENTATION_CONTEXT(2) 
PARAMETRIC_REPRESENTATION_CONTEXT() REPRESENTATION_CONTEXT('2D SPACE',''
  ) );
#5813 = ADVANCED_FACE('',(#5814),#5781,.T.);
#5814 = FACE_BOUND('',#5815,.F.);
#5815 = EDGE_LOOP('',(#5816,#5817,#5841,#5864));
#5816 = ORIENTED_EDGE('',*,*,#5765,.T.);
#5817 = ORIENTED_EDGE('',*,*,#5818,.T.);
#5818 = EDGE_CURVE('',#5743,#5819,#5821,.T.);
#5819 = VERTEX_POINT('',#5820);
#5820 = CARTESIAN_POINT('',(-19.5425,-19.7775,20.85));
#5821 = SURFACE_CURVE('',#5822,(#5827,#5834),.PCURVE_S1.);
#5822 = CIRCLE('',#5823,0.4);
#5823 = AXIS2_PLACEMENT_3D('',#5824,#5825,#5826);
#5824 = CARTESIAN_POINT('',(-19.5425,-20.1775,20.85));
#5825 = DIRECTION('',(0.,0.,1.));
#5826 = DIRECTION('',(1.,0.,0.));
#5827 = PCURVE('',#5781,#5828);
#5828 = DEFINITIONAL_REPRESENTATION('',(#5829),#5833);
#5829 = LINE('',#5830,#5831);
#5830 = CARTESIAN_POINT('',(-0.,-1.5));
#5831 = VECTOR('',#5832,1.);
#5832 = DIRECTION('',(-1.,0.));
#5833 = ( GEOMETRIC_REPRESENTATION_CONTEXT(2) 
PARAMETRIC_REPRESENTATION_CONTEXT() REPRESENTATION_CONTEXT('2D SPACE',''
  ) );
#5834 = PCURVE('',#5362,#5835);
#5835 = DEFINITIONAL_REPRESENTATION('',(#5836),#5840);
#5836 = CIRCLE('',#5837,0.4);
#5837 = AXIS2_PLACEMENT_2D('',#5838,#5839);
#5838 = CARTESIAN_POINT('',(2.4575,1.8225));
#5839 = DIRECTION('',(1.,0.));
#5840 = ( GEOMETRIC_REPRESENTATION_CONTEXT(2) 
PARAMETRIC_REPRESENTATION_CONTEXT() REPRESENTATION_CONTEXT('2D SPACE',''
  ) );
#5841 = ORIENTED_EDGE('',*,*,#5842,.F.);
#5842 = EDGE_CURVE('',#5843,#5819,#5845,.T.);
#5843 = VERTEX_POINT('',#5844);
#5844 = CARTESIAN_POINT('',(-19.5425,-19.7775,19.35));
#5845 = SURFACE_CURVE('',#5846,(#5850,#5857),.PCURVE_S1.);
#5846 = LINE('',#5847,#5848);
#5847 = CARTESIAN_POINT('',(-19.5425,-19.7775,19.35));
#5848 = VECTOR('',#5849,1.);
#5849 = DIRECTION('',(0.,0.,1.));
#5850 = PCURVE('',#5781,#5851);
#5851 = DEFINITIONAL_REPRESENTATION('',(#5852),#5856);
#5852 = LINE('',#5853,#5854);
#5853 = CARTESIAN_POINT('',(-1.570796326795,0.));
#5854 = VECTOR('',#5855,1.);
#5855 = DIRECTION('',(-0.,-1.));
#5856 = ( GEOMETRIC_REPRESENTATION_CONTEXT(2) 
PARAMETRIC_REPRESENTATION_CONTEXT() REPRESENTATION_CONTEXT('2D SPACE',''
  ) );
#5857 = PCURVE('',#5449,#5858);
#5858 = DEFINITIONAL_REPRESENTATION('',(#5859),#5863);
#5859 = LINE('',#5860,#5861);
#5860 = CARTESIAN_POINT('',(4.915,0.));
#5861 = VECTOR('',#5862,1.);
#5862 = DIRECTION('',(0.,-1.));
#5863 = ( GEOMETRIC_REPRESENTATION_CONTEXT(2) 
PARAMETRIC_REPRESENTATION_CONTEXT() REPRESENTATION_CONTEXT('2D SPACE',''
  ) );
#5864 = ORIENTED_EDGE('',*,*,#5865,.F.);
#5865 = EDGE_CURVE('',#5766,#5843,#5866,.T.);
#5866 = SURFACE_CURVE('',#5867,(#5872,#5879),.PCURVE_S1.);
#5867 = CIRCLE('',#5868,0.4);
#5868 = AXIS2_PLACEMENT_3D('',#5869,#5870,#5871);
#5869 = CARTESIAN_POINT('',(-19.5425,-20.1775,19.35));
#5870 = DIRECTION('',(0.,0.,1.));
#5871 = DIRECTION('',(1.,0.,0.));
#5872 = PCURVE('',#5781,#5873);
#5873 = DEFINITIONAL_REPRESENTATION('',(#5874),#5878);
#5874 = LINE('',#5875,#5876);
#5875 = CARTESIAN_POINT('',(-0.,0.));
#5876 = VECTOR('',#5877,1.);
#5877 = DIRECTION('',(-1.,0.));
#5878 = ( GEOMETRIC_REPRESENTATION_CONTEXT(2) 
PARAMETRIC_REPRESENTATION_CONTEXT() REPRESENTATION_CONTEXT('2D SPACE',''
  ) );
#5879 = PCURVE('',#5416,#5880);
#5880 = DEFINITIONAL_REPRESENTATION('',(#5881),#5885);
#5881 = CIRCLE('',#5882,0.4);
#5882 = AXIS2_PLACEMENT_2D('',#5883,#5884);
#5883 = CARTESIAN_POINT('',(2.4575,1.8225));
#5884 = DIRECTION('',(1.,0.));
#5885 = ( GEOMETRIC_REPRESENTATION_CONTEXT(2) 
PARAMETRIC_REPRESENTATION_CONTEXT() REPRESENTATION_CONTEXT('2D SPACE',''
  ) );
#5886 = ADVANCED_FACE('',(#5887),#5449,.T.);
#5887 = FACE_BOUND('',#5888,.T.);
#5888 = EDGE_LOOP('',(#5889,#5890,#5911,#5912));
#5889 = ORIENTED_EDGE('',*,*,#5431,.T.);
#5890 = ORIENTED_EDGE('',*,*,#5891,.T.);
#5891 = EDGE_CURVE('',#5434,#5819,#5892,.T.);
#5892 = SURFACE_CURVE('',#5893,(#5897,#5904),.PCURVE_S1.);
#5893 = LINE('',#5894,#5895);
#5894 = CARTESIAN_POINT('',(-22.,-19.7775,20.85));
#5895 = VECTOR('',#5896,1.);
#5896 = DIRECTION('',(1.,0.,0.));
#5897 = PCURVE('',#5449,#5898);
#5898 = DEFINITIONAL_REPRESENTATION('',(#5899),#5903);
#5899 = LINE('',#5900,#5901);
#5900 = CARTESIAN_POINT('',(2.4575,-1.5));
#5901 = VECTOR('',#5902,1.);
#5902 = DIRECTION('',(1.,0.));
#5903 = ( GEOMETRIC_REPRESENTATION_CONTEXT(2) 
PARAMETRIC_REPRESENTATION_CONTEXT() REPRESENTATION_CONTEXT('2D SPACE',''
  ) );
#5904 = PCURVE('',#5362,#5905);
#5905 = DEFINITIONAL_REPRESENTATION('',(#5906),#5910);
#5906 = LINE('',#5907,#5908);
#5907 = CARTESIAN_POINT('',(0.,2.2225));
#5908 = VECTOR('',#5909,1.);
#5909 = DIRECTION('',(1.,0.));
#5910 = ( GEOMETRIC_REPRESENTATION_CONTEXT(2) 
PARAMETRIC_REPRESENTATION_CONTEXT() REPRESENTATION_CONTEXT('2D SPACE',''
  ) );
#5911 = ORIENTED_EDGE('',*,*,#5842,.F.);
#5912 = ORIENTED_EDGE('',*,*,#5913,.F.);
#5913 = EDGE_CURVE('',#5432,#5843,#5914,.T.);
#5914 = SURFACE_CURVE('',#5915,(#5919,#5926),.PCURVE_S1.);
#5915 = LINE('',#5916,#5917);
#5916 = CARTESIAN_POINT('',(-22.,-19.7775,19.35));
#5917 = VECTOR('',#5918,1.);
#5918 = DIRECTION('',(1.,0.,0.));
#5919 = PCURVE('',#5449,#5920);
#5920 = DEFINITIONAL_REPRESENTATION('',(#5921),#5925);
#5921 = LINE('',#5922,#5923);
#5922 = CARTESIAN_POINT('',(2.4575,0.));
#5923 = VECTOR('',#5924,1.);
#5924 = DIRECTION('',(1.,0.));
#5925 = ( GEOMETRIC_REPRESENTATION_CONTEXT(2) 
PARAMETRIC_REPRESENTATION_CONTEXT() REPRESENTATION_CONTEXT('2D SPACE',''
  ) );
#5926 = PCURVE('',#5416,#5927);
#5927 = DEFINITIONAL_REPRESENTATION('',(#5928),#5932);
#5928 = LINE('',#5929,#5930);
#5929 = CARTESIAN_POINT('',(0.,2.2225));
#5930 = VECTOR('',#5931,1.);
#5931 = DIRECTION('',(1.,0.));
#5932 = ( GEOMETRIC_REPRESENTATION_CONTEXT(2) 
PARAMETRIC_REPRESENTATION_CONTEXT() REPRESENTATION_CONTEXT('2D SPACE',''
  ) );
#5933 = ADVANCED_FACE('',(#5934),#5416,.F.);
#5934 = FACE_BOUND('',#5935,.F.);
#5935 = EDGE_LOOP('',(#5936,#5937,#5938,#5939,#5940,#5941,#5942,#5943));
#5936 = ORIENTED_EDGE('',*,*,#5402,.F.);
#5937 = ORIENTED_EDGE('',*,*,#5562,.T.);
#5938 = ORIENTED_EDGE('',*,*,#5639,.T.);
#5939 = ORIENTED_EDGE('',*,*,#5716,.T.);
#5940 = ORIENTED_EDGE('',*,*,#5793,.T.);
#5941 = ORIENTED_EDGE('',*,*,#5865,.T.);
#5942 = ORIENTED_EDGE('',*,*,#5913,.F.);
#5943 = ORIENTED_EDGE('',*,*,#5484,.T.);
#5944 = ADVANCED_FACE('',(#5945),#5362,.T.);
#5945 = FACE_BOUND('',#5946,.T.);
#5946 = EDGE_LOOP('',(#5947,#5948,#5949,#5950,#5951,#5952,#5953,#5954));
#5947 = ORIENTED_EDGE('',*,*,#5346,.F.);
#5948 = ORIENTED_EDGE('',*,*,#5510,.T.);
#5949 = ORIENTED_EDGE('',*,*,#5588,.T.);
#5950 = ORIENTED_EDGE('',*,*,#5664,.T.);
#5951 = ORIENTED_EDGE('',*,*,#5742,.T.);
#5952 = ORIENTED_EDGE('',*,*,#5818,.T.);
#5953 = ORIENTED_EDGE('',*,*,#5891,.F.);
#5954 = ORIENTED_EDGE('',*,*,#5461,.T.);
#5955 = ( GEOMETRIC_REPRESENTATION_CONTEXT(3) 
GLOBAL_UNCERTAINTY_ASSIGNED_CONTEXT((#5959)) 
GLOBAL_UNIT_ASSIGNED_CONTEXT((#5956,#5957,#5958)) REPRESENTATION_CONTEXT
('Context #1','3D Context with UNIT and UNCERTAINTY') );
#5956 = ( LENGTH_UNIT() NAMED_UNIT(*) SI_UNIT(.MILLI.,.METRE.) );
#5957 = ( NAMED_UNIT(*) PLANE_ANGLE_UNIT() SI_UNIT($,.RADIAN.) );
#5958 = ( NAMED_UNIT(*) SI_UNIT($,.STERADIAN.) SOLID_ANGLE_UNIT() );
#5959 = UNCERTAINTY_MEASURE_WITH_UNIT(LENGTH_MEASURE(1.E-07),#5956,
  'distance_accuracy_value','confusion accuracy');
#5960 = CONTEXT_DEPENDENT_SHAPE_REPRESENTATION(#5961,#5963);
#5961 = ( REPRESENTATION_RELATIONSHIP('','',#5304,#10) 
REPRESENTATION_RELATIONSHIP_WITH_TRANSFORMATION(#5962) 
SHAPE_REPRESENTATION_RELATIONSHIP() );
#5962 = ITEM_DEFINED_TRANSFORMATION('','',#11,#39);
#5963 = PRODUCT_DEFINITION_SHAPE('Placement','Placement of an item',
  #5964);
#5964 = NEXT_ASSEMBLY_USAGE_OCCURRENCE('155','stub 2 sample','',#5,#5299
  ,$);
#5965 = PRODUCT_RELATED_PRODUCT_CATEGORY('part',$,(#5301));
#5966 = SHAPE_DEFINITION_REPRESENTATION(#5967,#5973);
#5967 = PRODUCT_DEFINITION_SHAPE('','',#5968);
#5968 = PRODUCT_DEFINITION('design','',#5969,#5972);
#5969 = PRODUCT_DEFINITION_FORMATION('','',#5970);
#5970 = PRODUCT('stub 3 stub','stub 3 stub','',(#5971));
#5971 = PRODUCT_CONTEXT('',#2,'mechanical');
#5972 = PRODUCT_DEFINITION_CONTEXT('part definition',#2,'design');
#5973 = ADVANCED_BREP_SHAPE_REPRESENTATION('',(#11,#5974),#6456);
#5974 = MANIFOLD_SOLID_BREP('',#5975);
#5975 = CLOSED_SHELL('',(#5976,#6068,#6103,#6138,#6193,#6248,#6301,#6340
    ,#6344,#6399,#6452));
#5976 = ADVANCED_FACE('',(#5977),#5990,.T.);
#5977 = FACE_BOUND('',#5978,.F.);
#5978 = EDGE_LOOP('',(#5979,#6013,#6036,#6067));
#5979 = ORIENTED_EDGE('',*,*,#5980,.F.);
#5980 = EDGE_CURVE('',#5981,#5981,#5983,.T.);
#5981 = VERTEX_POINT('',#5982);
#5982 = CARTESIAN_POINT('',(6.35,-22.,16.));
#5983 = SURFACE_CURVE('',#5984,(#5989,#6001),.PCURVE_S1.);
#5984 = CIRCLE('',#5985,6.35);
#5985 = AXIS2_PLACEMENT_3D('',#5986,#5987,#5988);
#5986 = CARTESIAN_POINT('',(0.,-22.,16.));
#5987 = DIRECTION('',(0.,0.,1.));
#5988 = DIRECTION('',(1.,0.,0.));
#5989 = PCURVE('',#5990,#5995);
#5990 = CYLINDRICAL_SURFACE('',#5991,6.35);
#5991 = AXIS2_PLACEMENT_3D('',#5992,#5993,#5994);
#5992 = CARTESIAN_POINT('',(0.,-22.,16.));
#5993 = DIRECTION('',(-0.,-0.,-1.));
#5994 = DIRECTION('',(1.,0.,0.));
#5995 = DEFINITIONAL_REPRESENTATION('',(#5996),#6000);
#5996 = LINE('',#5997,#5998);
#5997 = CARTESIAN_POINT('',(-0.,0.));
#5998 = VECTOR('',#5999,1.);
#5999 = DIRECTION('',(-1.,0.));
#6000 = ( GEOMETRIC_REPRESENTATION_CONTEXT(2) 
PARAMETRIC_REPRESENTATION_CONTEXT() REPRESENTATION_CONTEXT('2D SPACE',''
  ) );
#6001 = PCURVE('',#6002,#6007);
#6002 = PLANE('',#6003);
#6003 = AXIS2_PLACEMENT_3D('',#6004,#6005,#6006);
#6004 = CARTESIAN_POINT('',(0.,-22.,16.));
#6005 = DIRECTION('',(0.,0.,1.));
#6006 = DIRECTION('',(1.,0.,0.));
#6007 = DEFINITIONAL_REPRESENTATION('',(#6008),#6012);
#6008 = CIRCLE('',#6009,6.35);
#6009 = AXIS2_PLACEMENT_2D('',#6010,#6011);
#6010 = CARTESIAN_POINT('',(0.,-6.021627052289E-16));
#6011 = DIRECTION('',(1.,0.));
#6012 = ( GEOMETRIC_REPRESENTATION_CONTEXT(2) 
PARAMETRIC_REPRESENTATION_CONTEXT() REPRESENTATION_CONTEXT('2D SPACE',''
  ) );
#6013 = ORIENTED_EDGE('',*,*,#6014,.T.);
#6014 = EDGE_CURVE('',#5981,#6015,#6017,.T.);
#6015 = VERTEX_POINT('',#6016);
#6016 = CARTESIAN_POINT('',(6.35,-22.,17.1));
#6017 = SEAM_CURVE('',#6018,(#6022,#6029),.PCURVE_S1.);
#6018 = LINE('',#6019,#6020);
#6019 = CARTESIAN_POINT('',(6.35,-22.,16.));
#6020 = VECTOR('',#6021,1.);
#6021 = DIRECTION('',(0.,0.,1.));
#6022 = PCURVE('',#5990,#6023);
#6023 = DEFINITIONAL_REPRESENTATION('',(#6024),#6028);
#6024 = LINE('',#6025,#6026);
#6025 = CARTESIAN_POINT('',(-6.28318530718,0.));
#6026 = VECTOR('',#6027,1.);
#6027 = DIRECTION('',(-0.,-1.));
#6028 = ( GEOMETRIC_REPRESENTATION_CONTEXT(2) 
PARAMETRIC_REPRESENTATION_CONTEXT() REPRESENTATION_CONTEXT('2D SPACE',''
  ) );
#6029 = PCURVE('',#5990,#6030);
#6030 = DEFINITIONAL_REPRESENTATION('',(#6031),#6035);
#6031 = LINE('',#6032,#6033);
#6032 = CARTESIAN_POINT('',(-0.,0.));
#6033 = VECTOR('',#6034,1.);
#6034 = DIRECTION('',(-0.,-1.));
#6035 = ( GEOMETRIC_REPRESENTATION_CONTEXT(2) 
PARAMETRIC_REPRESENTATION_CONTEXT() REPRESENTATION_CONTEXT('2D SPACE',''
  ) );
#6036 = ORIENTED_EDGE('',*,*,#6037,.F.);
#6037 = EDGE_CURVE('',#6015,#6015,#6038,.T.);
#6038 = SURFACE_CURVE('',#6039,(#6044,#6051),.PCURVE_S1.);
#6039 = CIRCLE('',#6040,6.35);
#6040 = AXIS2_PLACEMENT_3D('',#6041,#6042,#6043);
#6041 = CARTESIAN_POINT('',(0.,-22.,17.1));
#6042 = DIRECTION('',(0.,0.,-1.));
#6043 = DIRECTION('',(1.,0.,0.));
#6044 = PCURVE('',#5990,#6045);
#6045 = DEFINITIONAL_REPRESENTATION('',(#6046),#6050);
#6046 = LINE('',#6047,#6048);
#6047 = CARTESIAN_POINT('',(-6.28318530718,-1.1));
#6048 = VECTOR('',#6049,1.);
#6049 = DIRECTION('',(1.,-0.));
#6050 = ( GEOMETRIC_REPRESENTATION_CONTEXT(2) 
PARAMETRIC_REPRESENTATION_CONTEXT() REPRESENTATION_CONTEXT('2D SPACE',''
  ) );
#6051 = PCURVE('',#6052,#6057);
#6052 = PLANE('',#6053);
#6053 = AXIS2_PLACEMENT_3D('',#6054,#6055,#6056);
#6054 = CARTESIAN_POINT('',(-7.985051868843E-16,-22.,17.1));
#6055 = DIRECTION('',(0.,0.,1.));
#6056 = DIRECTION('',(1.,0.,0.));
#6057 = DEFINITIONAL_REPRESENTATION('',(#6058),#6066);
#6058 = ( BOUNDED_CURVE() B_SPLINE_CURVE(2,(#6059,#6060,#6061,#6062,
#6063,#6064,#6065),.UNSPECIFIED.,.T.,.F.) B_SPLINE_CURVE_WITH_KNOTS((1,2
    ,2,2,2,1),(-2.094395102393,0.,2.094395102393,4.188790204786,
6.28318530718,8.377580409573),.UNSPECIFIED.) CURVE() 
GEOMETRIC_REPRESENTATION_ITEM() RATIONAL_B_SPLINE_CURVE((1.,0.5,1.,0.5,
1.,0.5,1.)) REPRESENTATION_ITEM('') );
#6059 = CARTESIAN_POINT('',(6.35,-1.196249076369E-16));
#6060 = CARTESIAN_POINT('',(6.35,-10.99852262806));
#6061 = CARTESIAN_POINT('',(-3.175,-5.499261314031));
#6062 = CARTESIAN_POINT('',(-12.7,-1.674926342554E-15));
#6063 = CARTESIAN_POINT('',(-3.175,5.499261314031));
#6064 = CARTESIAN_POINT('',(6.35,10.998522628062));
#6065 = CARTESIAN_POINT('',(6.35,-1.196249076369E-16));
#6066 = ( GEOMETRIC_REPRESENTATION_CONTEXT(2) 
PARAMETRIC_REPRESENTATION_CONTEXT() REPRESENTATION_CONTEXT('2D SPACE',''
  ) );
#6067 = ORIENTED_EDGE('',*,*,#6014,.F.);
#6068 = ADVANCED_FACE('',(#6069,#6072),#6002,.F.);
#6069 = FACE_BOUND('',#6070,.F.);
#6070 = EDGE_LOOP('',(#6071));
#6071 = ORIENTED_EDGE('',*,*,#5980,.T.);
#6072 = FACE_BOUND('',#6073,.F.);
#6073 = EDGE_LOOP('',(#6074));
#6074 = ORIENTED_EDGE('',*,*,#6075,.F.);
#6075 = EDGE_CURVE('',#6076,#6076,#6078,.T.);
#6076 = VERTEX_POINT('',#6077);
#6077 = CARTESIAN_POINT('',(1.575,-22.,16.));
#6078 = SURFACE_CURVE('',#6079,(#6084,#6091),.PCURVE_S1.);
#6079 = CIRCLE('',#6080,1.575);
#6080 = AXIS2_PLACEMENT_3D('',#6081,#6082,#6083);
#6081 = CARTESIAN_POINT('',(0.,-22.,16.));
#6082 = DIRECTION('',(0.,0.,1.));
#6083 = DIRECTION('',(1.,0.,0.));
#6084 = PCURVE('',#6002,#6085);
#6085 = DEFINITIONAL_REPRESENTATION('',(#6086),#6090);
#6086 = CIRCLE('',#6087,1.575);
#6087 = AXIS2_PLACEMENT_2D('',#6088,#6089);
#6088 = CARTESIAN_POINT('',(0.,-6.021627052289E-16));
#6089 = DIRECTION('',(1.,0.));
#6090 = ( GEOMETRIC_REPRESENTATION_CONTEXT(2) 
PARAMETRIC_REPRESENTATION_CONTEXT() REPRESENTATION_CONTEXT('2D SPACE',''
  ) );
#6091 = PCURVE('',#6092,#6097);
#6092 = CYLINDRICAL_SURFACE('',#6093,1.575);
#6093 = AXIS2_PLACEMENT_3D('',#6094,#6095,#6096);
#6094 = CARTESIAN_POINT('',(0.,-22.,8.));
#6095 = DIRECTION('',(-0.,-0.,-1.));
#6096 = DIRECTION('',(1.,0.,0.));
#6097 = DEFINITIONAL_REPRESENTATION('',(#6098),#6102);
#6098 = LINE('',#6099,#6100);
#6099 = CARTESIAN_POINT('',(-0.,-8.));
#6100 = VECTOR('',#6101,1.);
#6101 = DIRECTION('',(-1.,0.));
#6102 = ( GEOMETRIC_REPRESENTATION_CONTEXT(2) 
PARAMETRIC_REPRESENTATION_CONTEXT() REPRESENTATION_CONTEXT('2D SPACE',''
  ) );
#6103 = ADVANCED_FACE('',(#6104,#6107),#6052,.T.);
#6104 = FACE_BOUND('',#6105,.T.);
#6105 = EDGE_LOOP('',(#6106));
#6106 = ORIENTED_EDGE('',*,*,#6037,.F.);
#6107 = FACE_BOUND('',#6108,.T.);
#6108 = EDGE_LOOP('',(#6109));
#6109 = ORIENTED_EDGE('',*,*,#6110,.F.);
#6110 = EDGE_CURVE('',#6111,#6111,#6113,.T.);
#6111 = VERTEX_POINT('',#6112);
#6112 = CARTESIAN_POINT('',(5.85,-22.,17.1));
#6113 = SURFACE_CURVE('',#6114,(#6119,#6126),.PCURVE_S1.);
#6114 = CIRCLE('',#6115,5.85);
#6115 = AXIS2_PLACEMENT_3D('',#6116,#6117,#6118);
#6116 = CARTESIAN_POINT('',(3.241527079198E-14,-22.,17.1));
#6117 = DIRECTION('',(0.,0.,1.));
#6118 = DIRECTION('',(1.,0.,0.));
#6119 = PCURVE('',#6052,#6120);
#6120 = DEFINITIONAL_REPRESENTATION('',(#6121),#6125);
#6121 = CIRCLE('',#6122,5.85);
#6122 = AXIS2_PLACEMENT_2D('',#6123,#6124);
#6123 = CARTESIAN_POINT('',(3.321377597886E-14,3.341888834508E-16));
#6124 = DIRECTION('',(1.,0.));
#6125 = ( GEOMETRIC_REPRESENTATION_CONTEXT(2) 
PARAMETRIC_REPRESENTATION_CONTEXT() REPRESENTATION_CONTEXT('2D SPACE',''
  ) );
#6126 = PCURVE('',#6127,#6132);
#6127 = CYLINDRICAL_SURFACE('',#6128,5.85);
#6128 = AXIS2_PLACEMENT_3D('',#6129,#6130,#6131);
#6129 = CARTESIAN_POINT('',(3.241527079198E-14,-22.,17.1));
#6130 = DIRECTION('',(-0.,-0.,-1.));
#6131 = DIRECTION('',(1.,0.,0.));
#6132 = DEFINITIONAL_REPRESENTATION('',(#6133),#6137);
#6133 = LINE('',#6134,#6135);
#6134 = CARTESIAN_POINT('',(-0.,0.));
#6135 = VECTOR('',#6136,1.);
#6136 = DIRECTION('',(-1.,0.));
#6137 = ( GEOMETRIC_REPRESENTATION_CONTEXT(2) 
PARAMETRIC_REPRESENTATION_CONTEXT() REPRESENTATION_CONTEXT('2D SPACE',''
  ) );
#6138 = ADVANCED_FACE('',(#6139),#6092,.T.);
#6139 = FACE_BOUND('',#6140,.F.);
#6140 = EDGE_LOOP('',(#6141,#6164,#6165,#6166));
#6141 = ORIENTED_EDGE('',*,*,#6142,.T.);
#6142 = EDGE_CURVE('',#6143,#6076,#6145,.T.);
#6143 = VERTEX_POINT('',#6144);
#6144 = CARTESIAN_POINT('',(1.575,-22.,8.4));
#6145 = SEAM_CURVE('',#6146,(#6150,#6157),.PCURVE_S1.);
#6146 = LINE('',#6147,#6148);
#6147 = CARTESIAN_POINT('',(1.575,-22.,8.));
#6148 = VECTOR('',#6149,1.);
#6149 = DIRECTION('',(0.,0.,1.));
#6150 = PCURVE('',#6092,#6151);
#6151 = DEFINITIONAL_REPRESENTATION('',(#6152),#6156);
#6152 = LINE('',#6153,#6154);
#6153 = CARTESIAN_POINT('',(-0.,0.));
#6154 = VECTOR('',#6155,1.);
#6155 = DIRECTION('',(-0.,-1.));
#6156 = ( GEOMETRIC_REPRESENTATION_CONTEXT(2) 
PARAMETRIC_REPRESENTATION_CONTEXT() REPRESENTATION_CONTEXT('2D SPACE',''
  ) );
#6157 = PCURVE('',#6092,#6158);
#6158 = DEFINITIONAL_REPRESENTATION('',(#6159),#6163);
#6159 = LINE('',#6160,#6161);
#6160 = CARTESIAN_POINT('',(-6.28318530718,0.));
#6161 = VECTOR('',#6162,1.);
#6162 = DIRECTION('',(-0.,-1.));
#6163 = ( GEOMETRIC_REPRESENTATION_CONTEXT(2) 
PARAMETRIC_REPRESENTATION_CONTEXT() REPRESENTATION_CONTEXT('2D SPACE',''
  ) );
#6164 = ORIENTED_EDGE('',*,*,#6075,.T.);
#6165 = ORIENTED_EDGE('',*,*,#6142,.F.);
#6166 = ORIENTED_EDGE('',*,*,#6167,.F.);
#6167 = EDGE_CURVE('',#6143,#6143,#6168,.T.);
#6168 = SURFACE_CURVE('',#6169,(#6174,#6181),.PCURVE_S1.);
#6169 = CIRCLE('',#6170,1.575);
#6170 = AXIS2_PLACEMENT_3D('',#6171,#6172,#6173);
#6171 = CARTESIAN_POINT('',(0.,-22.,8.4));
#6172 = DIRECTION('',(0.,0.,1.));
#6173 = DIRECTION('',(1.,0.,0.));
#6174 = PCURVE('',#6092,#6175);
#6175 = DEFINITIONAL_REPRESENTATION('',(#6176),#6180);
#6176 = LINE('',#6177,#6178);
#6177 = CARTESIAN_POINT('',(-0.,-0.4));
#6178 = VECTOR('',#6179,1.);
#6179 = DIRECTION('',(-1.,0.));
#6180 = ( GEOMETRIC_REPRESENTATION_CONTEXT(2) 
PARAMETRIC_REPRESENTATION_CONTEXT() REPRESENTATION_CONTEXT('2D SPACE',''
  ) );
#6181 = PCURVE('',#6182,#6187);
#6182 = CONICAL_SURFACE('',#6183,1.575,0.785398163397);
#6183 = AXIS2_PLACEMENT_3D('',#6184,#6185,#6186);
#6184 = CARTESIAN_POINT('',(0.,-22.,8.4));
#6185 = DIRECTION('',(0.,0.,1.));
#6186 = DIRECTION('',(1.,0.,0.));
#6187 = DEFINITIONAL_REPRESENTATION('',(#6188),#6192);
#6188 = LINE('',#6189,#6190);
#6189 = CARTESIAN_POINT('',(0.,-0.));
#6190 = VECTOR('',#6191,1.);
#6191 = DIRECTION('',(1.,-0.));
#6192 = ( GEOMETRIC_REPRESENTATION_CONTEXT(2) 
PARAMETRIC_REPRESENTATION_CONTEXT() REPRESENTATION_CONTEXT('2D SPACE',''
  ) );
#6193 = ADVANCED_FACE('',(#6194),#6127,.T.);
#6194 = FACE_BOUND('',#6195,.F.);
#6195 = EDGE_LOOP('',(#6196,#6219,#6246,#6247));
#6196 = ORIENTED_EDGE('',*,*,#6197,.T.);
#6197 = EDGE_CURVE('',#6111,#6198,#6200,.T.);
#6198 = VERTEX_POINT('',#6199);
#6199 = CARTESIAN_POINT('',(5.85,-22.,18.1));
#6200 = SEAM_CURVE('',#6201,(#6205,#6212),.PCURVE_S1.);
#6201 = LINE('',#6202,#6203);
#6202 = CARTESIAN_POINT('',(5.85,-22.,17.1));
#6203 = VECTOR('',#6204,1.);
#6204 = DIRECTION('',(0.,0.,1.));
#6205 = PCURVE('',#6127,#6206);
#6206 = DEFINITIONAL_REPRESENTATION('',(#6207),#6211);
#6207 = LINE('',#6208,#6209);
#6208 = CARTESIAN_POINT('',(-0.,0.));
#6209 = VECTOR('',#6210,1.);
#6210 = DIRECTION('',(-0.,-1.));
#6211 = ( GEOMETRIC_REPRESENTATION_CONTEXT(2) 
PARAMETRIC_REPRESENTATION_CONTEXT() REPRESENTATION_CONTEXT('2D SPACE',''
  ) );
#6212 = PCURVE('',#6127,#6213);
#6213 = DEFINITIONAL_REPRESENTATION('',(#6214),#6218);
#6214 = LINE('',#6215,#6216);
#6215 = CARTESIAN_POINT('',(-6.28318530718,0.));
#6216 = VECTOR('',#6217,1.);
#6217 = DIRECTION('',(-0.,-1.));
#6218 = ( GEOMETRIC_REPRESENTATION_CONTEXT(2) 
PARAMETRIC_REPRESENTATION_CONTEXT() REPRESENTATION_CONTEXT('2D SPACE',''
  ) );
#6219 = ORIENTED_EDGE('',*,*,#6220,.T.);
#6220 = EDGE_CURVE('',#6198,#6198,#6221,.T.);
#6221 = SURFACE_CURVE('',#6222,(#6227,#6234),.PCURVE_S1.);
#6222 = CIRCLE('',#6223,5.85);
#6223 = AXIS2_PLACEMENT_3D('',#6224,#6225,#6226);
#6224 = CARTESIAN_POINT('',(3.241527079198E-14,-22.,18.1));
#6225 = DIRECTION('',(0.,0.,1.));
#6226 = DIRECTION('',(1.,0.,0.));
#6227 = PCURVE('',#6127,#6228);
#6228 = DEFINITIONAL_REPRESENTATION('',(#6229),#6233);
#6229 = LINE('',#6230,#6231);
#6230 = CARTESIAN_POINT('',(-0.,-1.));
#6231 = VECTOR('',#6232,1.);
#6232 = DIRECTION('',(-1.,0.));
#6233 = ( GEOMETRIC_REPRESENTATION_CONTEXT(2) 
PARAMETRIC_REPRESENTATION_CONTEXT() REPRESENTATION_CONTEXT('2D SPACE',''
  ) );
#6234 = PCURVE('',#6235,#6240);
#6235 = PLANE('',#6236);
#6236 = AXIS2_PLACEMENT_3D('',#6237,#6238,#6239);
#6237 = CARTESIAN_POINT('',(-7.985051868843E-16,-22.,18.1));
#6238 = DIRECTION('',(0.,0.,1.));
#6239 = DIRECTION('',(1.,0.,0.));
#6240 = DEFINITIONAL_REPRESENTATION('',(#6241),#6245);
#6241 = CIRCLE('',#6242,5.85);
#6242 = AXIS2_PLACEMENT_2D('',#6243,#6244);
#6243 = CARTESIAN_POINT('',(3.321377597886E-14,3.341888834508E-16));
#6244 = DIRECTION('',(1.,0.));
#6245 = ( GEOMETRIC_REPRESENTATION_CONTEXT(2) 
PARAMETRIC_REPRESENTATION_CONTEXT() REPRESENTATION_CONTEXT('2D SPACE',''
  ) );
#6246 = ORIENTED_EDGE('',*,*,#6197,.F.);
#6247 = ORIENTED_EDGE('',*,*,#6110,.F.);
#6248 = ADVANCED_FACE('',(#6249),#6182,.T.);
#6249 = FACE_BOUND('',#6250,.F.);
#6250 = EDGE_LOOP('',(#6251,#6272,#6273,#6274));
#6251 = ORIENTED_EDGE('',*,*,#6252,.F.);
#6252 = EDGE_CURVE('',#6143,#6253,#6255,.T.);
#6253 = VERTEX_POINT('',#6254);
#6254 = CARTESIAN_POINT('',(1.175,-22.,8.));
#6255 = SEAM_CURVE('',#6256,(#6260,#6266),.PCURVE_S1.);
#6256 = LINE('',#6257,#6258);
#6257 = CARTESIAN_POINT('',(1.575,-22.,8.4));
#6258 = VECTOR('',#6259,1.);
#6259 = DIRECTION('',(-0.707106781187,-0.,-0.707106781187));
#6260 = PCURVE('',#6182,#6261);
#6261 = DEFINITIONAL_REPRESENTATION('',(#6262),#6265);
#6262 = B_SPLINE_CURVE_WITH_KNOTS('',1,(#6263,#6264),.UNSPECIFIED.,.F.,
  .F.,(2,2),(0.,0.565685424949),.PIECEWISE_BEZIER_KNOTS.);
#6263 = CARTESIAN_POINT('',(0.,0.));
#6264 = CARTESIAN_POINT('',(0.,-0.4));
#6265 = ( GEOMETRIC_REPRESENTATION_CONTEXT(2) 
PARAMETRIC_REPRESENTATION_CONTEXT() REPRESENTATION_CONTEXT('2D SPACE',''
  ) );
#6266 = PCURVE('',#6182,#6267);
#6267 = DEFINITIONAL_REPRESENTATION('',(#6268),#6271);
#6268 = B_SPLINE_CURVE_WITH_KNOTS('',1,(#6269,#6270),.UNSPECIFIED.,.F.,
  .F.,(2,2),(0.,0.565685424949),.PIECEWISE_BEZIER_KNOTS.);
#6269 = CARTESIAN_POINT('',(6.28318530718,0.));
#6270 = CARTESIAN_POINT('',(6.28318530718,-0.4));
#6271 = ( GEOMETRIC_REPRESENTATION_CONTEXT(2) 
PARAMETRIC_REPRESENTATION_CONTEXT() REPRESENTATION_CONTEXT('2D SPACE',''
  ) );
#6272 = ORIENTED_EDGE('',*,*,#6167,.T.);
#6273 = ORIENTED_EDGE('',*,*,#6252,.T.);
#6274 = ORIENTED_EDGE('',*,*,#6275,.F.);
#6275 = EDGE_CURVE('',#6253,#6253,#6276,.T.);
#6276 = SURFACE_CURVE('',#6277,(#6282,#6289),.PCURVE_S1.);
#6277 = CIRCLE('',#6278,1.175);
#6278 = AXIS2_PLACEMENT_3D('',#6279,#6280,#6281);
#6279 = CARTESIAN_POINT('',(0.,-22.,8.));
#6280 = DIRECTION('',(0.,0.,1.));
#6281 = DIRECTION('',(1.,0.,0.));
#6282 = PCURVE('',#6182,#6283);
#6283 = DEFINITIONAL_REPRESENTATION('',(#6284),#6288);
#6284 = LINE('',#6285,#6286);
#6285 = CARTESIAN_POINT('',(0.,-0.4));
#6286 = VECTOR('',#6287,1.);
#6287 = DIRECTION('',(1.,-0.));
#6288 = ( GEOMETRIC_REPRESENTATION_CONTEXT(2) 
PARAMETRIC_REPRESENTATION_CONTEXT() REPRESENTATION_CONTEXT('2D SPACE',''
  ) );
#6289 = PCURVE('',#6290,#6295);
#6290 = PLANE('',#6291);
#6291 = AXIS2_PLACEMENT_3D('',#6292,#6293,#6294);
#6292 = CARTESIAN_POINT('',(-5.426349732299E-17,-22.,8.));
#6293 = DIRECTION('',(0.,0.,1.));
#6294 = DIRECTION('',(1.,0.,0.));
#6295 = DEFINITIONAL_REPRESENTATION('',(#6296),#6300);
#6296 = CIRCLE('',#6297,1.175);
#6297 = AXIS2_PLACEMENT_2D('',#6298,#6299);
#6298 = CARTESIAN_POINT('',(5.426349732299E-17,-4.423303769075E-17));
#6299 = DIRECTION('',(1.,0.));
#6300 = ( GEOMETRIC_REPRESENTATION_CONTEXT(2) 
PARAMETRIC_REPRESENTATION_CONTEXT() REPRESENTATION_CONTEXT('2D SPACE',''
  ) );
#6301 = ADVANCED_FACE('',(#6302,#6337),#6235,.F.);
#6302 = FACE_BOUND('',#6303,.F.);
#6303 = EDGE_LOOP('',(#6304));
#6304 = ORIENTED_EDGE('',*,*,#6305,.F.);
#6305 = EDGE_CURVE('',#6306,#6306,#6308,.T.);
#6306 = VERTEX_POINT('',#6307);
#6307 = CARTESIAN_POINT('',(6.35,-22.,18.1));
#6308 = SURFACE_CURVE('',#6309,(#6314,#6325),.PCURVE_S1.);
#6309 = CIRCLE('',#6310,6.35);
#6310 = AXIS2_PLACEMENT_3D('',#6311,#6312,#6313);
#6311 = CARTESIAN_POINT('',(0.,-22.,18.1));
#6312 = DIRECTION('',(0.,0.,-1.));
#6313 = DIRECTION('',(1.,0.,0.));
#6314 = PCURVE('',#6235,#6315);
#6315 = DEFINITIONAL_REPRESENTATION('',(#6316),#6324);
#6316 = ( BOUNDED_CURVE() B_SPLINE_CURVE(2,(#6317,#6318,#6319,#6320,
#6321,#6322,#6323),.UNSPECIFIED.,.T.,.F.) B_SPLINE_CURVE_WITH_KNOTS((1,2
    ,2,2,2,1),(-2.094395102393,0.,2.094395102393,4.188790204786,
6.28318530718,8.377580409573),.UNSPECIFIED.) CURVE() 
GEOMETRIC_REPRESENTATION_ITEM() RATIONAL_B_SPLINE_CURVE((1.,0.5,1.,0.5,
1.,0.5,1.)) REPRESENTATION_ITEM('') );
#6317 = CARTESIAN_POINT('',(6.35,-1.196249076369E-16));
#6318 = CARTESIAN_POINT('',(6.35,-10.99852262806));
#6319 = CARTESIAN_POINT('',(-3.175,-5.499261314031));
#6320 = CARTESIAN_POINT('',(-12.7,-1.674926342554E-15));
#6321 = CARTESIAN_POINT('',(-3.175,5.499261314031));
#6322 = CARTESIAN_POINT('',(6.35,10.998522628062));
#6323 = CARTESIAN_POINT('',(6.35,-1.196249076369E-16));
#6324 = ( GEOMETRIC_REPRESENTATION_CONTEXT(2) 
PARAMETRIC_REPRESENTATION_CONTEXT() REPRESENTATION_CONTEXT('2D SPACE',''
  ) );
#6325 = PCURVE('',#6326,#6331);
#6326 = CYLINDRICAL_SURFACE('',#6327,6.35);
#6327 = AXIS2_PLACEMENT_3D('',#6328,#6329,#6330);
#6328 = CARTESIAN_POINT('',(0.,-22.,16.));
#6329 = DIRECTION('',(-0.,-0.,-1.));
#6330 = DIRECTION('',(1.,0.,0.));
#6331 = DEFINITIONAL_REPRESENTATION('',(#6332),#6336);
#6332 = LINE('',#6333,#6334);
#6333 = CARTESIAN_POINT('',(-6.28318530718,-2.1));
#6334 = VECTOR('',#6335,1.);
#6335 = DIRECTION('',(1.,-0.));
#6336 = ( GEOMETRIC_REPRESENTATION_CONTEXT(2) 
PARAMETRIC_REPRESENTATION_CONTEXT() REPRESENTATION_CONTEXT('2D SPACE',''
  ) );
#6337 = FACE_BOUND('',#6338,.F.);
#6338 = EDGE_LOOP('',(#6339));
#6339 = ORIENTED_EDGE('',*,*,#6220,.F.);
#6340 = ADVANCED_FACE('',(#6341),#6290,.F.);
#6341 = FACE_BOUND('',#6342,.F.);
#6342 = EDGE_LOOP('',(#6343));
#6343 = ORIENTED_EDGE('',*,*,#6275,.T.);
#6344 = ADVANCED_FACE('',(#6345),#6326,.T.);
#6345 = FACE_BOUND('',#6346,.F.);
#6346 = EDGE_LOOP('',(#6347,#6348,#6371,#6398));
#6347 = ORIENTED_EDGE('',*,*,#6305,.T.);
#6348 = ORIENTED_EDGE('',*,*,#6349,.T.);
#6349 = EDGE_CURVE('',#6306,#6350,#6352,.T.);
#6350 = VERTEX_POINT('',#6351);
#6351 = CARTESIAN_POINT('',(6.35,-22.,19.));
#6352 = SEAM_CURVE('',#6353,(#6357,#6364),.PCURVE_S1.);
#6353 = LINE('',#6354,#6355);
#6354 = CARTESIAN_POINT('',(6.35,-22.,16.));
#6355 = VECTOR('',#6356,1.);
#6356 = DIRECTION('',(0.,0.,1.));
#6357 = PCURVE('',#6326,#6358);
#6358 = DEFINITIONAL_REPRESENTATION('',(#6359),#6363);
#6359 = LINE('',#6360,#6361);
#6360 = CARTESIAN_POINT('',(-6.28318530718,0.));
#6361 = VECTOR('',#6362,1.);
#6362 = DIRECTION('',(-0.,-1.));
#6363 = ( GEOMETRIC_REPRESENTATION_CONTEXT(2) 
PARAMETRIC_REPRESENTATION_CONTEXT() REPRESENTATION_CONTEXT('2D SPACE',''
  ) );
#6364 = PCURVE('',#6326,#6365);
#6365 = DEFINITIONAL_REPRESENTATION('',(#6366),#6370);
#6366 = LINE('',#6367,#6368);
#6367 = CARTESIAN_POINT('',(-0.,0.));
#6368 = VECTOR('',#6369,1.);
#6369 = DIRECTION('',(-0.,-1.));
#6370 = ( GEOMETRIC_REPRESENTATION_CONTEXT(2) 
PARAMETRIC_REPRESENTATION_CONTEXT() REPRESENTATION_CONTEXT('2D SPACE',''
  ) );
#6371 = ORIENTED_EDGE('',*,*,#6372,.T.);
#6372 = EDGE_CURVE('',#6350,#6350,#6373,.T.);
#6373 = SURFACE_CURVE('',#6374,(#6379,#6386),.PCURVE_S1.);
#6374 = CIRCLE('',#6375,6.35);
#6375 = AXIS2_PLACEMENT_3D('',#6376,#6377,#6378);
#6376 = CARTESIAN_POINT('',(0.,-22.,19.));
#6377 = DIRECTION('',(0.,0.,1.));
#6378 = DIRECTION('',(1.,0.,0.));
#6379 = PCURVE('',#6326,#6380);
#6380 = DEFINITIONAL_REPRESENTATION('',(#6381),#6385);
#6381 = LINE('',#6382,#6383);
#6382 = CARTESIAN_POINT('',(-0.,-3.));
#6383 = VECTOR('',#6384,1.);
#6384 = DIRECTION('',(-1.,0.));
#6385 = ( GEOMETRIC_REPRESENTATION_CONTEXT(2) 
PARAMETRIC_REPRESENTATION_CONTEXT() REPRESENTATION_CONTEXT('2D SPACE',''
  ) );
#6386 = PCURVE('',#6387,#6392);
#6387 = CONICAL_SURFACE('',#6388,6.35,0.785398163397);
#6388 = AXIS2_PLACEMENT_3D('',#6389,#6390,#6391);
#6389 = CARTESIAN_POINT('',(0.,-22.,19.));
#6390 = DIRECTION('',(-0.,-0.,-1.));
#6391 = DIRECTION('',(1.,0.,0.));
#6392 = DEFINITIONAL_REPRESENTATION('',(#6393),#6397);
#6393 = LINE('',#6394,#6395);
#6394 = CARTESIAN_POINT('',(-0.,-0.));
#6395 = VECTOR('',#6396,1.);
#6396 = DIRECTION('',(-1.,-0.));
#6397 = ( GEOMETRIC_REPRESENTATION_CONTEXT(2) 
PARAMETRIC_REPRESENTATION_CONTEXT() REPRESENTATION_CONTEXT('2D SPACE',''
  ) );
#6398 = ORIENTED_EDGE('',*,*,#6349,.F.);
#6399 = ADVANCED_FACE('',(#6400),#6387,.T.);
#6400 = FACE_BOUND('',#6401,.T.);
#6401 = EDGE_LOOP('',(#6402,#6423,#6424,#6425));
#6402 = ORIENTED_EDGE('',*,*,#6403,.F.);
#6403 = EDGE_CURVE('',#6350,#6404,#6406,.T.);
#6404 = VERTEX_POINT('',#6405);
#6405 = CARTESIAN_POINT('',(6.15,-22.,19.2));
#6406 = SEAM_CURVE('',#6407,(#6411,#6417),.PCURVE_S1.);
#6407 = LINE('',#6408,#6409);
#6408 = CARTESIAN_POINT('',(6.35,-22.,19.));
#6409 = VECTOR('',#6410,1.);
#6410 = DIRECTION('',(-0.707106781187,0.,0.707106781187));
#6411 = PCURVE('',#6387,#6412);
#6412 = DEFINITIONAL_REPRESENTATION('',(#6413),#6416);
#6413 = B_SPLINE_CURVE_WITH_KNOTS('',1,(#6414,#6415),.UNSPECIFIED.,.F.,
  .F.,(2,2),(0.,0.282842712475),.PIECEWISE_BEZIER_KNOTS.);
#6414 = CARTESIAN_POINT('',(0.,0.));
#6415 = CARTESIAN_POINT('',(0.,-0.2));
#6416 = ( GEOMETRIC_REPRESENTATION_CONTEXT(2) 
PARAMETRIC_REPRESENTATION_CONTEXT() REPRESENTATION_CONTEXT('2D SPACE',''
  ) );
#6417 = PCURVE('',#6387,#6418);
#6418 = DEFINITIONAL_REPRESENTATION('',(#6419),#6422);
#6419 = B_SPLINE_CURVE_WITH_KNOTS('',1,(#6420,#6421),.UNSPECIFIED.,.F.,
  .F.,(2,2),(0.,0.282842712475),.PIECEWISE_BEZIER_KNOTS.);
#6420 = CARTESIAN_POINT('',(-6.28318530718,0.));
#6421 = CARTESIAN_POINT('',(-6.28318530718,-0.2));
#6422 = ( GEOMETRIC_REPRESENTATION_CONTEXT(2) 
PARAMETRIC_REPRESENTATION_CONTEXT() REPRESENTATION_CONTEXT('2D SPACE',''
  ) );
#6423 = ORIENTED_EDGE('',*,*,#6372,.T.);
#6424 = ORIENTED_EDGE('',*,*,#6403,.T.);
#6425 = ORIENTED_EDGE('',*,*,#6426,.F.);
#6426 = EDGE_CURVE('',#6404,#6404,#6427,.T.);
#6427 = SURFACE_CURVE('',#6428,(#6433,#6440),.PCURVE_S1.);
#6428 = CIRCLE('',#6429,6.15);
#6429 = AXIS2_PLACEMENT_3D('',#6430,#6431,#6432);
#6430 = CARTESIAN_POINT('',(0.,-22.,19.2));
#6431 = DIRECTION('',(0.,0.,1.));
#6432 = DIRECTION('',(1.,0.,0.));
#6433 = PCURVE('',#6387,#6434);
#6434 = DEFINITIONAL_REPRESENTATION('',(#6435),#6439);
#6435 = LINE('',#6436,#6437);
#6436 = CARTESIAN_POINT('',(-0.,-0.2));
#6437 = VECTOR('',#6438,1.);
#6438 = DIRECTION('',(-1.,-0.));
#6439 = ( GEOMETRIC_REPRESENTATION_CONTEXT(2) 
PARAMETRIC_REPRESENTATION_CONTEXT() REPRESENTATION_CONTEXT('2D SPACE',''
  ) );
#6440 = PCURVE('',#6441,#6446);
#6441 = PLANE('',#6442);
#6442 = AXIS2_PLACEMENT_3D('',#6443,#6444,#6445);
#6443 = CARTESIAN_POINT('',(0.,-22.,19.2));
#6444 = DIRECTION('',(0.,0.,1.));
#6445 = DIRECTION('',(1.,0.,0.));
#6446 = DEFINITIONAL_REPRESENTATION('',(#6447),#6451);
#6447 = CIRCLE('',#6448,6.15);
#6448 = AXIS2_PLACEMENT_2D('',#6449,#6450);
#6449 = CARTESIAN_POINT('',(0.,-6.021627052289E-16));
#6450 = DIRECTION('',(1.,0.));
#6451 = ( GEOMETRIC_REPRESENTATION_CONTEXT(2) 
PARAMETRIC_REPRESENTATION_CONTEXT() REPRESENTATION_CONTEXT('2D SPACE',''
  ) );
#6452 = ADVANCED_FACE('',(#6453),#6441,.T.);
#6453 = FACE_BOUND('',#6454,.T.);
#6454 = EDGE_LOOP('',(#6455));
#6455 = ORIENTED_EDGE('',*,*,#6426,.T.);
#6456 = ( GEOMETRIC_REPRESENTATION_CONTEXT(3) 
GLOBAL_UNCERTAINTY_ASSIGNED_CONTEXT((#6460)) 
GLOBAL_UNIT_ASSIGNED_CONTEXT((#6457,#6458,#6459)) REPRESENTATION_CONTEXT
('Context #1','3D Context with UNIT and UNCERTAINTY') );
#6457 = ( LENGTH_UNIT() NAMED_UNIT(*) SI_UNIT(.MILLI.,.METRE.) );
#6458 = ( NAMED_UNIT(*) PLANE_ANGLE_UNIT() SI_UNIT($,.RADIAN.) );
#6459 = ( NAMED_UNIT(*) SI_UNIT($,.STERADIAN.) SOLID_ANGLE_UNIT() );
#6460 = UNCERTAINTY_MEASURE_WITH_UNIT(LENGTH_MEASURE(1.E-07),#6457,
  'distance_accuracy_value','confusion accuracy');
#6461 = CONTEXT_DEPENDENT_SHAPE_REPRESENTATION(#6462,#6464);
#6462 = ( REPRESENTATION_RELATIONSHIP('','',#5973,#10) 
REPRESENTATION_RELATIONSHIP_WITH_TRANSFORMATION(#6463) 
SHAPE_REPRESENTATION_RELATIONSHIP() );
#6463 = ITEM_DEFINED_TRANSFORMATION('','',#11,#43);
#6464 = PRODUCT_DEFINITION_SHAPE('Placement','Placement of an item',
  #6465);
#6465 = NEXT_ASSEMBLY_USAGE_OCCURRENCE('156','stub 3 stub','',#5,#5968,$
  );
#6466 = PRODUCT_RELATED_PRODUCT_CATEGORY('part',$,(#5970));
#6467 = SHAPE_DEFINITION_REPRESENTATION(#6468,#6474);
#6468 = PRODUCT_DEFINITION_SHAPE('','',#6469);
#6469 = PRODUCT_DEFINITION('design','',#6470,#6473);
#6470 = PRODUCT_DEFINITION_FORMATION('','',#6471);
#6471 = PRODUCT('stub 3 carbon tab','stub 3 carbon tab','',(#6472));
#6472 = PRODUCT_CONTEXT('',#2,'mechanical');
#6473 = PRODUCT_DEFINITION_CONTEXT('part definition',#2,'design');
#6474 = ADVANCED_BREP_SHAPE_REPRESENTATION('',(#11,#6475),#6573);
#6475 = MANIFOLD_SOLID_BREP('',#6476);
#6476 = CLOSED_SHELL('',(#6477,#6565,#6569));
#6477 = ADVANCED_FACE('',(#6478),#6492,.T.);
#6478 = FACE_BOUND('',#6479,.F.);
#6479 = EDGE_LOOP('',(#6480,#6510,#6537,#6538));
#6480 = ORIENTED_EDGE('',*,*,#6481,.T.);
#6481 = EDGE_CURVE('',#6482,#6484,#6486,.T.);
#6482 = VERTEX_POINT('',#6483);
#6483 = CARTESIAN_POINT('',(5.85,-22.,19.2));
#6484 = VERTEX_POINT('',#6485);
#6485 = CARTESIAN_POINT('',(5.85,-22.,19.35));
#6486 = SEAM_CURVE('',#6487,(#6491,#6503),.PCURVE_S1.);
#6487 = LINE('',#6488,#6489);
#6488 = CARTESIAN_POINT('',(5.85,-22.,19.2));
#6489 = VECTOR('',#6490,1.);
#6490 = DIRECTION('',(0.,0.,1.));
#6491 = PCURVE('',#6492,#6497);
#6492 = CYLINDRICAL_SURFACE('',#6493,5.85);
#6493 = AXIS2_PLACEMENT_3D('',#6494,#6495,#6496);
#6494 = CARTESIAN_POINT('',(0.,-22.,19.2));
#6495 = DIRECTION('',(-0.,-0.,-1.));
#6496 = DIRECTION('',(1.,0.,0.));
#6497 = DEFINITIONAL_REPRESENTATION('',(#6498),#6502);
#6498 = LINE('',#6499,#6500);
#6499 = CARTESIAN_POINT('',(-0.,0.));
#6500 = VECTOR('',#6501,1.);
#6501 = DIRECTION('',(-0.,-1.));
#6502 = ( GEOMETRIC_REPRESENTATION_CONTEXT(2) 
PARAMETRIC_REPRESENTATION_CONTEXT() REPRESENTATION_CONTEXT('2D SPACE',''
  ) );
#6503 = PCURVE('',#6492,#6504);
#6504 = DEFINITIONAL_REPRESENTATION('',(#6505),#6509);
#6505 = LINE('',#6506,#6507);
#6506 = CARTESIAN_POINT('',(-6.28318530718,0.));
#6507 = VECTOR('',#6508,1.);
#6508 = DIRECTION('',(-0.,-1.));
#6509 = ( GEOMETRIC_REPRESENTATION_CONTEXT(2) 
PARAMETRIC_REPRESENTATION_CONTEXT() REPRESENTATION_CONTEXT('2D SPACE',''
  ) );
#6510 = ORIENTED_EDGE('',*,*,#6511,.T.);
#6511 = EDGE_CURVE('',#6484,#6484,#6512,.T.);
#6512 = SURFACE_CURVE('',#6513,(#6518,#6525),.PCURVE_S1.);
#6513 = CIRCLE('',#6514,5.85);
#6514 = AXIS2_PLACEMENT_3D('',#6515,#6516,#6517);
#6515 = CARTESIAN_POINT('',(0.,-22.,19.35));
#6516 = DIRECTION('',(0.,0.,1.));
#6517 = DIRECTION('',(1.,0.,0.));
#6518 = PCURVE('',#6492,#6519);
#6519 = DEFINITIONAL_REPRESENTATION('',(#6520),#6524);
#6520 = LINE('',#6521,#6522);
#6521 = CARTESIAN_POINT('',(-0.,-0.15));
#6522 = VECTOR('',#6523,1.);
#6523 = DIRECTION('',(-1.,0.));
#6524 = ( GEOMETRIC_REPRESENTATION_CONTEXT(2) 
PARAMETRIC_REPRESENTATION_CONTEXT() REPRESENTATION_CONTEXT('2D SPACE',''
  ) );
#6525 = PCURVE('',#6526,#6531);
#6526 = PLANE('',#6527);
#6527 = AXIS2_PLACEMENT_3D('',#6528,#6529,#6530);
#6528 = CARTESIAN_POINT('',(-2.337504500067E-16,-22.,19.35));
#6529 = DIRECTION('',(0.,0.,1.));
#6530 = DIRECTION('',(1.,0.,0.));
#6531 = DEFINITIONAL_REPRESENTATION('',(#6532),#6536);
#6532 = CIRCLE('',#6533,5.85);
#6533 = AXIS2_PLACEMENT_2D('',#6534,#6535);
#6534 = CARTESIAN_POINT('',(2.337504500067E-16,-2.286947741797E-16));
#6535 = DIRECTION('',(1.,0.));
#6536 = ( GEOMETRIC_REPRESENTATION_CONTEXT(2) 
PARAMETRIC_REPRESENTATION_CONTEXT() REPRESENTATION_CONTEXT('2D SPACE',''
  ) );
#6537 = ORIENTED_EDGE('',*,*,#6481,.F.);
#6538 = ORIENTED_EDGE('',*,*,#6539,.F.);
#6539 = EDGE_CURVE('',#6482,#6482,#6540,.T.);
#6540 = SURFACE_CURVE('',#6541,(#6546,#6553),.PCURVE_S1.);
#6541 = CIRCLE('',#6542,5.85);
#6542 = AXIS2_PLACEMENT_3D('',#6543,#6544,#6545);
#6543 = CARTESIAN_POINT('',(0.,-22.,19.2));
#6544 = DIRECTION('',(0.,0.,1.));
#6545 = DIRECTION('',(1.,0.,0.));
#6546 = PCURVE('',#6492,#6547);
#6547 = DEFINITIONAL_REPRESENTATION('',(#6548),#6552);
#6548 = LINE('',#6549,#6550);
#6549 = CARTESIAN_POINT('',(-0.,0.));
#6550 = VECTOR('',#6551,1.);
#6551 = DIRECTION('',(-1.,0.));
#6552 = ( GEOMETRIC_REPRESENTATION_CONTEXT(2) 
PARAMETRIC_REPRESENTATION_CONTEXT() REPRESENTATION_CONTEXT('2D SPACE',''
  ) );
#6553 = PCURVE('',#6554,#6559);
#6554 = PLANE('',#6555);
#6555 = AXIS2_PLACEMENT_3D('',#6556,#6557,#6558);
#6556 = CARTESIAN_POINT('',(-2.337504500067E-16,-22.,19.2));
#6557 = DIRECTION('',(0.,0.,1.));
#6558 = DIRECTION('',(1.,0.,0.));
#6559 = DEFINITIONAL_REPRESENTATION('',(#6560),#6564);
#6560 = CIRCLE('',#6561,5.85);
#6561 = AXIS2_PLACEMENT_2D('',#6562,#6563);
#6562 = CARTESIAN_POINT('',(2.337504500067E-16,-2.286947741797E-16));
#6563 = DIRECTION('',(1.,0.));
#6564 = ( GEOMETRIC_REPRESENTATION_CONTEXT(2) 
PARAMETRIC_REPRESENTATION_CONTEXT() REPRESENTATION_CONTEXT('2D SPACE',''
  ) );
#6565 = ADVANCED_FACE('',(#6566),#6554,.F.);
#6566 = FACE_BOUND('',#6567,.F.);
#6567 = EDGE_LOOP('',(#6568));
#6568 = ORIENTED_EDGE('',*,*,#6539,.T.);
#6569 = ADVANCED_FACE('',(#6570),#6526,.T.);
#6570 = FACE_BOUND('',#6571,.T.);
#6571 = EDGE_LOOP('',(#6572));
#6572 = ORIENTED_EDGE('',*,*,#6511,.T.);
#6573 = ( GEOMETRIC_REPRESENTATION_CONTEXT(3) 
GLOBAL_UNCERTAINTY_ASSIGNED_CONTEXT((#6577)) 
GLOBAL_UNIT_ASSIGNED_CONTEXT((#6574,#6575,#6576)) REPRESENTATION_CONTEXT
('Context #1','3D Context with UNIT and UNCERTAINTY') );
#6574 = ( LENGTH_UNIT() NAMED_UNIT(*) SI_UNIT(.MILLI.,.METRE.) );
#6575 = ( NAMED_UNIT(*) PLANE_ANGLE_UNIT() SI_UNIT($,.RADIAN.) );
#6576 = ( NAMED_UNIT(*) SI_UNIT($,.STERADIAN.) SOLID_ANGLE_UNIT() );
#6577 = UNCERTAINTY_MEASURE_WITH_UNIT(LENGTH_MEASURE(1.E-07),#6574,
  'distance_accuracy_value','confusion accuracy');
#6578 = CONTEXT_DEPENDENT_SHAPE_REPRESENTATION(#6579,#6581);
#6579 = ( REPRESENTATION_RELATIONSHIP('','',#6474,#10) 
REPRESENTATION_RELATIONSHIP_WITH_TRANSFORMATION(#6580) 
SHAPE_REPRESENTATION_RELATIONSHIP() );
#6580 = ITEM_DEFINED_TRANSFORMATION('','',#11,#47);
#6581 = PRODUCT_DEFINITION_SHAPE('Placement','Placement of an item',
  #6582);
#6582 = NEXT_ASSEMBLY_USAGE_OCCURRENCE('157','stub 3 carbon tab','',#5,
  #6469,$);
#6583 = PRODUCT_RELATED_PRODUCT_CATEGORY('part',$,(#6471));
#6584 = SHAPE_DEFINITION_REPRESENTATION(#6585,#6591);
#6585 = PRODUCT_DEFINITION_SHAPE('','',#6586);
#6586 = PRODUCT_DEFINITION('design','',#6587,#6590);
#6587 = PRODUCT_DEFINITION_FORMATION('','',#6588);
#6588 = PRODUCT('stub 3 sample','stub 3 sample','',(#6589));
#6589 = PRODUCT_CONTEXT('',#2,'mechanical');
#6590 = PRODUCT_DEFINITION_CONTEXT('part definition',#2,'design');
#6591 = ADVANCED_BREP_SHAPE_REPRESENTATION('',(#11,#6592),#7242);
#6592 = MANIFOLD_SOLID_BREP('',#6593);
#6593 = CLOSED_SHELL('',(#6594,#6714,#6792,#6870,#6946,#7024,#7100,#7173
    ,#7220,#7231));
#6594 = ADVANCED_FACE('',(#6595),#6609,.T.);
#6595 = FACE_BOUND('',#6596,.T.);
#6596 = EDGE_LOOP('',(#6597,#6632,#6660,#6688));
#6597 = ORIENTED_EDGE('',*,*,#6598,.T.);
#6598 = EDGE_CURVE('',#6599,#6601,#6603,.T.);
#6599 = VERTEX_POINT('',#6600);
#6600 = CARTESIAN_POINT('',(-2.8575,-23.8225,19.35));
#6601 = VERTEX_POINT('',#6602);
#6602 = CARTESIAN_POINT('',(-2.8575,-23.8225,20.85));
#6603 = SURFACE_CURVE('',#6604,(#6608,#6620),.PCURVE_S1.);
#6604 = LINE('',#6605,#6606);
#6605 = CARTESIAN_POINT('',(-2.8575,-23.8225,19.35));
#6606 = VECTOR('',#6607,1.);
#6607 = DIRECTION('',(0.,0.,1.));
#6608 = PCURVE('',#6609,#6614);
#6609 = PLANE('',#6610);
#6610 = AXIS2_PLACEMENT_3D('',#6611,#6612,#6613);
#6611 = CARTESIAN_POINT('',(-2.8575,-23.8225,19.35));
#6612 = DIRECTION('',(-1.,0.,0.));
#6613 = DIRECTION('',(0.,1.,0.));
#6614 = DEFINITIONAL_REPRESENTATION('',(#6615),#6619);
#6615 = LINE('',#6616,#6617);
#6616 = CARTESIAN_POINT('',(0.,0.));
#6617 = VECTOR('',#6618,1.);
#6618 = DIRECTION('',(0.,-1.));
#6619 = ( GEOMETRIC_REPRESENTATION_CONTEXT(2) 
PARAMETRIC_REPRESENTATION_CONTEXT() REPRESENTATION_CONTEXT('2D SPACE',''
  ) );
#6620 = PCURVE('',#6621,#6626);
#6621 = CYLINDRICAL_SURFACE('',#6622,0.4);
#6622 = AXIS2_PLACEMENT_3D('',#6623,#6624,#6625);
#6623 = CARTESIAN_POINT('',(-2.4575,-23.8225,19.35));
#6624 = DIRECTION('',(-0.,-0.,-1.));
#6625 = DIRECTION('',(1.,0.,0.));
#6626 = DEFINITIONAL_REPRESENTATION('',(#6627),#6631);
#6627 = LINE('',#6628,#6629);
#6628 = CARTESIAN_POINT('',(-3.14159265359,0.));
#6629 = VECTOR('',#6630,1.);
#6630 = DIRECTION('',(-0.,-1.));
#6631 = ( GEOMETRIC_REPRESENTATION_CONTEXT(2) 
PARAMETRIC_REPRESENTATION_CONTEXT() REPRESENTATION_CONTEXT('2D SPACE',''
  ) );
#6632 = ORIENTED_EDGE('',*,*,#6633,.T.);
#6633 = EDGE_CURVE('',#6601,#6634,#6636,.T.);
#6634 = VERTEX_POINT('',#6635);
#6635 = CARTESIAN_POINT('',(-2.8575,-20.1775,20.85));
#6636 = SURFACE_CURVE('',#6637,(#6641,#6648),.PCURVE_S1.);
#6637 = LINE('',#6638,#6639);
#6638 = CARTESIAN_POINT('',(-2.8575,-22.,20.85));
#6639 = VECTOR('',#6640,1.);
#6640 = DIRECTION('',(0.,1.,0.));
#6641 = PCURVE('',#6609,#6642);
#6642 = DEFINITIONAL_REPRESENTATION('',(#6643),#6647);
#6643 = LINE('',#6644,#6645);
#6644 = CARTESIAN_POINT('',(1.8225,-1.5));
#6645 = VECTOR('',#6646,1.);
#6646 = DIRECTION('',(1.,0.));
#6647 = ( GEOMETRIC_REPRESENTATION_CONTEXT(2) 
PARAMETRIC_REPRESENTATION_CONTEXT() REPRESENTATION_CONTEXT('2D SPACE',''
  ) );
#6648 = PCURVE('',#6649,#6654);
#6649 = PLANE('',#6650);
#6650 = AXIS2_PLACEMENT_3D('',#6651,#6652,#6653);
#6651 = CARTESIAN_POINT('',(0.,-22.,20.85));
#6652 = DIRECTION('',(0.,0.,1.));
#6653 = DIRECTION('',(1.,0.,0.));
#6654 = DEFINITIONAL_REPRESENTATION('',(#6655),#6659);
#6655 = LINE('',#6656,#6657);
#6656 = CARTESIAN_POINT('',(-2.8575,0.));
#6657 = VECTOR('',#6658,1.);
#6658 = DIRECTION('',(0.,1.));
#6659 = ( GEOMETRIC_REPRESENTATION_CONTEXT(2) 
PARAMETRIC_REPRESENTATION_CONTEXT() REPRESENTATION_CONTEXT('2D SPACE',''
  ) );
#6660 = ORIENTED_EDGE('',*,*,#6661,.F.);
#6661 = EDGE_CURVE('',#6662,#6634,#6664,.T.);
#6662 = VERTEX_POINT('',#6663);
#6663 = CARTESIAN_POINT('',(-2.8575,-20.1775,19.35));
#6664 = SURFACE_CURVE('',#6665,(#6669,#6676),.PCURVE_S1.);
#6665 = LINE('',#6666,#6667);
#6666 = CARTESIAN_POINT('',(-2.8575,-20.1775,19.35));
#6667 = VECTOR('',#6668,1.);
#6668 = DIRECTION('',(0.,0.,1.));
#6669 = PCURVE('',#6609,#6670);
#6670 = DEFINITIONAL_REPRESENTATION('',(#6671),#6675);
#6671 = LINE('',#6672,#6673);
#6672 = CARTESIAN_POINT('',(3.645,0.));
#6673 = VECTOR('',#6674,1.);
#6674 = DIRECTION('',(0.,-1.));
#6675 = ( GEOMETRIC_REPRESENTATION_CONTEXT(2) 
PARAMETRIC_REPRESENTATION_CONTEXT() REPRESENTATION_CONTEXT('2D SPACE',''
  ) );
#6676 = PCURVE('',#6677,#6682);
#6677 = CYLINDRICAL_SURFACE('',#6678,0.4);
#6678 = AXIS2_PLACEMENT_3D('',#6679,#6680,#6681);
#6679 = CARTESIAN_POINT('',(-2.4575,-20.1775,19.35));
#6680 = DIRECTION('',(-0.,-0.,-1.));
#6681 = DIRECTION('',(1.,0.,0.));
#6682 = DEFINITIONAL_REPRESENTATION('',(#6683),#6687);
#6683 = LINE('',#6684,#6685);
#6684 = CARTESIAN_POINT('',(-3.14159265359,0.));
#6685 = VECTOR('',#6686,1.);
#6686 = DIRECTION('',(-0.,-1.));
#6687 = ( GEOMETRIC_REPRESENTATION_CONTEXT(2) 
PARAMETRIC_REPRESENTATION_CONTEXT() REPRESENTATION_CONTEXT('2D SPACE',''
  ) );
#6688 = ORIENTED_EDGE('',*,*,#6689,.F.);
#6689 = EDGE_CURVE('',#6599,#6662,#6690,.T.);
#6690 = SURFACE_CURVE('',#6691,(#6695,#6702),.PCURVE_S1.);
#6691 = LINE('',#6692,#6693);
#6692 = CARTESIAN_POINT('',(-2.8575,-22.,19.35));
#6693 = VECTOR('',#6694,1.);
#6694 = DIRECTION('',(0.,1.,0.));
#6695 = PCURVE('',#6609,#6696);
#6696 = DEFINITIONAL_REPRESENTATION('',(#6697),#6701);
#6697 = LINE('',#6698,#6699);
#6698 = CARTESIAN_POINT('',(1.8225,0.));
#6699 = VECTOR('',#6700,1.);
#6700 = DIRECTION('',(1.,0.));
#6701 = ( GEOMETRIC_REPRESENTATION_CONTEXT(2) 
PARAMETRIC_REPRESENTATION_CONTEXT() REPRESENTATION_CONTEXT('2D SPACE',''
  ) );
#6702 = PCURVE('',#6703,#6708);
#6703 = PLANE('',#6704);
#6704 = AXIS2_PLACEMENT_3D('',#6705,#6706,#6707);
#6705 = CARTESIAN_POINT('',(0.,-22.,19.35));
#6706 = DIRECTION('',(0.,0.,1.));
#6707 = DIRECTION('',(1.,0.,0.));
#6708 = DEFINITIONAL_REPRESENTATION('',(#6709),#6713);
#6709 = LINE('',#6710,#6711);
#6710 = CARTESIAN_POINT('',(-2.8575,0.));
#6711 = VECTOR('',#6712,1.);
#6712 = DIRECTION('',(0.,1.));
#6713 = ( GEOMETRIC_REPRESENTATION_CONTEXT(2) 
PARAMETRIC_REPRESENTATION_CONTEXT() REPRESENTATION_CONTEXT('2D SPACE',''
  ) );
#6714 = ADVANCED_FACE('',(#6715),#6677,.T.);
#6715 = FACE_BOUND('',#6716,.F.);
#6716 = EDGE_LOOP('',(#6717,#6747,#6769,#6770));
#6717 = ORIENTED_EDGE('',*,*,#6718,.T.);
#6718 = EDGE_CURVE('',#6719,#6721,#6723,.T.);
#6719 = VERTEX_POINT('',#6720);
#6720 = CARTESIAN_POINT('',(-2.4575,-19.7775,19.35));
#6721 = VERTEX_POINT('',#6722);
#6722 = CARTESIAN_POINT('',(-2.4575,-19.7775,20.85));
#6723 = SURFACE_CURVE('',#6724,(#6728,#6735),.PCURVE_S1.);
#6724 = LINE('',#6725,#6726);
#6725 = CARTESIAN_POINT('',(-2.4575,-19.7775,19.35));
#6726 = VECTOR('',#6727,1.);
#6727 = DIRECTION('',(0.,0.,1.));
#6728 = PCURVE('',#6677,#6729);
#6729 = DEFINITIONAL_REPRESENTATION('',(#6730),#6734);
#6730 = LINE('',#6731,#6732);
#6731 = CARTESIAN_POINT('',(-1.570796326795,0.));
#6732 = VECTOR('',#6733,1.);
#6733 = DIRECTION('',(-0.,-1.));
#6734 = ( GEOMETRIC_REPRESENTATION_CONTEXT(2) 
PARAMETRIC_REPRESENTATION_CONTEXT() REPRESENTATION_CONTEXT('2D SPACE',''
  ) );
#6735 = PCURVE('',#6736,#6741);
#6736 = PLANE('',#6737);
#6737 = AXIS2_PLACEMENT_3D('',#6738,#6739,#6740);
#6738 = CARTESIAN_POINT('',(-2.4575,-19.7775,19.35));
#6739 = DIRECTION('',(0.,1.,0.));
#6740 = DIRECTION('',(1.,0.,0.));
#6741 = DEFINITIONAL_REPRESENTATION('',(#6742),#6746);
#6742 = LINE('',#6743,#6744);
#6743 = CARTESIAN_POINT('',(0.,0.));
#6744 = VECTOR('',#6745,1.);
#6745 = DIRECTION('',(0.,-1.));
#6746 = ( GEOMETRIC_REPRESENTATION_CONTEXT(2) 
PARAMETRIC_REPRESENTATION_CONTEXT() REPRESENTATION_CONTEXT('2D SPACE',''
  ) );
#6747 = ORIENTED_EDGE('',*,*,#6748,.T.);
#6748 = EDGE_CURVE('',#6721,#6634,#6749,.T.);
#6749 = SURFACE_CURVE('',#6750,(#6755,#6762),.PCURVE_S1.);
#6750 = CIRCLE('',#6751,0.4);
#6751 = AXIS2_PLACEMENT_3D('',#6752,#6753,#6754);
#6752 = CARTESIAN_POINT('',(-2.4575,-20.1775,20.85));
#6753 = DIRECTION('',(0.,0.,1.));
#6754 = DIRECTION('',(1.,0.,0.));
#6755 = PCURVE('',#6677,#6756);
#6756 = DEFINITIONAL_REPRESENTATION('',(#6757),#6761);
#6757 = LINE('',#6758,#6759);
#6758 = CARTESIAN_POINT('',(-0.,-1.5));
#6759 = VECTOR('',#6760,1.);
#6760 = DIRECTION('',(-1.,0.));
#6761 = ( GEOMETRIC_REPRESENTATION_CONTEXT(2) 
PARAMETRIC_REPRESENTATION_CONTEXT() REPRESENTATION_CONTEXT('2D SPACE',''
  ) );
#6762 = PCURVE('',#6649,#6763);
#6763 = DEFINITIONAL_REPRESENTATION('',(#6764),#6768);
#6764 = CIRCLE('',#6765,0.4);
#6765 = AXIS2_PLACEMENT_2D('',#6766,#6767);
#6766 = CARTESIAN_POINT('',(-2.4575,1.8225));
#6767 = DIRECTION('',(1.,0.));
#6768 = ( GEOMETRIC_REPRESENTATION_CONTEXT(2) 
PARAMETRIC_REPRESENTATION_CONTEXT() REPRESENTATION_CONTEXT('2D SPACE',''
  ) );
#6769 = ORIENTED_EDGE('',*,*,#6661,.F.);
#6770 = ORIENTED_EDGE('',*,*,#6771,.F.);
#6771 = EDGE_CURVE('',#6719,#6662,#6772,.T.);
#6772 = SURFACE_CURVE('',#6773,(#6778,#6785),.PCURVE_S1.);
#6773 = CIRCLE('',#6774,0.4);
#6774 = AXIS2_PLACEMENT_3D('',#6775,#6776,#6777);
#6775 = CARTESIAN_POINT('',(-2.4575,-20.1775,19.35));
#6776 = DIRECTION('',(0.,0.,1.));
#6777 = DIRECTION('',(1.,0.,0.));
#6778 = PCURVE('',#6677,#6779);
#6779 = DEFINITIONAL_REPRESENTATION('',(#6780),#6784);
#6780 = LINE('',#6781,#6782);
#6781 = CARTESIAN_POINT('',(-0.,0.));
#6782 = VECTOR('',#6783,1.);
#6783 = DIRECTION('',(-1.,0.));
#6784 = ( GEOMETRIC_REPRESENTATION_CONTEXT(2) 
PARAMETRIC_REPRESENTATION_CONTEXT() REPRESENTATION_CONTEXT('2D SPACE',''
  ) );
#6785 = PCURVE('',#6703,#6786);
#6786 = DEFINITIONAL_REPRESENTATION('',(#6787),#6791);
#6787 = CIRCLE('',#6788,0.4);
#6788 = AXIS2_PLACEMENT_2D('',#6789,#6790);
#6789 = CARTESIAN_POINT('',(-2.4575,1.8225));
#6790 = DIRECTION('',(1.,0.));
#6791 = ( GEOMETRIC_REPRESENTATION_CONTEXT(2) 
PARAMETRIC_REPRESENTATION_CONTEXT() REPRESENTATION_CONTEXT('2D SPACE',''
  ) );
#6792 = ADVANCED_FACE('',(#6793),#6621,.T.);
#6793 = FACE_BOUND('',#6794,.F.);
#6794 = EDGE_LOOP('',(#6795,#6796,#6820,#6848));
#6795 = ORIENTED_EDGE('',*,*,#6598,.T.);
#6796 = ORIENTED_EDGE('',*,*,#6797,.T.);
#6797 = EDGE_CURVE('',#6601,#6798,#6800,.T.);
#6798 = VERTEX_POINT('',#6799);
#6799 = CARTESIAN_POINT('',(-2.4575,-24.2225,20.85));
#6800 = SURFACE_CURVE('',#6801,(#6806,#6813),.PCURVE_S1.);
#6801 = CIRCLE('',#6802,0.4);
#6802 = AXIS2_PLACEMENT_3D('',#6803,#6804,#6805);
#6803 = CARTESIAN_POINT('',(-2.4575,-23.8225,20.85));
#6804 = DIRECTION('',(0.,0.,1.));
#6805 = DIRECTION('',(1.,0.,0.));
#6806 = PCURVE('',#6621,#6807);
#6807 = DEFINITIONAL_REPRESENTATION('',(#6808),#6812);
#6808 = LINE('',#6809,#6810);
#6809 = CARTESIAN_POINT('',(-0.,-1.5));
#6810 = VECTOR('',#6811,1.);
#6811 = DIRECTION('',(-1.,0.));
#6812 = ( GEOMETRIC_REPRESENTATION_CONTEXT(2) 
PARAMETRIC_REPRESENTATION_CONTEXT() REPRESENTATION_CONTEXT('2D SPACE',''
  ) );
#6813 = PCURVE('',#6649,#6814);
#6814 = DEFINITIONAL_REPRESENTATION('',(#6815),#6819);
#6815 = CIRCLE('',#6816,0.4);
#6816 = AXIS2_PLACEMENT_2D('',#6817,#6818);
#6817 = CARTESIAN_POINT('',(-2.4575,-1.8225));
#6818 = DIRECTION('',(1.,0.));
#6819 = ( GEOMETRIC_REPRESENTATION_CONTEXT(2) 
PARAMETRIC_REPRESENTATION_CONTEXT() REPRESENTATION_CONTEXT('2D SPACE',''
  ) );
#6820 = ORIENTED_EDGE('',*,*,#6821,.F.);
#6821 = EDGE_CURVE('',#6822,#6798,#6824,.T.);
#6822 = VERTEX_POINT('',#6823);
#6823 = CARTESIAN_POINT('',(-2.4575,-24.2225,19.35));
#6824 = SURFACE_CURVE('',#6825,(#6829,#6836),.PCURVE_S1.);
#6825 = LINE('',#6826,#6827);
#6826 = CARTESIAN_POINT('',(-2.4575,-24.2225,19.35));
#6827 = VECTOR('',#6828,1.);
#6828 = DIRECTION('',(0.,0.,1.));
#6829 = PCURVE('',#6621,#6830);
#6830 = DEFINITIONAL_REPRESENTATION('',(#6831),#6835);
#6831 = LINE('',#6832,#6833);
#6832 = CARTESIAN_POINT('',(-4.712388980385,0.));
#6833 = VECTOR('',#6834,1.);
#6834 = DIRECTION('',(-0.,-1.));
#6835 = ( GEOMETRIC_REPRESENTATION_CONTEXT(2) 
PARAMETRIC_REPRESENTATION_CONTEXT() REPRESENTATION_CONTEXT('2D SPACE',''
  ) );
#6836 = PCURVE('',#6837,#6842);
#6837 = PLANE('',#6838);
#6838 = AXIS2_PLACEMENT_3D('',#6839,#6840,#6841);
#6839 = CARTESIAN_POINT('',(-2.4575,-24.2225,19.35));
#6840 = DIRECTION('',(0.,1.,0.));
#6841 = DIRECTION('',(1.,0.,0.));
#6842 = DEFINITIONAL_REPRESENTATION('',(#6843),#6847);
#6843 = LINE('',#6844,#6845);
#6844 = CARTESIAN_POINT('',(0.,0.));
#6845 = VECTOR('',#6846,1.);
#6846 = DIRECTION('',(0.,-1.));
#6847 = ( GEOMETRIC_REPRESENTATION_CONTEXT(2) 
PARAMETRIC_REPRESENTATION_CONTEXT() REPRESENTATION_CONTEXT('2D SPACE',''
  ) );
#6848 = ORIENTED_EDGE('',*,*,#6849,.F.);
#6849 = EDGE_CURVE('',#6599,#6822,#6850,.T.);
#6850 = SURFACE_CURVE('',#6851,(#6856,#6863),.PCURVE_S1.);
#6851 = CIRCLE('',#6852,0.4);
#6852 = AXIS2_PLACEMENT_3D('',#6853,#6854,#6855);
#6853 = CARTESIAN_POINT('',(-2.4575,-23.8225,19.35));
#6854 = DIRECTION('',(0.,0.,1.));
#6855 = DIRECTION('',(1.,0.,0.));
#6856 = PCURVE('',#6621,#6857);
#6857 = DEFINITIONAL_REPRESENTATION('',(#6858),#6862);
#6858 = LINE('',#6859,#6860);
#6859 = CARTESIAN_POINT('',(-0.,0.));
#6860 = VECTOR('',#6861,1.);
#6861 = DIRECTION('',(-1.,0.));
#6862 = ( GEOMETRIC_REPRESENTATION_CONTEXT(2) 
PARAMETRIC_REPRESENTATION_CONTEXT() REPRESENTATION_CONTEXT('2D SPACE',''
  ) );
#6863 = PCURVE('',#6703,#6864);
#6864 = DEFINITIONAL_REPRESENTATION('',(#6865),#6869);
#6865 = CIRCLE('',#6866,0.4);
#6866 = AXIS2_PLACEMENT_2D('',#6867,#6868);
#6867 = CARTESIAN_POINT('',(-2.4575,-1.8225));
#6868 = DIRECTION('',(1.,0.));
#6869 = ( GEOMETRIC_REPRESENTATION_CONTEXT(2) 
PARAMETRIC_REPRESENTATION_CONTEXT() REPRESENTATION_CONTEXT('2D SPACE',''
  ) );
#6870 = ADVANCED_FACE('',(#6871),#6837,.F.);
#6871 = FACE_BOUND('',#6872,.F.);
#6872 = EDGE_LOOP('',(#6873,#6874,#6897,#6925));
#6873 = ORIENTED_EDGE('',*,*,#6821,.T.);
#6874 = ORIENTED_EDGE('',*,*,#6875,.T.);
#6875 = EDGE_CURVE('',#6798,#6876,#6878,.T.);
#6876 = VERTEX_POINT('',#6877);
#6877 = CARTESIAN_POINT('',(2.4575,-24.2225,20.85));
#6878 = SURFACE_CURVE('',#6879,(#6883,#6890),.PCURVE_S1.);
#6879 = LINE('',#6880,#6881);
#6880 = CARTESIAN_POINT('',(0.,-24.2225,20.85));
#6881 = VECTOR('',#6882,1.);
#6882 = DIRECTION('',(1.,0.,0.));
#6883 = PCURVE('',#6837,#6884);
#6884 = DEFINITIONAL_REPRESENTATION('',(#6885),#6889);
#6885 = LINE('',#6886,#6887);
#6886 = CARTESIAN_POINT('',(2.4575,-1.5));
#6887 = VECTOR('',#6888,1.);
#6888 = DIRECTION('',(1.,0.));
#6889 = ( GEOMETRIC_REPRESENTATION_CONTEXT(2) 
PARAMETRIC_REPRESENTATION_CONTEXT() REPRESENTATION_CONTEXT('2D SPACE',''
  ) );
#6890 = PCURVE('',#6649,#6891);
#6891 = DEFINITIONAL_REPRESENTATION('',(#6892),#6896);
#6892 = LINE('',#6893,#6894);
#6893 = CARTESIAN_POINT('',(0.,-2.2225));
#6894 = VECTOR('',#6895,1.);
#6895 = DIRECTION('',(1.,0.));
#6896 = ( GEOMETRIC_REPRESENTATION_CONTEXT(2) 
PARAMETRIC_REPRESENTATION_CONTEXT() REPRESENTATION_CONTEXT('2D SPACE',''
  ) );
#6897 = ORIENTED_EDGE('',*,*,#6898,.F.);
#6898 = EDGE_CURVE('',#6899,#6876,#6901,.T.);
#6899 = VERTEX_POINT('',#6900);
#6900 = CARTESIAN_POINT('',(2.4575,-24.2225,19.35));
#6901 = SURFACE_CURVE('',#6902,(#6906,#6913),.PCURVE_S1.);
#6902 = LINE('',#6903,#6904);
#6903 = CARTESIAN_POINT('',(2.4575,-24.2225,19.35));
#6904 = VECTOR('',#6905,1.);
#6905 = DIRECTION('',(0.,0.,1.));
#6906 = PCURVE('',#6837,#6907);
#6907 = DEFINITIONAL_REPRESENTATION('',(#6908),#6912);
#6908 = LINE('',#6909,#6910);
#6909 = CARTESIAN_POINT('',(4.915,0.));
#6910 = VECTOR('',#6911,1.);
#6911 = DIRECTION('',(0.,-1.));
#6912 = ( GEOMETRIC_REPRESENTATION_CONTEXT(2) 
PARAMETRIC_REPRESENTATION_CONTEXT() REPRESENTATION_CONTEXT('2D SPACE',''
  ) );
#6913 = PCURVE('',#6914,#6919);
#6914 = CYLINDRICAL_SURFACE('',#6915,0.4);
#6915 = AXIS2_PLACEMENT_3D('',#6916,#6917,#6918);
#6916 = CARTESIAN_POINT('',(2.4575,-23.8225,19.35));
#6917 = DIRECTION('',(-0.,-0.,-1.));
#6918 = DIRECTION('',(1.,0.,0.));
#6919 = DEFINITIONAL_REPRESENTATION('',(#6920),#6924);
#6920 = LINE('',#6921,#6922);
#6921 = CARTESIAN_POINT('',(-4.712388980385,0.));
#6922 = VECTOR('',#6923,1.);
#6923 = DIRECTION('',(-0.,-1.));
#6924 = ( GEOMETRIC_REPRESENTATION_CONTEXT(2) 
PARAMETRIC_REPRESENTATION_CONTEXT() REPRESENTATION_CONTEXT('2D SPACE',''
  ) );
#6925 = ORIENTED_EDGE('',*,*,#6926,.F.);
#6926 = EDGE_CURVE('',#6822,#6899,#6927,.T.);
#6927 = SURFACE_CURVE('',#6928,(#6932,#6939),.PCURVE_S1.);
#6928 = LINE('',#6929,#6930);
#6929 = CARTESIAN_POINT('',(0.,-24.2225,19.35));
#6930 = VECTOR('',#6931,1.);
#6931 = DIRECTION('',(1.,0.,0.));
#6932 = PCURVE('',#6837,#6933);
#6933 = DEFINITIONAL_REPRESENTATION('',(#6934),#6938);
#6934 = LINE('',#6935,#6936);
#6935 = CARTESIAN_POINT('',(2.4575,0.));
#6936 = VECTOR('',#6937,1.);
#6937 = DIRECTION('',(1.,0.));
#6938 = ( GEOMETRIC_REPRESENTATION_CONTEXT(2) 
PARAMETRIC_REPRESENTATION_CONTEXT() REPRESENTATION_CONTEXT('2D SPACE',''
  ) );
#6939 = PCURVE('',#6703,#6940);
#6940 = DEFINITIONAL_REPRESENTATION('',(#6941),#6945);
#6941 = LINE('',#6942,#6943);
#6942 = CARTESIAN_POINT('',(0.,-2.2225));
#6943 = VECTOR('',#6944,1.);
#6944 = DIRECTION('',(1.,0.));
#6945 = ( GEOMETRIC_REPRESENTATION_CONTEXT(2) 
PARAMETRIC_REPRESENTATION_CONTEXT() REPRESENTATION_CONTEXT('2D SPACE',''
  ) );
#6946 = ADVANCED_FACE('',(#6947),#6914,.T.);
#6947 = FACE_BOUND('',#6948,.F.);
#6948 = EDGE_LOOP('',(#6949,#6950,#6974,#7002));
#6949 = ORIENTED_EDGE('',*,*,#6898,.T.);
#6950 = ORIENTED_EDGE('',*,*,#6951,.T.);
#6951 = EDGE_CURVE('',#6876,#6952,#6954,.T.);
#6952 = VERTEX_POINT('',#6953);
#6953 = CARTESIAN_POINT('',(2.8575,-23.8225,20.85));
#6954 = SURFACE_CURVE('',#6955,(#6960,#6967),.PCURVE_S1.);
#6955 = CIRCLE('',#6956,0.4);
#6956 = AXIS2_PLACEMENT_3D('',#6957,#6958,#6959);
#6957 = CARTESIAN_POINT('',(2.4575,-23.8225,20.85));
#6958 = DIRECTION('',(0.,0.,1.));
#6959 = DIRECTION('',(1.,0.,0.));
#6960 = PCURVE('',#6914,#6961);
#6961 = DEFINITIONAL_REPRESENTATION('',(#6962),#6966);
#6962 = LINE('',#6963,#6964);
#6963 = CARTESIAN_POINT('',(-0.,-1.5));
#6964 = VECTOR('',#6965,1.);
#6965 = DIRECTION('',(-1.,0.));
#6966 = ( GEOMETRIC_REPRESENTATION_CONTEXT(2) 
PARAMETRIC_REPRESENTATION_CONTEXT() REPRESENTATION_CONTEXT('2D SPACE',''
  ) );
#6967 = PCURVE('',#6649,#6968);
#6968 = DEFINITIONAL_REPRESENTATION('',(#6969),#6973);
#6969 = CIRCLE('',#6970,0.4);
#6970 = AXIS2_PLACEMENT_2D('',#6971,#6972);
#6971 = CARTESIAN_POINT('',(2.4575,-1.8225));
#6972 = DIRECTION('',(1.,0.));
#6973 = ( GEOMETRIC_REPRESENTATION_CONTEXT(2) 
PARAMETRIC_REPRESENTATION_CONTEXT() REPRESENTATION_CONTEXT('2D SPACE',''
  ) );
#6974 = ORIENTED_EDGE('',*,*,#6975,.F.);
#6975 = EDGE_CURVE('',#6976,#6952,#6978,.T.);
#6976 = VERTEX_POINT('',#6977);
#6977 = CARTESIAN_POINT('',(2.8575,-23.8225,19.35));
#6978 = SURFACE_CURVE('',#6979,(#6983,#6990),.PCURVE_S1.);
#6979 = LINE('',#6980,#6981);
#6980 = CARTESIAN_POINT('',(2.8575,-23.8225,19.35));
#6981 = VECTOR('',#6982,1.);
#6982 = DIRECTION('',(0.,0.,1.));
#6983 = PCURVE('',#6914,#6984);
#6984 = DEFINITIONAL_REPRESENTATION('',(#6985),#6989);
#6985 = LINE('',#6986,#6987);
#6986 = CARTESIAN_POINT('',(-6.28318530718,0.));
#6987 = VECTOR('',#6988,1.);
#6988 = DIRECTION('',(-0.,-1.));
#6989 = ( GEOMETRIC_REPRESENTATION_CONTEXT(2) 
PARAMETRIC_REPRESENTATION_CONTEXT() REPRESENTATION_CONTEXT('2D SPACE',''
  ) );
#6990 = PCURVE('',#6991,#6996);
#6991 = PLANE('',#6992);
#6992 = AXIS2_PLACEMENT_3D('',#6993,#6994,#6995);
#6993 = CARTESIAN_POINT('',(2.8575,-23.8225,19.35));
#6994 = DIRECTION('',(-1.,0.,0.));
#6995 = DIRECTION('',(0.,1.,0.));
#6996 = DEFINITIONAL_REPRESENTATION('',(#6997),#7001);
#6997 = LINE('',#6998,#6999);
#6998 = CARTESIAN_POINT('',(0.,0.));
#6999 = VECTOR('',#7000,1.);
#7000 = DIRECTION('',(0.,-1.));
#7001 = ( GEOMETRIC_REPRESENTATION_CONTEXT(2) 
PARAMETRIC_REPRESENTATION_CONTEXT() REPRESENTATION_CONTEXT('2D SPACE',''
  ) );
#7002 = ORIENTED_EDGE('',*,*,#7003,.F.);
#7003 = EDGE_CURVE('',#6899,#6976,#7004,.T.);
#7004 = SURFACE_CURVE('',#7005,(#7010,#7017),.PCURVE_S1.);
#7005 = CIRCLE('',#7006,0.4);
#7006 = AXIS2_PLACEMENT_3D('',#7007,#7008,#7009);
#7007 = CARTESIAN_POINT('',(2.4575,-23.8225,19.35));
#7008 = DIRECTION('',(0.,0.,1.));
#7009 = DIRECTION('',(1.,0.,0.));
#7010 = PCURVE('',#6914,#7011);
#7011 = DEFINITIONAL_REPRESENTATION('',(#7012),#7016);
#7012 = LINE('',#7013,#7014);
#7013 = CARTESIAN_POINT('',(-0.,0.));
#7014 = VECTOR('',#7015,1.);
#7015 = DIRECTION('',(-1.,0.));
#7016 = ( GEOMETRIC_REPRESENTATION_CONTEXT(2) 
PARAMETRIC_REPRESENTATION_CONTEXT() REPRESENTATION_CONTEXT('2D SPACE',''
  ) );
#7017 = PCURVE('',#6703,#7018);
#7018 = DEFINITIONAL_REPRESENTATION('',(#7019),#7023);
#7019 = CIRCLE('',#7020,0.4);
#7020 = AXIS2_PLACEMENT_2D('',#7021,#7022);
#7021 = CARTESIAN_POINT('',(2.4575,-1.8225));
#7022 = DIRECTION('',(1.,0.));
#7023 = ( GEOMETRIC_REPRESENTATION_CONTEXT(2) 
PARAMETRIC_REPRESENTATION_CONTEXT() REPRESENTATION_CONTEXT('2D SPACE',''
  ) );
#7024 = ADVANCED_FACE('',(#7025),#6991,.F.);
#7025 = FACE_BOUND('',#7026,.F.);
#7026 = EDGE_LOOP('',(#7027,#7028,#7051,#7079));
#7027 = ORIENTED_EDGE('',*,*,#6975,.T.);
#7028 = ORIENTED_EDGE('',*,*,#7029,.T.);
#7029 = EDGE_CURVE('',#6952,#7030,#7032,.T.);
#7030 = VERTEX_POINT('',#7031);
#7031 = CARTESIAN_POINT('',(2.8575,-20.1775,20.85));
#7032 = SURFACE_CURVE('',#7033,(#7037,#7044),.PCURVE_S1.);
#7033 = LINE('',#7034,#7035);
#7034 = CARTESIAN_POINT('',(2.8575,-22.,20.85));
#7035 = VECTOR('',#7036,1.);
#7036 = DIRECTION('',(0.,1.,0.));
#7037 = PCURVE('',#6991,#7038);
#7038 = DEFINITIONAL_REPRESENTATION('',(#7039),#7043);
#7039 = LINE('',#7040,#7041);
#7040 = CARTESIAN_POINT('',(1.8225,-1.5));
#7041 = VECTOR('',#7042,1.);
#7042 = DIRECTION('',(1.,0.));
#7043 = ( GEOMETRIC_REPRESENTATION_CONTEXT(2) 
PARAMETRIC_REPRESENTATION_CONTEXT() REPRESENTATION_CONTEXT('2D SPACE',''
  ) );
#7044 = PCURVE('',#6649,#7045);
#7045 = DEFINITIONAL_REPRESENTATION('',(#7046),#7050);
#7046 = LINE('',#7047,#7048);
#7047 = CARTESIAN_POINT('',(2.8575,0.));
#7048 = VECTOR('',#7049,1.);
#7049 = DIRECTION('',(0.,1.));
#7050 = ( GEOMETRIC_REPRESENTATION_CONTEXT(2) 
PARAMETRIC_REPRESENTATION_CONTEXT() REPRESENTATION_CONTEXT('2D SPACE',''
  ) );
#7051 = ORIENTED_EDGE('',*,*,#7052,.F.);
#7052 = EDGE_CURVE('',#7053,#7030,#7055,.T.);
#7053 = VERTEX_POINT('',#7054);
#7054 = CARTESIAN_POINT('',(2.8575,-20.1775,19.35));
#7055 = SURFACE_CURVE('',#7056,(#7060,#7067),.PCURVE_S1.);
#7056 = LINE('',#7057,#7058);
#7057 = CARTESIAN_POINT('',(2.8575,-20.1775,19.35));
#7058 = VECTOR('',#7059,1.);
#7059 = DIRECTION('',(0.,0.,1.));
#7060 = PCURVE('',#6991,#7061);
#7061 = DEFINITIONAL_REPRESENTATION('',(#7062),#7066);
#7062 = LINE('',#7063,#7064);
#7063 = CARTESIAN_POINT('',(3.645,0.));
#7064 = VECTOR('',#7065,1.);
#7065 = DIRECTION('',(0.,-1.));
#7066 = ( GEOMETRIC_REPRESENTATION_CONTEXT(2) 
PARAMETRIC_REPRESENTATION_CONTEXT() REPRESENTATION_CONTEXT('2D SPACE',''
  ) );
#7067 = PCURVE('',#7068,#7073);
#7068 = CYLINDRICAL_SURFACE('',#7069,0.4);
#7069 = AXIS2_PLACEMENT_3D('',#7070,#7071,#7072);
#7070 = CARTESIAN_POINT('',(2.4575,-20.1775,19.35));
#7071 = DIRECTION('',(-0.,-0.,-1.));
#7072 = DIRECTION('',(1.,0.,0.));
#7073 = DEFINITIONAL_REPRESENTATION('',(#7074),#7078);
#7074 = LINE('',#7075,#7076);
#7075 = CARTESIAN_POINT('',(-0.,0.));
#7076 = VECTOR('',#7077,1.);
#7077 = DIRECTION('',(-0.,-1.));
#7078 = ( GEOMETRIC_REPRESENTATION_CONTEXT(2) 
PARAMETRIC_REPRESENTATION_CONTEXT() REPRESENTATION_CONTEXT('2D SPACE',''
  ) );
#7079 = ORIENTED_EDGE('',*,*,#7080,.F.);
#7080 = EDGE_CURVE('',#6976,#7053,#7081,.T.);
#7081 = SURFACE_CURVE('',#7082,(#7086,#7093),.PCURVE_S1.);
#7082 = LINE('',#7083,#7084);
#7083 = CARTESIAN_POINT('',(2.8575,-22.,19.35));
#7084 = VECTOR('',#7085,1.);
#7085 = DIRECTION('',(0.,1.,0.));
#7086 = PCURVE('',#6991,#7087);
#7087 = DEFINITIONAL_REPRESENTATION('',(#7088),#7092);
#7088 = LINE('',#7089,#7090);
#7089 = CARTESIAN_POINT('',(1.8225,0.));
#7090 = VECTOR('',#7091,1.);
#7091 = DIRECTION('',(1.,0.));
#7092 = ( GEOMETRIC_REPRESENTATION_CONTEXT(2) 
PARAMETRIC_REPRESENTATION_CONTEXT() REPRESENTATION_CONTEXT('2D SPACE',''
  ) );
#7093 = PCURVE('',#6703,#7094);
#7094 = DEFINITIONAL_REPRESENTATION('',(#7095),#7099);
#7095 = LINE('',#7096,#7097);
#7096 = CARTESIAN_POINT('',(2.8575,0.));
#7097 = VECTOR('',#7098,1.);
#7098 = DIRECTION('',(0.,1.));
#7099 = ( GEOMETRIC_REPRESENTATION_CONTEXT(2) 
PARAMETRIC_REPRESENTATION_CONTEXT() REPRESENTATION_CONTEXT('2D SPACE',''
  ) );
#7100 = ADVANCED_FACE('',(#7101),#7068,.T.);
#7101 = FACE_BOUND('',#7102,.F.);
#7102 = EDGE_LOOP('',(#7103,#7104,#7128,#7151));
#7103 = ORIENTED_EDGE('',*,*,#7052,.T.);
#7104 = ORIENTED_EDGE('',*,*,#7105,.T.);
#7105 = EDGE_CURVE('',#7030,#7106,#7108,.T.);
#7106 = VERTEX_POINT('',#7107);
#7107 = CARTESIAN_POINT('',(2.4575,-19.7775,20.85));
#7108 = SURFACE_CURVE('',#7109,(#7114,#7121),.PCURVE_S1.);
#7109 = CIRCLE('',#7110,0.4);
#7110 = AXIS2_PLACEMENT_3D('',#7111,#7112,#7113);
#7111 = CARTESIAN_POINT('',(2.4575,-20.1775,20.85));
#7112 = DIRECTION('',(0.,0.,1.));
#7113 = DIRECTION('',(1.,0.,0.));
#7114 = PCURVE('',#7068,#7115);
#7115 = DEFINITIONAL_REPRESENTATION('',(#7116),#7120);
#7116 = LINE('',#7117,#7118);
#7117 = CARTESIAN_POINT('',(-0.,-1.5));
#7118 = VECTOR('',#7119,1.);
#7119 = DIRECTION('',(-1.,0.));
#7120 = ( GEOMETRIC_REPRESENTATION_CONTEXT(2) 
PARAMETRIC_REPRESENTATION_CONTEXT() REPRESENTATION_CONTEXT('2D SPACE',''
  ) );
#7121 = PCURVE('',#6649,#7122);
#7122 = DEFINITIONAL_REPRESENTATION('',(#7123),#7127);
#7123 = CIRCLE('',#7124,0.4);
#7124 = AXIS2_PLACEMENT_2D('',#7125,#7126);
#7125 = CARTESIAN_POINT('',(2.4575,1.8225));
#7126 = DIRECTION('',(1.,0.));
#7127 = ( GEOMETRIC_REPRESENTATION_CONTEXT(2) 
PARAMETRIC_REPRESENTATION_CONTEXT() REPRESENTATION_CONTEXT('2D SPACE',''
  ) );
#7128 = ORIENTED_EDGE('',*,*,#7129,.F.);
#7129 = EDGE_CURVE('',#7130,#7106,#7132,.T.);
#7130 = VERTEX_POINT('',#7131);
#7131 = CARTESIAN_POINT('',(2.4575,-19.7775,19.35));
#7132 = SURFACE_CURVE('',#7133,(#7137,#7144),.PCURVE_S1.);
#7133 = LINE('',#7134,#7135);
#7134 = CARTESIAN_POINT('',(2.4575,-19.7775,19.35));
#7135 = VECTOR('',#7136,1.);
#7136 = DIRECTION('',(0.,0.,1.));
#7137 = PCURVE('',#7068,#7138);
#7138 = DEFINITIONAL_REPRESENTATION('',(#7139),#7143);
#7139 = LINE('',#7140,#7141);
#7140 = CARTESIAN_POINT('',(-1.570796326795,0.));
#7141 = VECTOR('',#7142,1.);
#7142 = DIRECTION('',(-0.,-1.));
#7143 = ( GEOMETRIC_REPRESENTATION_CONTEXT(2) 
PARAMETRIC_REPRESENTATION_CONTEXT() REPRESENTATION_CONTEXT('2D SPACE',''
  ) );
#7144 = PCURVE('',#6736,#7145);
#7145 = DEFINITIONAL_REPRESENTATION('',(#7146),#7150);
#7146 = LINE('',#7147,#7148);
#7147 = CARTESIAN_POINT('',(4.915,0.));
#7148 = VECTOR('',#7149,1.);
#7149 = DIRECTION('',(0.,-1.));
#7150 = ( GEOMETRIC_REPRESENTATION_CONTEXT(2) 
PARAMETRIC_REPRESENTATION_CONTEXT() REPRESENTATION_CONTEXT('2D SPACE',''
  ) );
#7151 = ORIENTED_EDGE('',*,*,#7152,.F.);
#7152 = EDGE_CURVE('',#7053,#7130,#7153,.T.);
#7153 = SURFACE_CURVE('',#7154,(#7159,#7166),.PCURVE_S1.);
#7154 = CIRCLE('',#7155,0.4);
#7155 = AXIS2_PLACEMENT_3D('',#7156,#7157,#7158);
#7156 = CARTESIAN_POINT('',(2.4575,-20.1775,19.35));
#7157 = DIRECTION('',(0.,0.,1.));
#7158 = DIRECTION('',(1.,0.,0.));
#7159 = PCURVE('',#7068,#7160);
#7160 = DEFINITIONAL_REPRESENTATION('',(#7161),#7165);
#7161 = LINE('',#7162,#7163);
#7162 = CARTESIAN_POINT('',(-0.,0.));
#7163 = VECTOR('',#7164,1.);
#7164 = DIRECTION('',(-1.,0.));
#7165 = ( GEOMETRIC_REPRESENTATION_CONTEXT(2) 
PARAMETRIC_REPRESENTATION_CONTEXT() REPRESENTATION_CONTEXT('2D SPACE',''
  ) );
#7166 = PCURVE('',#6703,#7167);
#7167 = DEFINITIONAL_REPRESENTATION('',(#7168),#7172);
#7168 = CIRCLE('',#7169,0.4);
#7169 = AXIS2_PLACEMENT_2D('',#7170,#7171);
#7170 = CARTESIAN_POINT('',(2.4575,1.8225));
#7171 = DIRECTION('',(1.,0.));
#7172 = ( GEOMETRIC_REPRESENTATION_CONTEXT(2) 
PARAMETRIC_REPRESENTATION_CONTEXT() REPRESENTATION_CONTEXT('2D SPACE',''
  ) );
#7173 = ADVANCED_FACE('',(#7174),#6736,.T.);
#7174 = FACE_BOUND('',#7175,.T.);
#7175 = EDGE_LOOP('',(#7176,#7177,#7198,#7199));
#7176 = ORIENTED_EDGE('',*,*,#6718,.T.);
#7177 = ORIENTED_EDGE('',*,*,#7178,.T.);
#7178 = EDGE_CURVE('',#6721,#7106,#7179,.T.);
#7179 = SURFACE_CURVE('',#7180,(#7184,#7191),.PCURVE_S1.);
#7180 = LINE('',#7181,#7182);
#7181 = CARTESIAN_POINT('',(0.,-19.7775,20.85));
#7182 = VECTOR('',#7183,1.);
#7183 = DIRECTION('',(1.,0.,0.));
#7184 = PCURVE('',#6736,#7185);
#7185 = DEFINITIONAL_REPRESENTATION('',(#7186),#7190);
#7186 = LINE('',#7187,#7188);
#7187 = CARTESIAN_POINT('',(2.4575,-1.5));
#7188 = VECTOR('',#7189,1.);
#7189 = DIRECTION('',(1.,0.));
#7190 = ( GEOMETRIC_REPRESENTATION_CONTEXT(2) 
PARAMETRIC_REPRESENTATION_CONTEXT() REPRESENTATION_CONTEXT('2D SPACE',''
  ) );
#7191 = PCURVE('',#6649,#7192);
#7192 = DEFINITIONAL_REPRESENTATION('',(#7193),#7197);
#7193 = LINE('',#7194,#7195);
#7194 = CARTESIAN_POINT('',(0.,2.2225));
#7195 = VECTOR('',#7196,1.);
#7196 = DIRECTION('',(1.,0.));
#7197 = ( GEOMETRIC_REPRESENTATION_CONTEXT(2) 
PARAMETRIC_REPRESENTATION_CONTEXT() REPRESENTATION_CONTEXT('2D SPACE',''
  ) );
#7198 = ORIENTED_EDGE('',*,*,#7129,.F.);
#7199 = ORIENTED_EDGE('',*,*,#7200,.F.);
#7200 = EDGE_CURVE('',#6719,#7130,#7201,.T.);
#7201 = SURFACE_CURVE('',#7202,(#7206,#7213),.PCURVE_S1.);
#7202 = LINE('',#7203,#7204);
#7203 = CARTESIAN_POINT('',(0.,-19.7775,19.35));
#7204 = VECTOR('',#7205,1.);
#7205 = DIRECTION('',(1.,0.,0.));
#7206 = PCURVE('',#6736,#7207);
#7207 = DEFINITIONAL_REPRESENTATION('',(#7208),#7212);
#7208 = LINE('',#7209,#7210);
#7209 = CARTESIAN_POINT('',(2.4575,0.));
#7210 = VECTOR('',#7211,1.);
#7211 = DIRECTION('',(1.,0.));
#7212 = ( GEOMETRIC_REPRESENTATION_CONTEXT(2) 
PARAMETRIC_REPRESENTATION_CONTEXT() REPRESENTATION_CONTEXT('2D SPACE',''
  ) );
#7213 = PCURVE('',#6703,#7214);
#7214 = DEFINITIONAL_REPRESENTATION('',(#7215),#7219);
#7215 = LINE('',#7216,#7217);
#7216 = CARTESIAN_POINT('',(0.,2.2225));
#7217 = VECTOR('',#7218,1.);
#7218 = DIRECTION('',(1.,0.));
#7219 = ( GEOMETRIC_REPRESENTATION_CONTEXT(2) 
PARAMETRIC_REPRESENTATION_CONTEXT() REPRESENTATION_CONTEXT('2D SPACE',''
  ) );
#7220 = ADVANCED_FACE('',(#7221),#6703,.F.);
#7221 = FACE_BOUND('',#7222,.F.);
#7222 = EDGE_LOOP('',(#7223,#7224,#7225,#7226,#7227,#7228,#7229,#7230));
#7223 = ORIENTED_EDGE('',*,*,#6689,.F.);
#7224 = ORIENTED_EDGE('',*,*,#6849,.T.);
#7225 = ORIENTED_EDGE('',*,*,#6926,.T.);
#7226 = ORIENTED_EDGE('',*,*,#7003,.T.);
#7227 = ORIENTED_EDGE('',*,*,#7080,.T.);
#7228 = ORIENTED_EDGE('',*,*,#7152,.T.);
#7229 = ORIENTED_EDGE('',*,*,#7200,.F.);
#7230 = ORIENTED_EDGE('',*,*,#6771,.T.);
#7231 = ADVANCED_FACE('',(#7232),#6649,.T.);
#7232 = FACE_BOUND('',#7233,.T.);
#7233 = EDGE_LOOP('',(#7234,#7235,#7236,#7237,#7238,#7239,#7240,#7241));
#7234 = ORIENTED_EDGE('',*,*,#6633,.F.);
#7235 = ORIENTED_EDGE('',*,*,#6797,.T.);
#7236 = ORIENTED_EDGE('',*,*,#6875,.T.);
#7237 = ORIENTED_EDGE('',*,*,#6951,.T.);
#7238 = ORIENTED_EDGE('',*,*,#7029,.T.);
#7239 = ORIENTED_EDGE('',*,*,#7105,.T.);
#7240 = ORIENTED_EDGE('',*,*,#7178,.F.);
#7241 = ORIENTED_EDGE('',*,*,#6748,.T.);
#7242 = ( GEOMETRIC_REPRESENTATION_CONTEXT(3) 
GLOBAL_UNCERTAINTY_ASSIGNED_CONTEXT((#7246)) 
GLOBAL_UNIT_ASSIGNED_CONTEXT((#7243,#7244,#7245)) REPRESENTATION_CONTEXT
('Context #1','3D Context with UNIT and UNCERTAINTY') );
#7243 = ( LENGTH_UNIT() NAMED_UNIT(*) SI_UNIT(.MILLI.,.METRE.) );
#7244 = ( NAMED_UNIT(*) PLANE_ANGLE_UNIT() SI_UNIT($,.RADIAN.) );
#7245 = ( NAMED_UNIT(*) SI_UNIT($,.STERADIAN.) SOLID_ANGLE_UNIT() );
#7246 = UNCERTAINTY_MEASURE_WITH_UNIT(LENGTH_MEASURE(1.E-07),#7243,
  'distance_accuracy_value','confusion accuracy');
#7247 = CONTEXT_DEPENDENT_SHAPE_REPRESENTATION(#7248,#7250);
#7248 = ( REPRESENTATION_RELATIONSHIP('','',#6591,#10) 
REPRESENTATION_RELATIONSHIP_WITH_TRANSFORMATION(#7249) 
SHAPE_REPRESENTATION_RELATIONSHIP() );
#7249 = ITEM_DEFINED_TRANSFORMATION('','',#11,#51);
#7250 = PRODUCT_DEFINITION_SHAPE('Placement','Placement of an item',
  #7251);
#7251 = NEXT_ASSEMBLY_USAGE_OCCURRENCE('158','stub 3 sample','',#5,#6586
  ,$);
#7252 = PRODUCT_RELATED_PRODUCT_CATEGORY('part',$,(#6588));
#7253 = SHAPE_DEFINITION_REPRESENTATION(#7254,#7260);
#7254 = PRODUCT_DEFINITION_SHAPE('','',#7255);
#7255 = PRODUCT_DEFINITION('design','',#7256,#7259);
#7256 = PRODUCT_DEFINITION_FORMATION('','',#7257);
#7257 = PRODUCT('stub 4 stub','stub 4 stub','',(#7258));
#7258 = PRODUCT_CONTEXT('',#2,'mechanical');
#7259 = PRODUCT_DEFINITION_CONTEXT('part definition',#2,'design');
#7260 = ADVANCED_BREP_SHAPE_REPRESENTATION('',(#11,#7261),#7743);
#7261 = MANIFOLD_SOLID_BREP('',#7262);
#7262 = CLOSED_SHELL('',(#7263,#7355,#7390,#7425,#7480,#7535,#7588,#7627
    ,#7631,#7686,#7739));
#7263 = ADVANCED_FACE('',(#7264),#7277,.T.);
#7264 = FACE_BOUND('',#7265,.F.);
#7265 = EDGE_LOOP('',(#7266,#7300,#7323,#7354));
#7266 = ORIENTED_EDGE('',*,*,#7267,.F.);
#7267 = EDGE_CURVE('',#7268,#7268,#7270,.T.);
#7268 = VERTEX_POINT('',#7269);
#7269 = CARTESIAN_POINT('',(28.35,-22.,16.));
#7270 = SURFACE_CURVE('',#7271,(#7276,#7288),.PCURVE_S1.);
#7271 = CIRCLE('',#7272,6.35);
#7272 = AXIS2_PLACEMENT_3D('',#7273,#7274,#7275);
#7273 = CARTESIAN_POINT('',(22.,-22.,16.));
#7274 = DIRECTION('',(0.,0.,1.));
#7275 = DIRECTION('',(1.,0.,0.));
#7276 = PCURVE('',#7277,#7282);
#7277 = CYLINDRICAL_SURFACE('',#7278,6.35);
#7278 = AXIS2_PLACEMENT_3D('',#7279,#7280,#7281);
#7279 = CARTESIAN_POINT('',(22.,-22.,16.));
#7280 = DIRECTION('',(-0.,-0.,-1.));
#7281 = DIRECTION('',(1.,0.,0.));
#7282 = DEFINITIONAL_REPRESENTATION('',(#7283),#7287);
#7283 = LINE('',#7284,#7285);
#7284 = CARTESIAN_POINT('',(-0.,0.));
#7285 = VECTOR('',#7286,1.);
#7286 = DIRECTION('',(-1.,0.));
#7287 = ( GEOMETRIC_REPRESENTATION_CONTEXT(2) 
PARAMETRIC_REPRESENTATION_CONTEXT() REPRESENTATION_CONTEXT('2D SPACE',''
  ) );
#7288 = PCURVE('',#7289,#7294);
#7289 = PLANE('',#7290);
#7290 = AXIS2_PLACEMENT_3D('',#7291,#7292,#7293);
#7291 = CARTESIAN_POINT('',(22.,-22.,16.));
#7292 = DIRECTION('',(0.,0.,1.));
#7293 = DIRECTION('',(1.,0.,0.));
#7294 = DEFINITIONAL_REPRESENTATION('',(#7295),#7299);
#7295 = CIRCLE('',#7296,6.35);
#7296 = AXIS2_PLACEMENT_2D('',#7297,#7298);
#7297 = CARTESIAN_POINT('',(0.,-6.021627052289E-16));
#7298 = DIRECTION('',(1.,0.));
#7299 = ( GEOMETRIC_REPRESENTATION_CONTEXT(2) 
PARAMETRIC_REPRESENTATION_CONTEXT() REPRESENTATION_CONTEXT('2D SPACE',''
  ) );
#7300 = ORIENTED_EDGE('',*,*,#7301,.T.);
#7301 = EDGE_CURVE('',#7268,#7302,#7304,.T.);
#7302 = VERTEX_POINT('',#7303);
#7303 = CARTESIAN_POINT('',(28.35,-22.,17.1));
#7304 = SEAM_CURVE('',#7305,(#7309,#7316),.PCURVE_S1.);
#7305 = LINE('',#7306,#7307);
#7306 = CARTESIAN_POINT('',(28.35,-22.,16.));
#7307 = VECTOR('',#7308,1.);
#7308 = DIRECTION('',(0.,0.,1.));
#7309 = PCURVE('',#7277,#7310);
#7310 = DEFINITIONAL_REPRESENTATION('',(#7311),#7315);
#7311 = LINE('',#7312,#7313);
#7312 = CARTESIAN_POINT('',(-6.28318530718,0.));
#7313 = VECTOR('',#7314,1.);
#7314 = DIRECTION('',(-0.,-1.));
#7315 = ( GEOMETRIC_REPRESENTATION_CONTEXT(2) 
PARAMETRIC_REPRESENTATION_CONTEXT() REPRESENTATION_CONTEXT('2D SPACE',''
  ) );
#7316 = PCURVE('',#7277,#7317);
#7317 = DEFINITIONAL_REPRESENTATION('',(#7318),#7322);
#7318 = LINE('',#7319,#7320);
#7319 = CARTESIAN_POINT('',(-0.,0.));
#7320 = VECTOR('',#7321,1.);
#7321 = DIRECTION('',(-0.,-1.));
#7322 = ( GEOMETRIC_REPRESENTATION_CONTEXT(2) 
PARAMETRIC_REPRESENTATION_CONTEXT() REPRESENTATION_CONTEXT('2D SPACE',''
  ) );
#7323 = ORIENTED_EDGE('',*,*,#7324,.F.);
#7324 = EDGE_CURVE('',#7302,#7302,#7325,.T.);
#7325 = SURFACE_CURVE('',#7326,(#7331,#7338),.PCURVE_S1.);
#7326 = CIRCLE('',#7327,6.35);
#7327 = AXIS2_PLACEMENT_3D('',#7328,#7329,#7330);
#7328 = CARTESIAN_POINT('',(22.,-22.,17.1));
#7329 = DIRECTION('',(0.,0.,-1.));
#7330 = DIRECTION('',(1.,0.,0.));
#7331 = PCURVE('',#7277,#7332);
#7332 = DEFINITIONAL_REPRESENTATION('',(#7333),#7337);
#7333 = LINE('',#7334,#7335);
#7334 = CARTESIAN_POINT('',(-6.28318530718,-1.1));
#7335 = VECTOR('',#7336,1.);
#7336 = DIRECTION('',(1.,-0.));
#7337 = ( GEOMETRIC_REPRESENTATION_CONTEXT(2) 
PARAMETRIC_REPRESENTATION_CONTEXT() REPRESENTATION_CONTEXT('2D SPACE',''
  ) );
#7338 = PCURVE('',#7339,#7344);
#7339 = PLANE('',#7340);
#7340 = AXIS2_PLACEMENT_3D('',#7341,#7342,#7343);
#7341 = CARTESIAN_POINT('',(22.,-22.,17.1));
#7342 = DIRECTION('',(0.,0.,1.));
#7343 = DIRECTION('',(1.,0.,0.));
#7344 = DEFINITIONAL_REPRESENTATION('',(#7345),#7353);
#7345 = ( BOUNDED_CURVE() B_SPLINE_CURVE(2,(#7346,#7347,#7348,#7349,
#7350,#7351,#7352),.UNSPECIFIED.,.T.,.F.) B_SPLINE_CURVE_WITH_KNOTS((1,2
    ,2,2,2,1),(-2.094395102393,0.,2.094395102393,4.188790204786,
6.28318530718,8.377580409573),.UNSPECIFIED.) CURVE() 
GEOMETRIC_REPRESENTATION_ITEM() RATIONAL_B_SPLINE_CURVE((1.,0.5,1.,0.5,
1.,0.5,1.)) REPRESENTATION_ITEM('') );
#7346 = CARTESIAN_POINT('',(6.35,-1.196249076369E-16));
#7347 = CARTESIAN_POINT('',(6.35,-10.99852262806));
#7348 = CARTESIAN_POINT('',(-3.175,-5.499261314031));
#7349 = CARTESIAN_POINT('',(-12.7,-1.674926342554E-15));
#7350 = CARTESIAN_POINT('',(-3.175,5.499261314031));
#7351 = CARTESIAN_POINT('',(6.35,10.998522628062));
#7352 = CARTESIAN_POINT('',(6.35,-1.196249076369E-16));
#7353 = ( GEOMETRIC_REPRESENTATION_CONTEXT(2) 
PARAMETRIC_REPRESENTATION_CONTEXT() REPRESENTATION_CONTEXT('2D SPACE',''
  ) );
#7354 = ORIENTED_EDGE('',*,*,#7301,.F.);
#7355 = ADVANCED_FACE('',(#7356,#7359),#7289,.F.);
#7356 = FACE_BOUND('',#7357,.F.);
#7357 = EDGE_LOOP('',(#7358));
#7358 = ORIENTED_EDGE('',*,*,#7267,.T.);
#7359 = FACE_BOUND('',#7360,.F.);
#7360 = EDGE_LOOP('',(#7361));
#7361 = ORIENTED_EDGE('',*,*,#7362,.F.);
#7362 = EDGE_CURVE('',#7363,#7363,#7365,.T.);
#7363 = VERTEX_POINT('',#7364);
#7364 = CARTESIAN_POINT('',(23.575,-22.,16.));
#7365 = SURFACE_CURVE('',#7366,(#7371,#7378),.PCURVE_S1.);
#7366 = CIRCLE('',#7367,1.575);
#7367 = AXIS2_PLACEMENT_3D('',#7368,#7369,#7370);
#7368 = CARTESIAN_POINT('',(22.,-22.,16.));
#7369 = DIRECTION('',(0.,0.,1.));
#7370 = DIRECTION('',(1.,0.,0.));
#7371 = PCURVE('',#7289,#7372);
#7372 = DEFINITIONAL_REPRESENTATION('',(#7373),#7377);
#7373 = CIRCLE('',#7374,1.575);
#7374 = AXIS2_PLACEMENT_2D('',#7375,#7376);
#7375 = CARTESIAN_POINT('',(0.,-6.021627052289E-16));
#7376 = DIRECTION('',(1.,0.));
#7377 = ( GEOMETRIC_REPRESENTATION_CONTEXT(2) 
PARAMETRIC_REPRESENTATION_CONTEXT() REPRESENTATION_CONTEXT('2D SPACE',''
  ) );
#7378 = PCURVE('',#7379,#7384);
#7379 = CYLINDRICAL_SURFACE('',#7380,1.575);
#7380 = AXIS2_PLACEMENT_3D('',#7381,#7382,#7383);
#7381 = CARTESIAN_POINT('',(22.,-22.,8.));
#7382 = DIRECTION('',(-0.,-0.,-1.));
#7383 = DIRECTION('',(1.,0.,0.));
#7384 = DEFINITIONAL_REPRESENTATION('',(#7385),#7389);
#7385 = LINE('',#7386,#7387);
#7386 = CARTESIAN_POINT('',(-0.,-8.));
#7387 = VECTOR('',#7388,1.);
#7388 = DIRECTION('',(-1.,0.));
#7389 = ( GEOMETRIC_REPRESENTATION_CONTEXT(2) 
PARAMETRIC_REPRESENTATION_CONTEXT() REPRESENTATION_CONTEXT('2D SPACE',''
  ) );
#7390 = ADVANCED_FACE('',(#7391,#7394),#7339,.T.);
#7391 = FACE_BOUND('',#7392,.T.);
#7392 = EDGE_LOOP('',(#7393));
#7393 = ORIENTED_EDGE('',*,*,#7324,.F.);
#7394 = FACE_BOUND('',#7395,.T.);
#7395 = EDGE_LOOP('',(#7396));
#7396 = ORIENTED_EDGE('',*,*,#7397,.F.);
#7397 = EDGE_CURVE('',#7398,#7398,#7400,.T.);
#7398 = VERTEX_POINT('',#7399);
#7399 = CARTESIAN_POINT('',(27.85,-22.,17.1));
#7400 = SURFACE_CURVE('',#7401,(#7406,#7413),.PCURVE_S1.);
#7401 = CIRCLE('',#7402,5.85);
#7402 = AXIS2_PLACEMENT_3D('',#7403,#7404,#7405);
#7403 = CARTESIAN_POINT('',(22.,-22.,17.1));
#7404 = DIRECTION('',(0.,0.,1.));
#7405 = DIRECTION('',(1.,0.,0.));
#7406 = PCURVE('',#7339,#7407);
#7407 = DEFINITIONAL_REPRESENTATION('',(#7408),#7412);
#7408 = CIRCLE('',#7409,5.85);
#7409 = AXIS2_PLACEMENT_2D('',#7410,#7411);
#7410 = CARTESIAN_POINT('',(3.321377597886E-14,3.341888834508E-16));
#7411 = DIRECTION('',(1.,0.));
#7412 = ( GEOMETRIC_REPRESENTATION_CONTEXT(2) 
PARAMETRIC_REPRESENTATION_CONTEXT() REPRESENTATION_CONTEXT('2D SPACE',''
  ) );
#7413 = PCURVE('',#7414,#7419);
#7414 = CYLINDRICAL_SURFACE('',#7415,5.85);
#7415 = AXIS2_PLACEMENT_3D('',#7416,#7417,#7418);
#7416 = CARTESIAN_POINT('',(22.,-22.,17.1));
#7417 = DIRECTION('',(-0.,-0.,-1.));
#7418 = DIRECTION('',(1.,0.,0.));
#7419 = DEFINITIONAL_REPRESENTATION('',(#7420),#7424);
#7420 = LINE('',#7421,#7422);
#7421 = CARTESIAN_POINT('',(-0.,0.));
#7422 = VECTOR('',#7423,1.);
#7423 = DIRECTION('',(-1.,0.));
#7424 = ( GEOMETRIC_REPRESENTATION_CONTEXT(2) 
PARAMETRIC_REPRESENTATION_CONTEXT() REPRESENTATION_CONTEXT('2D SPACE',''
  ) );
#7425 = ADVANCED_FACE('',(#7426),#7379,.T.);
#7426 = FACE_BOUND('',#7427,.F.);
#7427 = EDGE_LOOP('',(#7428,#7451,#7452,#7453));
#7428 = ORIENTED_EDGE('',*,*,#7429,.T.);
#7429 = EDGE_CURVE('',#7430,#7363,#7432,.T.);
#7430 = VERTEX_POINT('',#7431);
#7431 = CARTESIAN_POINT('',(23.575,-22.,8.4));
#7432 = SEAM_CURVE('',#7433,(#7437,#7444),.PCURVE_S1.);
#7433 = LINE('',#7434,#7435);
#7434 = CARTESIAN_POINT('',(23.575,-22.,8.));
#7435 = VECTOR('',#7436,1.);
#7436 = DIRECTION('',(0.,0.,1.));
#7437 = PCURVE('',#7379,#7438);
#7438 = DEFINITIONAL_REPRESENTATION('',(#7439),#7443);
#7439 = LINE('',#7440,#7441);
#7440 = CARTESIAN_POINT('',(-0.,0.));
#7441 = VECTOR('',#7442,1.);
#7442 = DIRECTION('',(-0.,-1.));
#7443 = ( GEOMETRIC_REPRESENTATION_CONTEXT(2) 
PARAMETRIC_REPRESENTATION_CONTEXT() REPRESENTATION_CONTEXT('2D SPACE',''
  ) );
#7444 = PCURVE('',#7379,#7445);
#7445 = DEFINITIONAL_REPRESENTATION('',(#7446),#7450);
#7446 = LINE('',#7447,#7448);
#7447 = CARTESIAN_POINT('',(-6.28318530718,0.));
#7448 = VECTOR('',#7449,1.);
#7449 = DIRECTION('',(-0.,-1.));
#7450 = ( GEOMETRIC_REPRESENTATION_CONTEXT(2) 
PARAMETRIC_REPRESENTATION_CONTEXT() REPRESENTATION_CONTEXT('2D SPACE',''
  ) );
#7451 = ORIENTED_EDGE('',*,*,#7362,.T.);
#7452 = ORIENTED_EDGE('',*,*,#7429,.F.);
#7453 = ORIENTED_EDGE('',*,*,#7454,.F.);
#7454 = EDGE_CURVE('',#7430,#7430,#7455,.T.);
#7455 = SURFACE_CURVE('',#7456,(#7461,#7468),.PCURVE_S1.);
#7456 = CIRCLE('',#7457,1.575);
#7457 = AXIS2_PLACEMENT_3D('',#7458,#7459,#7460);
#7458 = CARTESIAN_POINT('',(22.,-22.,8.4));
#7459 = DIRECTION('',(0.,0.,1.));
#7460 = DIRECTION('',(1.,0.,0.));
#7461 = PCURVE('',#7379,#7462);
#7462 = DEFINITIONAL_REPRESENTATION('',(#7463),#7467);
#7463 = LINE('',#7464,#7465);
#7464 = CARTESIAN_POINT('',(-0.,-0.4));
#7465 = VECTOR('',#7466,1.);
#7466 = DIRECTION('',(-1.,0.));
#7467 = ( GEOMETRIC_REPRESENTATION_CONTEXT(2) 
PARAMETRIC_REPRESENTATION_CONTEXT() REPRESENTATION_CONTEXT('2D SPACE',''
  ) );
#7468 = PCURVE('',#7469,#7474);
#7469 = CONICAL_SURFACE('',#7470,1.575,0.785398163397);
#7470 = AXIS2_PLACEMENT_3D('',#7471,#7472,#7473);
#7471 = CARTESIAN_POINT('',(22.,-22.,8.4));
#7472 = DIRECTION('',(0.,0.,1.));
#7473 = DIRECTION('',(1.,0.,0.));
#7474 = DEFINITIONAL_REPRESENTATION('',(#7475),#7479);
#7475 = LINE('',#7476,#7477);
#7476 = CARTESIAN_POINT('',(0.,-0.));
#7477 = VECTOR('',#7478,1.);
#7478 = DIRECTION('',(1.,-0.));
#7479 = ( GEOMETRIC_REPRESENTATION_CONTEXT(2) 
PARAMETRIC_REPRESENTATION_CONTEXT() REPRESENTATION_CONTEXT('2D SPACE',''
  ) );
#7480 = ADVANCED_FACE('',(#7481),#7414,.T.);
#7481 = FACE_BOUND('',#7482,.F.);
#7482 = EDGE_LOOP('',(#7483,#7506,#7533,#7534));
#7483 = ORIENTED_EDGE('',*,*,#7484,.T.);
#7484 = EDGE_CURVE('',#7398,#7485,#7487,.T.);
#7485 = VERTEX_POINT('',#7486);
#7486 = CARTESIAN_POINT('',(27.85,-22.,18.1));
#7487 = SEAM_CURVE('',#7488,(#7492,#7499),.PCURVE_S1.);
#7488 = LINE('',#7489,#7490);
#7489 = CARTESIAN_POINT('',(27.85,-22.,17.1));
#7490 = VECTOR('',#7491,1.);
#7491 = DIRECTION('',(0.,0.,1.));
#7492 = PCURVE('',#7414,#7493);
#7493 = DEFINITIONAL_REPRESENTATION('',(#7494),#7498);
#7494 = LINE('',#7495,#7496);
#7495 = CARTESIAN_POINT('',(-0.,0.));
#7496 = VECTOR('',#7497,1.);
#7497 = DIRECTION('',(-0.,-1.));
#7498 = ( GEOMETRIC_REPRESENTATION_CONTEXT(2) 
PARAMETRIC_REPRESENTATION_CONTEXT() REPRESENTATION_CONTEXT('2D SPACE',''
  ) );
#7499 = PCURVE('',#7414,#7500);
#7500 = DEFINITIONAL_REPRESENTATION('',(#7501),#7505);
#7501 = LINE('',#7502,#7503);
#7502 = CARTESIAN_POINT('',(-6.28318530718,0.));
#7503 = VECTOR('',#7504,1.);
#7504 = DIRECTION('',(-0.,-1.));
#7505 = ( GEOMETRIC_REPRESENTATION_CONTEXT(2) 
PARAMETRIC_REPRESENTATION_CONTEXT() REPRESENTATION_CONTEXT('2D SPACE',''
  ) );
#7506 = ORIENTED_EDGE('',*,*,#7507,.T.);
#7507 = EDGE_CURVE('',#7485,#7485,#7508,.T.);
#7508 = SURFACE_CURVE('',#7509,(#7514,#7521),.PCURVE_S1.);
#7509 = CIRCLE('',#7510,5.85);
#7510 = AXIS2_PLACEMENT_3D('',#7511,#7512,#7513);
#7511 = CARTESIAN_POINT('',(22.,-22.,18.1));
#7512 = DIRECTION('',(0.,0.,1.));
#7513 = DIRECTION('',(1.,0.,0.));
#7514 = PCURVE('',#7414,#7515);
#7515 = DEFINITIONAL_REPRESENTATION('',(#7516),#7520);
#7516 = LINE('',#7517,#7518);
#7517 = CARTESIAN_POINT('',(-0.,-1.));
#7518 = VECTOR('',#7519,1.);
#7519 = DIRECTION('',(-1.,0.));
#7520 = ( GEOMETRIC_REPRESENTATION_CONTEXT(2) 
PARAMETRIC_REPRESENTATION_CONTEXT() REPRESENTATION_CONTEXT('2D SPACE',''
  ) );
#7521 = PCURVE('',#7522,#7527);
#7522 = PLANE('',#7523);
#7523 = AXIS2_PLACEMENT_3D('',#7524,#7525,#7526);
#7524 = CARTESIAN_POINT('',(22.,-22.,18.1));
#7525 = DIRECTION('',(0.,0.,1.));
#7526 = DIRECTION('',(1.,0.,0.));
#7527 = DEFINITIONAL_REPRESENTATION('',(#7528),#7532);
#7528 = CIRCLE('',#7529,5.85);
#7529 = AXIS2_PLACEMENT_2D('',#7530,#7531);
#7530 = CARTESIAN_POINT('',(3.321377597886E-14,3.341888834508E-16));
#7531 = DIRECTION('',(1.,0.));
#7532 = ( GEOMETRIC_REPRESENTATION_CONTEXT(2) 
PARAMETRIC_REPRESENTATION_CONTEXT() REPRESENTATION_CONTEXT('2D SPACE',''
  ) );
#7533 = ORIENTED_EDGE('',*,*,#7484,.F.);
#7534 = ORIENTED_EDGE('',*,*,#7397,.F.);
#7535 = ADVANCED_FACE('',(#7536),#7469,.T.);
#7536 = FACE_BOUND('',#7537,.F.);
#7537 = EDGE_LOOP('',(#7538,#7559,#7560,#7561));
#7538 = ORIENTED_EDGE('',*,*,#7539,.F.);
#7539 = EDGE_CURVE('',#7430,#7540,#7542,.T.);
#7540 = VERTEX_POINT('',#7541);
#7541 = CARTESIAN_POINT('',(23.175,-22.,8.));
#7542 = SEAM_CURVE('',#7543,(#7547,#7553),.PCURVE_S1.);
#7543 = LINE('',#7544,#7545);
#7544 = CARTESIAN_POINT('',(23.575,-22.,8.4));
#7545 = VECTOR('',#7546,1.);
#7546 = DIRECTION('',(-0.707106781187,-0.,-0.707106781187));
#7547 = PCURVE('',#7469,#7548);
#7548 = DEFINITIONAL_REPRESENTATION('',(#7549),#7552);
#7549 = B_SPLINE_CURVE_WITH_KNOTS('',1,(#7550,#7551),.UNSPECIFIED.,.F.,
  .F.,(2,2),(0.,0.565685424949),.PIECEWISE_BEZIER_KNOTS.);
#7550 = CARTESIAN_POINT('',(0.,0.));
#7551 = CARTESIAN_POINT('',(0.,-0.4));
#7552 = ( GEOMETRIC_REPRESENTATION_CONTEXT(2) 
PARAMETRIC_REPRESENTATION_CONTEXT() REPRESENTATION_CONTEXT('2D SPACE',''
  ) );
#7553 = PCURVE('',#7469,#7554);
#7554 = DEFINITIONAL_REPRESENTATION('',(#7555),#7558);
#7555 = B_SPLINE_CURVE_WITH_KNOTS('',1,(#7556,#7557),.UNSPECIFIED.,.F.,
  .F.,(2,2),(0.,0.565685424949),.PIECEWISE_BEZIER_KNOTS.);
#7556 = CARTESIAN_POINT('',(6.28318530718,0.));
#7557 = CARTESIAN_POINT('',(6.28318530718,-0.4));
#7558 = ( GEOMETRIC_REPRESENTATION_CONTEXT(2) 
PARAMETRIC_REPRESENTATION_CONTEXT() REPRESENTATION_CONTEXT('2D SPACE',''
  ) );
#7559 = ORIENTED_EDGE('',*,*,#7454,.T.);
#7560 = ORIENTED_EDGE('',*,*,#7539,.T.);
#7561 = ORIENTED_EDGE('',*,*,#7562,.F.);
#7562 = EDGE_CURVE('',#7540,#7540,#7563,.T.);
#7563 = SURFACE_CURVE('',#7564,(#7569,#7576),.PCURVE_S1.);
#7564 = CIRCLE('',#7565,1.175);
#7565 = AXIS2_PLACEMENT_3D('',#7566,#7567,#7568);
#7566 = CARTESIAN_POINT('',(22.,-22.,8.));
#7567 = DIRECTION('',(0.,0.,1.));
#7568 = DIRECTION('',(1.,0.,0.));
#7569 = PCURVE('',#7469,#7570);
#7570 = DEFINITIONAL_REPRESENTATION('',(#7571),#7575);
#7571 = LINE('',#7572,#7573);
#7572 = CARTESIAN_POINT('',(0.,-0.4));
#7573 = VECTOR('',#7574,1.);
#7574 = DIRECTION('',(1.,-0.));
#7575 = ( GEOMETRIC_REPRESENTATION_CONTEXT(2) 
PARAMETRIC_REPRESENTATION_CONTEXT() REPRESENTATION_CONTEXT('2D SPACE',''
  ) );
#7576 = PCURVE('',#7577,#7582);
#7577 = PLANE('',#7578);
#7578 = AXIS2_PLACEMENT_3D('',#7579,#7580,#7581);
#7579 = CARTESIAN_POINT('',(22.,-22.,8.));
#7580 = DIRECTION('',(0.,0.,1.));
#7581 = DIRECTION('',(1.,0.,0.));
#7582 = DEFINITIONAL_REPRESENTATION('',(#7583),#7587);
#7583 = CIRCLE('',#7584,1.175);
#7584 = AXIS2_PLACEMENT_2D('',#7585,#7586);
#7585 = CARTESIAN_POINT('',(5.426349732299E-17,-4.423303769075E-17));
#7586 = DIRECTION('',(1.,0.));
#7587 = ( GEOMETRIC_REPRESENTATION_CONTEXT(2) 
PARAMETRIC_REPRESENTATION_CONTEXT() REPRESENTATION_CONTEXT('2D SPACE',''
  ) );
#7588 = ADVANCED_FACE('',(#7589,#7624),#7522,.F.);
#7589 = FACE_BOUND('',#7590,.F.);
#7590 = EDGE_LOOP('',(#7591));
#7591 = ORIENTED_EDGE('',*,*,#7592,.F.);
#7592 = EDGE_CURVE('',#7593,#7593,#7595,.T.);
#7593 = VERTEX_POINT('',#7594);
#7594 = CARTESIAN_POINT('',(28.35,-22.,18.1));
#7595 = SURFACE_CURVE('',#7596,(#7601,#7612),.PCURVE_S1.);
#7596 = CIRCLE('',#7597,6.35);
#7597 = AXIS2_PLACEMENT_3D('',#7598,#7599,#7600);
#7598 = CARTESIAN_POINT('',(22.,-22.,18.1));
#7599 = DIRECTION('',(0.,0.,-1.));
#7600 = DIRECTION('',(1.,0.,0.));
#7601 = PCURVE('',#7522,#7602);
#7602 = DEFINITIONAL_REPRESENTATION('',(#7603),#7611);
#7603 = ( BOUNDED_CURVE() B_SPLINE_CURVE(2,(#7604,#7605,#7606,#7607,
#7608,#7609,#7610),.UNSPECIFIED.,.T.,.F.) B_SPLINE_CURVE_WITH_KNOTS((1,2
    ,2,2,2,1),(-2.094395102393,0.,2.094395102393,4.188790204786,
6.28318530718,8.377580409573),.UNSPECIFIED.) CURVE() 
GEOMETRIC_REPRESENTATION_ITEM() RATIONAL_B_SPLINE_CURVE((1.,0.5,1.,0.5,
1.,0.5,1.)) REPRESENTATION_ITEM('') );
#7604 = CARTESIAN_POINT('',(6.35,-1.196249076369E-16));
#7605 = CARTESIAN_POINT('',(6.35,-10.99852262806));
#7606 = CARTESIAN_POINT('',(-3.175,-5.499261314031));
#7607 = CARTESIAN_POINT('',(-12.7,-1.674926342554E-15));
#7608 = CARTESIAN_POINT('',(-3.175,5.499261314031));
#7609 = CARTESIAN_POINT('',(6.35,10.998522628062));
#7610 = CARTESIAN_POINT('',(6.35,-1.196249076369E-16));
#7611 = ( GEOMETRIC_REPRESENTATION_CONTEXT(2) 
PARAMETRIC_REPRESENTATION_CONTEXT() REPRESENTATION_CONTEXT('2D SPACE',''
  ) );
#7612 = PCURVE('',#7613,#7618);
#7613 = CYLINDRICAL_SURFACE('',#7614,6.35);
#7614 = AXIS2_PLACEMENT_3D('',#7615,#7616,#7617);
#7615 = CARTESIAN_POINT('',(22.,-22.,16.));
#7616 = DIRECTION('',(-0.,-0.,-1.));
#7617 = DIRECTION('',(1.,0.,0.));
#7618 = DEFINITIONAL_REPRESENTATION('',(#7619),#7623);
#7619 = LINE('',#7620,#7621);
#7620 = CARTESIAN_POINT('',(-6.28318530718,-2.1));
#7621 = VECTOR('',#7622,1.);
#7622 = DIRECTION('',(1.,-0.));
#7623 = ( GEOMETRIC_REPRESENTATION_CONTEXT(2) 
PARAMETRIC_REPRESENTATION_CONTEXT() REPRESENTATION_CONTEXT('2D SPACE',''
  ) );
#7624 = FACE_BOUND('',#7625,.F.);
#7625 = EDGE_LOOP('',(#7626));
#7626 = ORIENTED_EDGE('',*,*,#7507,.F.);
#7627 = ADVANCED_FACE('',(#7628),#7577,.F.);
#7628 = FACE_BOUND('',#7629,.F.);
#7629 = EDGE_LOOP('',(#7630));
#7630 = ORIENTED_EDGE('',*,*,#7562,.T.);
#7631 = ADVANCED_FACE('',(#7632),#7613,.T.);
#7632 = FACE_BOUND('',#7633,.F.);
#7633 = EDGE_LOOP('',(#7634,#7635,#7658,#7685));
#7634 = ORIENTED_EDGE('',*,*,#7592,.T.);
#7635 = ORIENTED_EDGE('',*,*,#7636,.T.);
#7636 = EDGE_CURVE('',#7593,#7637,#7639,.T.);
#7637 = VERTEX_POINT('',#7638);
#7638 = CARTESIAN_POINT('',(28.35,-22.,19.));
#7639 = SEAM_CURVE('',#7640,(#7644,#7651),.PCURVE_S1.);
#7640 = LINE('',#7641,#7642);
#7641 = CARTESIAN_POINT('',(28.35,-22.,16.));
#7642 = VECTOR('',#7643,1.);
#7643 = DIRECTION('',(0.,0.,1.));
#7644 = PCURVE('',#7613,#7645);
#7645 = DEFINITIONAL_REPRESENTATION('',(#7646),#7650);
#7646 = LINE('',#7647,#7648);
#7647 = CARTESIAN_POINT('',(-6.28318530718,0.));
#7648 = VECTOR('',#7649,1.);
#7649 = DIRECTION('',(-0.,-1.));
#7650 = ( GEOMETRIC_REPRESENTATION_CONTEXT(2) 
PARAMETRIC_REPRESENTATION_CONTEXT() REPRESENTATION_CONTEXT('2D SPACE',''
  ) );
#7651 = PCURVE('',#7613,#7652);
#7652 = DEFINITIONAL_REPRESENTATION('',(#7653),#7657);
#7653 = LINE('',#7654,#7655);
#7654 = CARTESIAN_POINT('',(-0.,0.));
#7655 = VECTOR('',#7656,1.);
#7656 = DIRECTION('',(-0.,-1.));
#7657 = ( GEOMETRIC_REPRESENTATION_CONTEXT(2) 
PARAMETRIC_REPRESENTATION_CONTEXT() REPRESENTATION_CONTEXT('2D SPACE',''
  ) );
#7658 = ORIENTED_EDGE('',*,*,#7659,.T.);
#7659 = EDGE_CURVE('',#7637,#7637,#7660,.T.);
#7660 = SURFACE_CURVE('',#7661,(#7666,#7673),.PCURVE_S1.);
#7661 = CIRCLE('',#7662,6.35);
#7662 = AXIS2_PLACEMENT_3D('',#7663,#7664,#7665);
#7663 = CARTESIAN_POINT('',(22.,-22.,19.));
#7664 = DIRECTION('',(0.,0.,1.));
#7665 = DIRECTION('',(1.,0.,0.));
#7666 = PCURVE('',#7613,#7667);
#7667 = DEFINITIONAL_REPRESENTATION('',(#7668),#7672);
#7668 = LINE('',#7669,#7670);
#7669 = CARTESIAN_POINT('',(-0.,-3.));
#7670 = VECTOR('',#7671,1.);
#7671 = DIRECTION('',(-1.,0.));
#7672 = ( GEOMETRIC_REPRESENTATION_CONTEXT(2) 
PARAMETRIC_REPRESENTATION_CONTEXT() REPRESENTATION_CONTEXT('2D SPACE',''
  ) );
#7673 = PCURVE('',#7674,#7679);
#7674 = CONICAL_SURFACE('',#7675,6.35,0.785398163397);
#7675 = AXIS2_PLACEMENT_3D('',#7676,#7677,#7678);
#7676 = CARTESIAN_POINT('',(22.,-22.,19.));
#7677 = DIRECTION('',(-0.,-0.,-1.));
#7678 = DIRECTION('',(1.,0.,0.));
#7679 = DEFINITIONAL_REPRESENTATION('',(#7680),#7684);
#7680 = LINE('',#7681,#7682);
#7681 = CARTESIAN_POINT('',(-0.,-0.));
#7682 = VECTOR('',#7683,1.);
#7683 = DIRECTION('',(-1.,-0.));
#7684 = ( GEOMETRIC_REPRESENTATION_CONTEXT(2) 
PARAMETRIC_REPRESENTATION_CONTEXT() REPRESENTATION_CONTEXT('2D SPACE',''
  ) );
#7685 = ORIENTED_EDGE('',*,*,#7636,.F.);
#7686 = ADVANCED_FACE('',(#7687),#7674,.T.);
#7687 = FACE_BOUND('',#7688,.T.);
#7688 = EDGE_LOOP('',(#7689,#7710,#7711,#7712));
#7689 = ORIENTED_EDGE('',*,*,#7690,.F.);
#7690 = EDGE_CURVE('',#7637,#7691,#7693,.T.);
#7691 = VERTEX_POINT('',#7692);
#7692 = CARTESIAN_POINT('',(28.15,-22.,19.2));
#7693 = SEAM_CURVE('',#7694,(#7698,#7704),.PCURVE_S1.);
#7694 = LINE('',#7695,#7696);
#7695 = CARTESIAN_POINT('',(28.35,-22.,19.));
#7696 = VECTOR('',#7697,1.);
#7697 = DIRECTION('',(-0.707106781187,0.,0.707106781187));
#7698 = PCURVE('',#7674,#7699);
#7699 = DEFINITIONAL_REPRESENTATION('',(#7700),#7703);
#7700 = B_SPLINE_CURVE_WITH_KNOTS('',1,(#7701,#7702),.UNSPECIFIED.,.F.,
  .F.,(2,2),(0.,0.282842712475),.PIECEWISE_BEZIER_KNOTS.);
#7701 = CARTESIAN_POINT('',(0.,0.));
#7702 = CARTESIAN_POINT('',(0.,-0.2));
#7703 = ( GEOMETRIC_REPRESENTATION_CONTEXT(2) 
PARAMETRIC_REPRESENTATION_CONTEXT() REPRESENTATION_CONTEXT('2D SPACE',''
  ) );
#7704 = PCURVE('',#7674,#7705);
#7705 = DEFINITIONAL_REPRESENTATION('',(#7706),#7709);
#7706 = B_SPLINE_CURVE_WITH_KNOTS('',1,(#7707,#7708),.UNSPECIFIED.,.F.,
  .F.,(2,2),(0.,0.282842712475),.PIECEWISE_BEZIER_KNOTS.);
#7707 = CARTESIAN_POINT('',(-6.28318530718,0.));
#7708 = CARTESIAN_POINT('',(-6.28318530718,-0.2));
#7709 = ( GEOMETRIC_REPRESENTATION_CONTEXT(2) 
PARAMETRIC_REPRESENTATION_CONTEXT() REPRESENTATION_CONTEXT('2D SPACE',''
  ) );
#7710 = ORIENTED_EDGE('',*,*,#7659,.T.);
#7711 = ORIENTED_EDGE('',*,*,#7690,.T.);
#7712 = ORIENTED_EDGE('',*,*,#7713,.F.);
#7713 = EDGE_CURVE('',#7691,#7691,#7714,.T.);
#7714 = SURFACE_CURVE('',#7715,(#7720,#7727),.PCURVE_S1.);
#7715 = CIRCLE('',#7716,6.15);
#7716 = AXIS2_PLACEMENT_3D('',#7717,#7718,#7719);
#7717 = CARTESIAN_POINT('',(22.,-22.,19.2));
#7718 = DIRECTION('',(0.,0.,1.));
#7719 = DIRECTION('',(1.,0.,0.));
#7720 = PCURVE('',#7674,#7721);
#7721 = DEFINITIONAL_REPRESENTATION('',(#7722),#7726);
#7722 = LINE('',#7723,#7724);
#7723 = CARTESIAN_POINT('',(-0.,-0.2));
#7724 = VECTOR('',#7725,1.);
#7725 = DIRECTION('',(-1.,-0.));
#7726 = ( GEOMETRIC_REPRESENTATION_CONTEXT(2) 
PARAMETRIC_REPRESENTATION_CONTEXT() REPRESENTATION_CONTEXT('2D SPACE',''
  ) );
#7727 = PCURVE('',#7728,#7733);
#7728 = PLANE('',#7729);
#7729 = AXIS2_PLACEMENT_3D('',#7730,#7731,#7732);
#7730 = CARTESIAN_POINT('',(22.,-22.,19.2));
#7731 = DIRECTION('',(0.,0.,1.));
#7732 = DIRECTION('',(1.,0.,0.));
#7733 = DEFINITIONAL_REPRESENTATION('',(#7734),#7738);
#7734 = CIRCLE('',#7735,6.15);
#7735 = AXIS2_PLACEMENT_2D('',#7736,#7737);
#7736 = CARTESIAN_POINT('',(0.,-6.021627052289E-16));
#7737 = DIRECTION('',(1.,0.));
#7738 = ( GEOMETRIC_REPRESENTATION_CONTEXT(2) 
PARAMETRIC_REPRESENTATION_CONTEXT() REPRESENTATION_CONTEXT('2D SPACE',''
  ) );
#7739 = ADVANCED_FACE('',(#7740),#7728,.T.);
#7740 = FACE_BOUND('',#7741,.T.);
#7741 = EDGE_LOOP('',(#7742));
#7742 = ORIENTED_EDGE('',*,*,#7713,.T.);
#7743 = ( GEOMETRIC_REPRESENTATION_CONTEXT(3) 
GLOBAL_UNCERTAINTY_ASSIGNED_CONTEXT((#7747)) 
GLOBAL_UNIT_ASSIGNED_CONTEXT((#7744,#7745,#7746)) REPRESENTATION_CONTEXT
('Context #1','3D Context with UNIT and UNCERTAINTY') );
#7744 = ( LENGTH_UNIT() NAMED_UNIT(*) SI_UNIT(.MILLI.,.METRE.) );
#7745 = ( NAMED_UNIT(*) PLANE_ANGLE_UNIT() SI_UNIT($,.RADIAN.) );
#7746 = ( NAMED_UNIT(*) SI_UNIT($,.STERADIAN.) SOLID_ANGLE_UNIT() );
#7747 = UNCERTAINTY_MEASURE_WITH_UNIT(LENGTH_MEASURE(1.E-07),#7744,
  'distance_accuracy_value','confusion accuracy');
#7748 = CONTEXT_DEPENDENT_SHAPE_REPRESENTATION(#7749,#7751);
#7749 = ( REPRESENTATION_RELATIONSHIP('','',#7260,#10) 
REPRESENTATION_RELATIONSHIP_WITH_TRANSFORMATION(#7750) 
SHAPE_REPRESENTATION_RELATIONSHIP() );
#7750 = ITEM_DEFINED_TRANSFORMATION('','',#11,#55);
#7751 = PRODUCT_DEFINITION_SHAPE('Placement','Placement of an item',
  #7752);
#7752 = NEXT_ASSEMBLY_USAGE_OCCURRENCE('159','stub 4 stub','',#5,#7255,$
  );
#7753 = PRODUCT_RELATED_PRODUCT_CATEGORY('part',$,(#7257));
#7754 = SHAPE_DEFINITION_REPRESENTATION(#7755,#7761);
#7755 = PRODUCT_DEFINITION_SHAPE('','',#7756);
#7756 = PRODUCT_DEFINITION('design','',#7757,#7760);
#7757 = PRODUCT_DEFINITION_FORMATION('','',#7758);
#7758 = PRODUCT('stub 4 carbon tab','stub 4 carbon tab','',(#7759));
#7759 = PRODUCT_CONTEXT('',#2,'mechanical');
#7760 = PRODUCT_DEFINITION_CONTEXT('part definition',#2,'design');
#7761 = ADVANCED_BREP_SHAPE_REPRESENTATION('',(#11,#7762),#7860);
#7762 = MANIFOLD_SOLID_BREP('',#7763);
#7763 = CLOSED_SHELL('',(#7764,#7852,#7856));
#7764 = ADVANCED_FACE('',(#7765),#7779,.T.);
#7765 = FACE_BOUND('',#7766,.F.);
#7766 = EDGE_LOOP('',(#7767,#7797,#7824,#7825));
#7767 = ORIENTED_EDGE('',*,*,#7768,.T.);
#7768 = EDGE_CURVE('',#7769,#7771,#7773,.T.);
#7769 = VERTEX_POINT('',#7770);
#7770 = CARTESIAN_POINT('',(27.85,-22.,19.2));
#7771 = VERTEX_POINT('',#7772);
#7772 = CARTESIAN_POINT('',(27.85,-22.,19.35));
#7773 = SEAM_CURVE('',#7774,(#7778,#7790),.PCURVE_S1.);
#7774 = LINE('',#7775,#7776);
#7775 = CARTESIAN_POINT('',(27.85,-22.,19.2));
#7776 = VECTOR('',#7777,1.);
#7777 = DIRECTION('',(0.,0.,1.));
#7778 = PCURVE('',#7779,#7784);
#7779 = CYLINDRICAL_SURFACE('',#7780,5.85);
#7780 = AXIS2_PLACEMENT_3D('',#7781,#7782,#7783);
#7781 = CARTESIAN_POINT('',(22.,-22.,19.2));
#7782 = DIRECTION('',(-0.,-0.,-1.));
#7783 = DIRECTION('',(1.,0.,0.));
#7784 = DEFINITIONAL_REPRESENTATION('',(#7785),#7789);
#7785 = LINE('',#7786,#7787);
#7786 = CARTESIAN_POINT('',(-0.,0.));
#7787 = VECTOR('',#7788,1.);
#7788 = DIRECTION('',(-0.,-1.));
#7789 = ( GEOMETRIC_REPRESENTATION_CONTEXT(2) 
PARAMETRIC_REPRESENTATION_CONTEXT() REPRESENTATION_CONTEXT('2D SPACE',''
  ) );
#7790 = PCURVE('',#7779,#7791);
#7791 = DEFINITIONAL_REPRESENTATION('',(#7792),#7796);
#7792 = LINE('',#7793,#7794);
#7793 = CARTESIAN_POINT('',(-6.28318530718,0.));
#7794 = VECTOR('',#7795,1.);
#7795 = DIRECTION('',(-0.,-1.));
#7796 = ( GEOMETRIC_REPRESENTATION_CONTEXT(2) 
PARAMETRIC_REPRESENTATION_CONTEXT() REPRESENTATION_CONTEXT('2D SPACE',''
  ) );
#7797 = ORIENTED_EDGE('',*,*,#7798,.T.);
#7798 = EDGE_CURVE('',#7771,#7771,#7799,.T.);
#7799 = SURFACE_CURVE('',#7800,(#7805,#7812),.PCURVE_S1.);
#7800 = CIRCLE('',#7801,5.85);
#7801 = AXIS2_PLACEMENT_3D('',#7802,#7803,#7804);
#7802 = CARTESIAN_POINT('',(22.,-22.,19.35));
#7803 = DIRECTION('',(0.,0.,1.));
#7804 = DIRECTION('',(1.,0.,0.));
#7805 = PCURVE('',#7779,#7806);
#7806 = DEFINITIONAL_REPRESENTATION('',(#7807),#7811);
#7807 = LINE('',#7808,#7809);
#7808 = CARTESIAN_POINT('',(-0.,-0.15));
#7809 = VECTOR('',#7810,1.);
#7810 = DIRECTION('',(-1.,0.));
#7811 = ( GEOMETRIC_REPRESENTATION_CONTEXT(2) 
PARAMETRIC_REPRESENTATION_CONTEXT() REPRESENTATION_CONTEXT('2D SPACE',''
  ) );
#7812 = PCURVE('',#7813,#7818);
#7813 = PLANE('',#7814);
#7814 = AXIS2_PLACEMENT_3D('',#7815,#7816,#7817);
#7815 = CARTESIAN_POINT('',(22.,-22.,19.35));
#7816 = DIRECTION('',(0.,0.,1.));
#7817 = DIRECTION('',(1.,0.,0.));
#7818 = DEFINITIONAL_REPRESENTATION('',(#7819),#7823);
#7819 = CIRCLE('',#7820,5.85);
#7820 = AXIS2_PLACEMENT_2D('',#7821,#7822);
#7821 = CARTESIAN_POINT('',(2.337504500067E-16,-2.286947741797E-16));
#7822 = DIRECTION('',(1.,0.));
#7823 = ( GEOMETRIC_REPRESENTATION_CONTEXT(2) 
PARAMETRIC_REPRESENTATION_CONTEXT() REPRESENTATION_CONTEXT('2D SPACE',''
  ) );
#7824 = ORIENTED_EDGE('',*,*,#7768,.F.);
#7825 = ORIENTED_EDGE('',*,*,#7826,.F.);
#7826 = EDGE_CURVE('',#7769,#7769,#7827,.T.);
#7827 = SURFACE_CURVE('',#7828,(#7833,#7840),.PCURVE_S1.);
#7828 = CIRCLE('',#7829,5.85);
#7829 = AXIS2_PLACEMENT_3D('',#7830,#7831,#7832);
#7830 = CARTESIAN_POINT('',(22.,-22.,19.2));
#7831 = DIRECTION('',(0.,0.,1.));
#7832 = DIRECTION('',(1.,0.,0.));
#7833 = PCURVE('',#7779,#7834);
#7834 = DEFINITIONAL_REPRESENTATION('',(#7835),#7839);
#7835 = LINE('',#7836,#7837);
#7836 = CARTESIAN_POINT('',(-0.,0.));
#7837 = VECTOR('',#7838,1.);
#7838 = DIRECTION('',(-1.,0.));
#7839 = ( GEOMETRIC_REPRESENTATION_CONTEXT(2) 
PARAMETRIC_REPRESENTATION_CONTEXT() REPRESENTATION_CONTEXT('2D SPACE',''
  ) );
#7840 = PCURVE('',#7841,#7846);
#7841 = PLANE('',#7842);
#7842 = AXIS2_PLACEMENT_3D('',#7843,#7844,#7845);
#7843 = CARTESIAN_POINT('',(22.,-22.,19.2));
#7844 = DIRECTION('',(0.,0.,1.));
#7845 = DIRECTION('',(1.,0.,0.));
#7846 = DEFINITIONAL_REPRESENTATION('',(#7847),#7851);
#7847 = CIRCLE('',#7848,5.85);
#7848 = AXIS2_PLACEMENT_2D('',#7849,#7850);
#7849 = CARTESIAN_POINT('',(2.337504500067E-16,-2.286947741797E-16));
#7850 = DIRECTION('',(1.,0.));
#7851 = ( GEOMETRIC_REPRESENTATION_CONTEXT(2) 
PARAMETRIC_REPRESENTATION_CONTEXT() REPRESENTATION_CONTEXT('2D SPACE',''
  ) );
#7852 = ADVANCED_FACE('',(#7853),#7841,.F.);
#7853 = FACE_BOUND('',#7854,.F.);
#7854 = EDGE_LOOP('',(#7855));
#7855 = ORIENTED_EDGE('',*,*,#7826,.T.);
#7856 = ADVANCED_FACE('',(#7857),#7813,.T.);
#7857 = FACE_BOUND('',#7858,.T.);
#7858 = EDGE_LOOP('',(#7859));
#7859 = ORIENTED_EDGE('',*,*,#7798,.T.);
#7860 = ( GEOMETRIC_REPRESENTATION_CONTEXT(3) 
GLOBAL_UNCERTAINTY_ASSIGNED_CONTEXT((#7864)) 
GLOBAL_UNIT_ASSIGNED_CONTEXT((#7861,#7862,#7863)) REPRESENTATION_CONTEXT
('Context #1','3D Context with UNIT and UNCERTAINTY') );
#7861 = ( LENGTH_UNIT() NAMED_UNIT(*) SI_UNIT(.MILLI.,.METRE.) );
#7862 = ( NAMED_UNIT(*) PLANE_ANGLE_UNIT() SI_UNIT($,.RADIAN.) );
#7863 = ( NAMED_UNIT(*) SI_UNIT($,.STERADIAN.) SOLID_ANGLE_UNIT() );
#7864 = UNCERTAINTY_MEASURE_WITH_UNIT(LENGTH_MEASURE(1.E-07),#7861,
  'distance_accuracy_value','confusion accuracy');
#7865 = CONTEXT_DEPENDENT_SHAPE_REPRESENTATION(#7866,#7868);
#7866 = ( REPRESENTATION_RELATIONSHIP('','',#7761,#10) 
REPRESENTATION_RELATIONSHIP_WITH_TRANSFORMATION(#7867) 
SHAPE_REPRESENTATION_RELATIONSHIP() );
#7867 = ITEM_DEFINED_TRANSFORMATION('','',#11,#59);
#7868 = PRODUCT_DEFINITION_SHAPE('Placement','Placement of an item',
  #7869);
#7869 = NEXT_ASSEMBLY_USAGE_OCCURRENCE('160','stub 4 carbon tab','',#5,
  #7756,$);
#7870 = PRODUCT_RELATED_PRODUCT_CATEGORY('part',$,(#7758));
#7871 = SHAPE_DEFINITION_REPRESENTATION(#7872,#7878);
#7872 = PRODUCT_DEFINITION_SHAPE('','',#7873);
#7873 = PRODUCT_DEFINITION('design','',#7874,#7877);
#7874 = PRODUCT_DEFINITION_FORMATION('','',#7875);
#7875 = PRODUCT('stub 4 sample','stub 4 sample','',(#7876));
#7876 = PRODUCT_CONTEXT('',#2,'mechanical');
#7877 = PRODUCT_DEFINITION_CONTEXT('part definition',#2,'design');
#7878 = ADVANCED_BREP_SHAPE_REPRESENTATION('',(#11,#7879),#8529);
#7879 = MANIFOLD_SOLID_BREP('',#7880);
#7880 = CLOSED_SHELL('',(#7881,#8001,#8079,#8157,#8233,#8311,#8387,#8460
    ,#8507,#8518));
#7881 = ADVANCED_FACE('',(#7882),#7896,.T.);
#7882 = FACE_BOUND('',#7883,.T.);
#7883 = EDGE_LOOP('',(#7884,#7919,#7947,#7975));
#7884 = ORIENTED_EDGE('',*,*,#7885,.T.);
#7885 = EDGE_CURVE('',#7886,#7888,#7890,.T.);
#7886 = VERTEX_POINT('',#7887);
#7887 = CARTESIAN_POINT('',(19.1425,-23.8225,19.35));
#7888 = VERTEX_POINT('',#7889);
#7889 = CARTESIAN_POINT('',(19.1425,-23.8225,20.85));
#7890 = SURFACE_CURVE('',#7891,(#7895,#7907),.PCURVE_S1.);
#7891 = LINE('',#7892,#7893);
#7892 = CARTESIAN_POINT('',(19.1425,-23.8225,19.35));
#7893 = VECTOR('',#7894,1.);
#7894 = DIRECTION('',(0.,0.,1.));
#7895 = PCURVE('',#7896,#7901);
#7896 = PLANE('',#7897);
#7897 = AXIS2_PLACEMENT_3D('',#7898,#7899,#7900);
#7898 = CARTESIAN_POINT('',(19.1425,-23.8225,19.35));
#7899 = DIRECTION('',(-1.,0.,0.));
#7900 = DIRECTION('',(0.,1.,0.));
#7901 = DEFINITIONAL_REPRESENTATION('',(#7902),#7906);
#7902 = LINE('',#7903,#7904);
#7903 = CARTESIAN_POINT('',(0.,0.));
#7904 = VECTOR('',#7905,1.);
#7905 = DIRECTION('',(0.,-1.));
#7906 = ( GEOMETRIC_REPRESENTATION_CONTEXT(2) 
PARAMETRIC_REPRESENTATION_CONTEXT() REPRESENTATION_CONTEXT('2D SPACE',''
  ) );
#7907 = PCURVE('',#7908,#7913);
#7908 = CYLINDRICAL_SURFACE('',#7909,0.4);
#7909 = AXIS2_PLACEMENT_3D('',#7910,#7911,#7912);
#7910 = CARTESIAN_POINT('',(19.5425,-23.8225,19.35));
#7911 = DIRECTION('',(-0.,-0.,-1.));
#7912 = DIRECTION('',(1.,0.,0.));
#7913 = DEFINITIONAL_REPRESENTATION('',(#7914),#7918);
#7914 = LINE('',#7915,#7916);
#7915 = CARTESIAN_POINT('',(-3.14159265359,0.));
#7916 = VECTOR('',#7917,1.);
#7917 = DIRECTION('',(-0.,-1.));
#7918 = ( GEOMETRIC_REPRESENTATION_CONTEXT(2) 
PARAMETRIC_REPRESENTATION_CONTEXT() REPRESENTATION_CONTEXT('2D SPACE',''
  ) );
#7919 = ORIENTED_EDGE('',*,*,#7920,.T.);
#7920 = EDGE_CURVE('',#7888,#7921,#7923,.T.);
#7921 = VERTEX_POINT('',#7922);
#7922 = CARTESIAN_POINT('',(19.1425,-20.1775,20.85));
#7923 = SURFACE_CURVE('',#7924,(#7928,#7935),.PCURVE_S1.);
#7924 = LINE('',#7925,#7926);
#7925 = CARTESIAN_POINT('',(19.1425,-22.,20.85));
#7926 = VECTOR('',#7927,1.);
#7927 = DIRECTION('',(0.,1.,0.));
#7928 = PCURVE('',#7896,#7929);
#7929 = DEFINITIONAL_REPRESENTATION('',(#7930),#7934);
#7930 = LINE('',#7931,#7932);
#7931 = CARTESIAN_POINT('',(1.8225,-1.5));
#7932 = VECTOR('',#7933,1.);
#7933 = DIRECTION('',(1.,0.));
#7934 = ( GEOMETRIC_REPRESENTATION_CONTEXT(2) 
PARAMETRIC_REPRESENTATION_CONTEXT() REPRESENTATION_CONTEXT('2D SPACE',''
  ) );
#7935 = PCURVE('',#7936,#7941);
#7936 = PLANE('',#7937);
#7937 = AXIS2_PLACEMENT_3D('',#7938,#7939,#7940);
#7938 = CARTESIAN_POINT('',(22.,-22.,20.85));
#7939 = DIRECTION('',(0.,0.,1.));
#7940 = DIRECTION('',(1.,0.,0.));
#7941 = DEFINITIONAL_REPRESENTATION('',(#7942),#7946);
#7942 = LINE('',#7943,#7944);
#7943 = CARTESIAN_POINT('',(-2.8575,0.));
#7944 = VECTOR('',#7945,1.);
#7945 = DIRECTION('',(0.,1.));
#7946 = ( GEOMETRIC_REPRESENTATION_CONTEXT(2) 
PARAMETRIC_REPRESENTATION_CONTEXT() REPRESENTATION_CONTEXT('2D SPACE',''
  ) );
#7947 = ORIENTED_EDGE('',*,*,#7948,.F.);
#7948 = EDGE_CURVE('',#7949,#7921,#7951,.T.);
#7949 = VERTEX_POINT('',#7950);
#7950 = CARTESIAN_POINT('',(19.1425,-20.1775,19.35));
#7951 = SURFACE_CURVE('',#7952,(#7956,#7963),.PCURVE_S1.);
#7952 = LINE('',#7953,#7954);
#7953 = CARTESIAN_POINT('',(19.1425,-20.1775,19.35));
#7954 = VECTOR('',#7955,1.);
#7955 = DIRECTION('',(0.,0.,1.));
#7956 = PCURVE('',#7896,#7957);
#7957 = DEFINITIONAL_REPRESENTATION('',(#7958),#7962);
#7958 = LINE('',#7959,#7960);
#7959 = CARTESIAN_POINT('',(3.645,0.));
#7960 = VECTOR('',#7961,1.);
#7961 = DIRECTION('',(0.,-1.));
#7962 = ( GEOMETRIC_REPRESENTATION_CONTEXT(2) 
PARAMETRIC_REPRESENTATION_CONTEXT() REPRESENTATION_CONTEXT('2D SPACE',''
  ) );
#7963 = PCURVE('',#7964,#7969);
#7964 = CYLINDRICAL_SURFACE('',#7965,0.4);
#7965 = AXIS2_PLACEMENT_3D('',#7966,#7967,#7968);
#7966 = CARTESIAN_POINT('',(19.5425,-20.1775,19.35));
#7967 = DIRECTION('',(-0.,-0.,-1.));
#7968 = DIRECTION('',(1.,0.,0.));
#7969 = DEFINITIONAL_REPRESENTATION('',(#7970),#7974);
#7970 = LINE('',#7971,#7972);
#7971 = CARTESIAN_POINT('',(-3.14159265359,0.));
#7972 = VECTOR('',#7973,1.);
#7973 = DIRECTION('',(-0.,-1.));
#7974 = ( GEOMETRIC_REPRESENTATION_CONTEXT(2) 
PARAMETRIC_REPRESENTATION_CONTEXT() REPRESENTATION_CONTEXT('2D SPACE',''
  ) );
#7975 = ORIENTED_EDGE('',*,*,#7976,.F.);
#7976 = EDGE_CURVE('',#7886,#7949,#7977,.T.);
#7977 = SURFACE_CURVE('',#7978,(#7982,#7989),.PCURVE_S1.);
#7978 = LINE('',#7979,#7980);
#7979 = CARTESIAN_POINT('',(19.1425,-22.,19.35));
#7980 = VECTOR('',#7981,1.);
#7981 = DIRECTION('',(0.,1.,0.));
#7982 = PCURVE('',#7896,#7983);
#7983 = DEFINITIONAL_REPRESENTATION('',(#7984),#7988);
#7984 = LINE('',#7985,#7986);
#7985 = CARTESIAN_POINT('',(1.8225,0.));
#7986 = VECTOR('',#7987,1.);
#7987 = DIRECTION('',(1.,0.));
#7988 = ( GEOMETRIC_REPRESENTATION_CONTEXT(2) 
PARAMETRIC_REPRESENTATION_CONTEXT() REPRESENTATION_CONTEXT('2D SPACE',''
  ) );
#7989 = PCURVE('',#7990,#7995);
#7990 = PLANE('',#7991);
#7991 = AXIS2_PLACEMENT_3D('',#7992,#7993,#7994);
#7992 = CARTESIAN_POINT('',(22.,-22.,19.35));
#7993 = DIRECTION('',(0.,0.,1.));
#7994 = DIRECTION('',(1.,0.,0.));
#7995 = DEFINITIONAL_REPRESENTATION('',(#7996),#8000);
#7996 = LINE('',#7997,#7998);
#7997 = CARTESIAN_POINT('',(-2.8575,0.));
#7998 = VECTOR('',#7999,1.);
#7999 = DIRECTION('',(0.,1.));
#8000 = ( GEOMETRIC_REPRESENTATION_CONTEXT(2) 
PARAMETRIC_REPRESENTATION_CONTEXT() REPRESENTATION_CONTEXT('2D SPACE',''
  ) );
#8001 = ADVANCED_FACE('',(#8002),#7964,.T.);
#8002 = FACE_BOUND('',#8003,.F.);
#8003 = EDGE_LOOP('',(#8004,#8034,#8056,#8057));
#8004 = ORIENTED_EDGE('',*,*,#8005,.T.);
#8005 = EDGE_CURVE('',#8006,#8008,#8010,.T.);
#8006 = VERTEX_POINT('',#8007);
#8007 = CARTESIAN_POINT('',(19.5425,-19.7775,19.35));
#8008 = VERTEX_POINT('',#8009);
#8009 = CARTESIAN_POINT('',(19.5425,-19.7775,20.85));
#8010 = SURFACE_CURVE('',#8011,(#8015,#8022),.PCURVE_S1.);
#8011 = LINE('',#8012,#8013);
#8012 = CARTESIAN_POINT('',(19.5425,-19.7775,19.35));
#8013 = VECTOR('',#8014,1.);
#8014 = DIRECTION('',(0.,0.,1.));
#8015 = PCURVE('',#7964,#8016);
#8016 = DEFINITIONAL_REPRESENTATION('',(#8017),#8021);
#8017 = LINE('',#8018,#8019);
#8018 = CARTESIAN_POINT('',(-1.570796326795,0.));
#8019 = VECTOR('',#8020,1.);
#8020 = DIRECTION('',(-0.,-1.));
#8021 = ( GEOMETRIC_REPRESENTATION_CONTEXT(2) 
PARAMETRIC_REPRESENTATION_CONTEXT() REPRESENTATION_CONTEXT('2D SPACE',''
  ) );
#8022 = PCURVE('',#8023,#8028);
#8023 = PLANE('',#8024);
#8024 = AXIS2_PLACEMENT_3D('',#8025,#8026,#8027);
#8025 = CARTESIAN_POINT('',(19.5425,-19.7775,19.35));
#8026 = DIRECTION('',(0.,1.,0.));
#8027 = DIRECTION('',(1.,0.,0.));
#8028 = DEFINITIONAL_REPRESENTATION('',(#8029),#8033);
#8029 = LINE('',#8030,#8031);
#8030 = CARTESIAN_POINT('',(0.,0.));
#8031 = VECTOR('',#8032,1.);
#8032 = DIRECTION('',(0.,-1.));
#8033 = ( GEOMETRIC_REPRESENTATION_CONTEXT(2) 
PARAMETRIC_REPRESENTATION_CONTEXT() REPRESENTATION_CONTEXT('2D SPACE',''
  ) );
#8034 = ORIENTED_EDGE('',*,*,#8035,.T.);
#8035 = EDGE_CURVE('',#8008,#7921,#8036,.T.);
#8036 = SURFACE_CURVE('',#8037,(#8042,#8049),.PCURVE_S1.);
#8037 = CIRCLE('',#8038,0.4);
#8038 = AXIS2_PLACEMENT_3D('',#8039,#8040,#8041);
#8039 = CARTESIAN_POINT('',(19.5425,-20.1775,20.85));
#8040 = DIRECTION('',(0.,0.,1.));
#8041 = DIRECTION('',(1.,0.,0.));
#8042 = PCURVE('',#7964,#8043);
#8043 = DEFINITIONAL_REPRESENTATION('',(#8044),#8048);
#8044 = LINE('',#8045,#8046);
#8045 = CARTESIAN_POINT('',(-0.,-1.5));
#8046 = VECTOR('',#8047,1.);
#8047 = DIRECTION('',(-1.,0.));
#8048 = ( GEOMETRIC_REPRESENTATION_CONTEXT(2) 
PARAMETRIC_REPRESENTATION_CONTEXT() REPRESENTATION_CONTEXT('2D SPACE',''
  ) );
#8049 = PCURVE('',#7936,#8050);
#8050 = DEFINITIONAL_REPRESENTATION('',(#8051),#8055);
#8051 = CIRCLE('',#8052,0.4);
#8052 = AXIS2_PLACEMENT_2D('',#8053,#8054);
#8053 = CARTESIAN_POINT('',(-2.4575,1.8225));
#8054 = DIRECTION('',(1.,0.));
#8055 = ( GEOMETRIC_REPRESENTATION_CONTEXT(2) 
PARAMETRIC_REPRESENTATION_CONTEXT() REPRESENTATION_CONTEXT('2D SPACE',''
  ) );
#8056 = ORIENTED_EDGE('',*,*,#7948,.F.);
#8057 = ORIENTED_EDGE('',*,*,#8058,.F.);
#8058 = EDGE_CURVE('',#8006,#7949,#8059,.T.);
#8059 = SURFACE_CURVE('',#8060,(#8065,#8072),.PCURVE_S1.);
#8060 = CIRCLE('',#8061,0.4);
#8061 = AXIS2_PLACEMENT_3D('',#8062,#8063,#8064);
#8062 = CARTESIAN_POINT('',(19.5425,-20.1775,19.35));
#8063 = DIRECTION('',(0.,0.,1.));
#8064 = DIRECTION('',(1.,0.,0.));
#8065 = PCURVE('',#7964,#8066);
#8066 = DEFINITIONAL_REPRESENTATION('',(#8067),#8071);
#8067 = LINE('',#8068,#8069);
#8068 = CARTESIAN_POINT('',(-0.,0.));
#8069 = VECTOR('',#8070,1.);
#8070 = DIRECTION('',(-1.,0.));
#8071 = ( GEOMETRIC_REPRESENTATION_CONTEXT(2) 
PARAMETRIC_REPRESENTATION_CONTEXT() REPRESENTATION_CONTEXT('2D SPACE',''
  ) );
#8072 = PCURVE('',#7990,#8073);
#8073 = DEFINITIONAL_REPRESENTATION('',(#8074),#8078);
#8074 = CIRCLE('',#8075,0.4);
#8075 = AXIS2_PLACEMENT_2D('',#8076,#8077);
#8076 = CARTESIAN_POINT('',(-2.4575,1.8225));
#8077 = DIRECTION('',(1.,0.));
#8078 = ( GEOMETRIC_REPRESENTATION_CONTEXT(2) 
PARAMETRIC_REPRESENTATION_CONTEXT() REPRESENTATION_CONTEXT('2D SPACE',''
  ) );
#8079 = ADVANCED_FACE('',(#8080),#7908,.T.);
#8080 = FACE_BOUND('',#8081,.F.);
#8081 = EDGE_LOOP('',(#8082,#8083,#8107,#8135));
#8082 = ORIENTED_EDGE('',*,*,#7885,.T.);
#8083 = ORIENTED_EDGE('',*,*,#8084,.T.);
#8084 = EDGE_CURVE('',#7888,#8085,#8087,.T.);
#8085 = VERTEX_POINT('',#8086);
#8086 = CARTESIAN_POINT('',(19.5425,-24.2225,20.85));
#8087 = SURFACE_CURVE('',#8088,(#8093,#8100),.PCURVE_S1.);
#8088 = CIRCLE('',#8089,0.4);
#8089 = AXIS2_PLACEMENT_3D('',#8090,#8091,#8092);
#8090 = CARTESIAN_POINT('',(19.5425,-23.8225,20.85));
#8091 = DIRECTION('',(0.,0.,1.));
#8092 = DIRECTION('',(1.,0.,0.));
#8093 = PCURVE('',#7908,#8094);
#8094 = DEFINITIONAL_REPRESENTATION('',(#8095),#8099);
#8095 = LINE('',#8096,#8097);
#8096 = CARTESIAN_POINT('',(-0.,-1.5));
#8097 = VECTOR('',#8098,1.);
#8098 = DIRECTION('',(-1.,0.));
#8099 = ( GEOMETRIC_REPRESENTATION_CONTEXT(2) 
PARAMETRIC_REPRESENTATION_CONTEXT() REPRESENTATION_CONTEXT('2D SPACE',''
  ) );
#8100 = PCURVE('',#7936,#8101);
#8101 = DEFINITIONAL_REPRESENTATION('',(#8102),#8106);
#8102 = CIRCLE('',#8103,0.4);
#8103 = AXIS2_PLACEMENT_2D('',#8104,#8105);
#8104 = CARTESIAN_POINT('',(-2.4575,-1.8225));
#8105 = DIRECTION('',(1.,0.));
#8106 = ( GEOMETRIC_REPRESENTATION_CONTEXT(2) 
PARAMETRIC_REPRESENTATION_CONTEXT() REPRESENTATION_CONTEXT('2D SPACE',''
  ) );
#8107 = ORIENTED_EDGE('',*,*,#8108,.F.);
#8108 = EDGE_CURVE('',#8109,#8085,#8111,.T.);
#8109 = VERTEX_POINT('',#8110);
#8110 = CARTESIAN_POINT('',(19.5425,-24.2225,19.35));
#8111 = SURFACE_CURVE('',#8112,(#8116,#8123),.PCURVE_S1.);
#8112 = LINE('',#8113,#8114);
#8113 = CARTESIAN_POINT('',(19.5425,-24.2225,19.35));
#8114 = VECTOR('',#8115,1.);
#8115 = DIRECTION('',(0.,0.,1.));
#8116 = PCURVE('',#7908,#8117);
#8117 = DEFINITIONAL_REPRESENTATION('',(#8118),#8122);
#8118 = LINE('',#8119,#8120);
#8119 = CARTESIAN_POINT('',(-4.712388980385,0.));
#8120 = VECTOR('',#8121,1.);
#8121 = DIRECTION('',(-0.,-1.));
#8122 = ( GEOMETRIC_REPRESENTATION_CONTEXT(2) 
PARAMETRIC_REPRESENTATION_CONTEXT() REPRESENTATION_CONTEXT('2D SPACE',''
  ) );
#8123 = PCURVE('',#8124,#8129);
#8124 = PLANE('',#8125);
#8125 = AXIS2_PLACEMENT_3D('',#8126,#8127,#8128);
#8126 = CARTESIAN_POINT('',(19.5425,-24.2225,19.35));
#8127 = DIRECTION('',(0.,1.,0.));
#8128 = DIRECTION('',(1.,0.,0.));
#8129 = DEFINITIONAL_REPRESENTATION('',(#8130),#8134);
#8130 = LINE('',#8131,#8132);
#8131 = CARTESIAN_POINT('',(0.,0.));
#8132 = VECTOR('',#8133,1.);
#8133 = DIRECTION('',(0.,-1.));
#8134 = ( GEOMETRIC_REPRESENTATION_CONTEXT(2) 
PARAMETRIC_REPRESENTATION_CONTEXT() REPRESENTATION_CONTEXT('2D SPACE',''
  ) );
#8135 = ORIENTED_EDGE('',*,*,#8136,.F.);
#8136 = EDGE_CURVE('',#7886,#8109,#8137,.T.);
#8137 = SURFACE_CURVE('',#8138,(#8143,#8150),.PCURVE_S1.);
#8138 = CIRCLE('',#8139,0.4);
#8139 = AXIS2_PLACEMENT_3D('',#8140,#8141,#8142);
#8140 = CARTESIAN_POINT('',(19.5425,-23.8225,19.35));
#8141 = DIRECTION('',(0.,0.,1.));
#8142 = DIRECTION('',(1.,0.,0.));
#8143 = PCURVE('',#7908,#8144);
#8144 = DEFINITIONAL_REPRESENTATION('',(#8145),#8149);
#8145 = LINE('',#8146,#8147);
#8146 = CARTESIAN_POINT('',(-0.,0.));
#8147 = VECTOR('',#8148,1.);
#8148 = DIRECTION('',(-1.,0.));
#8149 = ( GEOMETRIC_REPRESENTATION_CONTEXT(2) 
PARAMETRIC_REPRESENTATION_CONTEXT() REPRESENTATION_CONTEXT('2D SPACE',''
  ) );
#8150 = PCURVE('',#7990,#8151);
#8151 = DEFINITIONAL_REPRESENTATION('',(#8152),#8156);
#8152 = CIRCLE('',#8153,0.4);
#8153 = AXIS2_PLACEMENT_2D('',#8154,#8155);
#8154 = CARTESIAN_POINT('',(-2.4575,-1.8225));
#8155 = DIRECTION('',(1.,0.));
#8156 = ( GEOMETRIC_REPRESENTATION_CONTEXT(2) 
PARAMETRIC_REPRESENTATION_CONTEXT() REPRESENTATION_CONTEXT('2D SPACE',''
  ) );
#8157 = ADVANCED_FACE('',(#8158),#8124,.F.);
#8158 = FACE_BOUND('',#8159,.F.);
#8159 = EDGE_LOOP('',(#8160,#8161,#8184,#8212));
#8160 = ORIENTED_EDGE('',*,*,#8108,.T.);
#8161 = ORIENTED_EDGE('',*,*,#8162,.T.);
#8162 = EDGE_CURVE('',#8085,#8163,#8165,.T.);
#8163 = VERTEX_POINT('',#8164);
#8164 = CARTESIAN_POINT('',(24.4575,-24.2225,20.85));
#8165 = SURFACE_CURVE('',#8166,(#8170,#8177),.PCURVE_S1.);
#8166 = LINE('',#8167,#8168);
#8167 = CARTESIAN_POINT('',(22.,-24.2225,20.85));
#8168 = VECTOR('',#8169,1.);
#8169 = DIRECTION('',(1.,0.,0.));
#8170 = PCURVE('',#8124,#8171);
#8171 = DEFINITIONAL_REPRESENTATION('',(#8172),#8176);
#8172 = LINE('',#8173,#8174);
#8173 = CARTESIAN_POINT('',(2.4575,-1.5));
#8174 = VECTOR('',#8175,1.);
#8175 = DIRECTION('',(1.,0.));
#8176 = ( GEOMETRIC_REPRESENTATION_CONTEXT(2) 
PARAMETRIC_REPRESENTATION_CONTEXT() REPRESENTATION_CONTEXT('2D SPACE',''
  ) );
#8177 = PCURVE('',#7936,#8178);
#8178 = DEFINITIONAL_REPRESENTATION('',(#8179),#8183);
#8179 = LINE('',#8180,#8181);
#8180 = CARTESIAN_POINT('',(0.,-2.2225));
#8181 = VECTOR('',#8182,1.);
#8182 = DIRECTION('',(1.,0.));
#8183 = ( GEOMETRIC_REPRESENTATION_CONTEXT(2) 
PARAMETRIC_REPRESENTATION_CONTEXT() REPRESENTATION_CONTEXT('2D SPACE',''
  ) );
#8184 = ORIENTED_EDGE('',*,*,#8185,.F.);
#8185 = EDGE_CURVE('',#8186,#8163,#8188,.T.);
#8186 = VERTEX_POINT('',#8187);
#8187 = CARTESIAN_POINT('',(24.4575,-24.2225,19.35));
#8188 = SURFACE_CURVE('',#8189,(#8193,#8200),.PCURVE_S1.);
#8189 = LINE('',#8190,#8191);
#8190 = CARTESIAN_POINT('',(24.4575,-24.2225,19.35));
#8191 = VECTOR('',#8192,1.);
#8192 = DIRECTION('',(0.,0.,1.));
#8193 = PCURVE('',#8124,#8194);
#8194 = DEFINITIONAL_REPRESENTATION('',(#8195),#8199);
#8195 = LINE('',#8196,#8197);
#8196 = CARTESIAN_POINT('',(4.915,0.));
#8197 = VECTOR('',#8198,1.);
#8198 = DIRECTION('',(0.,-1.));
#8199 = ( GEOMETRIC_REPRESENTATION_CONTEXT(2) 
PARAMETRIC_REPRESENTATION_CONTEXT() REPRESENTATION_CONTEXT('2D SPACE',''
  ) );
#8200 = PCURVE('',#8201,#8206);
#8201 = CYLINDRICAL_SURFACE('',#8202,0.4);
#8202 = AXIS2_PLACEMENT_3D('',#8203,#8204,#8205);
#8203 = CARTESIAN_POINT('',(24.4575,-23.8225,19.35));
#8204 = DIRECTION('',(-0.,-0.,-1.));
#8205 = DIRECTION('',(1.,0.,0.));
#8206 = DEFINITIONAL_REPRESENTATION('',(#8207),#8211);
#8207 = LINE('',#8208,#8209);
#8208 = CARTESIAN_POINT('',(-4.712388980385,0.));
#8209 = VECTOR('',#8210,1.);
#8210 = DIRECTION('',(-0.,-1.));
#8211 = ( GEOMETRIC_REPRESENTATION_CONTEXT(2) 
PARAMETRIC_REPRESENTATION_CONTEXT() REPRESENTATION_CONTEXT('2D SPACE',''
  ) );
#8212 = ORIENTED_EDGE('',*,*,#8213,.F.);
#8213 = EDGE_CURVE('',#8109,#8186,#8214,.T.);
#8214 = SURFACE_CURVE('',#8215,(#8219,#8226),.PCURVE_S1.);
#8215 = LINE('',#8216,#8217);
#8216 = CARTESIAN_POINT('',(22.,-24.2225,19.35));
#8217 = VECTOR('',#8218,1.);
#8218 = DIRECTION('',(1.,0.,0.));
#8219 = PCURVE('',#8124,#8220);
#8220 = DEFINITIONAL_REPRESENTATION('',(#8221),#8225);
#8221 = LINE('',#8222,#8223);
#8222 = CARTESIAN_POINT('',(2.4575,0.));
#8223 = VECTOR('',#8224,1.);
#8224 = DIRECTION('',(1.,0.));
#8225 = ( GEOMETRIC_REPRESENTATION_CONTEXT(2) 
PARAMETRIC_REPRESENTATION_CONTEXT() REPRESENTATION_CONTEXT('2D SPACE',''
  ) );
#8226 = PCURVE('',#7990,#8227);
#8227 = DEFINITIONAL_REPRESENTATION('',(#8228),#8232);
#8228 = LINE('',#8229,#8230);
#8229 = CARTESIAN_POINT('',(0.,-2.2225));
#8230 = VECTOR('',#8231,1.);
#8231 = DIRECTION('',(1.,0.));
#8232 = ( GEOMETRIC_REPRESENTATION_CONTEXT(2) 
PARAMETRIC_REPRESENTATION_CONTEXT() REPRESENTATION_CONTEXT('2D SPACE',''
  ) );
#8233 = ADVANCED_FACE('',(#8234),#8201,.T.);
#8234 = FACE_BOUND('',#8235,.F.);
#8235 = EDGE_LOOP('',(#8236,#8237,#8261,#8289));
#8236 = ORIENTED_EDGE('',*,*,#8185,.T.);
#8237 = ORIENTED_EDGE('',*,*,#8238,.T.);
#8238 = EDGE_CURVE('',#8163,#8239,#8241,.T.);
#8239 = VERTEX_POINT('',#8240);
#8240 = CARTESIAN_POINT('',(24.8575,-23.8225,20.85));
#8241 = SURFACE_CURVE('',#8242,(#8247,#8254),.PCURVE_S1.);
#8242 = CIRCLE('',#8243,0.4);
#8243 = AXIS2_PLACEMENT_3D('',#8244,#8245,#8246);
#8244 = CARTESIAN_POINT('',(24.4575,-23.8225,20.85));
#8245 = DIRECTION('',(0.,0.,1.));
#8246 = DIRECTION('',(1.,0.,0.));
#8247 = PCURVE('',#8201,#8248);
#8248 = DEFINITIONAL_REPRESENTATION('',(#8249),#8253);
#8249 = LINE('',#8250,#8251);
#8250 = CARTESIAN_POINT('',(-0.,-1.5));
#8251 = VECTOR('',#8252,1.);
#8252 = DIRECTION('',(-1.,0.));
#8253 = ( GEOMETRIC_REPRESENTATION_CONTEXT(2) 
PARAMETRIC_REPRESENTATION_CONTEXT() REPRESENTATION_CONTEXT('2D SPACE',''
  ) );
#8254 = PCURVE('',#7936,#8255);
#8255 = DEFINITIONAL_REPRESENTATION('',(#8256),#8260);
#8256 = CIRCLE('',#8257,0.4);
#8257 = AXIS2_PLACEMENT_2D('',#8258,#8259);
#8258 = CARTESIAN_POINT('',(2.4575,-1.8225));
#8259 = DIRECTION('',(1.,0.));
#8260 = ( GEOMETRIC_REPRESENTATION_CONTEXT(2) 
PARAMETRIC_REPRESENTATION_CONTEXT() REPRESENTATION_CONTEXT('2D SPACE',''
  ) );
#8261 = ORIENTED_EDGE('',*,*,#8262,.F.);
#8262 = EDGE_CURVE('',#8263,#8239,#8265,.T.);
#8263 = VERTEX_POINT('',#8264);
#8264 = CARTESIAN_POINT('',(24.8575,-23.8225,19.35));
#8265 = SURFACE_CURVE('',#8266,(#8270,#8277),.PCURVE_S1.);
#8266 = LINE('',#8267,#8268);
#8267 = CARTESIAN_POINT('',(24.8575,-23.8225,19.35));
#8268 = VECTOR('',#8269,1.);
#8269 = DIRECTION('',(0.,0.,1.));
#8270 = PCURVE('',#8201,#8271);
#8271 = DEFINITIONAL_REPRESENTATION('',(#8272),#8276);
#8272 = LINE('',#8273,#8274);
#8273 = CARTESIAN_POINT('',(-6.28318530718,0.));
#8274 = VECTOR('',#8275,1.);
#8275 = DIRECTION('',(-0.,-1.));
#8276 = ( GEOMETRIC_REPRESENTATION_CONTEXT(2) 
PARAMETRIC_REPRESENTATION_CONTEXT() REPRESENTATION_CONTEXT('2D SPACE',''
  ) );
#8277 = PCURVE('',#8278,#8283);
#8278 = PLANE('',#8279);
#8279 = AXIS2_PLACEMENT_3D('',#8280,#8281,#8282);
#8280 = CARTESIAN_POINT('',(24.8575,-23.8225,19.35));
#8281 = DIRECTION('',(-1.,0.,0.));
#8282 = DIRECTION('',(0.,1.,0.));
#8283 = DEFINITIONAL_REPRESENTATION('',(#8284),#8288);
#8284 = LINE('',#8285,#8286);
#8285 = CARTESIAN_POINT('',(0.,0.));
#8286 = VECTOR('',#8287,1.);
#8287 = DIRECTION('',(0.,-1.));
#8288 = ( GEOMETRIC_REPRESENTATION_CONTEXT(2) 
PARAMETRIC_REPRESENTATION_CONTEXT() REPRESENTATION_CONTEXT('2D SPACE',''
  ) );
#8289 = ORIENTED_EDGE('',*,*,#8290,.F.);
#8290 = EDGE_CURVE('',#8186,#8263,#8291,.T.);
#8291 = SURFACE_CURVE('',#8292,(#8297,#8304),.PCURVE_S1.);
#8292 = CIRCLE('',#8293,0.4);
#8293 = AXIS2_PLACEMENT_3D('',#8294,#8295,#8296);
#8294 = CARTESIAN_POINT('',(24.4575,-23.8225,19.35));
#8295 = DIRECTION('',(0.,0.,1.));
#8296 = DIRECTION('',(1.,0.,0.));
#8297 = PCURVE('',#8201,#8298);
#8298 = DEFINITIONAL_REPRESENTATION('',(#8299),#8303);
#8299 = LINE('',#8300,#8301);
#8300 = CARTESIAN_POINT('',(-0.,0.));
#8301 = VECTOR('',#8302,1.);
#8302 = DIRECTION('',(-1.,0.));
#8303 = ( GEOMETRIC_REPRESENTATION_CONTEXT(2) 
PARAMETRIC_REPRESENTATION_CONTEXT() REPRESENTATION_CONTEXT('2D SPACE',''
  ) );
#8304 = PCURVE('',#7990,#8305);
#8305 = DEFINITIONAL_REPRESENTATION('',(#8306),#8310);
#8306 = CIRCLE('',#8307,0.4);
#8307 = AXIS2_PLACEMENT_2D('',#8308,#8309);
#8308 = CARTESIAN_POINT('',(2.4575,-1.8225));
#8309 = DIRECTION('',(1.,0.));
#8310 = ( GEOMETRIC_REPRESENTATION_CONTEXT(2) 
PARAMETRIC_REPRESENTATION_CONTEXT() REPRESENTATION_CONTEXT('2D SPACE',''
  ) );
#8311 = ADVANCED_FACE('',(#8312),#8278,.F.);
#8312 = FACE_BOUND('',#8313,.F.);
#8313 = EDGE_LOOP('',(#8314,#8315,#8338,#8366));
#8314 = ORIENTED_EDGE('',*,*,#8262,.T.);
#8315 = ORIENTED_EDGE('',*,*,#8316,.T.);
#8316 = EDGE_CURVE('',#8239,#8317,#8319,.T.);
#8317 = VERTEX_POINT('',#8318);
#8318 = CARTESIAN_POINT('',(24.8575,-20.1775,20.85));
#8319 = SURFACE_CURVE('',#8320,(#8324,#8331),.PCURVE_S1.);
#8320 = LINE('',#8321,#8322);
#8321 = CARTESIAN_POINT('',(24.8575,-22.,20.85));
#8322 = VECTOR('',#8323,1.);
#8323 = DIRECTION('',(0.,1.,0.));
#8324 = PCURVE('',#8278,#8325);
#8325 = DEFINITIONAL_REPRESENTATION('',(#8326),#8330);
#8326 = LINE('',#8327,#8328);
#8327 = CARTESIAN_POINT('',(1.8225,-1.5));
#8328 = VECTOR('',#8329,1.);
#8329 = DIRECTION('',(1.,0.));
#8330 = ( GEOMETRIC_REPRESENTATION_CONTEXT(2) 
PARAMETRIC_REPRESENTATION_CONTEXT() REPRESENTATION_CONTEXT('2D SPACE',''
  ) );
#8331 = PCURVE('',#7936,#8332);
#8332 = DEFINITIONAL_REPRESENTATION('',(#8333),#8337);
#8333 = LINE('',#8334,#8335);
#8334 = CARTESIAN_POINT('',(2.8575,0.));
#8335 = VECTOR('',#8336,1.);
#8336 = DIRECTION('',(0.,1.));
#8337 = ( GEOMETRIC_REPRESENTATION_CONTEXT(2) 
PARAMETRIC_REPRESENTATION_CONTEXT() REPRESENTATION_CONTEXT('2D SPACE',''
  ) );
#8338 = ORIENTED_EDGE('',*,*,#8339,.F.);
#8339 = EDGE_CURVE('',#8340,#8317,#8342,.T.);
#8340 = VERTEX_POINT('',#8341);
#8341 = CARTESIAN_POINT('',(24.8575,-20.1775,19.35));
#8342 = SURFACE_CURVE('',#8343,(#8347,#8354),.PCURVE_S1.);
#8343 = LINE('',#8344,#8345);
#8344 = CARTESIAN_POINT('',(24.8575,-20.1775,19.35));
#8345 = VECTOR('',#8346,1.);
#8346 = DIRECTION('',(0.,0.,1.));
#8347 = PCURVE('',#8278,#8348);
#8348 = DEFINITIONAL_REPRESENTATION('',(#8349),#8353);
#8349 = LINE('',#8350,#8351);
#8350 = CARTESIAN_POINT('',(3.645,0.));
#8351 = VECTOR('',#8352,1.);
#8352 = DIRECTION('',(0.,-1.));
#8353 = ( GEOMETRIC_REPRESENTATION_CONTEXT(2) 
PARAMETRIC_REPRESENTATION_CONTEXT() REPRESENTATION_CONTEXT('2D SPACE',''
  ) );
#8354 = PCURVE('',#8355,#8360);
#8355 = CYLINDRICAL_SURFACE('',#8356,0.4);
#8356 = AXIS2_PLACEMENT_3D('',#8357,#8358,#8359);
#8357 = CARTESIAN_POINT('',(24.4575,-20.1775,19.35));
#8358 = DIRECTION('',(-0.,-0.,-1.));
#8359 = DIRECTION('',(1.,0.,0.));
#8360 = DEFINITIONAL_REPRESENTATION('',(#8361),#8365);
#8361 = LINE('',#8362,#8363);
#8362 = CARTESIAN_POINT('',(-0.,0.));
#8363 = VECTOR('',#8364,1.);
#8364 = DIRECTION('',(-0.,-1.));
#8365 = ( GEOMETRIC_REPRESENTATION_CONTEXT(2) 
PARAMETRIC_REPRESENTATION_CONTEXT() REPRESENTATION_CONTEXT('2D SPACE',''
  ) );
#8366 = ORIENTED_EDGE('',*,*,#8367,.F.);
#8367 = EDGE_CURVE('',#8263,#8340,#8368,.T.);
#8368 = SURFACE_CURVE('',#8369,(#8373,#8380),.PCURVE_S1.);
#8369 = LINE('',#8370,#8371);
#8370 = CARTESIAN_POINT('',(24.8575,-22.,19.35));
#8371 = VECTOR('',#8372,1.);
#8372 = DIRECTION('',(0.,1.,0.));
#8373 = PCURVE('',#8278,#8374);
#8374 = DEFINITIONAL_REPRESENTATION('',(#8375),#8379);
#8375 = LINE('',#8376,#8377);
#8376 = CARTESIAN_POINT('',(1.8225,0.));
#8377 = VECTOR('',#8378,1.);
#8378 = DIRECTION('',(1.,0.));
#8379 = ( GEOMETRIC_REPRESENTATION_CONTEXT(2) 
PARAMETRIC_REPRESENTATION_CONTEXT() REPRESENTATION_CONTEXT('2D SPACE',''
  ) );
#8380 = PCURVE('',#7990,#8381);
#8381 = DEFINITIONAL_REPRESENTATION('',(#8382),#8386);
#8382 = LINE('',#8383,#8384);
#8383 = CARTESIAN_POINT('',(2.8575,0.));
#8384 = VECTOR('',#8385,1.);
#8385 = DIRECTION('',(0.,1.));
#8386 = ( GEOMETRIC_REPRESENTATION_CONTEXT(2) 
PARAMETRIC_REPRESENTATION_CONTEXT() REPRESENTATION_CONTEXT('2D SPACE',''
  ) );
#8387 = ADVANCED_FACE('',(#8388),#8355,.T.);
#8388 = FACE_BOUND('',#8389,.F.);
#8389 = EDGE_LOOP('',(#8390,#8391,#8415,#8438));
#8390 = ORIENTED_EDGE('',*,*,#8339,.T.);
#8391 = ORIENTED_EDGE('',*,*,#8392,.T.);
#8392 = EDGE_CURVE('',#8317,#8393,#8395,.T.);
#8393 = VERTEX_POINT('',#8394);
#8394 = CARTESIAN_POINT('',(24.4575,-19.7775,20.85));
#8395 = SURFACE_CURVE('',#8396,(#8401,#8408),.PCURVE_S1.);
#8396 = CIRCLE('',#8397,0.4);
#8397 = AXIS2_PLACEMENT_3D('',#8398,#8399,#8400);
#8398 = CARTESIAN_POINT('',(24.4575,-20.1775,20.85));
#8399 = DIRECTION('',(0.,0.,1.));
#8400 = DIRECTION('',(1.,0.,0.));
#8401 = PCURVE('',#8355,#8402);
#8402 = DEFINITIONAL_REPRESENTATION('',(#8403),#8407);
#8403 = LINE('',#8404,#8405);
#8404 = CARTESIAN_POINT('',(-0.,-1.5));
#8405 = VECTOR('',#8406,1.);
#8406 = DIRECTION('',(-1.,0.));
#8407 = ( GEOMETRIC_REPRESENTATION_CONTEXT(2) 
PARAMETRIC_REPRESENTATION_CONTEXT() REPRESENTATION_CONTEXT('2D SPACE',''
  ) );
#8408 = PCURVE('',#7936,#8409);
#8409 = DEFINITIONAL_REPRESENTATION('',(#8410),#8414);
#8410 = CIRCLE('',#8411,0.4);
#8411 = AXIS2_PLACEMENT_2D('',#8412,#8413);
#8412 = CARTESIAN_POINT('',(2.4575,1.8225));
#8413 = DIRECTION('',(1.,0.));
#8414 = ( GEOMETRIC_REPRESENTATION_CONTEXT(2) 
PARAMETRIC_REPRESENTATION_CONTEXT() REPRESENTATION_CONTEXT('2D SPACE',''
  ) );
#8415 = ORIENTED_EDGE('',*,*,#8416,.F.);
#8416 = EDGE_CURVE('',#8417,#8393,#8419,.T.);
#8417 = VERTEX_POINT('',#8418);
#8418 = CARTESIAN_POINT('',(24.4575,-19.7775,19.35));
#8419 = SURFACE_CURVE('',#8420,(#8424,#8431),.PCURVE_S1.);
#8420 = LINE('',#8421,#8422);
#8421 = CARTESIAN_POINT('',(24.4575,-19.7775,19.35));
#8422 = VECTOR('',#8423,1.);
#8423 = DIRECTION('',(0.,0.,1.));
#8424 = PCURVE('',#8355,#8425);
#8425 = DEFINITIONAL_REPRESENTATION('',(#8426),#8430);
#8426 = LINE('',#8427,#8428);
#8427 = CARTESIAN_POINT('',(-1.570796326795,0.));
#8428 = VECTOR('',#8429,1.);
#8429 = DIRECTION('',(-0.,-1.));
#8430 = ( GEOMETRIC_REPRESENTATION_CONTEXT(2) 
PARAMETRIC_REPRESENTATION_CONTEXT() REPRESENTATION_CONTEXT('2D SPACE',''
  ) );
#8431 = PCURVE('',#8023,#8432);
#8432 = DEFINITIONAL_REPRESENTATION('',(#8433),#8437);
#8433 = LINE('',#8434,#8435);
#8434 = CARTESIAN_POINT('',(4.915,0.));
#8435 = VECTOR('',#8436,1.);
#8436 = DIRECTION('',(0.,-1.));
#8437 = ( GEOMETRIC_REPRESENTATION_CONTEXT(2) 
PARAMETRIC_REPRESENTATION_CONTEXT() REPRESENTATION_CONTEXT('2D SPACE',''
  ) );
#8438 = ORIENTED_EDGE('',*,*,#8439,.F.);
#8439 = EDGE_CURVE('',#8340,#8417,#8440,.T.);
#8440 = SURFACE_CURVE('',#8441,(#8446,#8453),.PCURVE_S1.);
#8441 = CIRCLE('',#8442,0.4);
#8442 = AXIS2_PLACEMENT_3D('',#8443,#8444,#8445);
#8443 = CARTESIAN_POINT('',(24.4575,-20.1775,19.35));
#8444 = DIRECTION('',(0.,0.,1.));
#8445 = DIRECTION('',(1.,0.,0.));
#8446 = PCURVE('',#8355,#8447);
#8447 = DEFINITIONAL_REPRESENTATION('',(#8448),#8452);
#8448 = LINE('',#8449,#8450);
#8449 = CARTESIAN_POINT('',(-0.,0.));
#8450 = VECTOR('',#8451,1.);
#8451 = DIRECTION('',(-1.,0.));
#8452 = ( GEOMETRIC_REPRESENTATION_CONTEXT(2) 
PARAMETRIC_REPRESENTATION_CONTEXT() REPRESENTATION_CONTEXT('2D SPACE',''
  ) );
#8453 = PCURVE('',#7990,#8454);
#8454 = DEFINITIONAL_REPRESENTATION('',(#8455),#8459);
#8455 = CIRCLE('',#8456,0.4);
#8456 = AXIS2_PLACEMENT_2D('',#8457,#8458);
#8457 = CARTESIAN_POINT('',(2.4575,1.8225));
#8458 = DIRECTION('',(1.,0.));
#8459 = ( GEOMETRIC_REPRESENTATION_CONTEXT(2) 
PARAMETRIC_REPRESENTATION_CONTEXT() REPRESENTATION_CONTEXT('2D SPACE',''
  ) );
#8460 = ADVANCED_FACE('',(#8461),#8023,.T.);
#8461 = FACE_BOUND('',#8462,.T.);
#8462 = EDGE_LOOP('',(#8463,#8464,#8485,#8486));
#8463 = ORIENTED_EDGE('',*,*,#8005,.T.);
#8464 = ORIENTED_EDGE('',*,*,#8465,.T.);
#8465 = EDGE_CURVE('',#8008,#8393,#8466,.T.);
#8466 = SURFACE_CURVE('',#8467,(#8471,#8478),.PCURVE_S1.);
#8467 = LINE('',#8468,#8469);
#8468 = CARTESIAN_POINT('',(22.,-19.7775,20.85));
#8469 = VECTOR('',#8470,1.);
#8470 = DIRECTION('',(1.,0.,0.));
#8471 = PCURVE('',#8023,#8472);
#8472 = DEFINITIONAL_REPRESENTATION('',(#8473),#8477);
#8473 = LINE('',#8474,#8475);
#8474 = CARTESIAN_POINT('',(2.4575,-1.5));
#8475 = VECTOR('',#8476,1.);
#8476 = DIRECTION('',(1.,0.));
#8477 = ( GEOMETRIC_REPRESENTATION_CONTEXT(2) 
PARAMETRIC_REPRESENTATION_CONTEXT() REPRESENTATION_CONTEXT('2D SPACE',''
  ) );
#8478 = PCURVE('',#7936,#8479);
#8479 = DEFINITIONAL_REPRESENTATION('',(#8480),#8484);
#8480 = LINE('',#8481,#8482);
#8481 = CARTESIAN_POINT('',(0.,2.2225));
#8482 = VECTOR('',#8483,1.);
#8483 = DIRECTION('',(1.,0.));
#8484 = ( GEOMETRIC_REPRESENTATION_CONTEXT(2) 
PARAMETRIC_REPRESENTATION_CONTEXT() REPRESENTATION_CONTEXT('2D SPACE',''
  ) );
#8485 = ORIENTED_EDGE('',*,*,#8416,.F.);
#8486 = ORIENTED_EDGE('',*,*,#8487,.F.);
#8487 = EDGE_CURVE('',#8006,#8417,#8488,.T.);
#8488 = SURFACE_CURVE('',#8489,(#8493,#8500),.PCURVE_S1.);
#8489 = LINE('',#8490,#8491);
#8490 = CARTESIAN_POINT('',(22.,-19.7775,19.35));
#8491 = VECTOR('',#8492,1.);
#8492 = DIRECTION('',(1.,0.,0.));
#8493 = PCURVE('',#8023,#8494);
#8494 = DEFINITIONAL_REPRESENTATION('',(#8495),#8499);
#8495 = LINE('',#8496,#8497);
#8496 = CARTESIAN_POINT('',(2.4575,0.));
#8497 = VECTOR('',#8498,1.);
#8498 = DIRECTION('',(1.,0.));
#8499 = ( GEOMETRIC_REPRESENTATION_CONTEXT(2) 
PARAMETRIC_REPRESENTATION_CONTEXT() REPRESENTATION_CONTEXT('2D SPACE',''
  ) );
#8500 = PCURVE('',#7990,#8501);
#8501 = DEFINITIONAL_REPRESENTATION('',(#8502),#8506);
#8502 = LINE('',#8503,#8504);
#8503 = CARTESIAN_POINT('',(0.,2.2225));
#8504 = VECTOR('',#8505,1.);
#8505 = DIRECTION('',(1.,0.));
#8506 = ( GEOMETRIC_REPRESENTATION_CONTEXT(2) 
PARAMETRIC_REPRESENTATION_CONTEXT() REPRESENTATION_CONTEXT('2D SPACE',''
  ) );
#8507 = ADVANCED_FACE('',(#8508),#7990,.F.);
#8508 = FACE_BOUND('',#8509,.F.);
#8509 = EDGE_LOOP('',(#8510,#8511,#8512,#8513,#8514,#8515,#8516,#8517));
#8510 = ORIENTED_EDGE('',*,*,#7976,.F.);
#8511 = ORIENTED_EDGE('',*,*,#8136,.T.);
#8512 = ORIENTED_EDGE('',*,*,#8213,.T.);
#8513 = ORIENTED_EDGE('',*,*,#8290,.T.);
#8514 = ORIENTED_EDGE('',*,*,#8367,.T.);
#8515 = ORIENTED_EDGE('',*,*,#8439,.T.);
#8516 = ORIENTED_EDGE('',*,*,#8487,.F.);
#8517 = ORIENTED_EDGE('',*,*,#8058,.T.);
#8518 = ADVANCED_FACE('',(#8519),#7936,.T.);
#8519 = FACE_BOUND('',#8520,.T.);
#8520 = EDGE_LOOP('',(#8521,#8522,#8523,#8524,#8525,#8526,#8527,#8528));
#8521 = ORIENTED_EDGE('',*,*,#7920,.F.);
#8522 = ORIENTED_EDGE('',*,*,#8084,.T.);
#8523 = ORIENTED_EDGE('',*,*,#8162,.T.);
#8524 = ORIENTED_EDGE('',*,*,#8238,.T.);
#8525 = ORIENTED_EDGE('',*,*,#8316,.T.);
#8526 = ORIENTED_EDGE('',*,*,#8392,.T.);
#8527 = ORIENTED_EDGE('',*,*,#8465,.F.);
#8528 = ORIENTED_EDGE('',*,*,#8035,.T.);
#8529 = ( GEOMETRIC_REPRESENTATION_CONTEXT(3) 
GLOBAL_UNCERTAINTY_ASSIGNED_CONTEXT((#8533)) 
GLOBAL_UNIT_ASSIGNED_CONTEXT((#8530,#8531,#8532)) REPRESENTATION_CONTEXT
('Context #1','3D Context with UNIT and UNCERTAINTY') );
#8530 = ( LENGTH_UNIT() NAMED_UNIT(*) SI_UNIT(.MILLI.,.METRE.) );
#8531 = ( NAMED_UNIT(*) PLANE_ANGLE_UNIT() SI_UNIT($,.RADIAN.) );
#8532 = ( NAMED_UNIT(*) SI_UNIT($,.STERADIAN.) SOLID_ANGLE_UNIT() );
#8533 = UNCERTAINTY_MEASURE_WITH_UNIT(LENGTH_MEASURE(1.E-07),#8530,
  'distance_accuracy_value','confusion accuracy');
#8534 = CONTEXT_DEPENDENT_SHAPE_REPRESENTATION(#8535,#8537);
#8535 = ( REPRESENTATION_RELATIONSHIP('','',#7878,#10) 
REPRESENTATION_RELATIONSHIP_WITH_TRANSFORMATION(#8536) 
SHAPE_REPRESENTATION_RELATIONSHIP() );
#8536 = ITEM_DEFINED_TRANSFORMATION('','',#11,#63);
#8537 = PRODUCT_DEFINITION_SHAPE('Placement','Placement of an item',
  #8538);
#8538 = NEXT_ASSEMBLY_USAGE_OCCURRENCE('161','stub 4 sample','',#5,#7873
  ,$);
#8539 = PRODUCT_RELATED_PRODUCT_CATEGORY('part',$,(#7875));
#8540 = SHAPE_DEFINITION_REPRESENTATION(#8541,#8547);
#8541 = PRODUCT_DEFINITION_SHAPE('','',#8542);
#8542 = PRODUCT_DEFINITION('design','',#8543,#8546);
#8543 = PRODUCT_DEFINITION_FORMATION('','',#8544);
#8544 = PRODUCT('stub 5 stub','stub 5 stub','',(#8545));
#8545 = PRODUCT_CONTEXT('',#2,'mechanical');
#8546 = PRODUCT_DEFINITION_CONTEXT('part definition',#2,'design');
#8547 = ADVANCED_BREP_SHAPE_REPRESENTATION('',(#11,#8548),#9030);
#8548 = MANIFOLD_SOLID_BREP('',#8549);
#8549 = CLOSED_SHELL('',(#8550,#8642,#8677,#8712,#8767,#8822,#8875,#8914
    ,#8918,#8973,#9026));
#8550 = ADVANCED_FACE('',(#8551),#8564,.T.);
#8551 = FACE_BOUND('',#8552,.F.);
#8552 = EDGE_LOOP('',(#8553,#8587,#8610,#8641));
#8553 = ORIENTED_EDGE('',*,*,#8554,.F.);
#8554 = EDGE_CURVE('',#8555,#8555,#8557,.T.);
#8555 = VERTEX_POINT('',#8556);
#8556 = CARTESIAN_POINT('',(50.35,-22.,16.));
#8557 = SURFACE_CURVE('',#8558,(#8563,#8575),.PCURVE_S1.);
#8558 = CIRCLE('',#8559,6.35);
#8559 = AXIS2_PLACEMENT_3D('',#8560,#8561,#8562);
#8560 = CARTESIAN_POINT('',(44.,-22.,16.));
#8561 = DIRECTION('',(0.,0.,1.));
#8562 = DIRECTION('',(1.,0.,0.));
#8563 = PCURVE('',#8564,#8569);
#8564 = CYLINDRICAL_SURFACE('',#8565,6.35);
#8565 = AXIS2_PLACEMENT_3D('',#8566,#8567,#8568);
#8566 = CARTESIAN_POINT('',(44.,-22.,16.));
#8567 = DIRECTION('',(-0.,-0.,-1.));
#8568 = DIRECTION('',(1.,0.,0.));
#8569 = DEFINITIONAL_REPRESENTATION('',(#8570),#8574);
#8570 = LINE('',#8571,#8572);
#8571 = CARTESIAN_POINT('',(-0.,0.));
#8572 = VECTOR('',#8573,1.);
#8573 = DIRECTION('',(-1.,0.));
#8574 = ( GEOMETRIC_REPRESENTATION_CONTEXT(2) 
PARAMETRIC_REPRESENTATION_CONTEXT() REPRESENTATION_CONTEXT('2D SPACE',''
  ) );
#8575 = PCURVE('',#8576,#8581);
#8576 = PLANE('',#8577);
#8577 = AXIS2_PLACEMENT_3D('',#8578,#8579,#8580);
#8578 = CARTESIAN_POINT('',(44.,-22.,16.));
#8579 = DIRECTION('',(0.,0.,1.));
#8580 = DIRECTION('',(1.,0.,0.));
#8581 = DEFINITIONAL_REPRESENTATION('',(#8582),#8586);
#8582 = CIRCLE('',#8583,6.35);
#8583 = AXIS2_PLACEMENT_2D('',#8584,#8585);
#8584 = CARTESIAN_POINT('',(0.,-6.021627052289E-16));
#8585 = DIRECTION('',(1.,0.));
#8586 = ( GEOMETRIC_REPRESENTATION_CONTEXT(2) 
PARAMETRIC_REPRESENTATION_CONTEXT() REPRESENTATION_CONTEXT('2D SPACE',''
  ) );
#8587 = ORIENTED_EDGE('',*,*,#8588,.T.);
#8588 = EDGE_CURVE('',#8555,#8589,#8591,.T.);
#8589 = VERTEX_POINT('',#8590);
#8590 = CARTESIAN_POINT('',(50.35,-22.,17.1));
#8591 = SEAM_CURVE('',#8592,(#8596,#8603),.PCURVE_S1.);
#8592 = LINE('',#8593,#8594);
#8593 = CARTESIAN_POINT('',(50.35,-22.,16.));
#8594 = VECTOR('',#8595,1.);
#8595 = DIRECTION('',(0.,0.,1.));
#8596 = PCURVE('',#8564,#8597);
#8597 = DEFINITIONAL_REPRESENTATION('',(#8598),#8602);
#8598 = LINE('',#8599,#8600);
#8599 = CARTESIAN_POINT('',(-6.28318530718,0.));
#8600 = VECTOR('',#8601,1.);
#8601 = DIRECTION('',(-0.,-1.));
#8602 = ( GEOMETRIC_REPRESENTATION_CONTEXT(2) 
PARAMETRIC_REPRESENTATION_CONTEXT() REPRESENTATION_CONTEXT('2D SPACE',''
  ) );
#8603 = PCURVE('',#8564,#8604);
#8604 = DEFINITIONAL_REPRESENTATION('',(#8605),#8609);
#8605 = LINE('',#8606,#8607);
#8606 = CARTESIAN_POINT('',(-0.,0.));
#8607 = VECTOR('',#8608,1.);
#8608 = DIRECTION('',(-0.,-1.));
#8609 = ( GEOMETRIC_REPRESENTATION_CONTEXT(2) 
PARAMETRIC_REPRESENTATION_CONTEXT() REPRESENTATION_CONTEXT('2D SPACE',''
  ) );
#8610 = ORIENTED_EDGE('',*,*,#8611,.F.);
#8611 = EDGE_CURVE('',#8589,#8589,#8612,.T.);
#8612 = SURFACE_CURVE('',#8613,(#8618,#8625),.PCURVE_S1.);
#8613 = CIRCLE('',#8614,6.35);
#8614 = AXIS2_PLACEMENT_3D('',#8615,#8616,#8617);
#8615 = CARTESIAN_POINT('',(44.,-22.,17.1));
#8616 = DIRECTION('',(0.,0.,-1.));
#8617 = DIRECTION('',(1.,0.,0.));
#8618 = PCURVE('',#8564,#8619);
#8619 = DEFINITIONAL_REPRESENTATION('',(#8620),#8624);
#8620 = LINE('',#8621,#8622);
#8621 = CARTESIAN_POINT('',(-6.28318530718,-1.1));
#8622 = VECTOR('',#8623,1.);
#8623 = DIRECTION('',(1.,-0.));
#8624 = ( GEOMETRIC_REPRESENTATION_CONTEXT(2) 
PARAMETRIC_REPRESENTATION_CONTEXT() REPRESENTATION_CONTEXT('2D SPACE',''
  ) );
#8625 = PCURVE('',#8626,#8631);
#8626 = PLANE('',#8627);
#8627 = AXIS2_PLACEMENT_3D('',#8628,#8629,#8630);
#8628 = CARTESIAN_POINT('',(44.,-22.,17.1));
#8629 = DIRECTION('',(0.,0.,1.));
#8630 = DIRECTION('',(1.,0.,0.));
#8631 = DEFINITIONAL_REPRESENTATION('',(#8632),#8640);
#8632 = ( BOUNDED_CURVE() B_SPLINE_CURVE(2,(#8633,#8634,#8635,#8636,
#8637,#8638,#8639),.UNSPECIFIED.,.T.,.F.) B_SPLINE_CURVE_WITH_KNOTS((1,2
    ,2,2,2,1),(-2.094395102393,0.,2.094395102393,4.188790204786,
6.28318530718,8.377580409573),.UNSPECIFIED.) CURVE() 
GEOMETRIC_REPRESENTATION_ITEM() RATIONAL_B_SPLINE_CURVE((1.,0.5,1.,0.5,
1.,0.5,1.)) REPRESENTATION_ITEM('') );
#8633 = CARTESIAN_POINT('',(6.35,-1.196249076369E-16));
#8634 = CARTESIAN_POINT('',(6.35,-10.99852262806));
#8635 = CARTESIAN_POINT('',(-3.175,-5.499261314031));
#8636 = CARTESIAN_POINT('',(-12.7,-1.674926342554E-15));
#8637 = CARTESIAN_POINT('',(-3.175,5.499261314031));
#8638 = CARTESIAN_POINT('',(6.35,10.998522628062));
#8639 = CARTESIAN_POINT('',(6.35,-1.196249076369E-16));
#8640 = ( GEOMETRIC_REPRESENTATION_CONTEXT(2) 
PARAMETRIC_REPRESENTATION_CONTEXT() REPRESENTATION_CONTEXT('2D SPACE',''
  ) );
#8641 = ORIENTED_EDGE('',*,*,#8588,.F.);
#8642 = ADVANCED_FACE('',(#8643,#8646),#8576,.F.);
#8643 = FACE_BOUND('',#8644,.F.);
#8644 = EDGE_LOOP('',(#8645));
#8645 = ORIENTED_EDGE('',*,*,#8554,.T.);
#8646 = FACE_BOUND('',#8647,.F.);
#8647 = EDGE_LOOP('',(#8648));
#8648 = ORIENTED_EDGE('',*,*,#8649,.F.);
#8649 = EDGE_CURVE('',#8650,#8650,#8652,.T.);
#8650 = VERTEX_POINT('',#8651);
#8651 = CARTESIAN_POINT('',(45.575,-22.,16.));
#8652 = SURFACE_CURVE('',#8653,(#8658,#8665),.PCURVE_S1.);
#8653 = CIRCLE('',#8654,1.575);
#8654 = AXIS2_PLACEMENT_3D('',#8655,#8656,#8657);
#8655 = CARTESIAN_POINT('',(44.,-22.,16.));
#8656 = DIRECTION('',(0.,0.,1.));
#8657 = DIRECTION('',(1.,0.,0.));
#8658 = PCURVE('',#8576,#8659);
#8659 = DEFINITIONAL_REPRESENTATION('',(#8660),#8664);
#8660 = CIRCLE('',#8661,1.575);
#8661 = AXIS2_PLACEMENT_2D('',#8662,#8663);
#8662 = CARTESIAN_POINT('',(0.,-6.021627052289E-16));
#8663 = DIRECTION('',(1.,0.));
#8664 = ( GEOMETRIC_REPRESENTATION_CONTEXT(2) 
PARAMETRIC_REPRESENTATION_CONTEXT() REPRESENTATION_CONTEXT('2D SPACE',''
  ) );
#8665 = PCURVE('',#8666,#8671);
#8666 = CYLINDRICAL_SURFACE('',#8667,1.575);
#8667 = AXIS2_PLACEMENT_3D('',#8668,#8669,#8670);
#8668 = CARTESIAN_POINT('',(44.,-22.,8.));
#8669 = DIRECTION('',(-0.,-0.,-1.));
#8670 = DIRECTION('',(1.,0.,0.));
#8671 = DEFINITIONAL_REPRESENTATION('',(#8672),#8676);
#8672 = LINE('',#8673,#8674);
#8673 = CARTESIAN_POINT('',(-0.,-8.));
#8674 = VECTOR('',#8675,1.);
#8675 = DIRECTION('',(-1.,0.));
#8676 = ( GEOMETRIC_REPRESENTATION_CONTEXT(2) 
PARAMETRIC_REPRESENTATION_CONTEXT() REPRESENTATION_CONTEXT('2D SPACE',''
  ) );
#8677 = ADVANCED_FACE('',(#8678,#8681),#8626,.T.);
#8678 = FACE_BOUND('',#8679,.T.);
#8679 = EDGE_LOOP('',(#8680));
#8680 = ORIENTED_EDGE('',*,*,#8611,.F.);
#8681 = FACE_BOUND('',#8682,.T.);
#8682 = EDGE_LOOP('',(#8683));
#8683 = ORIENTED_EDGE('',*,*,#8684,.F.);
#8684 = EDGE_CURVE('',#8685,#8685,#8687,.T.);
#8685 = VERTEX_POINT('',#8686);
#8686 = CARTESIAN_POINT('',(49.85,-22.,17.1));
#8687 = SURFACE_CURVE('',#8688,(#8693,#8700),.PCURVE_S1.);
#8688 = CIRCLE('',#8689,5.85);
#8689 = AXIS2_PLACEMENT_3D('',#8690,#8691,#8692);
#8690 = CARTESIAN_POINT('',(44.,-22.,17.1));
#8691 = DIRECTION('',(0.,0.,1.));
#8692 = DIRECTION('',(1.,0.,0.));
#8693 = PCURVE('',#8626,#8694);
#8694 = DEFINITIONAL_REPRESENTATION('',(#8695),#8699);
#8695 = CIRCLE('',#8696,5.85);
#8696 = AXIS2_PLACEMENT_2D('',#8697,#8698);
#8697 = CARTESIAN_POINT('',(3.321377597886E-14,3.341888834508E-16));
#8698 = DIRECTION('',(1.,0.));
#8699 = ( GEOMETRIC_REPRESENTATION_CONTEXT(2) 
PARAMETRIC_REPRESENTATION_CONTEXT() REPRESENTATION_CONTEXT('2D SPACE',''
  ) );
#8700 = PCURVE('',#8701,#8706);
#8701 = CYLINDRICAL_SURFACE('',#8702,5.85);
#8702 = AXIS2_PLACEMENT_3D('',#8703,#8704,#8705);
#8703 = CARTESIAN_POINT('',(44.,-22.,17.1));
#8704 = DIRECTION('',(-0.,-0.,-1.));
#8705 = DIRECTION('',(1.,0.,0.));
#8706 = DEFINITIONAL_REPRESENTATION('',(#8707),#8711);
#8707 = LINE('',#8708,#8709);
#8708 = CARTESIAN_POINT('',(-0.,0.));
#8709 = VECTOR('',#8710,1.);
#8710 = DIRECTION('',(-1.,0.));
#8711 = ( GEOMETRIC_REPRESENTATION_CONTEXT(2) 
PARAMETRIC_REPRESENTATION_CONTEXT() REPRESENTATION_CONTEXT('2D SPACE',''
  ) );
#8712 = ADVANCED_FACE('',(#8713),#8666,.T.);
#8713 = FACE_BOUND('',#8714,.F.);
#8714 = EDGE_LOOP('',(#8715,#8738,#8739,#8740));
#8715 = ORIENTED_EDGE('',*,*,#8716,.T.);
#8716 = EDGE_CURVE('',#8717,#8650,#8719,.T.);
#8717 = VERTEX_POINT('',#8718);
#8718 = CARTESIAN_POINT('',(45.575,-22.,8.4));
#8719 = SEAM_CURVE('',#8720,(#8724,#8731),.PCURVE_S1.);
#8720 = LINE('',#8721,#8722);
#8721 = CARTESIAN_POINT('',(45.575,-22.,8.));
#8722 = VECTOR('',#8723,1.);
#8723 = DIRECTION('',(0.,0.,1.));
#8724 = PCURVE('',#8666,#8725);
#8725 = DEFINITIONAL_REPRESENTATION('',(#8726),#8730);
#8726 = LINE('',#8727,#8728);
#8727 = CARTESIAN_POINT('',(-0.,0.));
#8728 = VECTOR('',#8729,1.);
#8729 = DIRECTION('',(-0.,-1.));
#8730 = ( GEOMETRIC_REPRESENTATION_CONTEXT(2) 
PARAMETRIC_REPRESENTATION_CONTEXT() REPRESENTATION_CONTEXT('2D SPACE',''
  ) );
#8731 = PCURVE('',#8666,#8732);
#8732 = DEFINITIONAL_REPRESENTATION('',(#8733),#8737);
#8733 = LINE('',#8734,#8735);
#8734 = CARTESIAN_POINT('',(-6.28318530718,0.));
#8735 = VECTOR('',#8736,1.);
#8736 = DIRECTION('',(-0.,-1.));
#8737 = ( GEOMETRIC_REPRESENTATION_CONTEXT(2) 
PARAMETRIC_REPRESENTATION_CONTEXT() REPRESENTATION_CONTEXT('2D SPACE',''
  ) );
#8738 = ORIENTED_EDGE('',*,*,#8649,.T.);
#8739 = ORIENTED_EDGE('',*,*,#8716,.F.);
#8740 = ORIENTED_EDGE('',*,*,#8741,.F.);
#8741 = EDGE_CURVE('',#8717,#8717,#8742,.T.);
#8742 = SURFACE_CURVE('',#8743,(#8748,#8755),.PCURVE_S1.);
#8743 = CIRCLE('',#8744,1.575);
#8744 = AXIS2_PLACEMENT_3D('',#8745,#8746,#8747);
#8745 = CARTESIAN_POINT('',(44.,-22.,8.4));
#8746 = DIRECTION('',(0.,0.,1.));
#8747 = DIRECTION('',(1.,0.,0.));
#8748 = PCURVE('',#8666,#8749);
#8749 = DEFINITIONAL_REPRESENTATION('',(#8750),#8754);
#8750 = LINE('',#8751,#8752);
#8751 = CARTESIAN_POINT('',(-0.,-0.4));
#8752 = VECTOR('',#8753,1.);
#8753 = DIRECTION('',(-1.,0.));
#8754 = ( GEOMETRIC_REPRESENTATION_CONTEXT(2) 
PARAMETRIC_REPRESENTATION_CONTEXT() REPRESENTATION_CONTEXT('2D SPACE',''
  ) );
#8755 = PCURVE('',#8756,#8761);
#8756 = CONICAL_SURFACE('',#8757,1.575,0.785398163397);
#8757 = AXIS2_PLACEMENT_3D('',#8758,#8759,#8760);
#8758 = CARTESIAN_POINT('',(44.,-22.,8.4));
#8759 = DIRECTION('',(0.,0.,1.));
#8760 = DIRECTION('',(1.,0.,0.));
#8761 = DEFINITIONAL_REPRESENTATION('',(#8762),#8766);
#8762 = LINE('',#8763,#8764);
#8763 = CARTESIAN_POINT('',(0.,-0.));
#8764 = VECTOR('',#8765,1.);
#8765 = DIRECTION('',(1.,-0.));
#8766 = ( GEOMETRIC_REPRESENTATION_CONTEXT(2) 
PARAMETRIC_REPRESENTATION_CONTEXT() REPRESENTATION_CONTEXT('2D SPACE',''
  ) );
#8767 = ADVANCED_FACE('',(#8768),#8701,.T.);
#8768 = FACE_BOUND('',#8769,.F.);
#8769 = EDGE_LOOP('',(#8770,#8793,#8820,#8821));
#8770 = ORIENTED_EDGE('',*,*,#8771,.T.);
#8771 = EDGE_CURVE('',#8685,#8772,#8774,.T.);
#8772 = VERTEX_POINT('',#8773);
#8773 = CARTESIAN_POINT('',(49.85,-22.,18.1));
#8774 = SEAM_CURVE('',#8775,(#8779,#8786),.PCURVE_S1.);
#8775 = LINE('',#8776,#8777);
#8776 = CARTESIAN_POINT('',(49.85,-22.,17.1));
#8777 = VECTOR('',#8778,1.);
#8778 = DIRECTION('',(0.,0.,1.));
#8779 = PCURVE('',#8701,#8780);
#8780 = DEFINITIONAL_REPRESENTATION('',(#8781),#8785);
#8781 = LINE('',#8782,#8783);
#8782 = CARTESIAN_POINT('',(-0.,0.));
#8783 = VECTOR('',#8784,1.);
#8784 = DIRECTION('',(-0.,-1.));
#8785 = ( GEOMETRIC_REPRESENTATION_CONTEXT(2) 
PARAMETRIC_REPRESENTATION_CONTEXT() REPRESENTATION_CONTEXT('2D SPACE',''
  ) );
#8786 = PCURVE('',#8701,#8787);
#8787 = DEFINITIONAL_REPRESENTATION('',(#8788),#8792);
#8788 = LINE('',#8789,#8790);
#8789 = CARTESIAN_POINT('',(-6.28318530718,0.));
#8790 = VECTOR('',#8791,1.);
#8791 = DIRECTION('',(-0.,-1.));
#8792 = ( GEOMETRIC_REPRESENTATION_CONTEXT(2) 
PARAMETRIC_REPRESENTATION_CONTEXT() REPRESENTATION_CONTEXT('2D SPACE',''
  ) );
#8793 = ORIENTED_EDGE('',*,*,#8794,.T.);
#8794 = EDGE_CURVE('',#8772,#8772,#8795,.T.);
#8795 = SURFACE_CURVE('',#8796,(#8801,#8808),.PCURVE_S1.);
#8796 = CIRCLE('',#8797,5.85);
#8797 = AXIS2_PLACEMENT_3D('',#8798,#8799,#8800);
#8798 = CARTESIAN_POINT('',(44.,-22.,18.1));
#8799 = DIRECTION('',(0.,0.,1.));
#8800 = DIRECTION('',(1.,0.,0.));
#8801 = PCURVE('',#8701,#8802);
#8802 = DEFINITIONAL_REPRESENTATION('',(#8803),#8807);
#8803 = LINE('',#8804,#8805);
#8804 = CARTESIAN_POINT('',(-0.,-1.));
#8805 = VECTOR('',#8806,1.);
#8806 = DIRECTION('',(-1.,0.));
#8807 = ( GEOMETRIC_REPRESENTATION_CONTEXT(2) 
PARAMETRIC_REPRESENTATION_CONTEXT() REPRESENTATION_CONTEXT('2D SPACE',''
  ) );
#8808 = PCURVE('',#8809,#8814);
#8809 = PLANE('',#8810);
#8810 = AXIS2_PLACEMENT_3D('',#8811,#8812,#8813);
#8811 = CARTESIAN_POINT('',(44.,-22.,18.1));
#8812 = DIRECTION('',(0.,0.,1.));
#8813 = DIRECTION('',(1.,0.,0.));
#8814 = DEFINITIONAL_REPRESENTATION('',(#8815),#8819);
#8815 = CIRCLE('',#8816,5.85);
#8816 = AXIS2_PLACEMENT_2D('',#8817,#8818);
#8817 = CARTESIAN_POINT('',(3.321377597886E-14,3.341888834508E-16));
#8818 = DIRECTION('',(1.,0.));
#8819 = ( GEOMETRIC_REPRESENTATION_CONTEXT(2) 
PARAMETRIC_REPRESENTATION_CONTEXT() REPRESENTATION_CONTEXT('2D SPACE',''
  ) );
#8820 = ORIENTED_EDGE('',*,*,#8771,.F.);
#8821 = ORIENTED_EDGE('',*,*,#8684,.F.);
#8822 = ADVANCED_FACE('',(#8823),#8756,.T.);
#8823 = FACE_BOUND('',#8824,.F.);
#8824 = EDGE_LOOP('',(#8825,#8846,#8847,#8848));
#8825 = ORIENTED_EDGE('',*,*,#8826,.F.);
#8826 = EDGE_CURVE('',#8717,#8827,#8829,.T.);
#8827 = VERTEX_POINT('',#8828);
#8828 = CARTESIAN_POINT('',(45.175,-22.,8.));
#8829 = SEAM_CURVE('',#8830,(#8834,#8840),.PCURVE_S1.);
#8830 = LINE('',#8831,#8832);
#8831 = CARTESIAN_POINT('',(45.575,-22.,8.4));
#8832 = VECTOR('',#8833,1.);
#8833 = DIRECTION('',(-0.707106781187,-0.,-0.707106781187));
#8834 = PCURVE('',#8756,#8835);
#8835 = DEFINITIONAL_REPRESENTATION('',(#8836),#8839);
#8836 = B_SPLINE_CURVE_WITH_KNOTS('',1,(#8837,#8838),.UNSPECIFIED.,.F.,
  .F.,(2,2),(0.,0.565685424949),.PIECEWISE_BEZIER_KNOTS.);
#8837 = CARTESIAN_POINT('',(0.,0.));
#8838 = CARTESIAN_POINT('',(0.,-0.4));
#8839 = ( GEOMETRIC_REPRESENTATION_CONTEXT(2) 
PARAMETRIC_REPRESENTATION_CONTEXT() REPRESENTATION_CONTEXT('2D SPACE',''
  ) );
#8840 = PCURVE('',#8756,#8841);
#8841 = DEFINITIONAL_REPRESENTATION('',(#8842),#8845);
#8842 = B_SPLINE_CURVE_WITH_KNOTS('',1,(#8843,#8844),.UNSPECIFIED.,.F.,
  .F.,(2,2),(0.,0.565685424949),.PIECEWISE_BEZIER_KNOTS.);
#8843 = CARTESIAN_POINT('',(6.28318530718,0.));
#8844 = CARTESIAN_POINT('',(6.28318530718,-0.4));
#8845 = ( GEOMETRIC_REPRESENTATION_CONTEXT(2) 
PARAMETRIC_REPRESENTATION_CONTEXT() REPRESENTATION_CONTEXT('2D SPACE',''
  ) );
#8846 = ORIENTED_EDGE('',*,*,#8741,.T.);
#8847 = ORIENTED_EDGE('',*,*,#8826,.T.);
#8848 = ORIENTED_EDGE('',*,*,#8849,.F.);
#8849 = EDGE_CURVE('',#8827,#8827,#8850,.T.);
#8850 = SURFACE_CURVE('',#8851,(#8856,#8863),.PCURVE_S1.);
#8851 = CIRCLE('',#8852,1.175);
#8852 = AXIS2_PLACEMENT_3D('',#8853,#8854,#8855);
#8853 = CARTESIAN_POINT('',(44.,-22.,8.));
#8854 = DIRECTION('',(0.,0.,1.));
#8855 = DIRECTION('',(1.,0.,0.));
#8856 = PCURVE('',#8756,#8857);
#8857 = DEFINITIONAL_REPRESENTATION('',(#8858),#8862);
#8858 = LINE('',#8859,#8860);
#8859 = CARTESIAN_POINT('',(0.,-0.4));
#8860 = VECTOR('',#8861,1.);
#8861 = DIRECTION('',(1.,-0.));
#8862 = ( GEOMETRIC_REPRESENTATION_CONTEXT(2) 
PARAMETRIC_REPRESENTATION_CONTEXT() REPRESENTATION_CONTEXT('2D SPACE',''
  ) );
#8863 = PCURVE('',#8864,#8869);
#8864 = PLANE('',#8865);
#8865 = AXIS2_PLACEMENT_3D('',#8866,#8867,#8868);
#8866 = CARTESIAN_POINT('',(44.,-22.,8.));
#8867 = DIRECTION('',(0.,0.,1.));
#8868 = DIRECTION('',(1.,0.,0.));
#8869 = DEFINITIONAL_REPRESENTATION('',(#8870),#8874);
#8870 = CIRCLE('',#8871,1.175);
#8871 = AXIS2_PLACEMENT_2D('',#8872,#8873);
#8872 = CARTESIAN_POINT('',(5.426349732299E-17,-4.423303769075E-17));
#8873 = DIRECTION('',(1.,0.));
#8874 = ( GEOMETRIC_REPRESENTATION_CONTEXT(2) 
PARAMETRIC_REPRESENTATION_CONTEXT() REPRESENTATION_CONTEXT('2D SPACE',''
  ) );
#8875 = ADVANCED_FACE('',(#8876,#8911),#8809,.F.);
#8876 = FACE_BOUND('',#8877,.F.);
#8877 = EDGE_LOOP('',(#8878));
#8878 = ORIENTED_EDGE('',*,*,#8879,.F.);
#8879 = EDGE_CURVE('',#8880,#8880,#8882,.T.);
#8880 = VERTEX_POINT('',#8881);
#8881 = CARTESIAN_POINT('',(50.35,-22.,18.1));
#8882 = SURFACE_CURVE('',#8883,(#8888,#8899),.PCURVE_S1.);
#8883 = CIRCLE('',#8884,6.35);
#8884 = AXIS2_PLACEMENT_3D('',#8885,#8886,#8887);
#8885 = CARTESIAN_POINT('',(44.,-22.,18.1));
#8886 = DIRECTION('',(0.,0.,-1.));
#8887 = DIRECTION('',(1.,0.,0.));
#8888 = PCURVE('',#8809,#8889);
#8889 = DEFINITIONAL_REPRESENTATION('',(#8890),#8898);
#8890 = ( BOUNDED_CURVE() B_SPLINE_CURVE(2,(#8891,#8892,#8893,#8894,
#8895,#8896,#8897),.UNSPECIFIED.,.T.,.F.) B_SPLINE_CURVE_WITH_KNOTS((1,2
    ,2,2,2,1),(-2.094395102393,0.,2.094395102393,4.188790204786,
6.28318530718,8.377580409573),.UNSPECIFIED.) CURVE() 
GEOMETRIC_REPRESENTATION_ITEM() RATIONAL_B_SPLINE_CURVE((1.,0.5,1.,0.5,
1.,0.5,1.)) REPRESENTATION_ITEM('') );
#8891 = CARTESIAN_POINT('',(6.35,-1.196249076369E-16));
#8892 = CARTESIAN_POINT('',(6.35,-10.99852262806));
#8893 = CARTESIAN_POINT('',(-3.175,-5.499261314031));
#8894 = CARTESIAN_POINT('',(-12.7,-1.674926342554E-15));
#8895 = CARTESIAN_POINT('',(-3.175,5.499261314031));
#8896 = CARTESIAN_POINT('',(6.35,10.998522628062));
#8897 = CARTESIAN_POINT('',(6.35,-1.196249076369E-16));
#8898 = ( GEOMETRIC_REPRESENTATION_CONTEXT(2) 
PARAMETRIC_REPRESENTATION_CONTEXT() REPRESENTATION_CONTEXT('2D SPACE',''
  ) );
#8899 = PCURVE('',#8900,#8905);
#8900 = CYLINDRICAL_SURFACE('',#8901,6.35);
#8901 = AXIS2_PLACEMENT_3D('',#8902,#8903,#8904);
#8902 = CARTESIAN_POINT('',(44.,-22.,16.));
#8903 = DIRECTION('',(-0.,-0.,-1.));
#8904 = DIRECTION('',(1.,0.,0.));
#8905 = DEFINITIONAL_REPRESENTATION('',(#8906),#8910);
#8906 = LINE('',#8907,#8908);
#8907 = CARTESIAN_POINT('',(-6.28318530718,-2.1));
#8908 = VECTOR('',#8909,1.);
#8909 = DIRECTION('',(1.,-0.));
#8910 = ( GEOMETRIC_REPRESENTATION_CONTEXT(2) 
PARAMETRIC_REPRESENTATION_CONTEXT() REPRESENTATION_CONTEXT('2D SPACE',''
  ) );
#8911 = FACE_BOUND('',#8912,.F.);
#8912 = EDGE_LOOP('',(#8913));
#8913 = ORIENTED_EDGE('',*,*,#8794,.F.);
#8914 = ADVANCED_FACE('',(#8915),#8864,.F.);
#8915 = FACE_BOUND('',#8916,.F.);
#8916 = EDGE_LOOP('',(#8917));
#8917 = ORIENTED_EDGE('',*,*,#8849,.T.);
#8918 = ADVANCED_FACE('',(#8919),#8900,.T.);
#8919 = FACE_BOUND('',#8920,.F.);
#8920 = EDGE_LOOP('',(#8921,#8922,#8945,#8972));
#8921 = ORIENTED_EDGE('',*,*,#8879,.T.);
#8922 = ORIENTED_EDGE('',*,*,#8923,.T.);
#8923 = EDGE_CURVE('',#8880,#8924,#8926,.T.);
#8924 = VERTEX_POINT('',#8925);
#8925 = CARTESIAN_POINT('',(50.35,-22.,19.));
#8926 = SEAM_CURVE('',#8927,(#8931,#8938),.PCURVE_S1.);
#8927 = LINE('',#8928,#8929);
#8928 = CARTESIAN_POINT('',(50.35,-22.,16.));
#8929 = VECTOR('',#8930,1.);
#8930 = DIRECTION('',(0.,0.,1.));
#8931 = PCURVE('',#8900,#8932);
#8932 = DEFINITIONAL_REPRESENTATION('',(#8933),#8937);
#8933 = LINE('',#8934,#8935);
#8934 = CARTESIAN_POINT('',(-6.28318530718,0.));
#8935 = VECTOR('',#8936,1.);
#8936 = DIRECTION('',(-0.,-1.));
#8937 = ( GEOMETRIC_REPRESENTATION_CONTEXT(2) 
PARAMETRIC_REPRESENTATION_CONTEXT() REPRESENTATION_CONTEXT('2D SPACE',''
  ) );
#8938 = PCURVE('',#8900,#8939);
#8939 = DEFINITIONAL_REPRESENTATION('',(#8940),#8944);
#8940 = LINE('',#8941,#8942);
#8941 = CARTESIAN_POINT('',(-0.,0.));
#8942 = VECTOR('',#8943,1.);
#8943 = DIRECTION('',(-0.,-1.));
#8944 = ( GEOMETRIC_REPRESENTATION_CONTEXT(2) 
PARAMETRIC_REPRESENTATION_CONTEXT() REPRESENTATION_CONTEXT('2D SPACE',''
  ) );
#8945 = ORIENTED_EDGE('',*,*,#8946,.T.);
#8946 = EDGE_CURVE('',#8924,#8924,#8947,.T.);
#8947 = SURFACE_CURVE('',#8948,(#8953,#8960),.PCURVE_S1.);
#8948 = CIRCLE('',#8949,6.35);
#8949 = AXIS2_PLACEMENT_3D('',#8950,#8951,#8952);
#8950 = CARTESIAN_POINT('',(44.,-22.,19.));
#8951 = DIRECTION('',(0.,0.,1.));
#8952 = DIRECTION('',(1.,0.,0.));
#8953 = PCURVE('',#8900,#8954);
#8954 = DEFINITIONAL_REPRESENTATION('',(#8955),#8959);
#8955 = LINE('',#8956,#8957);
#8956 = CARTESIAN_POINT('',(-0.,-3.));
#8957 = VECTOR('',#8958,1.);
#8958 = DIRECTION('',(-1.,0.));
#8959 = ( GEOMETRIC_REPRESENTATION_CONTEXT(2) 
PARAMETRIC_REPRESENTATION_CONTEXT() REPRESENTATION_CONTEXT('2D SPACE',''
  ) );
#8960 = PCURVE('',#8961,#8966);
#8961 = CONICAL_SURFACE('',#8962,6.35,0.785398163397);
#8962 = AXIS2_PLACEMENT_3D('',#8963,#8964,#8965);
#8963 = CARTESIAN_POINT('',(44.,-22.,19.));
#8964 = DIRECTION('',(-0.,-0.,-1.));
#8965 = DIRECTION('',(1.,0.,0.));
#8966 = DEFINITIONAL_REPRESENTATION('',(#8967),#8971);
#8967 = LINE('',#8968,#8969);
#8968 = CARTESIAN_POINT('',(-0.,-0.));
#8969 = VECTOR('',#8970,1.);
#8970 = DIRECTION('',(-1.,-0.));
#8971 = ( GEOMETRIC_REPRESENTATION_CONTEXT(2) 
PARAMETRIC_REPRESENTATION_CONTEXT() REPRESENTATION_CONTEXT('2D SPACE',''
  ) );
#8972 = ORIENTED_EDGE('',*,*,#8923,.F.);
#8973 = ADVANCED_FACE('',(#8974),#8961,.T.);
#8974 = FACE_BOUND('',#8975,.T.);
#8975 = EDGE_LOOP('',(#8976,#8997,#8998,#8999));
#8976 = ORIENTED_EDGE('',*,*,#8977,.F.);
#8977 = EDGE_CURVE('',#8924,#8978,#8980,.T.);
#8978 = VERTEX_POINT('',#8979);
#8979 = CARTESIAN_POINT('',(50.15,-22.,19.2));
#8980 = SEAM_CURVE('',#8981,(#8985,#8991),.PCURVE_S1.);
#8981 = LINE('',#8982,#8983);
#8982 = CARTESIAN_POINT('',(50.35,-22.,19.));
#8983 = VECTOR('',#8984,1.);
#8984 = DIRECTION('',(-0.707106781187,0.,0.707106781187));
#8985 = PCURVE('',#8961,#8986);
#8986 = DEFINITIONAL_REPRESENTATION('',(#8987),#8990);
#8987 = B_SPLINE_CURVE_WITH_KNOTS('',1,(#8988,#8989),.UNSPECIFIED.,.F.,
  .F.,(2,2),(0.,0.282842712475),.PIECEWISE_BEZIER_KNOTS.);
#8988 = CARTESIAN_POINT('',(0.,0.));
#8989 = CARTESIAN_POINT('',(0.,-0.2));
#8990 = ( GEOMETRIC_REPRESENTATION_CONTEXT(2) 
PARAMETRIC_REPRESENTATION_CONTEXT() REPRESENTATION_CONTEXT('2D SPACE',''
  ) );
#8991 = PCURVE('',#8961,#8992);
#8992 = DEFINITIONAL_REPRESENTATION('',(#8993),#8996);
#8993 = B_SPLINE_CURVE_WITH_KNOTS('',1,(#8994,#8995),.UNSPECIFIED.,.F.,
  .F.,(2,2),(0.,0.282842712475),.PIECEWISE_BEZIER_KNOTS.);
#8994 = CARTESIAN_POINT('',(-6.28318530718,0.));
#8995 = CARTESIAN_POINT('',(-6.28318530718,-0.2));
#8996 = ( GEOMETRIC_REPRESENTATION_CONTEXT(2) 
PARAMETRIC_REPRESENTATION_CONTEXT() REPRESENTATION_CONTEXT('2D SPACE',''
  ) );
#8997 = ORIENTED_EDGE('',*,*,#8946,.T.);
#8998 = ORIENTED_EDGE('',*,*,#8977,.T.);
#8999 = ORIENTED_EDGE('',*,*,#9000,.F.);
#9000 = EDGE_CURVE('',#8978,#8978,#9001,.T.);
#9001 = SURFACE_CURVE('',#9002,(#9007,#9014),.PCURVE_S1.);
#9002 = CIRCLE('',#9003,6.15);
#9003 = AXIS2_PLACEMENT_3D('',#9004,#9005,#9006);
#9004 = CARTESIAN_POINT('',(44.,-22.,19.2));
#9005 = DIRECTION('',(0.,0.,1.));
#9006 = DIRECTION('',(1.,0.,0.));
#9007 = PCURVE('',#8961,#9008);
#9008 = DEFINITIONAL_REPRESENTATION('',(#9009),#9013);
#9009 = LINE('',#9010,#9011);
#9010 = CARTESIAN_POINT('',(-0.,-0.2));
#9011 = VECTOR('',#9012,1.);
#9012 = DIRECTION('',(-1.,-0.));
#9013 = ( GEOMETRIC_REPRESENTATION_CONTEXT(2) 
PARAMETRIC_REPRESENTATION_CONTEXT() REPRESENTATION_CONTEXT('2D SPACE',''
  ) );
#9014 = PCURVE('',#9015,#9020);
#9015 = PLANE('',#9016);
#9016 = AXIS2_PLACEMENT_3D('',#9017,#9018,#9019);
#9017 = CARTESIAN_POINT('',(44.,-22.,19.2));
#9018 = DIRECTION('',(0.,0.,1.));
#9019 = DIRECTION('',(1.,0.,0.));
#9020 = DEFINITIONAL_REPRESENTATION('',(#9021),#9025);
#9021 = CIRCLE('',#9022,6.15);
#9022 = AXIS2_PLACEMENT_2D('',#9023,#9024);
#9023 = CARTESIAN_POINT('',(0.,-6.021627052289E-16));
#9024 = DIRECTION('',(1.,0.));
#9025 = ( GEOMETRIC_REPRESENTATION_CONTEXT(2) 
PARAMETRIC_REPRESENTATION_CONTEXT() REPRESENTATION_CONTEXT('2D SPACE',''
  ) );
#9026 = ADVANCED_FACE('',(#9027),#9015,.T.);
#9027 = FACE_BOUND('',#9028,.T.);
#9028 = EDGE_LOOP('',(#9029));
#9029 = ORIENTED_EDGE('',*,*,#9000,.T.);
#9030 = ( GEOMETRIC_REPRESENTATION_CONTEXT(3) 
GLOBAL_UNCERTAINTY_ASSIGNED_CONTEXT((#9034)) 
GLOBAL_UNIT_ASSIGNED_CONTEXT((#9031,#9032,#9033)) REPRESENTATION_CONTEXT
('Context #1','3D Context with UNIT and UNCERTAINTY') );
#9031 = ( LENGTH_UNIT() NAMED_UNIT(*) SI_UNIT(.MILLI.,.METRE.) );
#9032 = ( NAMED_UNIT(*) PLANE_ANGLE_UNIT() SI_UNIT($,.RADIAN.) );
#9033 = ( NAMED_UNIT(*) SI_UNIT($,.STERADIAN.) SOLID_ANGLE_UNIT() );
#9034 = UNCERTAINTY_MEASURE_WITH_UNIT(LENGTH_MEASURE(1.E-07),#9031,
  'distance_accuracy_value','confusion accuracy');
#9035 = CONTEXT_DEPENDENT_SHAPE_REPRESENTATION(#9036,#9038);
#9036 = ( REPRESENTATION_RELATIONSHIP('','',#8547,#10) 
REPRESENTATION_RELATIONSHIP_WITH_TRANSFORMATION(#9037) 
SHAPE_REPRESENTATION_RELATIONSHIP() );
#9037 = ITEM_DEFINED_TRANSFORMATION('','',#11,#67);
#9038 = PRODUCT_DEFINITION_SHAPE('Placement','Placement of an item',
  #9039);
#9039 = NEXT_ASSEMBLY_USAGE_OCCURRENCE('162','stub 5 stub','',#5,#8542,$
  );
#9040 = PRODUCT_RELATED_PRODUCT_CATEGORY('part',$,(#8544));
#9041 = SHAPE_DEFINITION_REPRESENTATION(#9042,#9048);
#9042 = PRODUCT_DEFINITION_SHAPE('','',#9043);
#9043 = PRODUCT_DEFINITION('design','',#9044,#9047);
#9044 = PRODUCT_DEFINITION_FORMATION('','',#9045);
#9045 = PRODUCT('stub 5 carbon tab','stub 5 carbon tab','',(#9046));
#9046 = PRODUCT_CONTEXT('',#2,'mechanical');
#9047 = PRODUCT_DEFINITION_CONTEXT('part definition',#2,'design');
#9048 = ADVANCED_BREP_SHAPE_REPRESENTATION('',(#11,#9049),#9147);
#9049 = MANIFOLD_SOLID_BREP('',#9050);
#9050 = CLOSED_SHELL('',(#9051,#9139,#9143));
#9051 = ADVANCED_FACE('',(#9052),#9066,.T.);
#9052 = FACE_BOUND('',#9053,.F.);
#9053 = EDGE_LOOP('',(#9054,#9084,#9111,#9112));
#9054 = ORIENTED_EDGE('',*,*,#9055,.T.);
#9055 = EDGE_CURVE('',#9056,#9058,#9060,.T.);
#9056 = VERTEX_POINT('',#9057);
#9057 = CARTESIAN_POINT('',(49.85,-22.,19.2));
#9058 = VERTEX_POINT('',#9059);
#9059 = CARTESIAN_POINT('',(49.85,-22.,19.35));
#9060 = SEAM_CURVE('',#9061,(#9065,#9077),.PCURVE_S1.);
#9061 = LINE('',#9062,#9063);
#9062 = CARTESIAN_POINT('',(49.85,-22.,19.2));
#9063 = VECTOR('',#9064,1.);
#9064 = DIRECTION('',(0.,0.,1.));
#9065 = PCURVE('',#9066,#9071);
#9066 = CYLINDRICAL_SURFACE('',#9067,5.85);
#9067 = AXIS2_PLACEMENT_3D('',#9068,#9069,#9070);
#9068 = CARTESIAN_POINT('',(44.,-22.,19.2));
#9069 = DIRECTION('',(-0.,-0.,-1.));
#9070 = DIRECTION('',(1.,0.,0.));
#9071 = DEFINITIONAL_REPRESENTATION('',(#9072),#9076);
#9072 = LINE('',#9073,#9074);
#9073 = CARTESIAN_POINT('',(-0.,0.));
#9074 = VECTOR('',#9075,1.);
#9075 = DIRECTION('',(-0.,-1.));
#9076 = ( GEOMETRIC_REPRESENTATION_CONTEXT(2) 
PARAMETRIC_REPRESENTATION_CONTEXT() REPRESENTATION_CONTEXT('2D SPACE',''
  ) );
#9077 = PCURVE('',#9066,#9078);
#9078 = DEFINITIONAL_REPRESENTATION('',(#9079),#9083);
#9079 = LINE('',#9080,#9081);
#9080 = CARTESIAN_POINT('',(-6.28318530718,0.));
#9081 = VECTOR('',#9082,1.);
#9082 = DIRECTION('',(-0.,-1.));
#9083 = ( GEOMETRIC_REPRESENTATION_CONTEXT(2) 
PARAMETRIC_REPRESENTATION_CONTEXT() REPRESENTATION_CONTEXT('2D SPACE',''
  ) );
#9084 = ORIENTED_EDGE('',*,*,#9085,.T.);
#9085 = EDGE_CURVE('',#9058,#9058,#9086,.T.);
#9086 = SURFACE_CURVE('',#9087,(#9092,#9099),.PCURVE_S1.);
#9087 = CIRCLE('',#9088,5.85);
#9088 = AXIS2_PLACEMENT_3D('',#9089,#9090,#9091);
#9089 = CARTESIAN_POINT('',(44.,-22.,19.35));
#9090 = DIRECTION('',(0.,0.,1.));
#9091 = DIRECTION('',(1.,0.,0.));
#9092 = PCURVE('',#9066,#9093);
#9093 = DEFINITIONAL_REPRESENTATION('',(#9094),#9098);
#9094 = LINE('',#9095,#9096);
#9095 = CARTESIAN_POINT('',(-0.,-0.15));
#9096 = VECTOR('',#9097,1.);
#9097 = DIRECTION('',(-1.,0.));
#9098 = ( GEOMETRIC_REPRESENTATION_CONTEXT(2) 
PARAMETRIC_REPRESENTATION_CONTEXT() REPRESENTATION_CONTEXT('2D SPACE',''
  ) );
#9099 = PCURVE('',#9100,#9105);
#9100 = PLANE('',#9101);
#9101 = AXIS2_PLACEMENT_3D('',#9102,#9103,#9104);
#9102 = CARTESIAN_POINT('',(44.,-22.,19.35));
#9103 = DIRECTION('',(0.,0.,1.));
#9104 = DIRECTION('',(1.,0.,0.));
#9105 = DEFINITIONAL_REPRESENTATION('',(#9106),#9110);
#9106 = CIRCLE('',#9107,5.85);
#9107 = AXIS2_PLACEMENT_2D('',#9108,#9109);
#9108 = CARTESIAN_POINT('',(2.337504500067E-16,-2.286947741797E-16));
#9109 = DIRECTION('',(1.,0.));
#9110 = ( GEOMETRIC_REPRESENTATION_CONTEXT(2) 
PARAMETRIC_REPRESENTATION_CONTEXT() REPRESENTATION_CONTEXT('2D SPACE',''
  ) );
#9111 = ORIENTED_EDGE('',*,*,#9055,.F.);
#9112 = ORIENTED_EDGE('',*,*,#9113,.F.);
#9113 = EDGE_CURVE('',#9056,#9056,#9114,.T.);
#9114 = SURFACE_CURVE('',#9115,(#9120,#9127),.PCURVE_S1.);
#9115 = CIRCLE('',#9116,5.85);
#9116 = AXIS2_PLACEMENT_3D('',#9117,#9118,#9119);
#9117 = CARTESIAN_POINT('',(44.,-22.,19.2));
#9118 = DIRECTION('',(0.,0.,1.));
#9119 = DIRECTION('',(1.,0.,0.));
#9120 = PCURVE('',#9066,#9121);
#9121 = DEFINITIONAL_REPRESENTATION('',(#9122),#9126);
#9122 = LINE('',#9123,#9124);
#9123 = CARTESIAN_POINT('',(-0.,0.));
#9124 = VECTOR('',#9125,1.);
#9125 = DIRECTION('',(-1.,0.));
#9126 = ( GEOMETRIC_REPRESENTATION_CONTEXT(2) 
PARAMETRIC_REPRESENTATION_CONTEXT() REPRESENTATION_CONTEXT('2D SPACE',''
  ) );
#9127 = PCURVE('',#9128,#9133);
#9128 = PLANE('',#9129);
#9129 = AXIS2_PLACEMENT_3D('',#9130,#9131,#9132);
#9130 = CARTESIAN_POINT('',(44.,-22.,19.2));
#9131 = DIRECTION('',(0.,0.,1.));
#9132 = DIRECTION('',(1.,0.,0.));
#9133 = DEFINITIONAL_REPRESENTATION('',(#9134),#9138);
#9134 = CIRCLE('',#9135,5.85);
#9135 = AXIS2_PLACEMENT_2D('',#9136,#9137);
#9136 = CARTESIAN_POINT('',(2.337504500067E-16,-2.286947741797E-16));
#9137 = DIRECTION('',(1.,0.));
#9138 = ( GEOMETRIC_REPRESENTATION_CONTEXT(2) 
PARAMETRIC_REPRESENTATION_CONTEXT() REPRESENTATION_CONTEXT('2D SPACE',''
  ) );
#9139 = ADVANCED_FACE('',(#9140),#9128,.F.);
#9140 = FACE_BOUND('',#9141,.F.);
#9141 = EDGE_LOOP('',(#9142));
#9142 = ORIENTED_EDGE('',*,*,#9113,.T.);
#9143 = ADVANCED_FACE('',(#9144),#9100,.T.);
#9144 = FACE_BOUND('',#9145,.T.);
#9145 = EDGE_LOOP('',(#9146));
#9146 = ORIENTED_EDGE('',*,*,#9085,.T.);
#9147 = ( GEOMETRIC_REPRESENTATION_CONTEXT(3) 
GLOBAL_UNCERTAINTY_ASSIGNED_CONTEXT((#9151)) 
GLOBAL_UNIT_ASSIGNED_CONTEXT((#9148,#9149,#9150)) REPRESENTATION_CONTEXT
('Context #1','3D Context with UNIT and UNCERTAINTY') );
#9148 = ( LENGTH_UNIT() NAMED_UNIT(*) SI_UNIT(.MILLI.,.METRE.) );
#9149 = ( NAMED_UNIT(*) PLANE_ANGLE_UNIT() SI_UNIT($,.RADIAN.) );
#9150 = ( NAMED_UNIT(*) SI_UNIT($,.STERADIAN.) SOLID_ANGLE_UNIT() );
#9151 = UNCERTAINTY_MEASURE_WITH_UNIT(LENGTH_MEASURE(1.E-07),#9148,
  'distance_accuracy_value','confusion accuracy');
#9152 = CONTEXT_DEPENDENT_SHAPE_REPRESENTATION(#9153,#9155);
#9153 = ( REPRESENTATION_RELATIONSHIP('','',#9048,#10) 
REPRESENTATION_RELATIONSHIP_WITH_TRANSFORMATION(#9154) 
SHAPE_REPRESENTATION_RELATIONSHIP() );
#9154 = ITEM_DEFINED_TRANSFORMATION('','',#11,#71);
#9155 = PRODUCT_DEFINITION_SHAPE('Placement','Placement of an item',
  #9156);
#9156 = NEXT_ASSEMBLY_USAGE_OCCURRENCE('163','stub 5 carbon tab','',#5,
  #9043,$);
#9157 = PRODUCT_RELATED_PRODUCT_CATEGORY('part',$,(#9045));
#9158 = SHAPE_DEFINITION_REPRESENTATION(#9159,#9165);
#9159 = PRODUCT_DEFINITION_SHAPE('','',#9160);
#9160 = PRODUCT_DEFINITION('design','',#9161,#9164);
#9161 = PRODUCT_DEFINITION_FORMATION('','',#9162);
#9162 = PRODUCT('stub 5 sample','stub 5 sample','',(#9163));
#9163 = PRODUCT_CONTEXT('',#2,'mechanical');
#9164 = PRODUCT_DEFINITION_CONTEXT('part definition',#2,'design');
#9165 = ADVANCED_BREP_SHAPE_REPRESENTATION('',(#11,#9166),#9816);
#9166 = MANIFOLD_SOLID_BREP('',#9167);
#9167 = CLOSED_SHELL('',(#9168,#9288,#9366,#9444,#9520,#9598,#9674,#9747
    ,#9794,#9805));
#9168 = ADVANCED_FACE('',(#9169),#9183,.T.);
#9169 = FACE_BOUND('',#9170,.T.);
#9170 = EDGE_LOOP('',(#9171,#9206,#9234,#9262));
#9171 = ORIENTED_EDGE('',*,*,#9172,.T.);
#9172 = EDGE_CURVE('',#9173,#9175,#9177,.T.);
#9173 = VERTEX_POINT('',#9174);
#9174 = CARTESIAN_POINT('',(41.1425,-23.8225,19.35));
#9175 = VERTEX_POINT('',#9176);
#9176 = CARTESIAN_POINT('',(41.1425,-23.8225,20.85));
#9177 = SURFACE_CURVE('',#9178,(#9182,#9194),.PCURVE_S1.);
#9178 = LINE('',#9179,#9180);
#9179 = CARTESIAN_POINT('',(41.1425,-23.8225,19.35));
#9180 = VECTOR('',#9181,1.);
#9181 = DIRECTION('',(0.,0.,1.));
#9182 = PCURVE('',#9183,#9188);
#9183 = PLANE('',#9184);
#9184 = AXIS2_PLACEMENT_3D('',#9185,#9186,#9187);
#9185 = CARTESIAN_POINT('',(41.1425,-23.8225,19.35));
#9186 = DIRECTION('',(-1.,0.,0.));
#9187 = DIRECTION('',(0.,1.,0.));
#9188 = DEFINITIONAL_REPRESENTATION('',(#9189),#9193);
#9189 = LINE('',#9190,#9191);
#9190 = CARTESIAN_POINT('',(0.,0.));
#9191 = VECTOR('',#9192,1.);
#9192 = DIRECTION('',(0.,-1.));
#9193 = ( GEOMETRIC_REPRESENTATION_CONTEXT(2) 
PARAMETRIC_REPRESENTATION_CONTEXT() REPRESENTATION_CONTEXT('2D SPACE',''
  ) );
#9194 = PCURVE('',#9195,#9200);
#9195 = CYLINDRICAL_SURFACE('',#9196,0.4);
#9196 = AXIS2_PLACEMENT_3D('',#9197,#9198,#9199);
#9197 = CARTESIAN_POINT('',(41.5425,-23.8225,19.35));
#9198 = DIRECTION('',(-0.,-0.,-1.));
#9199 = DIRECTION('',(1.,0.,0.));
#9200 = DEFINITIONAL_REPRESENTATION('',(#9201),#9205);
#9201 = LINE('',#9202,#9203);
#9202 = CARTESIAN_POINT('',(-3.14159265359,0.));
#9203 = VECTOR('',#9204,1.);
#9204 = DIRECTION('',(-0.,-1.));
#9205 = ( GEOMETRIC_REPRESENTATION_CONTEXT(2) 
PARAMETRIC_REPRESENTATION_CONTEXT() REPRESENTATION_CONTEXT('2D SPACE',''
  ) );
#9206 = ORIENTED_EDGE('',*,*,#9207,.T.);
#9207 = EDGE_CURVE('',#9175,#9208,#9210,.T.);
#9208 = VERTEX_POINT('',#9209);
#9209 = CARTESIAN_POINT('',(41.1425,-20.1775,20.85));
#9210 = SURFACE_CURVE('',#9211,(#9215,#9222),.PCURVE_S1.);
#9211 = LINE('',#9212,#9213);
#9212 = CARTESIAN_POINT('',(41.1425,-22.,20.85));
#9213 = VECTOR('',#9214,1.);
#9214 = DIRECTION('',(0.,1.,0.));
#9215 = PCURVE('',#9183,#9216);
#9216 = DEFINITIONAL_REPRESENTATION('',(#9217),#9221);
#9217 = LINE('',#9218,#9219);
#9218 = CARTESIAN_POINT('',(1.8225,-1.5));
#9219 = VECTOR('',#9220,1.);
#9220 = DIRECTION('',(1.,0.));
#9221 = ( GEOMETRIC_REPRESENTATION_CONTEXT(2) 
PARAMETRIC_REPRESENTATION_CONTEXT() REPRESENTATION_CONTEXT('2D SPACE',''
  ) );
#9222 = PCURVE('',#9223,#9228);
#9223 = PLANE('',#9224);
#9224 = AXIS2_PLACEMENT_3D('',#9225,#9226,#9227);
#9225 = CARTESIAN_POINT('',(44.,-22.,20.85));
#9226 = DIRECTION('',(0.,0.,1.));
#9227 = DIRECTION('',(1.,0.,0.));
#9228 = DEFINITIONAL_REPRESENTATION('',(#9229),#9233);
#9229 = LINE('',#9230,#9231);
#9230 = CARTESIAN_POINT('',(-2.8575,0.));
#9231 = VECTOR('',#9232,1.);
#9232 = DIRECTION('',(0.,1.));
#9233 = ( GEOMETRIC_REPRESENTATION_CONTEXT(2) 
PARAMETRIC_REPRESENTATION_CONTEXT() REPRESENTATION_CONTEXT('2D SPACE',''
  ) );
#9234 = ORIENTED_EDGE('',*,*,#9235,.F.);
#9235 = EDGE_CURVE('',#9236,#9208,#9238,.T.);
#9236 = VERTEX_POINT('',#9237);
#9237 = CARTESIAN_POINT('',(41.1425,-20.1775,19.35));
#9238 = SURFACE_CURVE('',#9239,(#9243,#9250),.PCURVE_S1.);
#9239 = LINE('',#9240,#9241);
#9240 = CARTESIAN_POINT('',(41.1425,-20.1775,19.35));
#9241 = VECTOR('',#9242,1.);
#9242 = DIRECTION('',(0.,0.,1.));
#9243 = PCURVE('',#9183,#9244);
#9244 = DEFINITIONAL_REPRESENTATION('',(#9245),#9249);
#9245 = LINE('',#9246,#9247);
#9246 = CARTESIAN_POINT('',(3.645,0.));
#9247 = VECTOR('',#9248,1.);
#9248 = DIRECTION('',(0.,-1.));
#9249 = ( GEOMETRIC_REPRESENTATION_CONTEXT(2) 
PARAMETRIC_REPRESENTATION_CONTEXT() REPRESENTATION_CONTEXT('2D SPACE',''
  ) );
#9250 = PCURVE('',#9251,#9256);
#9251 = CYLINDRICAL_SURFACE('',#9252,0.4);
#9252 = AXIS2_PLACEMENT_3D('',#9253,#9254,#9255);
#9253 = CARTESIAN_POINT('',(41.5425,-20.1775,19.35));
#9254 = DIRECTION('',(-0.,-0.,-1.));
#9255 = DIRECTION('',(1.,0.,0.));
#9256 = DEFINITIONAL_REPRESENTATION('',(#9257),#9261);
#9257 = LINE('',#9258,#9259);
#9258 = CARTESIAN_POINT('',(-3.14159265359,0.));
#9259 = VECTOR('',#9260,1.);
#9260 = DIRECTION('',(-0.,-1.));
#9261 = ( GEOMETRIC_REPRESENTATION_CONTEXT(2) 
PARAMETRIC_REPRESENTATION_CONTEXT() REPRESENTATION_CONTEXT('2D SPACE',''
  ) );
#9262 = ORIENTED_EDGE('',*,*,#9263,.F.);
#9263 = EDGE_CURVE('',#9173,#9236,#9264,.T.);
#9264 = SURFACE_CURVE('',#9265,(#9269,#9276),.PCURVE_S1.);
#9265 = LINE('',#9266,#9267);
#9266 = CARTESIAN_POINT('',(41.1425,-22.,19.35));
#9267 = VECTOR('',#9268,1.);
#9268 = DIRECTION('',(0.,1.,0.));
#9269 = PCURVE('',#9183,#9270);
#9270 = DEFINITIONAL_REPRESENTATION('',(#9271),#9275);
#9271 = LINE('',#9272,#9273);
#9272 = CARTESIAN_POINT('',(1.8225,0.));
#9273 = VECTOR('',#9274,1.);
#9274 = DIRECTION('',(1.,0.));
#9275 = ( GEOMETRIC_REPRESENTATION_CONTEXT(2) 
PARAMETRIC_REPRESENTATION_CONTEXT() REPRESENTATION_CONTEXT('2D SPACE',''
  ) );
#9276 = PCURVE('',#9277,#9282);
#9277 = PLANE('',#9278);
#9278 = AXIS2_PLACEMENT_3D('',#9279,#9280,#9281);
#9279 = CARTESIAN_POINT('',(44.,-22.,19.35));
#9280 = DIRECTION('',(0.,0.,1.));
#9281 = DIRECTION('',(1.,0.,0.));
#9282 = DEFINITIONAL_REPRESENTATION('',(#9283),#9287);
#9283 = LINE('',#9284,#9285);
#9284 = CARTESIAN_POINT('',(-2.8575,0.));
#9285 = VECTOR('',#9286,1.);
#9286 = DIRECTION('',(0.,1.));
#9287 = ( GEOMETRIC_REPRESENTATION_CONTEXT(2) 
PARAMETRIC_REPRESENTATION_CONTEXT() REPRESENTATION_CONTEXT('2D SPACE',''
  ) );
#9288 = ADVANCED_FACE('',(#9289),#9251,.T.);
#9289 = FACE_BOUND('',#9290,.F.);
#9290 = EDGE_LOOP('',(#9291,#9321,#9343,#9344));
#9291 = ORIENTED_EDGE('',*,*,#9292,.T.);
#9292 = EDGE_CURVE('',#9293,#9295,#9297,.T.);
#9293 = VERTEX_POINT('',#9294);
#9294 = CARTESIAN_POINT('',(41.5425,-19.7775,19.35));
#9295 = VERTEX_POINT('',#9296);
#9296 = CARTESIAN_POINT('',(41.5425,-19.7775,20.85));
#9297 = SURFACE_CURVE('',#9298,(#9302,#9309),.PCURVE_S1.);
#9298 = LINE('',#9299,#9300);
#9299 = CARTESIAN_POINT('',(41.5425,-19.7775,19.35));
#9300 = VECTOR('',#9301,1.);
#9301 = DIRECTION('',(0.,0.,1.));
#9302 = PCURVE('',#9251,#9303);
#9303 = DEFINITIONAL_REPRESENTATION('',(#9304),#9308);
#9304 = LINE('',#9305,#9306);
#9305 = CARTESIAN_POINT('',(-1.570796326795,0.));
#9306 = VECTOR('',#9307,1.);
#9307 = DIRECTION('',(-0.,-1.));
#9308 = ( GEOMETRIC_REPRESENTATION_CONTEXT(2) 
PARAMETRIC_REPRESENTATION_CONTEXT() REPRESENTATION_CONTEXT('2D SPACE',''
  ) );
#9309 = PCURVE('',#9310,#9315);
#9310 = PLANE('',#9311);
#9311 = AXIS2_PLACEMENT_3D('',#9312,#9313,#9314);
#9312 = CARTESIAN_POINT('',(41.5425,-19.7775,19.35));
#9313 = DIRECTION('',(0.,1.,0.));
#9314 = DIRECTION('',(1.,0.,0.));
#9315 = DEFINITIONAL_REPRESENTATION('',(#9316),#9320);
#9316 = LINE('',#9317,#9318);
#9317 = CARTESIAN_POINT('',(0.,0.));
#9318 = VECTOR('',#9319,1.);
#9319 = DIRECTION('',(0.,-1.));
#9320 = ( GEOMETRIC_REPRESENTATION_CONTEXT(2) 
PARAMETRIC_REPRESENTATION_CONTEXT() REPRESENTATION_CONTEXT('2D SPACE',''
  ) );
#9321 = ORIENTED_EDGE('',*,*,#9322,.T.);
#9322 = EDGE_CURVE('',#9295,#9208,#9323,.T.);
#9323 = SURFACE_CURVE('',#9324,(#9329,#9336),.PCURVE_S1.);
#9324 = CIRCLE('',#9325,0.4);
#9325 = AXIS2_PLACEMENT_3D('',#9326,#9327,#9328);
#9326 = CARTESIAN_POINT('',(41.5425,-20.1775,20.85));
#9327 = DIRECTION('',(0.,0.,1.));
#9328 = DIRECTION('',(1.,0.,0.));
#9329 = PCURVE('',#9251,#9330);
#9330 = DEFINITIONAL_REPRESENTATION('',(#9331),#9335);
#9331 = LINE('',#9332,#9333);
#9332 = CARTESIAN_POINT('',(-0.,-1.5));
#9333 = VECTOR('',#9334,1.);
#9334 = DIRECTION('',(-1.,0.));
#9335 = ( GEOMETRIC_REPRESENTATION_CONTEXT(2) 
PARAMETRIC_REPRESENTATION_CONTEXT() REPRESENTATION_CONTEXT('2D SPACE',''
  ) );
#9336 = PCURVE('',#9223,#9337);
#9337 = DEFINITIONAL_REPRESENTATION('',(#9338),#9342);
#9338 = CIRCLE('',#9339,0.4);
#9339 = AXIS2_PLACEMENT_2D('',#9340,#9341);
#9340 = CARTESIAN_POINT('',(-2.4575,1.8225));
#9341 = DIRECTION('',(1.,0.));
#9342 = ( GEOMETRIC_REPRESENTATION_CONTEXT(2) 
PARAMETRIC_REPRESENTATION_CONTEXT() REPRESENTATION_CONTEXT('2D SPACE',''
  ) );
#9343 = ORIENTED_EDGE('',*,*,#9235,.F.);
#9344 = ORIENTED_EDGE('',*,*,#9345,.F.);
#9345 = EDGE_CURVE('',#9293,#9236,#9346,.T.);
#9346 = SURFACE_CURVE('',#9347,(#9352,#9359),.PCURVE_S1.);
#9347 = CIRCLE('',#9348,0.4);
#9348 = AXIS2_PLACEMENT_3D('',#9349,#9350,#9351);
#9349 = CARTESIAN_POINT('',(41.5425,-20.1775,19.35));
#9350 = DIRECTION('',(0.,0.,1.));
#9351 = DIRECTION('',(1.,0.,0.));
#9352 = PCURVE('',#9251,#9353);
#9353 = DEFINITIONAL_REPRESENTATION('',(#9354),#9358);
#9354 = LINE('',#9355,#9356);
#9355 = CARTESIAN_POINT('',(-0.,0.));
#9356 = VECTOR('',#9357,1.);
#9357 = DIRECTION('',(-1.,0.));
#9358 = ( GEOMETRIC_REPRESENTATION_CONTEXT(2) 
PARAMETRIC_REPRESENTATION_CONTEXT() REPRESENTATION_CONTEXT('2D SPACE',''
  ) );
#9359 = PCURVE('',#9277,#9360);
#9360 = DEFINITIONAL_REPRESENTATION('',(#9361),#9365);
#9361 = CIRCLE('',#9362,0.4);
#9362 = AXIS2_PLACEMENT_2D('',#9363,#9364);
#9363 = CARTESIAN_POINT('',(-2.4575,1.8225));
#9364 = DIRECTION('',(1.,0.));
#9365 = ( GEOMETRIC_REPRESENTATION_CONTEXT(2) 
PARAMETRIC_REPRESENTATION_CONTEXT() REPRESENTATION_CONTEXT('2D SPACE',''
  ) );
#9366 = ADVANCED_FACE('',(#9367),#9195,.T.);
#9367 = FACE_BOUND('',#9368,.F.);
#9368 = EDGE_LOOP('',(#9369,#9370,#9394,#9422));
#9369 = ORIENTED_EDGE('',*,*,#9172,.T.);
#9370 = ORIENTED_EDGE('',*,*,#9371,.T.);
#9371 = EDGE_CURVE('',#9175,#9372,#9374,.T.);
#9372 = VERTEX_POINT('',#9373);
#9373 = CARTESIAN_POINT('',(41.5425,-24.2225,20.85));
#9374 = SURFACE_CURVE('',#9375,(#9380,#9387),.PCURVE_S1.);
#9375 = CIRCLE('',#9376,0.4);
#9376 = AXIS2_PLACEMENT_3D('',#9377,#9378,#9379);
#9377 = CARTESIAN_POINT('',(41.5425,-23.8225,20.85));
#9378 = DIRECTION('',(0.,0.,1.));
#9379 = DIRECTION('',(1.,0.,0.));
#9380 = PCURVE('',#9195,#9381);
#9381 = DEFINITIONAL_REPRESENTATION('',(#9382),#9386);
#9382 = LINE('',#9383,#9384);
#9383 = CARTESIAN_POINT('',(-0.,-1.5));
#9384 = VECTOR('',#9385,1.);
#9385 = DIRECTION('',(-1.,0.));
#9386 = ( GEOMETRIC_REPRESENTATION_CONTEXT(2) 
PARAMETRIC_REPRESENTATION_CONTEXT() REPRESENTATION_CONTEXT('2D SPACE',''
  ) );
#9387 = PCURVE('',#9223,#9388);
#9388 = DEFINITIONAL_REPRESENTATION('',(#9389),#9393);
#9389 = CIRCLE('',#9390,0.4);
#9390 = AXIS2_PLACEMENT_2D('',#9391,#9392);
#9391 = CARTESIAN_POINT('',(-2.4575,-1.8225));
#9392 = DIRECTION('',(1.,0.));
#9393 = ( GEOMETRIC_REPRESENTATION_CONTEXT(2) 
PARAMETRIC_REPRESENTATION_CONTEXT() REPRESENTATION_CONTEXT('2D SPACE',''
  ) );
#9394 = ORIENTED_EDGE('',*,*,#9395,.F.);
#9395 = EDGE_CURVE('',#9396,#9372,#9398,.T.);
#9396 = VERTEX_POINT('',#9397);
#9397 = CARTESIAN_POINT('',(41.5425,-24.2225,19.35));
#9398 = SURFACE_CURVE('',#9399,(#9403,#9410),.PCURVE_S1.);
#9399 = LINE('',#9400,#9401);
#9400 = CARTESIAN_POINT('',(41.5425,-24.2225,19.35));
#9401 = VECTOR('',#9402,1.);
#9402 = DIRECTION('',(0.,0.,1.));
#9403 = PCURVE('',#9195,#9404);
#9404 = DEFINITIONAL_REPRESENTATION('',(#9405),#9409);
#9405 = LINE('',#9406,#9407);
#9406 = CARTESIAN_POINT('',(-4.712388980385,0.));
#9407 = VECTOR('',#9408,1.);
#9408 = DIRECTION('',(-0.,-1.));
#9409 = ( GEOMETRIC_REPRESENTATION_CONTEXT(2) 
PARAMETRIC_REPRESENTATION_CONTEXT() REPRESENTATION_CONTEXT('2D SPACE',''
  ) );
#9410 = PCURVE('',#9411,#9416);
#9411 = PLANE('',#9412);
#9412 = AXIS2_PLACEMENT_3D('',#9413,#9414,#9415);
#9413 = CARTESIAN_POINT('',(41.5425,-24.2225,19.35));
#9414 = DIRECTION('',(0.,1.,0.));
#9415 = DIRECTION('',(1.,0.,0.));
#9416 = DEFINITIONAL_REPRESENTATION('',(#9417),#9421);
#9417 = LINE('',#9418,#9419);
#9418 = CARTESIAN_POINT('',(0.,0.));
#9419 = VECTOR('',#9420,1.);
#9420 = DIRECTION('',(0.,-1.));
#9421 = ( GEOMETRIC_REPRESENTATION_CONTEXT(2) 
PARAMETRIC_REPRESENTATION_CONTEXT() REPRESENTATION_CONTEXT('2D SPACE',''
  ) );
#9422 = ORIENTED_EDGE('',*,*,#9423,.F.);
#9423 = EDGE_CURVE('',#9173,#9396,#9424,.T.);
#9424 = SURFACE_CURVE('',#9425,(#9430,#9437),.PCURVE_S1.);
#9425 = CIRCLE('',#9426,0.4);
#9426 = AXIS2_PLACEMENT_3D('',#9427,#9428,#9429);
#9427 = CARTESIAN_POINT('',(41.5425,-23.8225,19.35));
#9428 = DIRECTION('',(0.,0.,1.));
#9429 = DIRECTION('',(1.,0.,0.));
#9430 = PCURVE('',#9195,#9431);
#9431 = DEFINITIONAL_REPRESENTATION('',(#9432),#9436);
#9432 = LINE('',#9433,#9434);
#9433 = CARTESIAN_POINT('',(-0.,0.));
#9434 = VECTOR('',#9435,1.);
#9435 = DIRECTION('',(-1.,0.));
#9436 = ( GEOMETRIC_REPRESENTATION_CONTEXT(2) 
PARAMETRIC_REPRESENTATION_CONTEXT() REPRESENTATION_CONTEXT('2D SPACE',''
  ) );
#9437 = PCURVE('',#9277,#9438);
#9438 = DEFINITIONAL_REPRESENTATION('',(#9439),#9443);
#9439 = CIRCLE('',#9440,0.4);
#9440 = AXIS2_PLACEMENT_2D('',#9441,#9442);
#9441 = CARTESIAN_POINT('',(-2.4575,-1.8225));
#9442 = DIRECTION('',(1.,0.));
#9443 = ( GEOMETRIC_REPRESENTATION_CONTEXT(2) 
PARAMETRIC_REPRESENTATION_CONTEXT() REPRESENTATION_CONTEXT('2D SPACE',''
  ) );
#9444 = ADVANCED_FACE('',(#9445),#9411,.F.);
#9445 = FACE_BOUND('',#9446,.F.);
#9446 = EDGE_LOOP('',(#9447,#9448,#9471,#9499));
#9447 = ORIENTED_EDGE('',*,*,#9395,.T.);
#9448 = ORIENTED_EDGE('',*,*,#9449,.T.);
#9449 = EDGE_CURVE('',#9372,#9450,#9452,.T.);
#9450 = VERTEX_POINT('',#9451);
#9451 = CARTESIAN_POINT('',(46.4575,-24.2225,20.85));
#9452 = SURFACE_CURVE('',#9453,(#9457,#9464),.PCURVE_S1.);
#9453 = LINE('',#9454,#9455);
#9454 = CARTESIAN_POINT('',(44.,-24.2225,20.85));
#9455 = VECTOR('',#9456,1.);
#9456 = DIRECTION('',(1.,0.,0.));
#9457 = PCURVE('',#9411,#9458);
#9458 = DEFINITIONAL_REPRESENTATION('',(#9459),#9463);
#9459 = LINE('',#9460,#9461);
#9460 = CARTESIAN_POINT('',(2.4575,-1.5));
#9461 = VECTOR('',#9462,1.);
#9462 = DIRECTION('',(1.,0.));
#9463 = ( GEOMETRIC_REPRESENTATION_CONTEXT(2) 
PARAMETRIC_REPRESENTATION_CONTEXT() REPRESENTATION_CONTEXT('2D SPACE',''
  ) );
#9464 = PCURVE('',#9223,#9465);
#9465 = DEFINITIONAL_REPRESENTATION('',(#9466),#9470);
#9466 = LINE('',#9467,#9468);
#9467 = CARTESIAN_POINT('',(0.,-2.2225));
#9468 = VECTOR('',#9469,1.);
#9469 = DIRECTION('',(1.,0.));
#9470 = ( GEOMETRIC_REPRESENTATION_CONTEXT(2) 
PARAMETRIC_REPRESENTATION_CONTEXT() REPRESENTATION_CONTEXT('2D SPACE',''
  ) );
#9471 = ORIENTED_EDGE('',*,*,#9472,.F.);
#9472 = EDGE_CURVE('',#9473,#9450,#9475,.T.);
#9473 = VERTEX_POINT('',#9474);
#9474 = CARTESIAN_POINT('',(46.4575,-24.2225,19.35));
#9475 = SURFACE_CURVE('',#9476,(#9480,#9487),.PCURVE_S1.);
#9476 = LINE('',#9477,#9478);
#9477 = CARTESIAN_POINT('',(46.4575,-24.2225,19.35));
#9478 = VECTOR('',#9479,1.);
#9479 = DIRECTION('',(0.,0.,1.));
#9480 = PCURVE('',#9411,#9481);
#9481 = DEFINITIONAL_REPRESENTATION('',(#9482),#9486);
#9482 = LINE('',#9483,#9484);
#9483 = CARTESIAN_POINT('',(4.915,0.));
#9484 = VECTOR('',#9485,1.);
#9485 = DIRECTION('',(0.,-1.));
#9486 = ( GEOMETRIC_REPRESENTATION_CONTEXT(2) 
PARAMETRIC_REPRESENTATION_CONTEXT() REPRESENTATION_CONTEXT('2D SPACE',''
  ) );
#9487 = PCURVE('',#9488,#9493);
#9488 = CYLINDRICAL_SURFACE('',#9489,0.4);
#9489 = AXIS2_PLACEMENT_3D('',#9490,#9491,#9492);
#9490 = CARTESIAN_POINT('',(46.4575,-23.8225,19.35));
#9491 = DIRECTION('',(-0.,-0.,-1.));
#9492 = DIRECTION('',(1.,0.,0.));
#9493 = DEFINITIONAL_REPRESENTATION('',(#9494),#9498);
#9494 = LINE('',#9495,#9496);
#9495 = CARTESIAN_POINT('',(-4.712388980385,0.));
#9496 = VECTOR('',#9497,1.);
#9497 = DIRECTION('',(-0.,-1.));
#9498 = ( GEOMETRIC_REPRESENTATION_CONTEXT(2) 
PARAMETRIC_REPRESENTATION_CONTEXT() REPRESENTATION_CONTEXT('2D SPACE',''
  ) );
#9499 = ORIENTED_EDGE('',*,*,#9500,.F.);
#9500 = EDGE_CURVE('',#9396,#9473,#9501,.T.);
#9501 = SURFACE_CURVE('',#9502,(#9506,#9513),.PCURVE_S1.);
#9502 = LINE('',#9503,#9504);
#9503 = CARTESIAN_POINT('',(44.,-24.2225,19.35));
#9504 = VECTOR('',#9505,1.);
#9505 = DIRECTION('',(1.,0.,0.));
#9506 = PCURVE('',#9411,#9507);
#9507 = DEFINITIONAL_REPRESENTATION('',(#9508),#9512);
#9508 = LINE('',#9509,#9510);
#9509 = CARTESIAN_POINT('',(2.4575,0.));
#9510 = VECTOR('',#9511,1.);
#9511 = DIRECTION('',(1.,0.));
#9512 = ( GEOMETRIC_REPRESENTATION_CONTEXT(2) 
PARAMETRIC_REPRESENTATION_CONTEXT() REPRESENTATION_CONTEXT('2D SPACE',''
  ) );
#9513 = PCURVE('',#9277,#9514);
#9514 = DEFINITIONAL_REPRESENTATION('',(#9515),#9519);
#9515 = LINE('',#9516,#9517);
#9516 = CARTESIAN_POINT('',(0.,-2.2225));
#9517 = VECTOR('',#9518,1.);
#9518 = DIRECTION('',(1.,0.));
#9519 = ( GEOMETRIC_REPRESENTATION_CONTEXT(2) 
PARAMETRIC_REPRESENTATION_CONTEXT() REPRESENTATION_CONTEXT('2D SPACE',''
  ) );
#9520 = ADVANCED_FACE('',(#9521),#9488,.T.);
#9521 = FACE_BOUND('',#9522,.F.);
#9522 = EDGE_LOOP('',(#9523,#9524,#9548,#9576));
#9523 = ORIENTED_EDGE('',*,*,#9472,.T.);
#9524 = ORIENTED_EDGE('',*,*,#9525,.T.);
#9525 = EDGE_CURVE('',#9450,#9526,#9528,.T.);
#9526 = VERTEX_POINT('',#9527);
#9527 = CARTESIAN_POINT('',(46.8575,-23.8225,20.85));
#9528 = SURFACE_CURVE('',#9529,(#9534,#9541),.PCURVE_S1.);
#9529 = CIRCLE('',#9530,0.4);
#9530 = AXIS2_PLACEMENT_3D('',#9531,#9532,#9533);
#9531 = CARTESIAN_POINT('',(46.4575,-23.8225,20.85));
#9532 = DIRECTION('',(0.,0.,1.));
#9533 = DIRECTION('',(1.,0.,0.));
#9534 = PCURVE('',#9488,#9535);
#9535 = DEFINITIONAL_REPRESENTATION('',(#9536),#9540);
#9536 = LINE('',#9537,#9538);
#9537 = CARTESIAN_POINT('',(-0.,-1.5));
#9538 = VECTOR('',#9539,1.);
#9539 = DIRECTION('',(-1.,0.));
#9540 = ( GEOMETRIC_REPRESENTATION_CONTEXT(2) 
PARAMETRIC_REPRESENTATION_CONTEXT() REPRESENTATION_CONTEXT('2D SPACE',''
  ) );
#9541 = PCURVE('',#9223,#9542);
#9542 = DEFINITIONAL_REPRESENTATION('',(#9543),#9547);
#9543 = CIRCLE('',#9544,0.4);
#9544 = AXIS2_PLACEMENT_2D('',#9545,#9546);
#9545 = CARTESIAN_POINT('',(2.4575,-1.8225));
#9546 = DIRECTION('',(1.,0.));
#9547 = ( GEOMETRIC_REPRESENTATION_CONTEXT(2) 
PARAMETRIC_REPRESENTATION_CONTEXT() REPRESENTATION_CONTEXT('2D SPACE',''
  ) );
#9548 = ORIENTED_EDGE('',*,*,#9549,.F.);
#9549 = EDGE_CURVE('',#9550,#9526,#9552,.T.);
#9550 = VERTEX_POINT('',#9551);
#9551 = CARTESIAN_POINT('',(46.8575,-23.8225,19.35));
#9552 = SURFACE_CURVE('',#9553,(#9557,#9564),.PCURVE_S1.);
#9553 = LINE('',#9554,#9555);
#9554 = CARTESIAN_POINT('',(46.8575,-23.8225,19.35));
#9555 = VECTOR('',#9556,1.);
#9556 = DIRECTION('',(0.,0.,1.));
#9557 = PCURVE('',#9488,#9558);
#9558 = DEFINITIONAL_REPRESENTATION('',(#9559),#9563);
#9559 = LINE('',#9560,#9561);
#9560 = CARTESIAN_POINT('',(-6.28318530718,0.));
#9561 = VECTOR('',#9562,1.);
#9562 = DIRECTION('',(-0.,-1.));
#9563 = ( GEOMETRIC_REPRESENTATION_CONTEXT(2) 
PARAMETRIC_REPRESENTATION_CONTEXT() REPRESENTATION_CONTEXT('2D SPACE',''
  ) );
#9564 = PCURVE('',#9565,#9570);
#9565 = PLANE('',#9566);
#9566 = AXIS2_PLACEMENT_3D('',#9567,#9568,#9569);
#9567 = CARTESIAN_POINT('',(46.8575,-23.8225,19.35));
#9568 = DIRECTION('',(-1.,0.,0.));
#9569 = DIRECTION('',(0.,1.,0.));
#9570 = DEFINITIONAL_REPRESENTATION('',(#9571),#9575);
#9571 = LINE('',#9572,#9573);
#9572 = CARTESIAN_POINT('',(0.,0.));
#9573 = VECTOR('',#9574,1.);
#9574 = DIRECTION('',(0.,-1.));
#9575 = ( GEOMETRIC_REPRESENTATION_CONTEXT(2) 
PARAMETRIC_REPRESENTATION_CONTEXT() REPRESENTATION_CONTEXT('2D SPACE',''
  ) );
#9576 = ORIENTED_EDGE('',*,*,#9577,.F.);
#9577 = EDGE_CURVE('',#9473,#9550,#9578,.T.);
#9578 = SURFACE_CURVE('',#9579,(#9584,#9591),.PCURVE_S1.);
#9579 = CIRCLE('',#9580,0.4);
#9580 = AXIS2_PLACEMENT_3D('',#9581,#9582,#9583);
#9581 = CARTESIAN_POINT('',(46.4575,-23.8225,19.35));
#9582 = DIRECTION('',(0.,0.,1.));
#9583 = DIRECTION('',(1.,0.,0.));
#9584 = PCURVE('',#9488,#9585);
#9585 = DEFINITIONAL_REPRESENTATION('',(#9586),#9590);
#9586 = LINE('',#9587,#9588);
#9587 = CARTESIAN_POINT('',(-0.,0.));
#9588 = VECTOR('',#9589,1.);
#9589 = DIRECTION('',(-1.,0.));
#9590 = ( GEOMETRIC_REPRESENTATION_CONTEXT(2) 
PARAMETRIC_REPRESENTATION_CONTEXT() REPRESENTATION_CONTEXT('2D SPACE',''
  ) );
#9591 = PCURVE('',#9277,#9592);
#9592 = DEFINITIONAL_REPRESENTATION('',(#9593),#9597);
#9593 = CIRCLE('',#9594,0.4);
#9594 = AXIS2_PLACEMENT_2D('',#9595,#9596);
#9595 = CARTESIAN_POINT('',(2.4575,-1.8225));
#9596 = DIRECTION('',(1.,0.));
#9597 = ( GEOMETRIC_REPRESENTATION_CONTEXT(2) 
PARAMETRIC_REPRESENTATION_CONTEXT() REPRESENTATION_CONTEXT('2D SPACE',''
  ) );
#9598 = ADVANCED_FACE('',(#9599),#9565,.F.);
#9599 = FACE_BOUND('',#9600,.F.);
#9600 = EDGE_LOOP('',(#9601,#9602,#9625,#9653));
#9601 = ORIENTED_EDGE('',*,*,#9549,.T.);
#9602 = ORIENTED_EDGE('',*,*,#9603,.T.);
#9603 = EDGE_CURVE('',#9526,#9604,#9606,.T.);
#9604 = VERTEX_POINT('',#9605);
#9605 = CARTESIAN_POINT('',(46.8575,-20.1775,20.85));
#9606 = SURFACE_CURVE('',#9607,(#9611,#9618),.PCURVE_S1.);
#9607 = LINE('',#9608,#9609);
#9608 = CARTESIAN_POINT('',(46.8575,-22.,20.85));
#9609 = VECTOR('',#9610,1.);
#9610 = DIRECTION('',(0.,1.,0.));
#9611 = PCURVE('',#9565,#9612);
#9612 = DEFINITIONAL_REPRESENTATION('',(#9613),#9617);
#9613 = LINE('',#9614,#9615);
#9614 = CARTESIAN_POINT('',(1.8225,-1.5));
#9615 = VECTOR('',#9616,1.);
#9616 = DIRECTION('',(1.,0.));
#9617 = ( GEOMETRIC_REPRESENTATION_CONTEXT(2) 
PARAMETRIC_REPRESENTATION_CONTEXT() REPRESENTATION_CONTEXT('2D SPACE',''
  ) );
#9618 = PCURVE('',#9223,#9619);
#9619 = DEFINITIONAL_REPRESENTATION('',(#9620),#9624);
#9620 = LINE('',#9621,#9622);
#9621 = CARTESIAN_POINT('',(2.8575,0.));
#9622 = VECTOR('',#9623,1.);
#9623 = DIRECTION('',(0.,1.));
#9624 = ( GEOMETRIC_REPRESENTATION_CONTEXT(2) 
PARAMETRIC_REPRESENTATION_CONTEXT() REPRESENTATION_CONTEXT('2D SPACE',''
  ) );
#9625 = ORIENTED_EDGE('',*,*,#9626,.F.);
#9626 = EDGE_CURVE('',#9627,#9604,#9629,.T.);
#9627 = VERTEX_POINT('',#9628);
#9628 = CARTESIAN_POINT('',(46.8575,-20.1775,19.35));
#9629 = SURFACE_CURVE('',#9630,(#9634,#9641),.PCURVE_S1.);
#9630 = LINE('',#9631,#9632);
#9631 = CARTESIAN_POINT('',(46.8575,-20.1775,19.35));
#9632 = VECTOR('',#9633,1.);
#9633 = DIRECTION('',(0.,0.,1.));
#9634 = PCURVE('',#9565,#9635);
#9635 = DEFINITIONAL_REPRESENTATION('',(#9636),#9640);
#9636 = LINE('',#9637,#9638);
#9637 = CARTESIAN_POINT('',(3.645,0.));
#9638 = VECTOR('',#9639,1.);
#9639 = DIRECTION('',(0.,-1.));
#9640 = ( GEOMETRIC_REPRESENTATION_CONTEXT(2) 
PARAMETRIC_REPRESENTATION_CONTEXT() REPRESENTATION_CONTEXT('2D SPACE',''
  ) );
#9641 = PCURVE('',#9642,#9647);
#9642 = CYLINDRICAL_SURFACE('',#9643,0.4);
#9643 = AXIS2_PLACEMENT_3D('',#9644,#9645,#9646);
#9644 = CARTESIAN_POINT('',(46.4575,-20.1775,19.35));
#9645 = DIRECTION('',(-0.,-0.,-1.));
#9646 = DIRECTION('',(1.,0.,0.));
#9647 = DEFINITIONAL_REPRESENTATION('',(#9648),#9652);
#9648 = LINE('',#9649,#9650);
#9649 = CARTESIAN_POINT('',(-0.,0.));
#9650 = VECTOR('',#9651,1.);
#9651 = DIRECTION('',(-0.,-1.));
#9652 = ( GEOMETRIC_REPRESENTATION_CONTEXT(2) 
PARAMETRIC_REPRESENTATION_CONTEXT() REPRESENTATION_CONTEXT('2D SPACE',''
  ) );
#9653 = ORIENTED_EDGE('',*,*,#9654,.F.);
#9654 = EDGE_CURVE('',#9550,#9627,#9655,.T.);
#9655 = SURFACE_CURVE('',#9656,(#9660,#9667),.PCURVE_S1.);
#9656 = LINE('',#9657,#9658);
#9657 = CARTESIAN_POINT('',(46.8575,-22.,19.35));
#9658 = VECTOR('',#9659,1.);
#9659 = DIRECTION('',(0.,1.,0.));
#9660 = PCURVE('',#9565,#9661);
#9661 = DEFINITIONAL_REPRESENTATION('',(#9662),#9666);
#9662 = LINE('',#9663,#9664);
#9663 = CARTESIAN_POINT('',(1.8225,0.));
#9664 = VECTOR('',#9665,1.);
#9665 = DIRECTION('',(1.,0.));
#9666 = ( GEOMETRIC_REPRESENTATION_CONTEXT(2) 
PARAMETRIC_REPRESENTATION_CONTEXT() REPRESENTATION_CONTEXT('2D SPACE',''
  ) );
#9667 = PCURVE('',#9277,#9668);
#9668 = DEFINITIONAL_REPRESENTATION('',(#9669),#9673);
#9669 = LINE('',#9670,#9671);
#9670 = CARTESIAN_POINT('',(2.8575,0.));
#9671 = VECTOR('',#9672,1.);
#9672 = DIRECTION('',(0.,1.));
#9673 = ( GEOMETRIC_REPRESENTATION_CONTEXT(2) 
PARAMETRIC_REPRESENTATION_CONTEXT() REPRESENTATION_CONTEXT('2D SPACE',''
  ) );
#9674 = ADVANCED_FACE('',(#9675),#9642,.T.);
#9675 = FACE_BOUND('',#9676,.F.);
#9676 = EDGE_LOOP('',(#9677,#9678,#9702,#9725));
#9677 = ORIENTED_EDGE('',*,*,#9626,.T.);
#9678 = ORIENTED_EDGE('',*,*,#9679,.T.);
#9679 = EDGE_CURVE('',#9604,#9680,#9682,.T.);
#9680 = VERTEX_POINT('',#9681);
#9681 = CARTESIAN_POINT('',(46.4575,-19.7775,20.85));
#9682 = SURFACE_CURVE('',#9683,(#9688,#9695),.PCURVE_S1.);
#9683 = CIRCLE('',#9684,0.4);
#9684 = AXIS2_PLACEMENT_3D('',#9685,#9686,#9687);
#9685 = CARTESIAN_POINT('',(46.4575,-20.1775,20.85));
#9686 = DIRECTION('',(0.,0.,1.));
#9687 = DIRECTION('',(1.,0.,0.));
#9688 = PCURVE('',#9642,#9689);
#9689 = DEFINITIONAL_REPRESENTATION('',(#9690),#9694);
#9690 = LINE('',#9691,#9692);
#9691 = CARTESIAN_POINT('',(-0.,-1.5));
#9692 = VECTOR('',#9693,1.);
#9693 = DIRECTION('',(-1.,0.));
#9694 = ( GEOMETRIC_REPRESENTATION_CONTEXT(2) 
PARAMETRIC_REPRESENTATION_CONTEXT() REPRESENTATION_CONTEXT('2D SPACE',''
  ) );
#9695 = PCURVE('',#9223,#9696);
#9696 = DEFINITIONAL_REPRESENTATION('',(#9697),#9701);
#9697 = CIRCLE('',#9698,0.4);
#9698 = AXIS2_PLACEMENT_2D('',#9699,#9700);
#9699 = CARTESIAN_POINT('',(2.4575,1.8225));
#9700 = DIRECTION('',(1.,0.));
#9701 = ( GEOMETRIC_REPRESENTATION_CONTEXT(2) 
PARAMETRIC_REPRESENTATION_CONTEXT() REPRESENTATION_CONTEXT('2D SPACE',''
  ) );
#9702 = ORIENTED_EDGE('',*,*,#9703,.F.);
#9703 = EDGE_CURVE('',#9704,#9680,#9706,.T.);
#9704 = VERTEX_POINT('',#9705);
#9705 = CARTESIAN_POINT('',(46.4575,-19.7775,19.35));
#9706 = SURFACE_CURVE('',#9707,(#9711,#9718),.PCURVE_S1.);
#9707 = LINE('',#9708,#9709);
#9708 = CARTESIAN_POINT('',(46.4575,-19.7775,19.35));
#9709 = VECTOR('',#9710,1.);
#9710 = DIRECTION('',(0.,0.,1.));
#9711 = PCURVE('',#9642,#9712);
#9712 = DEFINITIONAL_REPRESENTATION('',(#9713),#9717);
#9713 = LINE('',#9714,#9715);
#9714 = CARTESIAN_POINT('',(-1.570796326795,0.));
#9715 = VECTOR('',#9716,1.);
#9716 = DIRECTION('',(-0.,-1.));
#9717 = ( GEOMETRIC_REPRESENTATION_CONTEXT(2) 
PARAMETRIC_REPRESENTATION_CONTEXT() REPRESENTATION_CONTEXT('2D SPACE',''
  ) );
#9718 = PCURVE('',#9310,#9719);
#9719 = DEFINITIONAL_REPRESENTATION('',(#9720),#9724);
#9720 = LINE('',#9721,#9722);
#9721 = CARTESIAN_POINT('',(4.915,0.));
#9722 = VECTOR('',#9723,1.);
#9723 = DIRECTION('',(0.,-1.));
#9724 = ( GEOMETRIC_REPRESENTATION_CONTEXT(2) 
PARAMETRIC_REPRESENTATION_CONTEXT() REPRESENTATION_CONTEXT('2D SPACE',''
  ) );
#9725 = ORIENTED_EDGE('',*,*,#9726,.F.);
#9726 = EDGE_CURVE('',#9627,#9704,#9727,.T.);
#9727 = SURFACE_CURVE('',#9728,(#9733,#9740),.PCURVE_S1.);
#9728 = CIRCLE('',#9729,0.4);
#9729 = AXIS2_PLACEMENT_3D('',#9730,#9731,#9732);
#9730 = CARTESIAN_POINT('',(46.4575,-20.1775,19.35));
#9731 = DIRECTION('',(0.,0.,1.));
#9732 = DIRECTION('',(1.,0.,0.));
#9733 = PCURVE('',#9642,#9734);
#9734 = DEFINITIONAL_REPRESENTATION('',(#9735),#9739);
#9735 = LINE('',#9736,#9737);
#9736 = CARTESIAN_POINT('',(-0.,0.));
#9737 = VECTOR('',#9738,1.);
#9738 = DIRECTION('',(-1.,0.));
#9739 = ( GEOMETRIC_REPRESENTATION_CONTEXT(2) 
PARAMETRIC_REPRESENTATION_CONTEXT() REPRESENTATION_CONTEXT('2D SPACE',''
  ) );
#9740 = PCURVE('',#9277,#9741);
#9741 = DEFINITIONAL_REPRESENTATION('',(#9742),#9746);
#9742 = CIRCLE('',#9743,0.4);
#9743 = AXIS2_PLACEMENT_2D('',#9744,#9745);
#9744 = CARTESIAN_POINT('',(2.4575,1.8225));
#9745 = DIRECTION('',(1.,0.));
#9746 = ( GEOMETRIC_REPRESENTATION_CONTEXT(2) 
PARAMETRIC_REPRESENTATION_CONTEXT() REPRESENTATION_CONTEXT('2D SPACE',''
  ) );
#9747 = ADVANCED_FACE('',(#9748),#9310,.T.);
#9748 = FACE_BOUND('',#9749,.T.);
#9749 = EDGE_LOOP('',(#9750,#9751,#9772,#9773));
#9750 = ORIENTED_EDGE('',*,*,#9292,.T.);
#9751 = ORIENTED_EDGE('',*,*,#9752,.T.);
#9752 = EDGE_CURVE('',#9295,#9680,#9753,.T.);
#9753 = SURFACE_CURVE('',#9754,(#9758,#9765),.PCURVE_S1.);
#9754 = LINE('',#9755,#9756);
#9755 = CARTESIAN_POINT('',(44.,-19.7775,20.85));
#9756 = VECTOR('',#9757,1.);
#9757 = DIRECTION('',(1.,0.,0.));
#9758 = PCURVE('',#9310,#9759);
#9759 = DEFINITIONAL_REPRESENTATION('',(#9760),#9764);
#9760 = LINE('',#9761,#9762);
#9761 = CARTESIAN_POINT('',(2.4575,-1.5));
#9762 = VECTOR('',#9763,1.);
#9763 = DIRECTION('',(1.,0.));
#9764 = ( GEOMETRIC_REPRESENTATION_CONTEXT(2) 
PARAMETRIC_REPRESENTATION_CONTEXT() REPRESENTATION_CONTEXT('2D SPACE',''
  ) );
#9765 = PCURVE('',#9223,#9766);
#9766 = DEFINITIONAL_REPRESENTATION('',(#9767),#9771);
#9767 = LINE('',#9768,#9769);
#9768 = CARTESIAN_POINT('',(0.,2.2225));
#9769 = VECTOR('',#9770,1.);
#9770 = DIRECTION('',(1.,0.));
#9771 = ( GEOMETRIC_REPRESENTATION_CONTEXT(2) 
PARAMETRIC_REPRESENTATION_CONTEXT() REPRESENTATION_CONTEXT('2D SPACE',''
  ) );
#9772 = ORIENTED_EDGE('',*,*,#9703,.F.);
#9773 = ORIENTED_EDGE('',*,*,#9774,.F.);
#9774 = EDGE_CURVE('',#9293,#9704,#9775,.T.);
#9775 = SURFACE_CURVE('',#9776,(#9780,#9787),.PCURVE_S1.);
#9776 = LINE('',#9777,#9778);
#9777 = CARTESIAN_POINT('',(44.,-19.7775,19.35));
#9778 = VECTOR('',#9779,1.);
#9779 = DIRECTION('',(1.,0.,0.));
#9780 = PCURVE('',#9310,#9781);
#9781 = DEFINITIONAL_REPRESENTATION('',(#9782),#9786);
#9782 = LINE('',#9783,#9784);
#9783 = CARTESIAN_POINT('',(2.4575,0.));
#9784 = VECTOR('',#9785,1.);
#9785 = DIRECTION('',(1.,0.));
#9786 = ( GEOMETRIC_REPRESENTATION_CONTEXT(2) 
PARAMETRIC_REPRESENTATION_CONTEXT() REPRESENTATION_CONTEXT('2D SPACE',''
  ) );
#9787 = PCURVE('',#9277,#9788);
#9788 = DEFINITIONAL_REPRESENTATION('',(#9789),#9793);
#9789 = LINE('',#9790,#9791);
#9790 = CARTESIAN_POINT('',(0.,2.2225));
#9791 = VECTOR('',#9792,1.);
#9792 = DIRECTION('',(1.,0.));
#9793 = ( GEOMETRIC_REPRESENTATION_CONTEXT(2) 
PARAMETRIC_REPRESENTATION_CONTEXT() REPRESENTATION_CONTEXT('2D SPACE',''
  ) );
#9794 = ADVANCED_FACE('',(#9795),#9277,.F.);
#9795 = FACE_BOUND('',#9796,.F.);
#9796 = EDGE_LOOP('',(#9797,#9798,#9799,#9800,#9801,#9802,#9803,#9804));
#9797 = ORIENTED_EDGE('',*,*,#9263,.F.);
#9798 = ORIENTED_EDGE('',*,*,#9423,.T.);
#9799 = ORIENTED_EDGE('',*,*,#9500,.T.);
#9800 = ORIENTED_EDGE('',*,*,#9577,.T.);
#9801 = ORIENTED_EDGE('',*,*,#9654,.T.);
#9802 = ORIENTED_EDGE('',*,*,#9726,.T.);
#9803 = ORIENTED_EDGE('',*,*,#9774,.F.);
#9804 = ORIENTED_EDGE('',*,*,#9345,.T.);
#9805 = ADVANCED_FACE('',(#9806),#9223,.T.);
#9806 = FACE_BOUND('',#9807,.T.);
#9807 = EDGE_LOOP('',(#9808,#9809,#9810,#9811,#9812,#9813,#9814,#9815));
#9808 = ORIENTED_EDGE('',*,*,#9207,.F.);
#9809 = ORIENTED_EDGE('',*,*,#9371,.T.);
#9810 = ORIENTED_EDGE('',*,*,#9449,.T.);
#9811 = ORIENTED_EDGE('',*,*,#9525,.T.);
#9812 = ORIENTED_EDGE('',*,*,#9603,.T.);
#9813 = ORIENTED_EDGE('',*,*,#9679,.T.);
#9814 = ORIENTED_EDGE('',*,*,#9752,.F.);
#9815 = ORIENTED_EDGE('',*,*,#9322,.T.);
#9816 = ( GEOMETRIC_REPRESENTATION_CONTEXT(3) 
GLOBAL_UNCERTAINTY_ASSIGNED_CONTEXT((#9820)) 
GLOBAL_UNIT_ASSIGNED_CONTEXT((#9817,#9818,#9819)) REPRESENTATION_CONTEXT
('Context #1','3D Context with UNIT and UNCERTAINTY') );
#9817 = ( LENGTH_UNIT() NAMED_UNIT(*) SI_UNIT(.MILLI.,.METRE.) );
#9818 = ( NAMED_UNIT(*) PLANE_ANGLE_UNIT() SI_UNIT($,.RADIAN.) );
#9819 = ( NAMED_UNIT(*) SI_UNIT($,.STERADIAN.) SOLID_ANGLE_UNIT() );
#9820 = UNCERTAINTY_MEASURE_WITH_UNIT(LENGTH_MEASURE(1.E-07),#9817,
  'distance_accuracy_value','confusion accuracy');
#9821 = CONTEXT_DEPENDENT_SHAPE_REPRESENTATION(#9822,#9824);
#9822 = ( REPRESENTATION_RELATIONSHIP('','',#9165,#10) 
REPRESENTATION_RELATIONSHIP_WITH_TRANSFORMATION(#9823) 
SHAPE_REPRESENTATION_RELATIONSHIP() );
#9823 = ITEM_DEFINED_TRANSFORMATION('','',#11,#75);
#9824 = PRODUCT_DEFINITION_SHAPE('Placement','Placement of an item',
  #9825);
#9825 = NEXT_ASSEMBLY_USAGE_OCCURRENCE('164','stub 5 sample','',#5,#9160
  ,$);
#9826 = PRODUCT_RELATED_PRODUCT_CATEGORY('part',$,(#9162));
#9827 = SHAPE_DEFINITION_REPRESENTATION(#9828,#9834);
#9828 = PRODUCT_DEFINITION_SHAPE('','',#9829);
#9829 = PRODUCT_DEFINITION('design','',#9830,#9833);
#9830 = PRODUCT_DEFINITION_FORMATION('','',#9831);
#9831 = PRODUCT('stub 6 stub','stub 6 stub','',(#9832));
#9832 = PRODUCT_CONTEXT('',#2,'mechanical');
#9833 = PRODUCT_DEFINITION_CONTEXT('part definition',#2,'design');
#9834 = ADVANCED_BREP_SHAPE_REPRESENTATION('',(#11,#9835),#10317);
#9835 = MANIFOLD_SOLID_BREP('',#9836);
#9836 = CLOSED_SHELL('',(#9837,#9929,#9964,#9999,#10054,#10109,#10162,
    #10201,#10205,#10260,#10313));
#9837 = ADVANCED_FACE('',(#9838),#9851,.T.);
#9838 = FACE_BOUND('',#9839,.F.);
#9839 = EDGE_LOOP('',(#9840,#9874,#9897,#9928));
#9840 = ORIENTED_EDGE('',*,*,#9841,.F.);
#9841 = EDGE_CURVE('',#9842,#9842,#9844,.T.);
#9842 = VERTEX_POINT('',#9843);
#9843 = CARTESIAN_POINT('',(-37.65,0.,16.));
#9844 = SURFACE_CURVE('',#9845,(#9850,#9862),.PCURVE_S1.);
#9845 = CIRCLE('',#9846,6.35);
#9846 = AXIS2_PLACEMENT_3D('',#9847,#9848,#9849);
#9847 = CARTESIAN_POINT('',(-44.,0.,16.));
#9848 = DIRECTION('',(0.,0.,1.));
#9849 = DIRECTION('',(1.,0.,0.));
#9850 = PCURVE('',#9851,#9856);
#9851 = CYLINDRICAL_SURFACE('',#9852,6.35);
#9852 = AXIS2_PLACEMENT_3D('',#9853,#9854,#9855);
#9853 = CARTESIAN_POINT('',(-44.,0.,16.));
#9854 = DIRECTION('',(-0.,-0.,-1.));
#9855 = DIRECTION('',(1.,0.,0.));
#9856 = DEFINITIONAL_REPRESENTATION('',(#9857),#9861);
#9857 = LINE('',#9858,#9859);
#9858 = CARTESIAN_POINT('',(-0.,0.));
#9859 = VECTOR('',#9860,1.);
#9860 = DIRECTION('',(-1.,0.));
#9861 = ( GEOMETRIC_REPRESENTATION_CONTEXT(2) 
PARAMETRIC_REPRESENTATION_CONTEXT() REPRESENTATION_CONTEXT('2D SPACE',''
  ) );
#9862 = PCURVE('',#9863,#9868);
#9863 = PLANE('',#9864);
#9864 = AXIS2_PLACEMENT_3D('',#9865,#9866,#9867);
#9865 = CARTESIAN_POINT('',(-44.,6.021627052289E-16,16.));
#9866 = DIRECTION('',(0.,0.,1.));
#9867 = DIRECTION('',(1.,0.,0.));
#9868 = DEFINITIONAL_REPRESENTATION('',(#9869),#9873);
#9869 = CIRCLE('',#9870,6.35);
#9870 = AXIS2_PLACEMENT_2D('',#9871,#9872);
#9871 = CARTESIAN_POINT('',(0.,-6.021627052289E-16));
#9872 = DIRECTION('',(1.,0.));
#9873 = ( GEOMETRIC_REPRESENTATION_CONTEXT(2) 
PARAMETRIC_REPRESENTATION_CONTEXT() REPRESENTATION_CONTEXT('2D SPACE',''
  ) );
#9874 = ORIENTED_EDGE('',*,*,#9875,.T.);
#9875 = EDGE_CURVE('',#9842,#9876,#9878,.T.);
#9876 = VERTEX_POINT('',#9877);
#9877 = CARTESIAN_POINT('',(-37.65,0.,17.1));
#9878 = SEAM_CURVE('',#9879,(#9883,#9890),.PCURVE_S1.);
#9879 = LINE('',#9880,#9881);
#9880 = CARTESIAN_POINT('',(-37.65,0.,16.));
#9881 = VECTOR('',#9882,1.);
#9882 = DIRECTION('',(0.,0.,1.));
#9883 = PCURVE('',#9851,#9884);
#9884 = DEFINITIONAL_REPRESENTATION('',(#9885),#9889);
#9885 = LINE('',#9886,#9887);
#9886 = CARTESIAN_POINT('',(-6.28318530718,0.));
#9887 = VECTOR('',#9888,1.);
#9888 = DIRECTION('',(-0.,-1.));
#9889 = ( GEOMETRIC_REPRESENTATION_CONTEXT(2) 
PARAMETRIC_REPRESENTATION_CONTEXT() REPRESENTATION_CONTEXT('2D SPACE',''
  ) );
#9890 = PCURVE('',#9851,#9891);
#9891 = DEFINITIONAL_REPRESENTATION('',(#9892),#9896);
#9892 = LINE('',#9893,#9894);
#9893 = CARTESIAN_POINT('',(-0.,0.));
#9894 = VECTOR('',#9895,1.);
#9895 = DIRECTION('',(-0.,-1.));
#9896 = ( GEOMETRIC_REPRESENTATION_CONTEXT(2) 
PARAMETRIC_REPRESENTATION_CONTEXT() REPRESENTATION_CONTEXT('2D SPACE',''
  ) );
#9897 = ORIENTED_EDGE('',*,*,#9898,.F.);
#9898 = EDGE_CURVE('',#9876,#9876,#9899,.T.);
#9899 = SURFACE_CURVE('',#9900,(#9905,#9912),.PCURVE_S1.);
#9900 = CIRCLE('',#9901,6.35);
#9901 = AXIS2_PLACEMENT_3D('',#9902,#9903,#9904);
#9902 = CARTESIAN_POINT('',(-44.,0.,17.1));
#9903 = DIRECTION('',(0.,0.,-1.));
#9904 = DIRECTION('',(1.,0.,0.));
#9905 = PCURVE('',#9851,#9906);
#9906 = DEFINITIONAL_REPRESENTATION('',(#9907),#9911);
#9907 = LINE('',#9908,#9909);
#9908 = CARTESIAN_POINT('',(-6.28318530718,-1.1));
#9909 = VECTOR('',#9910,1.);
#9910 = DIRECTION('',(1.,-0.));
#9911 = ( GEOMETRIC_REPRESENTATION_CONTEXT(2) 
PARAMETRIC_REPRESENTATION_CONTEXT() REPRESENTATION_CONTEXT('2D SPACE',''
  ) );
#9912 = PCURVE('',#9913,#9918);
#9913 = PLANE('',#9914);
#9914 = AXIS2_PLACEMENT_3D('',#9915,#9916,#9917);
#9915 = CARTESIAN_POINT('',(-44.,1.196249076369E-16,17.1));
#9916 = DIRECTION('',(0.,0.,1.));
#9917 = DIRECTION('',(1.,0.,0.));
#9918 = DEFINITIONAL_REPRESENTATION('',(#9919),#9927);
#9919 = ( BOUNDED_CURVE() B_SPLINE_CURVE(2,(#9920,#9921,#9922,#9923,
#9924,#9925,#9926),.UNSPECIFIED.,.T.,.F.) B_SPLINE_CURVE_WITH_KNOTS((1,2
    ,2,2,2,1),(-2.094395102393,0.,2.094395102393,4.188790204786,
6.28318530718,8.377580409573),.UNSPECIFIED.) CURVE() 
GEOMETRIC_REPRESENTATION_ITEM() RATIONAL_B_SPLINE_CURVE((1.,0.5,1.,0.5,
1.,0.5,1.)) REPRESENTATION_ITEM('') );
#9920 = CARTESIAN_POINT('',(6.35,-1.196249076369E-16));
#9921 = CARTESIAN_POINT('',(6.35,-10.99852262806));
#9922 = CARTESIAN_POINT('',(-3.175,-5.499261314031));
#9923 = CARTESIAN_POINT('',(-12.7,-1.674926342554E-15));
#9924 = CARTESIAN_POINT('',(-3.175,5.499261314031));
#9925 = CARTESIAN_POINT('',(6.35,10.998522628062));
#9926 = CARTESIAN_POINT('',(6.35,-1.196249076369E-16));
#9927 = ( GEOMETRIC_REPRESENTATION_CONTEXT(2) 
PARAMETRIC_REPRESENTATION_CONTEXT() REPRESENTATION_CONTEXT('2D SPACE',''
  ) );
#9928 = ORIENTED_EDGE('',*,*,#9875,.F.);
#9929 = ADVANCED_FACE('',(#9930,#9933),#9863,.F.);
#9930 = FACE_BOUND('',#9931,.F.);
#9931 = EDGE_LOOP('',(#9932));
#9932 = ORIENTED_EDGE('',*,*,#9841,.T.);
#9933 = FACE_BOUND('',#9934,.F.);
#9934 = EDGE_LOOP('',(#9935));
#9935 = ORIENTED_EDGE('',*,*,#9936,.F.);
#9936 = EDGE_CURVE('',#9937,#9937,#9939,.T.);
#9937 = VERTEX_POINT('',#9938);
#9938 = CARTESIAN_POINT('',(-42.425,0.,16.));
#9939 = SURFACE_CURVE('',#9940,(#9945,#9952),.PCURVE_S1.);
#9940 = CIRCLE('',#9941,1.575);
#9941 = AXIS2_PLACEMENT_3D('',#9942,#9943,#9944);
#9942 = CARTESIAN_POINT('',(-44.,0.,16.));
#9943 = DIRECTION('',(0.,0.,1.));
#9944 = DIRECTION('',(1.,0.,0.));
#9945 = PCURVE('',#9863,#9946);
#9946 = DEFINITIONAL_REPRESENTATION('',(#9947),#9951);
#9947 = CIRCLE('',#9948,1.575);
#9948 = AXIS2_PLACEMENT_2D('',#9949,#9950);
#9949 = CARTESIAN_POINT('',(0.,-6.021627052289E-16));
#9950 = DIRECTION('',(1.,0.));
#9951 = ( GEOMETRIC_REPRESENTATION_CONTEXT(2) 
PARAMETRIC_REPRESENTATION_CONTEXT() REPRESENTATION_CONTEXT('2D SPACE',''
  ) );
#9952 = PCURVE('',#9953,#9958);
#9953 = CYLINDRICAL_SURFACE('',#9954,1.575);
#9954 = AXIS2_PLACEMENT_3D('',#9955,#9956,#9957);
#9955 = CARTESIAN_POINT('',(-44.,0.,8.));
#9956 = DIRECTION('',(-0.,-0.,-1.));
#9957 = DIRECTION('',(1.,0.,0.));
#9958 = DEFINITIONAL_REPRESENTATION('',(#9959),#9963);
#9959 = LINE('',#9960,#9961);
#9960 = CARTESIAN_POINT('',(-0.,-8.));
#9961 = VECTOR('',#9962,1.);
#9962 = DIRECTION('',(-1.,0.));
#9963 = ( GEOMETRIC_REPRESENTATION_CONTEXT(2) 
PARAMETRIC_REPRESENTATION_CONTEXT() REPRESENTATION_CONTEXT('2D SPACE',''
  ) );
#9964 = ADVANCED_FACE('',(#9965,#9968),#9913,.T.);
#9965 = FACE_BOUND('',#9966,.T.);
#9966 = EDGE_LOOP('',(#9967));
#9967 = ORIENTED_EDGE('',*,*,#9898,.F.);
#9968 = FACE_BOUND('',#9969,.T.);
#9969 = EDGE_LOOP('',(#9970));
#9970 = ORIENTED_EDGE('',*,*,#9971,.F.);
#9971 = EDGE_CURVE('',#9972,#9972,#9974,.T.);
#9972 = VERTEX_POINT('',#9973);
#9973 = CARTESIAN_POINT('',(-38.15,4.538137910877E-16,17.1));
#9974 = SURFACE_CURVE('',#9975,(#9980,#9987),.PCURVE_S1.);
#9975 = CIRCLE('',#9976,5.85);
#9976 = AXIS2_PLACEMENT_3D('',#9977,#9978,#9979);
#9977 = CARTESIAN_POINT('',(-44.,4.538137910877E-16,17.1));
#9978 = DIRECTION('',(0.,0.,1.));
#9979 = DIRECTION('',(1.,0.,0.));
#9980 = PCURVE('',#9913,#9981);
#9981 = DEFINITIONAL_REPRESENTATION('',(#9982),#9986);
#9982 = CIRCLE('',#9983,5.85);
#9983 = AXIS2_PLACEMENT_2D('',#9984,#9985);
#9984 = CARTESIAN_POINT('',(3.321377597886E-14,3.341888834508E-16));
#9985 = DIRECTION('',(1.,0.));
#9986 = ( GEOMETRIC_REPRESENTATION_CONTEXT(2) 
PARAMETRIC_REPRESENTATION_CONTEXT() REPRESENTATION_CONTEXT('2D SPACE',''
  ) );
#9987 = PCURVE('',#9988,#9993);
#9988 = CYLINDRICAL_SURFACE('',#9989,5.85);
#9989 = AXIS2_PLACEMENT_3D('',#9990,#9991,#9992);
#9990 = CARTESIAN_POINT('',(-44.,4.538137910877E-16,17.1));
#9991 = DIRECTION('',(-0.,-0.,-1.));
#9992 = DIRECTION('',(1.,0.,0.));
#9993 = DEFINITIONAL_REPRESENTATION('',(#9994),#9998);
#9994 = LINE('',#9995,#9996);
#9995 = CARTESIAN_POINT('',(-0.,0.));
#9996 = VECTOR('',#9997,1.);
#9997 = DIRECTION('',(-1.,0.));
#9998 = ( GEOMETRIC_REPRESENTATION_CONTEXT(2) 
PARAMETRIC_REPRESENTATION_CONTEXT() REPRESENTATION_CONTEXT('2D SPACE',''
  ) );
#9999 = ADVANCED_FACE('',(#10000),#9953,.T.);
#10000 = FACE_BOUND('',#10001,.F.);
#10001 = EDGE_LOOP('',(#10002,#10025,#10026,#10027));
#10002 = ORIENTED_EDGE('',*,*,#10003,.T.);
#10003 = EDGE_CURVE('',#10004,#9937,#10006,.T.);
#10004 = VERTEX_POINT('',#10005);
#10005 = CARTESIAN_POINT('',(-42.425,0.,8.4));
#10006 = SEAM_CURVE('',#10007,(#10011,#10018),.PCURVE_S1.);
#10007 = LINE('',#10008,#10009);
#10008 = CARTESIAN_POINT('',(-42.425,0.,8.));
#10009 = VECTOR('',#10010,1.);
#10010 = DIRECTION('',(0.,0.,1.));
#10011 = PCURVE('',#9953,#10012);
#10012 = DEFINITIONAL_REPRESENTATION('',(#10013),#10017);
#10013 = LINE('',#10014,#10015);
#10014 = CARTESIAN_POINT('',(-0.,0.));
#10015 = VECTOR('',#10016,1.);
#10016 = DIRECTION('',(-0.,-1.));
#10017 = ( GEOMETRIC_REPRESENTATION_CONTEXT(2) 
PARAMETRIC_REPRESENTATION_CONTEXT() REPRESENTATION_CONTEXT('2D SPACE',''
  ) );
#10018 = PCURVE('',#9953,#10019);
#10019 = DEFINITIONAL_REPRESENTATION('',(#10020),#10024);
#10020 = LINE('',#10021,#10022);
#10021 = CARTESIAN_POINT('',(-6.28318530718,0.));
#10022 = VECTOR('',#10023,1.);
#10023 = DIRECTION('',(-0.,-1.));
#10024 = ( GEOMETRIC_REPRESENTATION_CONTEXT(2) 
PARAMETRIC_REPRESENTATION_CONTEXT() REPRESENTATION_CONTEXT('2D SPACE',''
  ) );
#10025 = ORIENTED_EDGE('',*,*,#9936,.T.);
#10026 = ORIENTED_EDGE('',*,*,#10003,.F.);
#10027 = ORIENTED_EDGE('',*,*,#10028,.F.);
#10028 = EDGE_CURVE('',#10004,#10004,#10029,.T.);
#10029 = SURFACE_CURVE('',#10030,(#10035,#10042),.PCURVE_S1.);
#10030 = CIRCLE('',#10031,1.575);
#10031 = AXIS2_PLACEMENT_3D('',#10032,#10033,#10034);
#10032 = CARTESIAN_POINT('',(-44.,0.,8.4));
#10033 = DIRECTION('',(0.,0.,1.));
#10034 = DIRECTION('',(1.,0.,0.));
#10035 = PCURVE('',#9953,#10036);
#10036 = DEFINITIONAL_REPRESENTATION('',(#10037),#10041);
#10037 = LINE('',#10038,#10039);
#10038 = CARTESIAN_POINT('',(-0.,-0.4));
#10039 = VECTOR('',#10040,1.);
#10040 = DIRECTION('',(-1.,0.));
#10041 = ( GEOMETRIC_REPRESENTATION_CONTEXT(2) 
PARAMETRIC_REPRESENTATION_CONTEXT() REPRESENTATION_CONTEXT('2D SPACE',''
  ) );
#10042 = PCURVE('',#10043,#10048);
#10043 = CONICAL_SURFACE('',#10044,1.575,0.785398163397);
#10044 = AXIS2_PLACEMENT_3D('',#10045,#10046,#10047);
#10045 = CARTESIAN_POINT('',(-44.,0.,8.4));
#10046 = DIRECTION('',(0.,0.,1.));
#10047 = DIRECTION('',(1.,0.,0.));
#10048 = DEFINITIONAL_REPRESENTATION('',(#10049),#10053);
#10049 = LINE('',#10050,#10051);
#10050 = CARTESIAN_POINT('',(0.,-0.));
#10051 = VECTOR('',#10052,1.);
#10052 = DIRECTION('',(1.,-0.));
#10053 = ( GEOMETRIC_REPRESENTATION_CONTEXT(2) 
PARAMETRIC_REPRESENTATION_CONTEXT() REPRESENTATION_CONTEXT('2D SPACE',''
  ) );
#10054 = ADVANCED_FACE('',(#10055),#9988,.T.);
#10055 = FACE_BOUND('',#10056,.F.);
#10056 = EDGE_LOOP('',(#10057,#10080,#10107,#10108));
#10057 = ORIENTED_EDGE('',*,*,#10058,.T.);
#10058 = EDGE_CURVE('',#9972,#10059,#10061,.T.);
#10059 = VERTEX_POINT('',#10060);
#10060 = CARTESIAN_POINT('',(-38.15,4.538137910877E-16,18.1));
#10061 = SEAM_CURVE('',#10062,(#10066,#10073),.PCURVE_S1.);
#10062 = LINE('',#10063,#10064);
#10063 = CARTESIAN_POINT('',(-38.15,4.538137910877E-16,17.1));
#10064 = VECTOR('',#10065,1.);
#10065 = DIRECTION('',(0.,0.,1.));
#10066 = PCURVE('',#9988,#10067);
#10067 = DEFINITIONAL_REPRESENTATION('',(#10068),#10072);
#10068 = LINE('',#10069,#10070);
#10069 = CARTESIAN_POINT('',(-0.,0.));
#10070 = VECTOR('',#10071,1.);
#10071 = DIRECTION('',(-0.,-1.));
#10072 = ( GEOMETRIC_REPRESENTATION_CONTEXT(2) 
PARAMETRIC_REPRESENTATION_CONTEXT() REPRESENTATION_CONTEXT('2D SPACE',''
  ) );
#10073 = PCURVE('',#9988,#10074);
#10074 = DEFINITIONAL_REPRESENTATION('',(#10075),#10079);
#10075 = LINE('',#10076,#10077);
#10076 = CARTESIAN_POINT('',(-6.28318530718,0.));
#10077 = VECTOR('',#10078,1.);
#10078 = DIRECTION('',(-0.,-1.));
#10079 = ( GEOMETRIC_REPRESENTATION_CONTEXT(2) 
PARAMETRIC_REPRESENTATION_CONTEXT() REPRESENTATION_CONTEXT('2D SPACE',''
  ) );
#10080 = ORIENTED_EDGE('',*,*,#10081,.T.);
#10081 = EDGE_CURVE('',#10059,#10059,#10082,.T.);
#10082 = SURFACE_CURVE('',#10083,(#10088,#10095),.PCURVE_S1.);
#10083 = CIRCLE('',#10084,5.85);
#10084 = AXIS2_PLACEMENT_3D('',#10085,#10086,#10087);
#10085 = CARTESIAN_POINT('',(-44.,4.538137910877E-16,18.1));
#10086 = DIRECTION('',(0.,0.,1.));
#10087 = DIRECTION('',(1.,0.,0.));
#10088 = PCURVE('',#9988,#10089);
#10089 = DEFINITIONAL_REPRESENTATION('',(#10090),#10094);
#10090 = LINE('',#10091,#10092);
#10091 = CARTESIAN_POINT('',(-0.,-1.));
#10092 = VECTOR('',#10093,1.);
#10093 = DIRECTION('',(-1.,0.));
#10094 = ( GEOMETRIC_REPRESENTATION_CONTEXT(2) 
PARAMETRIC_REPRESENTATION_CONTEXT() REPRESENTATION_CONTEXT('2D SPACE',''
  ) );
#10095 = PCURVE('',#10096,#10101);
#10096 = PLANE('',#10097);
#10097 = AXIS2_PLACEMENT_3D('',#10098,#10099,#10100);
#10098 = CARTESIAN_POINT('',(-44.,1.196249076369E-16,18.1));
#10099 = DIRECTION('',(0.,0.,1.));
#10100 = DIRECTION('',(1.,0.,0.));
#10101 = DEFINITIONAL_REPRESENTATION('',(#10102),#10106);
#10102 = CIRCLE('',#10103,5.85);
#10103 = AXIS2_PLACEMENT_2D('',#10104,#10105);
#10104 = CARTESIAN_POINT('',(3.321377597886E-14,3.341888834508E-16));
#10105 = DIRECTION('',(1.,0.));
#10106 = ( GEOMETRIC_REPRESENTATION_CONTEXT(2) 
PARAMETRIC_REPRESENTATION_CONTEXT() REPRESENTATION_CONTEXT('2D SPACE',''
  ) );
#10107 = ORIENTED_EDGE('',*,*,#10058,.F.);
#10108 = ORIENTED_EDGE('',*,*,#9971,.F.);
#10109 = ADVANCED_FACE('',(#10110),#10043,.T.);
#10110 = FACE_BOUND('',#10111,.F.);
#10111 = EDGE_LOOP('',(#10112,#10133,#10134,#10135));
#10112 = ORIENTED_EDGE('',*,*,#10113,.F.);
#10113 = EDGE_CURVE('',#10004,#10114,#10116,.T.);
#10114 = VERTEX_POINT('',#10115);
#10115 = CARTESIAN_POINT('',(-42.825,0.,8.));
#10116 = SEAM_CURVE('',#10117,(#10121,#10127),.PCURVE_S1.);
#10117 = LINE('',#10118,#10119);
#10118 = CARTESIAN_POINT('',(-42.425,0.,8.4));
#10119 = VECTOR('',#10120,1.);
#10120 = DIRECTION('',(-0.707106781187,-0.,-0.707106781187));
#10121 = PCURVE('',#10043,#10122);
#10122 = DEFINITIONAL_REPRESENTATION('',(#10123),#10126);
#10123 = B_SPLINE_CURVE_WITH_KNOTS('',1,(#10124,#10125),.UNSPECIFIED.,
  .F.,.F.,(2,2),(0.,0.565685424949),.PIECEWISE_BEZIER_KNOTS.);
#10124 = CARTESIAN_POINT('',(0.,0.));
#10125 = CARTESIAN_POINT('',(0.,-0.4));
#10126 = ( GEOMETRIC_REPRESENTATION_CONTEXT(2) 
PARAMETRIC_REPRESENTATION_CONTEXT() REPRESENTATION_CONTEXT('2D SPACE',''
  ) );
#10127 = PCURVE('',#10043,#10128);
#10128 = DEFINITIONAL_REPRESENTATION('',(#10129),#10132);
#10129 = B_SPLINE_CURVE_WITH_KNOTS('',1,(#10130,#10131),.UNSPECIFIED.,
  .F.,.F.,(2,2),(0.,0.565685424949),.PIECEWISE_BEZIER_KNOTS.);
#10130 = CARTESIAN_POINT('',(6.28318530718,0.));
#10131 = CARTESIAN_POINT('',(6.28318530718,-0.4));
#10132 = ( GEOMETRIC_REPRESENTATION_CONTEXT(2) 
PARAMETRIC_REPRESENTATION_CONTEXT() REPRESENTATION_CONTEXT('2D SPACE',''
  ) );
#10133 = ORIENTED_EDGE('',*,*,#10028,.T.);
#10134 = ORIENTED_EDGE('',*,*,#10113,.T.);
#10135 = ORIENTED_EDGE('',*,*,#10136,.F.);
#10136 = EDGE_CURVE('',#10114,#10114,#10137,.T.);
#10137 = SURFACE_CURVE('',#10138,(#10143,#10150),.PCURVE_S1.);
#10138 = CIRCLE('',#10139,1.175);
#10139 = AXIS2_PLACEMENT_3D('',#10140,#10141,#10142);
#10140 = CARTESIAN_POINT('',(-44.,0.,8.));
#10141 = DIRECTION('',(0.,0.,1.));
#10142 = DIRECTION('',(1.,0.,0.));
#10143 = PCURVE('',#10043,#10144);
#10144 = DEFINITIONAL_REPRESENTATION('',(#10145),#10149);
#10145 = LINE('',#10146,#10147);
#10146 = CARTESIAN_POINT('',(0.,-0.4));
#10147 = VECTOR('',#10148,1.);
#10148 = DIRECTION('',(1.,-0.));
#10149 = ( GEOMETRIC_REPRESENTATION_CONTEXT(2) 
PARAMETRIC_REPRESENTATION_CONTEXT() REPRESENTATION_CONTEXT('2D SPACE',''
  ) );
#10150 = PCURVE('',#10151,#10156);
#10151 = PLANE('',#10152);
#10152 = AXIS2_PLACEMENT_3D('',#10153,#10154,#10155);
#10153 = CARTESIAN_POINT('',(-44.,4.423303769075E-17,8.));
#10154 = DIRECTION('',(0.,0.,1.));
#10155 = DIRECTION('',(1.,0.,0.));
#10156 = DEFINITIONAL_REPRESENTATION('',(#10157),#10161);
#10157 = CIRCLE('',#10158,1.175);
#10158 = AXIS2_PLACEMENT_2D('',#10159,#10160);
#10159 = CARTESIAN_POINT('',(5.426349732299E-17,-4.423303769075E-17));
#10160 = DIRECTION('',(1.,0.));
#10161 = ( GEOMETRIC_REPRESENTATION_CONTEXT(2) 
PARAMETRIC_REPRESENTATION_CONTEXT() REPRESENTATION_CONTEXT('2D SPACE',''
  ) );
#10162 = ADVANCED_FACE('',(#10163,#10198),#10096,.F.);
#10163 = FACE_BOUND('',#10164,.F.);
#10164 = EDGE_LOOP('',(#10165));
#10165 = ORIENTED_EDGE('',*,*,#10166,.F.);
#10166 = EDGE_CURVE('',#10167,#10167,#10169,.T.);
#10167 = VERTEX_POINT('',#10168);
#10168 = CARTESIAN_POINT('',(-37.65,0.,18.1));
#10169 = SURFACE_CURVE('',#10170,(#10175,#10186),.PCURVE_S1.);
#10170 = CIRCLE('',#10171,6.35);
#10171 = AXIS2_PLACEMENT_3D('',#10172,#10173,#10174);
#10172 = CARTESIAN_POINT('',(-44.,0.,18.1));
#10173 = DIRECTION('',(0.,0.,-1.));
#10174 = DIRECTION('',(1.,0.,0.));
#10175 = PCURVE('',#10096,#10176);
#10176 = DEFINITIONAL_REPRESENTATION('',(#10177),#10185);
#10177 = ( BOUNDED_CURVE() B_SPLINE_CURVE(2,(#10178,#10179,#10180,#10181
    ,#10182,#10183,#10184),.UNSPECIFIED.,.T.,.F.) 
B_SPLINE_CURVE_WITH_KNOTS((1,2,2,2,2,1),(-2.094395102393,0.,
    2.094395102393,4.188790204786,6.28318530718,8.377580409573),
.UNSPECIFIED.) CURVE() GEOMETRIC_REPRESENTATION_ITEM() 
RATIONAL_B_SPLINE_CURVE((1.,0.5,1.,0.5,1.,0.5,1.)) REPRESENTATION_ITEM(
  '') );
#10178 = CARTESIAN_POINT('',(6.35,-1.196249076369E-16));
#10179 = CARTESIAN_POINT('',(6.35,-10.99852262806));
#10180 = CARTESIAN_POINT('',(-3.175,-5.499261314031));
#10181 = CARTESIAN_POINT('',(-12.7,-1.674926342554E-15));
#10182 = CARTESIAN_POINT('',(-3.175,5.499261314031));
#10183 = CARTESIAN_POINT('',(6.35,10.998522628062));
#10184 = CARTESIAN_POINT('',(6.35,-1.196249076369E-16));
#10185 = ( GEOMETRIC_REPRESENTATION_CONTEXT(2) 
PARAMETRIC_REPRESENTATION_CONTEXT() REPRESENTATION_CONTEXT('2D SPACE',''
  ) );
#10186 = PCURVE('',#10187,#10192);
#10187 = CYLINDRICAL_SURFACE('',#10188,6.35);
#10188 = AXIS2_PLACEMENT_3D('',#10189,#10190,#10191);
#10189 = CARTESIAN_POINT('',(-44.,0.,16.));
#10190 = DIRECTION('',(-0.,-0.,-1.));
#10191 = DIRECTION('',(1.,0.,0.));
#10192 = DEFINITIONAL_REPRESENTATION('',(#10193),#10197);
#10193 = LINE('',#10194,#10195);
#10194 = CARTESIAN_POINT('',(-6.28318530718,-2.1));
#10195 = VECTOR('',#10196,1.);
#10196 = DIRECTION('',(1.,-0.));
#10197 = ( GEOMETRIC_REPRESENTATION_CONTEXT(2) 
PARAMETRIC_REPRESENTATION_CONTEXT() REPRESENTATION_CONTEXT('2D SPACE',''
  ) );
#10198 = FACE_BOUND('',#10199,.F.);
#10199 = EDGE_LOOP('',(#10200));
#10200 = ORIENTED_EDGE('',*,*,#10081,.F.);
#10201 = ADVANCED_FACE('',(#10202),#10151,.F.);
#10202 = FACE_BOUND('',#10203,.F.);
#10203 = EDGE_LOOP('',(#10204));
#10204 = ORIENTED_EDGE('',*,*,#10136,.T.);
#10205 = ADVANCED_FACE('',(#10206),#10187,.T.);
#10206 = FACE_BOUND('',#10207,.F.);
#10207 = EDGE_LOOP('',(#10208,#10209,#10232,#10259));
#10208 = ORIENTED_EDGE('',*,*,#10166,.T.);
#10209 = ORIENTED_EDGE('',*,*,#10210,.T.);
#10210 = EDGE_CURVE('',#10167,#10211,#10213,.T.);
#10211 = VERTEX_POINT('',#10212);
#10212 = CARTESIAN_POINT('',(-37.65,0.,19.));
#10213 = SEAM_CURVE('',#10214,(#10218,#10225),.PCURVE_S1.);
#10214 = LINE('',#10215,#10216);
#10215 = CARTESIAN_POINT('',(-37.65,0.,16.));
#10216 = VECTOR('',#10217,1.);
#10217 = DIRECTION('',(0.,0.,1.));
#10218 = PCURVE('',#10187,#10219);
#10219 = DEFINITIONAL_REPRESENTATION('',(#10220),#10224);
#10220 = LINE('',#10221,#10222);
#10221 = CARTESIAN_POINT('',(-6.28318530718,0.));
#10222 = VECTOR('',#10223,1.);
#10223 = DIRECTION('',(-0.,-1.));
#10224 = ( GEOMETRIC_REPRESENTATION_CONTEXT(2) 
PARAMETRIC_REPRESENTATION_CONTEXT() REPRESENTATION_CONTEXT('2D SPACE',''
  ) );
#10225 = PCURVE('',#10187,#10226);
#10226 = DEFINITIONAL_REPRESENTATION('',(#10227),#10231);
#10227 = LINE('',#10228,#10229);
#10228 = CARTESIAN_POINT('',(-0.,0.));
#10229 = VECTOR('',#10230,1.);
#10230 = DIRECTION('',(-0.,-1.));
#10231 = ( GEOMETRIC_REPRESENTATION_CONTEXT(2) 
PARAMETRIC_REPRESENTATION_CONTEXT() REPRESENTATION_CONTEXT('2D SPACE',''
  ) );
#10232 = ORIENTED_EDGE('',*,*,#10233,.T.);
#10233 = EDGE_CURVE('',#10211,#10211,#10234,.T.);
#10234 = SURFACE_CURVE('',#10235,(#10240,#10247),.PCURVE_S1.);
#10235 = CIRCLE('',#10236,6.35);
#10236 = AXIS2_PLACEMENT_3D('',#10237,#10238,#10239);
#10237 = CARTESIAN_POINT('',(-44.,0.,19.));
#10238 = DIRECTION('',(0.,0.,1.));
#10239 = DIRECTION('',(1.,0.,0.));
#10240 = PCURVE('',#10187,#10241);
#10241 = DEFINITIONAL_REPRESENTATION('',(#10242),#10246);
#10242 = LINE('',#10243,#10244);
#10243 = CARTESIAN_POINT('',(-0.,-3.));
#10244 = VECTOR('',#10245,1.);
#10245 = DIRECTION('',(-1.,0.));
#10246 = ( GEOMETRIC_REPRESENTATION_CONTEXT(2) 
PARAMETRIC_REPRESENTATION_CONTEXT() REPRESENTATION_CONTEXT('2D SPACE',''
  ) );
#10247 = PCURVE('',#10248,#10253);
#10248 = CONICAL_SURFACE('',#10249,6.35,0.785398163397);
#10249 = AXIS2_PLACEMENT_3D('',#10250,#10251,#10252);
#10250 = CARTESIAN_POINT('',(-44.,0.,19.));
#10251 = DIRECTION('',(-0.,-0.,-1.));
#10252 = DIRECTION('',(1.,0.,0.));
#10253 = DEFINITIONAL_REPRESENTATION('',(#10254),#10258);
#10254 = LINE('',#10255,#10256);
#10255 = CARTESIAN_POINT('',(-0.,-0.));
#10256 = VECTOR('',#10257,1.);
#10257 = DIRECTION('',(-1.,-0.));
#10258 = ( GEOMETRIC_REPRESENTATION_CONTEXT(2) 
PARAMETRIC_REPRESENTATION_CONTEXT() REPRESENTATION_CONTEXT('2D SPACE',''
  ) );
#10259 = ORIENTED_EDGE('',*,*,#10210,.F.);
#10260 = ADVANCED_FACE('',(#10261),#10248,.T.);
#10261 = FACE_BOUND('',#10262,.T.);
#10262 = EDGE_LOOP('',(#10263,#10284,#10285,#10286));
#10263 = ORIENTED_EDGE('',*,*,#10264,.F.);
#10264 = EDGE_CURVE('',#10211,#10265,#10267,.T.);
#10265 = VERTEX_POINT('',#10266);
#10266 = CARTESIAN_POINT('',(-37.85,0.,19.2));
#10267 = SEAM_CURVE('',#10268,(#10272,#10278),.PCURVE_S1.);
#10268 = LINE('',#10269,#10270);
#10269 = CARTESIAN_POINT('',(-37.65,0.,19.));
#10270 = VECTOR('',#10271,1.);
#10271 = DIRECTION('',(-0.707106781187,0.,0.707106781187));
#10272 = PCURVE('',#10248,#10273);
#10273 = DEFINITIONAL_REPRESENTATION('',(#10274),#10277);
#10274 = B_SPLINE_CURVE_WITH_KNOTS('',1,(#10275,#10276),.UNSPECIFIED.,
  .F.,.F.,(2,2),(0.,0.282842712475),.PIECEWISE_BEZIER_KNOTS.);
#10275 = CARTESIAN_POINT('',(0.,0.));
#10276 = CARTESIAN_POINT('',(0.,-0.2));
#10277 = ( GEOMETRIC_REPRESENTATION_CONTEXT(2) 
PARAMETRIC_REPRESENTATION_CONTEXT() REPRESENTATION_CONTEXT('2D SPACE',''
  ) );
#10278 = PCURVE('',#10248,#10279);
#10279 = DEFINITIONAL_REPRESENTATION('',(#10280),#10283);
#10280 = B_SPLINE_CURVE_WITH_KNOTS('',1,(#10281,#10282),.UNSPECIFIED.,
  .F.,.F.,(2,2),(0.,0.282842712475),.PIECEWISE_BEZIER_KNOTS.);
#10281 = CARTESIAN_POINT('',(-6.28318530718,0.));
#10282 = CARTESIAN_POINT('',(-6.28318530718,-0.2));
#10283 = ( GEOMETRIC_REPRESENTATION_CONTEXT(2) 
PARAMETRIC_REPRESENTATION_CONTEXT() REPRESENTATION_CONTEXT('2D SPACE',''
  ) );
#10284 = ORIENTED_EDGE('',*,*,#10233,.T.);
#10285 = ORIENTED_EDGE('',*,*,#10264,.T.);
#10286 = ORIENTED_EDGE('',*,*,#10287,.F.);
#10287 = EDGE_CURVE('',#10265,#10265,#10288,.T.);
#10288 = SURFACE_CURVE('',#10289,(#10294,#10301),.PCURVE_S1.);
#10289 = CIRCLE('',#10290,6.15);
#10290 = AXIS2_PLACEMENT_3D('',#10291,#10292,#10293);
#10291 = CARTESIAN_POINT('',(-44.,0.,19.2));
#10292 = DIRECTION('',(0.,0.,1.));
#10293 = DIRECTION('',(1.,0.,0.));
#10294 = PCURVE('',#10248,#10295);
#10295 = DEFINITIONAL_REPRESENTATION('',(#10296),#10300);
#10296 = LINE('',#10297,#10298);
#10297 = CARTESIAN_POINT('',(-0.,-0.2));
#10298 = VECTOR('',#10299,1.);
#10299 = DIRECTION('',(-1.,-0.));
#10300 = ( GEOMETRIC_REPRESENTATION_CONTEXT(2) 
PARAMETRIC_REPRESENTATION_CONTEXT() REPRESENTATION_CONTEXT('2D SPACE',''
  ) );
#10301 = PCURVE('',#10302,#10307);
#10302 = PLANE('',#10303);
#10303 = AXIS2_PLACEMENT_3D('',#10304,#10305,#10306);
#10304 = CARTESIAN_POINT('',(-44.,6.021627052289E-16,19.2));
#10305 = DIRECTION('',(0.,0.,1.));
#10306 = DIRECTION('',(1.,0.,0.));
#10307 = DEFINITIONAL_REPRESENTATION('',(#10308),#10312);
#10308 = CIRCLE('',#10309,6.15);
#10309 = AXIS2_PLACEMENT_2D('',#10310,#10311);
#10310 = CARTESIAN_POINT('',(0.,-6.021627052289E-16));
#10311 = DIRECTION('',(1.,0.));
#10312 = ( GEOMETRIC_REPRESENTATION_CONTEXT(2) 
PARAMETRIC_REPRESENTATION_CONTEXT() REPRESENTATION_CONTEXT('2D SPACE',''
  ) );
#10313 = ADVANCED_FACE('',(#10314),#10302,.T.);
#10314 = FACE_BOUND('',#10315,.T.);
#10315 = EDGE_LOOP('',(#10316));
#10316 = ORIENTED_EDGE('',*,*,#10287,.T.);
#10317 = ( GEOMETRIC_REPRESENTATION_CONTEXT(3) 
GLOBAL_UNCERTAINTY_ASSIGNED_CONTEXT((#10321)) 
GLOBAL_UNIT_ASSIGNED_CONTEXT((#10318,#10319,#10320)) 
REPRESENTATION_CONTEXT('Context #1',
  '3D Context with UNIT and UNCERTAINTY') );
#10318 = ( LENGTH_UNIT() NAMED_UNIT(*) SI_UNIT(.MILLI.,.METRE.) );
#10319 = ( NAMED_UNIT(*) PLANE_ANGLE_UNIT() SI_UNIT($,.RADIAN.) );
#10320 = ( NAMED_UNIT(*) SI_UNIT($,.STERADIAN.) SOLID_ANGLE_UNIT() );
#10321 = UNCERTAINTY_MEASURE_WITH_UNIT(LENGTH_MEASURE(1.E-07),#10318,
  'distance_accuracy_value','confusion accuracy');
#10322 = CONTEXT_DEPENDENT_SHAPE_REPRESENTATION(#10323,#10325);
#10323 = ( REPRESENTATION_RELATIONSHIP('','',#9834,#10) 
REPRESENTATION_RELATIONSHIP_WITH_TRANSFORMATION(#10324) 
SHAPE_REPRESENTATION_RELATIONSHIP() );
#10324 = ITEM_DEFINED_TRANSFORMATION('','',#11,#79);
#10325 = PRODUCT_DEFINITION_SHAPE('Placement','Placement of an item',
  #10326);
#10326 = NEXT_ASSEMBLY_USAGE_OCCURRENCE('165','stub 6 stub','',#5,#9829,
  $);
#10327 = PRODUCT_RELATED_PRODUCT_CATEGORY('part',$,(#9831));
#10328 = SHAPE_DEFINITION_REPRESENTATION(#10329,#10335);
#10329 = PRODUCT_DEFINITION_SHAPE('','',#10330);
#10330 = PRODUCT_DEFINITION('design','',#10331,#10334);
#10331 = PRODUCT_DEFINITION_FORMATION('','',#10332);
#10332 = PRODUCT('stub 6 carbon tab','stub 6 carbon tab','',(#10333));
#10333 = PRODUCT_CONTEXT('',#2,'mechanical');
#10334 = PRODUCT_DEFINITION_CONTEXT('part definition',#2,'design');
#10335 = ADVANCED_BREP_SHAPE_REPRESENTATION('',(#11,#10336),#10434);
#10336 = MANIFOLD_SOLID_BREP('',#10337);
#10337 = CLOSED_SHELL('',(#10338,#10426,#10430));
#10338 = ADVANCED_FACE('',(#10339),#10353,.T.);
#10339 = FACE_BOUND('',#10340,.F.);
#10340 = EDGE_LOOP('',(#10341,#10371,#10398,#10399));
#10341 = ORIENTED_EDGE('',*,*,#10342,.T.);
#10342 = EDGE_CURVE('',#10343,#10345,#10347,.T.);
#10343 = VERTEX_POINT('',#10344);
#10344 = CARTESIAN_POINT('',(-38.15,0.,19.2));
#10345 = VERTEX_POINT('',#10346);
#10346 = CARTESIAN_POINT('',(-38.15,0.,19.35));
#10347 = SEAM_CURVE('',#10348,(#10352,#10364),.PCURVE_S1.);
#10348 = LINE('',#10349,#10350);
#10349 = CARTESIAN_POINT('',(-38.15,0.,19.2));
#10350 = VECTOR('',#10351,1.);
#10351 = DIRECTION('',(0.,0.,1.));
#10352 = PCURVE('',#10353,#10358);
#10353 = CYLINDRICAL_SURFACE('',#10354,5.85);
#10354 = AXIS2_PLACEMENT_3D('',#10355,#10356,#10357);
#10355 = CARTESIAN_POINT('',(-44.,0.,19.2));
#10356 = DIRECTION('',(-0.,-0.,-1.));
#10357 = DIRECTION('',(1.,0.,0.));
#10358 = DEFINITIONAL_REPRESENTATION('',(#10359),#10363);
#10359 = LINE('',#10360,#10361);
#10360 = CARTESIAN_POINT('',(-0.,0.));
#10361 = VECTOR('',#10362,1.);
#10362 = DIRECTION('',(-0.,-1.));
#10363 = ( GEOMETRIC_REPRESENTATION_CONTEXT(2) 
PARAMETRIC_REPRESENTATION_CONTEXT() REPRESENTATION_CONTEXT('2D SPACE',''
  ) );
#10364 = PCURVE('',#10353,#10365);
#10365 = DEFINITIONAL_REPRESENTATION('',(#10366),#10370);
#10366 = LINE('',#10367,#10368);
#10367 = CARTESIAN_POINT('',(-6.28318530718,0.));
#10368 = VECTOR('',#10369,1.);
#10369 = DIRECTION('',(-0.,-1.));
#10370 = ( GEOMETRIC_REPRESENTATION_CONTEXT(2) 
PARAMETRIC_REPRESENTATION_CONTEXT() REPRESENTATION_CONTEXT('2D SPACE',''
  ) );
#10371 = ORIENTED_EDGE('',*,*,#10372,.T.);
#10372 = EDGE_CURVE('',#10345,#10345,#10373,.T.);
#10373 = SURFACE_CURVE('',#10374,(#10379,#10386),.PCURVE_S1.);
#10374 = CIRCLE('',#10375,5.85);
#10375 = AXIS2_PLACEMENT_3D('',#10376,#10377,#10378);
#10376 = CARTESIAN_POINT('',(-44.,0.,19.35));
#10377 = DIRECTION('',(0.,0.,1.));
#10378 = DIRECTION('',(1.,0.,0.));
#10379 = PCURVE('',#10353,#10380);
#10380 = DEFINITIONAL_REPRESENTATION('',(#10381),#10385);
#10381 = LINE('',#10382,#10383);
#10382 = CARTESIAN_POINT('',(-0.,-0.15));
#10383 = VECTOR('',#10384,1.);
#10384 = DIRECTION('',(-1.,0.));
#10385 = ( GEOMETRIC_REPRESENTATION_CONTEXT(2) 
PARAMETRIC_REPRESENTATION_CONTEXT() REPRESENTATION_CONTEXT('2D SPACE',''
  ) );
#10386 = PCURVE('',#10387,#10392);
#10387 = PLANE('',#10388);
#10388 = AXIS2_PLACEMENT_3D('',#10389,#10390,#10391);
#10389 = CARTESIAN_POINT('',(-44.,2.286947741797E-16,19.35));
#10390 = DIRECTION('',(0.,0.,1.));
#10391 = DIRECTION('',(1.,0.,0.));
#10392 = DEFINITIONAL_REPRESENTATION('',(#10393),#10397);
#10393 = CIRCLE('',#10394,5.85);
#10394 = AXIS2_PLACEMENT_2D('',#10395,#10396);
#10395 = CARTESIAN_POINT('',(2.337504500067E-16,-2.286947741797E-16));
#10396 = DIRECTION('',(1.,0.));
#10397 = ( GEOMETRIC_REPRESENTATION_CONTEXT(2) 
PARAMETRIC_REPRESENTATION_CONTEXT() REPRESENTATION_CONTEXT('2D SPACE',''
  ) );
#10398 = ORIENTED_EDGE('',*,*,#10342,.F.);
#10399 = ORIENTED_EDGE('',*,*,#10400,.F.);
#10400 = EDGE_CURVE('',#10343,#10343,#10401,.T.);
#10401 = SURFACE_CURVE('',#10402,(#10407,#10414),.PCURVE_S1.);
#10402 = CIRCLE('',#10403,5.85);
#10403 = AXIS2_PLACEMENT_3D('',#10404,#10405,#10406);
#10404 = CARTESIAN_POINT('',(-44.,0.,19.2));
#10405 = DIRECTION('',(0.,0.,1.));
#10406 = DIRECTION('',(1.,0.,0.));
#10407 = PCURVE('',#10353,#10408);
#10408 = DEFINITIONAL_REPRESENTATION('',(#10409),#10413);
#10409 = LINE('',#10410,#10411);
#10410 = CARTESIAN_POINT('',(-0.,0.));
#10411 = VECTOR('',#10412,1.);
#10412 = DIRECTION('',(-1.,0.));
#10413 = ( GEOMETRIC_REPRESENTATION_CONTEXT(2) 
PARAMETRIC_REPRESENTATION_CONTEXT() REPRESENTATION_CONTEXT('2D SPACE',''
  ) );
#10414 = PCURVE('',#10415,#10420);
#10415 = PLANE('',#10416);
#10416 = AXIS2_PLACEMENT_3D('',#10417,#10418,#10419);
#10417 = CARTESIAN_POINT('',(-44.,2.286947741797E-16,19.2));
#10418 = DIRECTION('',(0.,0.,1.));
#10419 = DIRECTION('',(1.,0.,0.));
#10420 = DEFINITIONAL_REPRESENTATION('',(#10421),#10425);
#10421 = CIRCLE('',#10422,5.85);
#10422 = AXIS2_PLACEMENT_2D('',#10423,#10424);
#10423 = CARTESIAN_POINT('',(2.337504500067E-16,-2.286947741797E-16));
#10424 = DIRECTION('',(1.,0.));
#10425 = ( GEOMETRIC_REPRESENTATION_CONTEXT(2) 
PARAMETRIC_REPRESENTATION_CONTEXT() REPRESENTATION_CONTEXT('2D SPACE',''
  ) );
#10426 = ADVANCED_FACE('',(#10427),#10415,.F.);
#10427 = FACE_BOUND('',#10428,.F.);
#10428 = EDGE_LOOP('',(#10429));
#10429 = ORIENTED_EDGE('',*,*,#10400,.T.);
#10430 = ADVANCED_FACE('',(#10431),#10387,.T.);
#10431 = FACE_BOUND('',#10432,.T.);
#10432 = EDGE_LOOP('',(#10433));
#10433 = ORIENTED_EDGE('',*,*,#10372,.T.);
#10434 = ( GEOMETRIC_REPRESENTATION_CONTEXT(3) 
GLOBAL_UNCERTAINTY_ASSIGNED_CONTEXT((#10438)) 
GLOBAL_UNIT_ASSIGNED_CONTEXT((#10435,#10436,#10437)) 
REPRESENTATION_CONTEXT('Context #1',
  '3D Context with UNIT and UNCERTAINTY') );
#10435 = ( LENGTH_UNIT() NAMED_UNIT(*) SI_UNIT(.MILLI.,.METRE.) );
#10436 = ( NAMED_UNIT(*) PLANE_ANGLE_UNIT() SI_UNIT($,.RADIAN.) );
#10437 = ( NAMED_UNIT(*) SI_UNIT($,.STERADIAN.) SOLID_ANGLE_UNIT() );
#10438 = UNCERTAINTY_MEASURE_WITH_UNIT(LENGTH_MEASURE(1.E-07),#10435,
  'distance_accuracy_value','confusion accuracy');
#10439 = CONTEXT_DEPENDENT_SHAPE_REPRESENTATION(#10440,#10442);
#10440 = ( REPRESENTATION_RELATIONSHIP('','',#10335,#10) 
REPRESENTATION_RELATIONSHIP_WITH_TRANSFORMATION(#10441) 
SHAPE_REPRESENTATION_RELATIONSHIP() );
#10441 = ITEM_DEFINED_TRANSFORMATION('','',#11,#83);
#10442 = PRODUCT_DEFINITION_SHAPE('Placement','Placement of an item',
  #10443);
#10443 = NEXT_ASSEMBLY_USAGE_OCCURRENCE('166','stub 6 carbon tab','',#5,
  #10330,$);
#10444 = PRODUCT_RELATED_PRODUCT_CATEGORY('part',$,(#10332));
#10445 = SHAPE_DEFINITION_REPRESENTATION(#10446,#10452);
#10446 = PRODUCT_DEFINITION_SHAPE('','',#10447);
#10447 = PRODUCT_DEFINITION('design','',#10448,#10451);
#10448 = PRODUCT_DEFINITION_FORMATION('','',#10449);
#10449 = PRODUCT('stub 6 sample','stub 6 sample','',(#10450));
#10450 = PRODUCT_CONTEXT('',#2,'mechanical');
#10451 = PRODUCT_DEFINITION_CONTEXT('part definition',#2,'design');
#10452 = ADVANCED_BREP_SHAPE_REPRESENTATION('',(#11,#10453),#11103);
#10453 = MANIFOLD_SOLID_BREP('',#10454);
#10454 = CLOSED_SHELL('',(#10455,#10575,#10653,#10731,#10807,#10885,
    #10961,#11034,#11081,#11092));
#10455 = ADVANCED_FACE('',(#10456),#10470,.T.);
#10456 = FACE_BOUND('',#10457,.T.);
#10457 = EDGE_LOOP('',(#10458,#10493,#10521,#10549));
#10458 = ORIENTED_EDGE('',*,*,#10459,.T.);
#10459 = EDGE_CURVE('',#10460,#10462,#10464,.T.);
#10460 = VERTEX_POINT('',#10461);
#10461 = CARTESIAN_POINT('',(-46.8575,-1.8225,19.35));
#10462 = VERTEX_POINT('',#10463);
#10463 = CARTESIAN_POINT('',(-46.8575,-1.8225,20.85));
#10464 = SURFACE_CURVE('',#10465,(#10469,#10481),.PCURVE_S1.);
#10465 = LINE('',#10466,#10467);
#10466 = CARTESIAN_POINT('',(-46.8575,-1.8225,19.35));
#10467 = VECTOR('',#10468,1.);
#10468 = DIRECTION('',(0.,0.,1.));
#10469 = PCURVE('',#10470,#10475);
#10470 = PLANE('',#10471);
#10471 = AXIS2_PLACEMENT_3D('',#10472,#10473,#10474);
#10472 = CARTESIAN_POINT('',(-46.8575,-1.8225,19.35));
#10473 = DIRECTION('',(-1.,0.,0.));
#10474 = DIRECTION('',(0.,1.,0.));
#10475 = DEFINITIONAL_REPRESENTATION('',(#10476),#10480);
#10476 = LINE('',#10477,#10478);
#10477 = CARTESIAN_POINT('',(0.,0.));
#10478 = VECTOR('',#10479,1.);
#10479 = DIRECTION('',(0.,-1.));
#10480 = ( GEOMETRIC_REPRESENTATION_CONTEXT(2) 
PARAMETRIC_REPRESENTATION_CONTEXT() REPRESENTATION_CONTEXT('2D SPACE',''
  ) );
#10481 = PCURVE('',#10482,#10487);
#10482 = CYLINDRICAL_SURFACE('',#10483,0.4);
#10483 = AXIS2_PLACEMENT_3D('',#10484,#10485,#10486);
#10484 = CARTESIAN_POINT('',(-46.4575,-1.8225,19.35));
#10485 = DIRECTION('',(-0.,-0.,-1.));
#10486 = DIRECTION('',(1.,0.,0.));
#10487 = DEFINITIONAL_REPRESENTATION('',(#10488),#10492);
#10488 = LINE('',#10489,#10490);
#10489 = CARTESIAN_POINT('',(-3.14159265359,0.));
#10490 = VECTOR('',#10491,1.);
#10491 = DIRECTION('',(-0.,-1.));
#10492 = ( GEOMETRIC_REPRESENTATION_CONTEXT(2) 
PARAMETRIC_REPRESENTATION_CONTEXT() REPRESENTATION_CONTEXT('2D SPACE',''
  ) );
#10493 = ORIENTED_EDGE('',*,*,#10494,.T.);
#10494 = EDGE_CURVE('',#10462,#10495,#10497,.T.);
#10495 = VERTEX_POINT('',#10496);
#10496 = CARTESIAN_POINT('',(-46.8575,1.8225,20.85));
#10497 = SURFACE_CURVE('',#10498,(#10502,#10509),.PCURVE_S1.);
#10498 = LINE('',#10499,#10500);
#10499 = CARTESIAN_POINT('',(-46.8575,0.,20.85));
#10500 = VECTOR('',#10501,1.);
#10501 = DIRECTION('',(0.,1.,0.));
#10502 = PCURVE('',#10470,#10503);
#10503 = DEFINITIONAL_REPRESENTATION('',(#10504),#10508);
#10504 = LINE('',#10505,#10506);
#10505 = CARTESIAN_POINT('',(1.8225,-1.5));
#10506 = VECTOR('',#10507,1.);
#10507 = DIRECTION('',(1.,0.));
#10508 = ( GEOMETRIC_REPRESENTATION_CONTEXT(2) 
PARAMETRIC_REPRESENTATION_CONTEXT() REPRESENTATION_CONTEXT('2D SPACE',''
  ) );
#10509 = PCURVE('',#10510,#10515);
#10510 = PLANE('',#10511);
#10511 = AXIS2_PLACEMENT_3D('',#10512,#10513,#10514);
#10512 = CARTESIAN_POINT('',(-44.,0.,20.85));
#10513 = DIRECTION('',(0.,0.,1.));
#10514 = DIRECTION('',(1.,0.,0.));
#10515 = DEFINITIONAL_REPRESENTATION('',(#10516),#10520);
#10516 = LINE('',#10517,#10518);
#10517 = CARTESIAN_POINT('',(-2.8575,0.));
#10518 = VECTOR('',#10519,1.);
#10519 = DIRECTION('',(0.,1.));
#10520 = ( GEOMETRIC_REPRESENTATION_CONTEXT(2) 
PARAMETRIC_REPRESENTATION_CONTEXT() REPRESENTATION_CONTEXT('2D SPACE',''
  ) );
#10521 = ORIENTED_EDGE('',*,*,#10522,.F.);
#10522 = EDGE_CURVE('',#10523,#10495,#10525,.T.);
#10523 = VERTEX_POINT('',#10524);
#10524 = CARTESIAN_POINT('',(-46.8575,1.8225,19.35));
#10525 = SURFACE_CURVE('',#10526,(#10530,#10537),.PCURVE_S1.);
#10526 = LINE('',#10527,#10528);
#10527 = CARTESIAN_POINT('',(-46.8575,1.8225,19.35));
#10528 = VECTOR('',#10529,1.);
#10529 = DIRECTION('',(0.,0.,1.));
#10530 = PCURVE('',#10470,#10531);
#10531 = DEFINITIONAL_REPRESENTATION('',(#10532),#10536);
#10532 = LINE('',#10533,#10534);
#10533 = CARTESIAN_POINT('',(3.645,0.));
#10534 = VECTOR('',#10535,1.);
#10535 = DIRECTION('',(0.,-1.));
#10536 = ( GEOMETRIC_REPRESENTATION_CONTEXT(2) 
PARAMETRIC_REPRESENTATION_CONTEXT() REPRESENTATION_CONTEXT('2D SPACE',''
  ) );
#10537 = PCURVE('',#10538,#10543);
#10538 = CYLINDRICAL_SURFACE('',#10539,0.4);
#10539 = AXIS2_PLACEMENT_3D('',#10540,#10541,#10542);
#10540 = CARTESIAN_POINT('',(-46.4575,1.8225,19.35));
#10541 = DIRECTION('',(-0.,-0.,-1.));
#10542 = DIRECTION('',(1.,0.,0.));
#10543 = DEFINITIONAL_REPRESENTATION('',(#10544),#10548);
#10544 = LINE('',#10545,#10546);
#10545 = CARTESIAN_POINT('',(-3.14159265359,0.));
#10546 = VECTOR('',#10547,1.);
#10547 = DIRECTION('',(-0.,-1.));
#10548 = ( GEOMETRIC_REPRESENTATION_CONTEXT(2) 
PARAMETRIC_REPRESENTATION_CONTEXT() REPRESENTATION_CONTEXT('2D SPACE',''
  ) );
#10549 = ORIENTED_EDGE('',*,*,#10550,.F.);
#10550 = EDGE_CURVE('',#10460,#10523,#10551,.T.);
#10551 = SURFACE_CURVE('',#10552,(#10556,#10563),.PCURVE_S1.);
#10552 = LINE('',#10553,#10554);
#10553 = CARTESIAN_POINT('',(-46.8575,0.,19.35));
#10554 = VECTOR('',#10555,1.);
#10555 = DIRECTION('',(0.,1.,0.));
#10556 = PCURVE('',#10470,#10557);
#10557 = DEFINITIONAL_REPRESENTATION('',(#10558),#10562);
#10558 = LINE('',#10559,#10560);
#10559 = CARTESIAN_POINT('',(1.8225,0.));
#10560 = VECTOR('',#10561,1.);
#10561 = DIRECTION('',(1.,0.));
#10562 = ( GEOMETRIC_REPRESENTATION_CONTEXT(2) 
PARAMETRIC_REPRESENTATION_CONTEXT() REPRESENTATION_CONTEXT('2D SPACE',''
  ) );
#10563 = PCURVE('',#10564,#10569);
#10564 = PLANE('',#10565);
#10565 = AXIS2_PLACEMENT_3D('',#10566,#10567,#10568);
#10566 = CARTESIAN_POINT('',(-44.,0.,19.35));
#10567 = DIRECTION('',(0.,0.,1.));
#10568 = DIRECTION('',(1.,0.,0.));
#10569 = DEFINITIONAL_REPRESENTATION('',(#10570),#10574);
#10570 = LINE('',#10571,#10572);
#10571 = CARTESIAN_POINT('',(-2.8575,0.));
#10572 = VECTOR('',#10573,1.);
#10573 = DIRECTION('',(0.,1.));
#10574 = ( GEOMETRIC_REPRESENTATION_CONTEXT(2) 
PARAMETRIC_REPRESENTATION_CONTEXT() REPRESENTATION_CONTEXT('2D SPACE',''
  ) );
#10575 = ADVANCED_FACE('',(#10576),#10538,.T.);
#10576 = FACE_BOUND('',#10577,.F.);
#10577 = EDGE_LOOP('',(#10578,#10608,#10630,#10631));
#10578 = ORIENTED_EDGE('',*,*,#10579,.T.);
#10579 = EDGE_CURVE('',#10580,#10582,#10584,.T.);
#10580 = VERTEX_POINT('',#10581);
#10581 = CARTESIAN_POINT('',(-46.4575,2.2225,19.35));
#10582 = VERTEX_POINT('',#10583);
#10583 = CARTESIAN_POINT('',(-46.4575,2.2225,20.85));
#10584 = SURFACE_CURVE('',#10585,(#10589,#10596),.PCURVE_S1.);
#10585 = LINE('',#10586,#10587);
#10586 = CARTESIAN_POINT('',(-46.4575,2.2225,19.35));
#10587 = VECTOR('',#10588,1.);
#10588 = DIRECTION('',(0.,0.,1.));
#10589 = PCURVE('',#10538,#10590);
#10590 = DEFINITIONAL_REPRESENTATION('',(#10591),#10595);
#10591 = LINE('',#10592,#10593);
#10592 = CARTESIAN_POINT('',(-1.570796326795,0.));
#10593 = VECTOR('',#10594,1.);
#10594 = DIRECTION('',(-0.,-1.));
#10595 = ( GEOMETRIC_REPRESENTATION_CONTEXT(2) 
PARAMETRIC_REPRESENTATION_CONTEXT() REPRESENTATION_CONTEXT('2D SPACE',''
  ) );
#10596 = PCURVE('',#10597,#10602);
#10597 = PLANE('',#10598);
#10598 = AXIS2_PLACEMENT_3D('',#10599,#10600,#10601);
#10599 = CARTESIAN_POINT('',(-46.4575,2.2225,19.35));
#10600 = DIRECTION('',(0.,1.,0.));
#10601 = DIRECTION('',(1.,0.,0.));
#10602 = DEFINITIONAL_REPRESENTATION('',(#10603),#10607);
#10603 = LINE('',#10604,#10605);
#10604 = CARTESIAN_POINT('',(0.,0.));
#10605 = VECTOR('',#10606,1.);
#10606 = DIRECTION('',(0.,-1.));
#10607 = ( GEOMETRIC_REPRESENTATION_CONTEXT(2) 
PARAMETRIC_REPRESENTATION_CONTEXT() REPRESENTATION_CONTEXT('2D SPACE',''
  ) );
#10608 = ORIENTED_EDGE('',*,*,#10609,.T.);
#10609 = EDGE_CURVE('',#10582,#10495,#10610,.T.);
#10610 = SURFACE_CURVE('',#10611,(#10616,#10623),.PCURVE_S1.);
#10611 = CIRCLE('',#10612,0.4);
#10612 = AXIS2_PLACEMENT_3D('',#10613,#10614,#10615);
#10613 = CARTESIAN_POINT('',(-46.4575,1.8225,20.85));
#10614 = DIRECTION('',(0.,0.,1.));
#10615 = DIRECTION('',(1.,0.,0.));
#10616 = PCURVE('',#10538,#10617);
#10617 = DEFINITIONAL_REPRESENTATION('',(#10618),#10622);
#10618 = LINE('',#10619,#10620);
#10619 = CARTESIAN_POINT('',(-0.,-1.5));
#10620 = VECTOR('',#10621,1.);
#10621 = DIRECTION('',(-1.,0.));
#10622 = ( GEOMETRIC_REPRESENTATION_CONTEXT(2) 
PARAMETRIC_REPRESENTATION_CONTEXT() REPRESENTATION_CONTEXT('2D SPACE',''
  ) );
#10623 = PCURVE('',#10510,#10624);
#10624 = DEFINITIONAL_REPRESENTATION('',(#10625),#10629);
#10625 = CIRCLE('',#10626,0.4);
#10626 = AXIS2_PLACEMENT_2D('',#10627,#10628);
#10627 = CARTESIAN_POINT('',(-2.4575,1.8225));
#10628 = DIRECTION('',(1.,0.));
#10629 = ( GEOMETRIC_REPRESENTATION_CONTEXT(2) 
PARAMETRIC_REPRESENTATION_CONTEXT() REPRESENTATION_CONTEXT('2D SPACE',''
  ) );
#10630 = ORIENTED_EDGE('',*,*,#10522,.F.);
#10631 = ORIENTED_EDGE('',*,*,#10632,.F.);
#10632 = EDGE_CURVE('',#10580,#10523,#10633,.T.);
#10633 = SURFACE_CURVE('',#10634,(#10639,#10646),.PCURVE_S1.);
#10634 = CIRCLE('',#10635,0.4);
#10635 = AXIS2_PLACEMENT_3D('',#10636,#10637,#10638);
#10636 = CARTESIAN_POINT('',(-46.4575,1.8225,19.35));
#10637 = DIRECTION('',(0.,0.,1.));
#10638 = DIRECTION('',(1.,0.,0.));
#10639 = PCURVE('',#10538,#10640);
#10640 = DEFINITIONAL_REPRESENTATION('',(#10641),#10645);
#10641 = LINE('',#10642,#10643);
#10642 = CARTESIAN_POINT('',(-0.,0.));
#10643 = VECTOR('',#10644,1.);
#10644 = DIRECTION('',(-1.,0.));
#10645 = ( GEOMETRIC_REPRESENTATION_CONTEXT(2) 
PARAMETRIC_REPRESENTATION_CONTEXT() REPRESENTATION_CONTEXT('2D SPACE',''
  ) );
#10646 = PCURVE('',#10564,#10647);
#10647 = DEFINITIONAL_REPRESENTATION('',(#10648),#10652);
#10648 = CIRCLE('',#10649,0.4);
#10649 = AXIS2_PLACEMENT_2D('',#10650,#10651);
#10650 = CARTESIAN_POINT('',(-2.4575,1.8225));
#10651 = DIRECTION('',(1.,0.));
#10652 = ( GEOMETRIC_REPRESENTATION_CONTEXT(2) 
PARAMETRIC_REPRESENTATION_CONTEXT() REPRESENTATION_CONTEXT('2D SPACE',''
  ) );
#10653 = ADVANCED_FACE('',(#10654),#10482,.T.);
#10654 = FACE_BOUND('',#10655,.F.);
#10655 = EDGE_LOOP('',(#10656,#10657,#10681,#10709));
#10656 = ORIENTED_EDGE('',*,*,#10459,.T.);
#10657 = ORIENTED_EDGE('',*,*,#10658,.T.);
#10658 = EDGE_CURVE('',#10462,#10659,#10661,.T.);
#10659 = VERTEX_POINT('',#10660);
#10660 = CARTESIAN_POINT('',(-46.4575,-2.2225,20.85));
#10661 = SURFACE_CURVE('',#10662,(#10667,#10674),.PCURVE_S1.);
#10662 = CIRCLE('',#10663,0.4);
#10663 = AXIS2_PLACEMENT_3D('',#10664,#10665,#10666);
#10664 = CARTESIAN_POINT('',(-46.4575,-1.8225,20.85));
#10665 = DIRECTION('',(0.,0.,1.));
#10666 = DIRECTION('',(1.,0.,0.));
#10667 = PCURVE('',#10482,#10668);
#10668 = DEFINITIONAL_REPRESENTATION('',(#10669),#10673);
#10669 = LINE('',#10670,#10671);
#10670 = CARTESIAN_POINT('',(-0.,-1.5));
#10671 = VECTOR('',#10672,1.);
#10672 = DIRECTION('',(-1.,0.));
#10673 = ( GEOMETRIC_REPRESENTATION_CONTEXT(2) 
PARAMETRIC_REPRESENTATION_CONTEXT() REPRESENTATION_CONTEXT('2D SPACE',''
  ) );
#10674 = PCURVE('',#10510,#10675);
#10675 = DEFINITIONAL_REPRESENTATION('',(#10676),#10680);
#10676 = CIRCLE('',#10677,0.4);
#10677 = AXIS2_PLACEMENT_2D('',#10678,#10679);
#10678 = CARTESIAN_POINT('',(-2.4575,-1.8225));
#10679 = DIRECTION('',(1.,0.));
#10680 = ( GEOMETRIC_REPRESENTATION_CONTEXT(2) 
PARAMETRIC_REPRESENTATION_CONTEXT() REPRESENTATION_CONTEXT('2D SPACE',''
  ) );
#10681 = ORIENTED_EDGE('',*,*,#10682,.F.);
#10682 = EDGE_CURVE('',#10683,#10659,#10685,.T.);
#10683 = VERTEX_POINT('',#10684);
#10684 = CARTESIAN_POINT('',(-46.4575,-2.2225,19.35));
#10685 = SURFACE_CURVE('',#10686,(#10690,#10697),.PCURVE_S1.);
#10686 = LINE('',#10687,#10688);
#10687 = CARTESIAN_POINT('',(-46.4575,-2.2225,19.35));
#10688 = VECTOR('',#10689,1.);
#10689 = DIRECTION('',(0.,0.,1.));
#10690 = PCURVE('',#10482,#10691);
#10691 = DEFINITIONAL_REPRESENTATION('',(#10692),#10696);
#10692 = LINE('',#10693,#10694);
#10693 = CARTESIAN_POINT('',(-4.712388980385,0.));
#10694 = VECTOR('',#10695,1.);
#10695 = DIRECTION('',(-0.,-1.));
#10696 = ( GEOMETRIC_REPRESENTATION_CONTEXT(2) 
PARAMETRIC_REPRESENTATION_CONTEXT() REPRESENTATION_CONTEXT('2D SPACE',''
  ) );
#10697 = PCURVE('',#10698,#10703);
#10698 = PLANE('',#10699);
#10699 = AXIS2_PLACEMENT_3D('',#10700,#10701,#10702);
#10700 = CARTESIAN_POINT('',(-46.4575,-2.2225,19.35));
#10701 = DIRECTION('',(0.,1.,0.));
#10702 = DIRECTION('',(1.,0.,0.));
#10703 = DEFINITIONAL_REPRESENTATION('',(#10704),#10708);
#10704 = LINE('',#10705,#10706);
#10705 = CARTESIAN_POINT('',(0.,0.));
#10706 = VECTOR('',#10707,1.);
#10707 = DIRECTION('',(0.,-1.));
#10708 = ( GEOMETRIC_REPRESENTATION_CONTEXT(2) 
PARAMETRIC_REPRESENTATION_CONTEXT() REPRESENTATION_CONTEXT('2D SPACE',''
  ) );
#10709 = ORIENTED_EDGE('',*,*,#10710,.F.);
#10710 = EDGE_CURVE('',#10460,#10683,#10711,.T.);
#10711 = SURFACE_CURVE('',#10712,(#10717,#10724),.PCURVE_S1.);
#10712 = CIRCLE('',#10713,0.4);
#10713 = AXIS2_PLACEMENT_3D('',#10714,#10715,#10716);
#10714 = CARTESIAN_POINT('',(-46.4575,-1.8225,19.35));
#10715 = DIRECTION('',(0.,0.,1.));
#10716 = DIRECTION('',(1.,0.,0.));
#10717 = PCURVE('',#10482,#10718);
#10718 = DEFINITIONAL_REPRESENTATION('',(#10719),#10723);
#10719 = LINE('',#10720,#10721);
#10720 = CARTESIAN_POINT('',(-0.,0.));
#10721 = VECTOR('',#10722,1.);
#10722 = DIRECTION('',(-1.,0.));
#10723 = ( GEOMETRIC_REPRESENTATION_CONTEXT(2) 
PARAMETRIC_REPRESENTATION_CONTEXT() REPRESENTATION_CONTEXT('2D SPACE',''
  ) );
#10724 = PCURVE('',#10564,#10725);
#10725 = DEFINITIONAL_REPRESENTATION('',(#10726),#10730);
#10726 = CIRCLE('',#10727,0.4);
#10727 = AXIS2_PLACEMENT_2D('',#10728,#10729);
#10728 = CARTESIAN_POINT('',(-2.4575,-1.8225));
#10729 = DIRECTION('',(1.,0.));
#10730 = ( GEOMETRIC_REPRESENTATION_CONTEXT(2) 
PARAMETRIC_REPRESENTATION_CONTEXT() REPRESENTATION_CONTEXT('2D SPACE',''
  ) );
#10731 = ADVANCED_FACE('',(#10732),#10698,.F.);
#10732 = FACE_BOUND('',#10733,.F.);
#10733 = EDGE_LOOP('',(#10734,#10735,#10758,#10786));
#10734 = ORIENTED_EDGE('',*,*,#10682,.T.);
#10735 = ORIENTED_EDGE('',*,*,#10736,.T.);
#10736 = EDGE_CURVE('',#10659,#10737,#10739,.T.);
#10737 = VERTEX_POINT('',#10738);
#10738 = CARTESIAN_POINT('',(-41.5425,-2.2225,20.85));
#10739 = SURFACE_CURVE('',#10740,(#10744,#10751),.PCURVE_S1.);
#10740 = LINE('',#10741,#10742);
#10741 = CARTESIAN_POINT('',(-44.,-2.2225,20.85));
#10742 = VECTOR('',#10743,1.);
#10743 = DIRECTION('',(1.,0.,0.));
#10744 = PCURVE('',#10698,#10745);
#10745 = DEFINITIONAL_REPRESENTATION('',(#10746),#10750);
#10746 = LINE('',#10747,#10748);
#10747 = CARTESIAN_POINT('',(2.4575,-1.5));
#10748 = VECTOR('',#10749,1.);
#10749 = DIRECTION('',(1.,0.));
#10750 = ( GEOMETRIC_REPRESENTATION_CONTEXT(2) 
PARAMETRIC_REPRESENTATION_CONTEXT() REPRESENTATION_CONTEXT('2D SPACE',''
  ) );
#10751 = PCURVE('',#10510,#10752);
#10752 = DEFINITIONAL_REPRESENTATION('',(#10753),#10757);
#10753 = LINE('',#10754,#10755);
#10754 = CARTESIAN_POINT('',(0.,-2.2225));
#10755 = VECTOR('',#10756,1.);
#10756 = DIRECTION('',(1.,0.));
#10757 = ( GEOMETRIC_REPRESENTATION_CONTEXT(2) 
PARAMETRIC_REPRESENTATION_CONTEXT() REPRESENTATION_CONTEXT('2D SPACE',''
  ) );
#10758 = ORIENTED_EDGE('',*,*,#10759,.F.);
#10759 = EDGE_CURVE('',#10760,#10737,#10762,.T.);
#10760 = VERTEX_POINT('',#10761);
#10761 = CARTESIAN_POINT('',(-41.5425,-2.2225,19.35));
#10762 = SURFACE_CURVE('',#10763,(#10767,#10774),.PCURVE_S1.);
#10763 = LINE('',#10764,#10765);
#10764 = CARTESIAN_POINT('',(-41.5425,-2.2225,19.35));
#10765 = VECTOR('',#10766,1.);
#10766 = DIRECTION('',(0.,0.,1.));
#10767 = PCURVE('',#10698,#10768);
#10768 = DEFINITIONAL_REPRESENTATION('',(#10769),#10773);
#10769 = LINE('',#10770,#10771);
#10770 = CARTESIAN_POINT('',(4.915,0.));
#10771 = VECTOR('',#10772,1.);
#10772 = DIRECTION('',(0.,-1.));
#10773 = ( GEOMETRIC_REPRESENTATION_CONTEXT(2) 
PARAMETRIC_REPRESENTATION_CONTEXT() REPRESENTATION_CONTEXT('2D SPACE',''
  ) );
#10774 = PCURVE('',#10775,#10780);
#10775 = CYLINDRICAL_SURFACE('',#10776,0.4);
#10776 = AXIS2_PLACEMENT_3D('',#10777,#10778,#10779);
#10777 = CARTESIAN_POINT('',(-41.5425,-1.8225,19.35));
#10778 = DIRECTION('',(-0.,-0.,-1.));
#10779 = DIRECTION('',(1.,0.,0.));
#10780 = DEFINITIONAL_REPRESENTATION('',(#10781),#10785);
#10781 = LINE('',#10782,#10783);
#10782 = CARTESIAN_POINT('',(-4.712388980385,0.));
#10783 = VECTOR('',#10784,1.);
#10784 = DIRECTION('',(-0.,-1.));
#10785 = ( GEOMETRIC_REPRESENTATION_CONTEXT(2) 
PARAMETRIC_REPRESENTATION_CONTEXT() REPRESENTATION_CONTEXT('2D SPACE',''
  ) );
#10786 = ORIENTED_EDGE('',*,*,#10787,.F.);
#10787 = EDGE_CURVE('',#10683,#10760,#10788,.T.);
#10788 = SURFACE_CURVE('',#10789,(#10793,#10800),.PCURVE_S1.);
#10789 = LINE('',#10790,#10791);
#10790 = CARTESIAN_POINT('',(-44.,-2.2225,19.35));
#10791 = VECTOR('',#10792,1.);
#10792 = DIRECTION('',(1.,0.,0.));
#10793 = PCURVE('',#10698,#10794);
#10794 = DEFINITIONAL_REPRESENTATION('',(#10795),#10799);
#10795 = LINE('',#10796,#10797);
#10796 = CARTESIAN_POINT('',(2.4575,0.));
#10797 = VECTOR('',#10798,1.);
#10798 = DIRECTION('',(1.,0.));
#10799 = ( GEOMETRIC_REPRESENTATION_CONTEXT(2) 
PARAMETRIC_REPRESENTATION_CONTEXT() REPRESENTATION_CONTEXT('2D SPACE',''
  ) );
#10800 = PCURVE('',#10564,#10801);
#10801 = DEFINITIONAL_REPRESENTATION('',(#10802),#10806);
#10802 = LINE('',#10803,#10804);
#10803 = CARTESIAN_POINT('',(0.,-2.2225));
#10804 = VECTOR('',#10805,1.);
#10805 = DIRECTION('',(1.,0.));
#10806 = ( GEOMETRIC_REPRESENTATION_CONTEXT(2) 
PARAMETRIC_REPRESENTATION_CONTEXT() REPRESENTATION_CONTEXT('2D SPACE',''
  ) );
#10807 = ADVANCED_FACE('',(#10808),#10775,.T.);
#10808 = FACE_BOUND('',#10809,.F.);
#10809 = EDGE_LOOP('',(#10810,#10811,#10835,#10863));
#10810 = ORIENTED_EDGE('',*,*,#10759,.T.);
#10811 = ORIENTED_EDGE('',*,*,#10812,.T.);
#10812 = EDGE_CURVE('',#10737,#10813,#10815,.T.);
#10813 = VERTEX_POINT('',#10814);
#10814 = CARTESIAN_POINT('',(-41.1425,-1.8225,20.85));
#10815 = SURFACE_CURVE('',#10816,(#10821,#10828),.PCURVE_S1.);
#10816 = CIRCLE('',#10817,0.4);
#10817 = AXIS2_PLACEMENT_3D('',#10818,#10819,#10820);
#10818 = CARTESIAN_POINT('',(-41.5425,-1.8225,20.85));
#10819 = DIRECTION('',(0.,0.,1.));
#10820 = DIRECTION('',(1.,0.,0.));
#10821 = PCURVE('',#10775,#10822);
#10822 = DEFINITIONAL_REPRESENTATION('',(#10823),#10827);
#10823 = LINE('',#10824,#10825);
#10824 = CARTESIAN_POINT('',(-0.,-1.5));
#10825 = VECTOR('',#10826,1.);
#10826 = DIRECTION('',(-1.,0.));
#10827 = ( GEOMETRIC_REPRESENTATION_CONTEXT(2) 
PARAMETRIC_REPRESENTATION_CONTEXT() REPRESENTATION_CONTEXT('2D SPACE',''
  ) );
#10828 = PCURVE('',#10510,#10829);
#10829 = DEFINITIONAL_REPRESENTATION('',(#10830),#10834);
#10830 = CIRCLE('',#10831,0.4);
#10831 = AXIS2_PLACEMENT_2D('',#10832,#10833);
#10832 = CARTESIAN_POINT('',(2.4575,-1.8225));
#10833 = DIRECTION('',(1.,0.));
#10834 = ( GEOMETRIC_REPRESENTATION_CONTEXT(2) 
PARAMETRIC_REPRESENTATION_CONTEXT() REPRESENTATION_CONTEXT('2D SPACE',''
  ) );
#10835 = ORIENTED_EDGE('',*,*,#10836,.F.);
#10836 = EDGE_CURVE('',#10837,#10813,#10839,.T.);
#10837 = VERTEX_POINT('',#10838);
#10838 = CARTESIAN_POINT('',(-41.1425,-1.8225,19.35));
#10839 = SURFACE_CURVE('',#10840,(#10844,#10851),.PCURVE_S1.);
#10840 = LINE('',#10841,#10842);
#10841 = CARTESIAN_POINT('',(-41.1425,-1.8225,19.35));
#10842 = VECTOR('',#10843,1.);
#10843 = DIRECTION('',(0.,0.,1.));
#10844 = PCURVE('',#10775,#10845);
#10845 = DEFINITIONAL_REPRESENTATION('',(#10846),#10850);
#10846 = LINE('',#10847,#10848);
#10847 = CARTESIAN_POINT('',(-6.28318530718,0.));
#10848 = VECTOR('',#10849,1.);
#10849 = DIRECTION('',(-0.,-1.));
#10850 = ( GEOMETRIC_REPRESENTATION_CONTEXT(2) 
PARAMETRIC_REPRESENTATION_CONTEXT() REPRESENTATION_CONTEXT('2D SPACE',''
  ) );
#10851 = PCURVE('',#10852,#10857);
#10852 = PLANE('',#10853);
#10853 = AXIS2_PLACEMENT_3D('',#10854,#10855,#10856);
#10854 = CARTESIAN_POINT('',(-41.1425,-1.8225,19.35));
#10855 = DIRECTION('',(-1.,0.,0.));
#10856 = DIRECTION('',(0.,1.,0.));
#10857 = DEFINITIONAL_REPRESENTATION('',(#10858),#10862);
#10858 = LINE('',#10859,#10860);
#10859 = CARTESIAN_POINT('',(0.,0.));
#10860 = VECTOR('',#10861,1.);
#10861 = DIRECTION('',(0.,-1.));
#10862 = ( GEOMETRIC_REPRESENTATION_CONTEXT(2) 
PARAMETRIC_REPRESENTATION_CONTEXT() REPRESENTATION_CONTEXT('2D SPACE',''
  ) );
#10863 = ORIENTED_EDGE('',*,*,#10864,.F.);
#10864 = EDGE_CURVE('',#10760,#10837,#10865,.T.);
#10865 = SURFACE_CURVE('',#10866,(#10871,#10878),.PCURVE_S1.);
#10866 = CIRCLE('',#10867,0.4);
#10867 = AXIS2_PLACEMENT_3D('',#10868,#10869,#10870);
#10868 = CARTESIAN_POINT('',(-41.5425,-1.8225,19.35));
#10869 = DIRECTION('',(0.,0.,1.));
#10870 = DIRECTION('',(1.,0.,0.));
#10871 = PCURVE('',#10775,#10872);
#10872 = DEFINITIONAL_REPRESENTATION('',(#10873),#10877);
#10873 = LINE('',#10874,#10875);
#10874 = CARTESIAN_POINT('',(-0.,0.));
#10875 = VECTOR('',#10876,1.);
#10876 = DIRECTION('',(-1.,0.));
#10877 = ( GEOMETRIC_REPRESENTATION_CONTEXT(2) 
PARAMETRIC_REPRESENTATION_CONTEXT() REPRESENTATION_CONTEXT('2D SPACE',''
  ) );
#10878 = PCURVE('',#10564,#10879);
#10879 = DEFINITIONAL_REPRESENTATION('',(#10880),#10884);
#10880 = CIRCLE('',#10881,0.4);
#10881 = AXIS2_PLACEMENT_2D('',#10882,#10883);
#10882 = CARTESIAN_POINT('',(2.4575,-1.8225));
#10883 = DIRECTION('',(1.,0.));
#10884 = ( GEOMETRIC_REPRESENTATION_CONTEXT(2) 
PARAMETRIC_REPRESENTATION_CONTEXT() REPRESENTATION_CONTEXT('2D SPACE',''
  ) );
#10885 = ADVANCED_FACE('',(#10886),#10852,.F.);
#10886 = FACE_BOUND('',#10887,.F.);
#10887 = EDGE_LOOP('',(#10888,#10889,#10912,#10940));
#10888 = ORIENTED_EDGE('',*,*,#10836,.T.);
#10889 = ORIENTED_EDGE('',*,*,#10890,.T.);
#10890 = EDGE_CURVE('',#10813,#10891,#10893,.T.);
#10891 = VERTEX_POINT('',#10892);
#10892 = CARTESIAN_POINT('',(-41.1425,1.8225,20.85));
#10893 = SURFACE_CURVE('',#10894,(#10898,#10905),.PCURVE_S1.);
#10894 = LINE('',#10895,#10896);
#10895 = CARTESIAN_POINT('',(-41.1425,0.,20.85));
#10896 = VECTOR('',#10897,1.);
#10897 = DIRECTION('',(0.,1.,0.));
#10898 = PCURVE('',#10852,#10899);
#10899 = DEFINITIONAL_REPRESENTATION('',(#10900),#10904);
#10900 = LINE('',#10901,#10902);
#10901 = CARTESIAN_POINT('',(1.8225,-1.5));
#10902 = VECTOR('',#10903,1.);
#10903 = DIRECTION('',(1.,0.));
#10904 = ( GEOMETRIC_REPRESENTATION_CONTEXT(2) 
PARAMETRIC_REPRESENTATION_CONTEXT() REPRESENTATION_CONTEXT('2D SPACE',''
  ) );
#10905 = PCURVE('',#10510,#10906);
#10906 = DEFINITIONAL_REPRESENTATION('',(#10907),#10911);
#10907 = LINE('',#10908,#10909);
#10908 = CARTESIAN_POINT('',(2.8575,0.));
#10909 = VECTOR('',#10910,1.);
#10910 = DIRECTION('',(0.,1.));
#10911 = ( GEOMETRIC_REPRESENTATION_CONTEXT(2) 
PARAMETRIC_REPRESENTATION_CONTEXT() REPRESENTATION_CONTEXT('2D SPACE',''
  ) );
#10912 = ORIENTED_EDGE('',*,*,#10913,.F.);
#10913 = EDGE_CURVE('',#10914,#10891,#10916,.T.);
#10914 = VERTEX_POINT('',#10915);
#10915 = CARTESIAN_POINT('',(-41.1425,1.8225,19.35));
#10916 = SURFACE_CURVE('',#10917,(#10921,#10928),.PCURVE_S1.);
#10917 = LINE('',#10918,#10919);
#10918 = CARTESIAN_POINT('',(-41.1425,1.8225,19.35));
#10919 = VECTOR('',#10920,1.);
#10920 = DIRECTION('',(0.,0.,1.));
#10921 = PCURVE('',#10852,#10922);
#10922 = DEFINITIONAL_REPRESENTATION('',(#10923),#10927);
#10923 = LINE('',#10924,#10925);
#10924 = CARTESIAN_POINT('',(3.645,0.));
#10925 = VECTOR('',#10926,1.);
#10926 = DIRECTION('',(0.,-1.));
#10927 = ( GEOMETRIC_REPRESENTATION_CONTEXT(2) 
PARAMETRIC_REPRESENTATION_CONTEXT() REPRESENTATION_CONTEXT('2D SPACE',''
  ) );
#10928 = PCURVE('',#10929,#10934);
#10929 = CYLINDRICAL_SURFACE('',#10930,0.4);
#10930 = AXIS2_PLACEMENT_3D('',#10931,#10932,#10933);
#10931 = CARTESIAN_POINT('',(-41.5425,1.8225,19.35));
#10932 = DIRECTION('',(-0.,-0.,-1.));
#10933 = DIRECTION('',(1.,0.,0.));
#10934 = DEFINITIONAL_REPRESENTATION('',(#10935),#10939);
#10935 = LINE('',#10936,#10937);
#10936 = CARTESIAN_POINT('',(-0.,0.));
#10937 = VECTOR('',#10938,1.);
#10938 = DIRECTION('',(-0.,-1.));
#10939 = ( GEOMETRIC_REPRESENTATION_CONTEXT(2) 
PARAMETRIC_REPRESENTATION_CONTEXT() REPRESENTATION_CONTEXT('2D SPACE',''
  ) );
#10940 = ORIENTED_EDGE('',*,*,#10941,.F.);
#10941 = EDGE_CURVE('',#10837,#10914,#10942,.T.);
#10942 = SURFACE_CURVE('',#10943,(#10947,#10954),.PCURVE_S1.);
#10943 = LINE('',#10944,#10945);
#10944 = CARTESIAN_POINT('',(-41.1425,0.,19.35));
#10945 = VECTOR('',#10946,1.);
#10946 = DIRECTION('',(0.,1.,0.));
#10947 = PCURVE('',#10852,#10948);
#10948 = DEFINITIONAL_REPRESENTATION('',(#10949),#10953);
#10949 = LINE('',#10950,#10951);
#10950 = CARTESIAN_POINT('',(1.8225,0.));
#10951 = VECTOR('',#10952,1.);
#10952 = DIRECTION('',(1.,0.));
#10953 = ( GEOMETRIC_REPRESENTATION_CONTEXT(2) 
PARAMETRIC_REPRESENTATION_CONTEXT() REPRESENTATION_CONTEXT('2D SPACE',''
  ) );
#10954 = PCURVE('',#10564,#10955);
#10955 = DEFINITIONAL_REPRESENTATION('',(#10956),#10960);
#10956 = LINE('',#10957,#10958);
#10957 = CARTESIAN_POINT('',(2.8575,0.));
#10958 = VECTOR('',#10959,1.);
#10959 = DIRECTION('',(0.,1.));
#10960 = ( GEOMETRIC_REPRESENTATION_CONTEXT(2) 
PARAMETRIC_REPRESENTATION_CONTEXT() REPRESENTATION_CONTEXT('2D SPACE',''
  ) );
#10961 = ADVANCED_FACE('',(#10962),#10929,.T.);
#10962 = FACE_BOUND('',#10963,.F.);
#10963 = EDGE_LOOP('',(#10964,#10965,#10989,#11012));
#10964 = ORIENTED_EDGE('',*,*,#10913,.T.);
#10965 = ORIENTED_EDGE('',*,*,#10966,.T.);
#10966 = EDGE_CURVE('',#10891,#10967,#10969,.T.);
#10967 = VERTEX_POINT('',#10968);
#10968 = CARTESIAN_POINT('',(-41.5425,2.2225,20.85));
#10969 = SURFACE_CURVE('',#10970,(#10975,#10982),.PCURVE_S1.);
#10970 = CIRCLE('',#10971,0.4);
#10971 = AXIS2_PLACEMENT_3D('',#10972,#10973,#10974);
#10972 = CARTESIAN_POINT('',(-41.5425,1.8225,20.85));
#10973 = DIRECTION('',(0.,0.,1.));
#10974 = DIRECTION('',(1.,0.,0.));
#10975 = PCURVE('',#10929,#10976);
#10976 = DEFINITIONAL_REPRESENTATION('',(#10977),#10981);
#10977 = LINE('',#10978,#10979);
#10978 = CARTESIAN_POINT('',(-0.,-1.5));
#10979 = VECTOR('',#10980,1.);
#10980 = DIRECTION('',(-1.,0.));
#10981 = ( GEOMETRIC_REPRESENTATION_CONTEXT(2) 
PARAMETRIC_REPRESENTATION_CONTEXT() REPRESENTATION_CONTEXT('2D SPACE',''
  ) );
#10982 = PCURVE('',#10510,#10983);
#10983 = DEFINITIONAL_REPRESENTATION('',(#10984),#10988);
#10984 = CIRCLE('',#10985,0.4);
#10985 = AXIS2_PLACEMENT_2D('',#10986,#10987);
#10986 = CARTESIAN_POINT('',(2.4575,1.8225));
#10987 = DIRECTION('',(1.,0.));
#10988 = ( GEOMETRIC_REPRESENTATION_CONTEXT(2) 
PARAMETRIC_REPRESENTATION_CONTEXT() REPRESENTATION_CONTEXT('2D SPACE',''
  ) );
#10989 = ORIENTED_EDGE('',*,*,#10990,.F.);
#10990 = EDGE_CURVE('',#10991,#10967,#10993,.T.);
#10991 = VERTEX_POINT('',#10992);
#10992 = CARTESIAN_POINT('',(-41.5425,2.2225,19.35));
#10993 = SURFACE_CURVE('',#10994,(#10998,#11005),.PCURVE_S1.);
#10994 = LINE('',#10995,#10996);
#10995 = CARTESIAN_POINT('',(-41.5425,2.2225,19.35));
#10996 = VECTOR('',#10997,1.);
#10997 = DIRECTION('',(0.,0.,1.));
#10998 = PCURVE('',#10929,#10999);
#10999 = DEFINITIONAL_REPRESENTATION('',(#11000),#11004);
#11000 = LINE('',#11001,#11002);
#11001 = CARTESIAN_POINT('',(-1.570796326795,0.));
#11002 = VECTOR('',#11003,1.);
#11003 = DIRECTION('',(-0.,-1.));
#11004 = ( GEOMETRIC_REPRESENTATION_CONTEXT(2) 
PARAMETRIC_REPRESENTATION_CONTEXT() REPRESENTATION_CONTEXT('2D SPACE',''
  ) );
#11005 = PCURVE('',#10597,#11006);
#11006 = DEFINITIONAL_REPRESENTATION('',(#11007),#11011);
#11007 = LINE('',#11008,#11009);
#11008 = CARTESIAN_POINT('',(4.915,0.));
#11009 = VECTOR('',#11010,1.);
#11010 = DIRECTION('',(0.,-1.));
#11011 = ( GEOMETRIC_REPRESENTATION_CONTEXT(2) 
PARAMETRIC_REPRESENTATION_CONTEXT() REPRESENTATION_CONTEXT('2D SPACE',''
  ) );
#11012 = ORIENTED_EDGE('',*,*,#11013,.F.);
#11013 = EDGE_CURVE('',#10914,#10991,#11014,.T.);
#11014 = SURFACE_CURVE('',#11015,(#11020,#11027),.PCURVE_S1.);
#11015 = CIRCLE('',#11016,0.4);
#11016 = AXIS2_PLACEMENT_3D('',#11017,#11018,#11019);
#11017 = CARTESIAN_POINT('',(-41.5425,1.8225,19.35));
#11018 = DIRECTION('',(0.,0.,1.));
#11019 = DIRECTION('',(1.,0.,0.));
#11020 = PCURVE('',#10929,#11021);
#11021 = DEFINITIONAL_REPRESENTATION('',(#11022),#11026);
#11022 = LINE('',#11023,#11024);
#11023 = CARTESIAN_POINT('',(-0.,0.));
#11024 = VECTOR('',#11025,1.);
#11025 = DIRECTION('',(-1.,0.));
#11026 = ( GEOMETRIC_REPRESENTATION_CONTEXT(2) 
PARAMETRIC_REPRESENTATION_CONTEXT() REPRESENTATION_CONTEXT('2D SPACE',''
  ) );
#11027 = PCURVE('',#10564,#11028);
#11028 = DEFINITIONAL_REPRESENTATION('',(#11029),#11033);
#11029 = CIRCLE('',#11030,0.4);
#11030 = AXIS2_PLACEMENT_2D('',#11031,#11032);
#11031 = CARTESIAN_POINT('',(2.4575,1.8225));
#11032 = DIRECTION('',(1.,0.));
#11033 = ( GEOMETRIC_REPRESENTATION_CONTEXT(2) 
PARAMETRIC_REPRESENTATION_CONTEXT() REPRESENTATION_CONTEXT('2D SPACE',''
  ) );
#11034 = ADVANCED_FACE('',(#11035),#10597,.T.);
#11035 = FACE_BOUND('',#11036,.T.);
#11036 = EDGE_LOOP('',(#11037,#11038,#11059,#11060));
#11037 = ORIENTED_EDGE('',*,*,#10579,.T.);
#11038 = ORIENTED_EDGE('',*,*,#11039,.T.);
#11039 = EDGE_CURVE('',#10582,#10967,#11040,.T.);
#11040 = SURFACE_CURVE('',#11041,(#11045,#11052),.PCURVE_S1.);
#11041 = LINE('',#11042,#11043);
#11042 = CARTESIAN_POINT('',(-44.,2.2225,20.85));
#11043 = VECTOR('',#11044,1.);
#11044 = DIRECTION('',(1.,0.,0.));
#11045 = PCURVE('',#10597,#11046);
#11046 = DEFINITIONAL_REPRESENTATION('',(#11047),#11051);
#11047 = LINE('',#11048,#11049);
#11048 = CARTESIAN_POINT('',(2.4575,-1.5));
#11049 = VECTOR('',#11050,1.);
#11050 = DIRECTION('',(1.,0.));
#11051 = ( GEOMETRIC_REPRESENTATION_CONTEXT(2) 
PARAMETRIC_REPRESENTATION_CONTEXT() REPRESENTATION_CONTEXT('2D SPACE',''
  ) );
#11052 = PCURVE('',#10510,#11053);
#11053 = DEFINITIONAL_REPRESENTATION('',(#11054),#11058);
#11054 = LINE('',#11055,#11056);
#11055 = CARTESIAN_POINT('',(0.,2.2225));
#11056 = VECTOR('',#11057,1.);
#11057 = DIRECTION('',(1.,0.));
#11058 = ( GEOMETRIC_REPRESENTATION_CONTEXT(2) 
PARAMETRIC_REPRESENTATION_CONTEXT() REPRESENTATION_CONTEXT('2D SPACE',''
  ) );
#11059 = ORIENTED_EDGE('',*,*,#10990,.F.);
#11060 = ORIENTED_EDGE('',*,*,#11061,.F.);
#11061 = EDGE_CURVE('',#10580,#10991,#11062,.T.);
#11062 = SURFACE_CURVE('',#11063,(#11067,#11074),.PCURVE_S1.);
#11063 = LINE('',#11064,#11065);
#11064 = CARTESIAN_POINT('',(-44.,2.2225,19.35));
#11065 = VECTOR('',#11066,1.);
#11066 = DIRECTION('',(1.,0.,0.));
#11067 = PCURVE('',#10597,#11068);
#11068 = DEFINITIONAL_REPRESENTATION('',(#11069),#11073);
#11069 = LINE('',#11070,#11071);
#11070 = CARTESIAN_POINT('',(2.4575,0.));
#11071 = VECTOR('',#11072,1.);
#11072 = DIRECTION('',(1.,0.));
#11073 = ( GEOMETRIC_REPRESENTATION_CONTEXT(2) 
PARAMETRIC_REPRESENTATION_CONTEXT() REPRESENTATION_CONTEXT('2D SPACE',''
  ) );
#11074 = PCURVE('',#10564,#11075);
#11075 = DEFINITIONAL_REPRESENTATION('',(#11076),#11080);
#11076 = LINE('',#11077,#11078);
#11077 = CARTESIAN_POINT('',(0.,2.2225));
#11078 = VECTOR('',#11079,1.);
#11079 = DIRECTION('',(1.,0.));
#11080 = ( GEOMETRIC_REPRESENTATION_CONTEXT(2) 
PARAMETRIC_REPRESENTATION_CONTEXT() REPRESENTATION_CONTEXT('2D SPACE',''
  ) );
#11081 = ADVANCED_FACE('',(#11082),#10564,.F.);
#11082 = FACE_BOUND('',#11083,.F.);
#11083 = EDGE_LOOP('',(#11084,#11085,#11086,#11087,#11088,#11089,#11090,
    #11091));
#11084 = ORIENTED_EDGE('',*,*,#10550,.F.);
#11085 = ORIENTED_EDGE('',*,*,#10710,.T.);
#11086 = ORIENTED_EDGE('',*,*,#10787,.T.);
#11087 = ORIENTED_EDGE('',*,*,#10864,.T.);
#11088 = ORIENTED_EDGE('',*,*,#10941,.T.);
#11089 = ORIENTED_EDGE('',*,*,#11013,.T.);
#11090 = ORIENTED_EDGE('',*,*,#11061,.F.);
#11091 = ORIENTED_EDGE('',*,*,#10632,.T.);
#11092 = ADVANCED_FACE('',(#11093),#10510,.T.);
#11093 = FACE_BOUND('',#11094,.T.);
#11094 = EDGE_LOOP('',(#11095,#11096,#11097,#11098,#11099,#11100,#11101,
    #11102));
#11095 = ORIENTED_EDGE('',*,*,#10494,.F.);
#11096 = ORIENTED_EDGE('',*,*,#10658,.T.);
#11097 = ORIENTED_EDGE('',*,*,#10736,.T.);
#11098 = ORIENTED_EDGE('',*,*,#10812,.T.);
#11099 = ORIENTED_EDGE('',*,*,#10890,.T.);
#11100 = ORIENTED_EDGE('',*,*,#10966,.T.);
#11101 = ORIENTED_EDGE('',*,*,#11039,.F.);
#11102 = ORIENTED_EDGE('',*,*,#10609,.T.);
#11103 = ( GEOMETRIC_REPRESENTATION_CONTEXT(3) 
GLOBAL_UNCERTAINTY_ASSIGNED_CONTEXT((#11107)) 
GLOBAL_UNIT_ASSIGNED_CONTEXT((#11104,#11105,#11106)) 
REPRESENTATION_CONTEXT('Context #1',
  '3D Context with UNIT and UNCERTAINTY') );
#11104 = ( LENGTH_UNIT() NAMED_UNIT(*) SI_UNIT(.MILLI.,.METRE.) );
#11105 = ( NAMED_UNIT(*) PLANE_ANGLE_UNIT() SI_UNIT($,.RADIAN.) );
#11106 = ( NAMED_UNIT(*) SI_UNIT($,.STERADIAN.) SOLID_ANGLE_UNIT() );
#11107 = UNCERTAINTY_MEASURE_WITH_UNIT(LENGTH_MEASURE(1.E-07),#11104,
  'distance_accuracy_value','confusion accuracy');
#11108 = CONTEXT_DEPENDENT_SHAPE_REPRESENTATION(#11109,#11111);
#11109 = ( REPRESENTATION_RELATIONSHIP('','',#10452,#10) 
REPRESENTATION_RELATIONSHIP_WITH_TRANSFORMATION(#11110) 
SHAPE_REPRESENTATION_RELATIONSHIP() );
#11110 = ITEM_DEFINED_TRANSFORMATION('','',#11,#87);
#11111 = PRODUCT_DEFINITION_SHAPE('Placement','Placement of an item',
  #11112);
#11112 = NEXT_ASSEMBLY_USAGE_OCCURRENCE('167','stub 6 sample','',#5,
  #10447,$);
#11113 = PRODUCT_RELATED_PRODUCT_CATEGORY('part',$,(#10449));
#11114 = SHAPE_DEFINITION_REPRESENTATION(#11115,#11121);
#11115 = PRODUCT_DEFINITION_SHAPE('','',#11116);
#11116 = PRODUCT_DEFINITION('design','',#11117,#11120);
#11117 = PRODUCT_DEFINITION_FORMATION('','',#11118);
#11118 = PRODUCT('stub 7 stub','stub 7 stub','',(#11119));
#11119 = PRODUCT_CONTEXT('',#2,'mechanical');
#11120 = PRODUCT_DEFINITION_CONTEXT('part definition',#2,'design');
#11121 = ADVANCED_BREP_SHAPE_REPRESENTATION('',(#11,#11122),#11604);
#11122 = MANIFOLD_SOLID_BREP('',#11123);
#11123 = CLOSED_SHELL('',(#11124,#11216,#11251,#11286,#11341,#11396,
    #11449,#11488,#11492,#11547,#11600));
#11124 = ADVANCED_FACE('',(#11125),#11138,.T.);
#11125 = FACE_BOUND('',#11126,.F.);
#11126 = EDGE_LOOP('',(#11127,#11161,#11184,#11215));
#11127 = ORIENTED_EDGE('',*,*,#11128,.F.);
#11128 = EDGE_CURVE('',#11129,#11129,#11131,.T.);
#11129 = VERTEX_POINT('',#11130);
#11130 = CARTESIAN_POINT('',(-15.65,0.,16.));
#11131 = SURFACE_CURVE('',#11132,(#11137,#11149),.PCURVE_S1.);
#11132 = CIRCLE('',#11133,6.35);
#11133 = AXIS2_PLACEMENT_3D('',#11134,#11135,#11136);
#11134 = CARTESIAN_POINT('',(-22.,0.,16.));
#11135 = DIRECTION('',(0.,0.,1.));
#11136 = DIRECTION('',(1.,0.,0.));
#11137 = PCURVE('',#11138,#11143);
#11138 = CYLINDRICAL_SURFACE('',#11139,6.35);
#11139 = AXIS2_PLACEMENT_3D('',#11140,#11141,#11142);
#11140 = CARTESIAN_POINT('',(-22.,0.,16.));
#11141 = DIRECTION('',(-0.,-0.,-1.));
#11142 = DIRECTION('',(1.,0.,0.));
#11143 = DEFINITIONAL_REPRESENTATION('',(#11144),#11148);
#11144 = LINE('',#11145,#11146);
#11145 = CARTESIAN_POINT('',(-0.,0.));
#11146 = VECTOR('',#11147,1.);
#11147 = DIRECTION('',(-1.,0.));
#11148 = ( GEOMETRIC_REPRESENTATION_CONTEXT(2) 
PARAMETRIC_REPRESENTATION_CONTEXT() REPRESENTATION_CONTEXT('2D SPACE',''
  ) );
#11149 = PCURVE('',#11150,#11155);
#11150 = PLANE('',#11151);
#11151 = AXIS2_PLACEMENT_3D('',#11152,#11153,#11154);
#11152 = CARTESIAN_POINT('',(-22.,6.021627052289E-16,16.));
#11153 = DIRECTION('',(0.,0.,1.));
#11154 = DIRECTION('',(1.,0.,0.));
#11155 = DEFINITIONAL_REPRESENTATION('',(#11156),#11160);
#11156 = CIRCLE('',#11157,6.35);
#11157 = AXIS2_PLACEMENT_2D('',#11158,#11159);
#11158 = CARTESIAN_POINT('',(0.,-6.021627052289E-16));
#11159 = DIRECTION('',(1.,0.));
#11160 = ( GEOMETRIC_REPRESENTATION_CONTEXT(2) 
PARAMETRIC_REPRESENTATION_CONTEXT() REPRESENTATION_CONTEXT('2D SPACE',''
  ) );
#11161 = ORIENTED_EDGE('',*,*,#11162,.T.);
#11162 = EDGE_CURVE('',#11129,#11163,#11165,.T.);
#11163 = VERTEX_POINT('',#11164);
#11164 = CARTESIAN_POINT('',(-15.65,0.,17.1));
#11165 = SEAM_CURVE('',#11166,(#11170,#11177),.PCURVE_S1.);
#11166 = LINE('',#11167,#11168);
#11167 = CARTESIAN_POINT('',(-15.65,0.,16.));
#11168 = VECTOR('',#11169,1.);
#11169 = DIRECTION('',(0.,0.,1.));
#11170 = PCURVE('',#11138,#11171);
#11171 = DEFINITIONAL_REPRESENTATION('',(#11172),#11176);
#11172 = LINE('',#11173,#11174);
#11173 = CARTESIAN_POINT('',(-6.28318530718,0.));
#11174 = VECTOR('',#11175,1.);
#11175 = DIRECTION('',(-0.,-1.));
#11176 = ( GEOMETRIC_REPRESENTATION_CONTEXT(2) 
PARAMETRIC_REPRESENTATION_CONTEXT() REPRESENTATION_CONTEXT('2D SPACE',''
  ) );
#11177 = PCURVE('',#11138,#11178);
#11178 = DEFINITIONAL_REPRESENTATION('',(#11179),#11183);
#11179 = LINE('',#11180,#11181);
#11180 = CARTESIAN_POINT('',(-0.,0.));
#11181 = VECTOR('',#11182,1.);
#11182 = DIRECTION('',(-0.,-1.));
#11183 = ( GEOMETRIC_REPRESENTATION_CONTEXT(2) 
PARAMETRIC_REPRESENTATION_CONTEXT() REPRESENTATION_CONTEXT('2D SPACE',''
  ) );
#11184 = ORIENTED_EDGE('',*,*,#11185,.F.);
#11185 = EDGE_CURVE('',#11163,#11163,#11186,.T.);
#11186 = SURFACE_CURVE('',#11187,(#11192,#11199),.PCURVE_S1.);
#11187 = CIRCLE('',#11188,6.35);
#11188 = AXIS2_PLACEMENT_3D('',#11189,#11190,#11191);
#11189 = CARTESIAN_POINT('',(-22.,0.,17.1));
#11190 = DIRECTION('',(0.,0.,-1.));
#11191 = DIRECTION('',(1.,0.,0.));
#11192 = PCURVE('',#11138,#11193);
#11193 = DEFINITIONAL_REPRESENTATION('',(#11194),#11198);
#11194 = LINE('',#11195,#11196);
#11195 = CARTESIAN_POINT('',(-6.28318530718,-1.1));
#11196 = VECTOR('',#11197,1.);
#11197 = DIRECTION('',(1.,-0.));
#11198 = ( GEOMETRIC_REPRESENTATION_CONTEXT(2) 
PARAMETRIC_REPRESENTATION_CONTEXT() REPRESENTATION_CONTEXT('2D SPACE',''
  ) );
#11199 = PCURVE('',#11200,#11205);
#11200 = PLANE('',#11201);
#11201 = AXIS2_PLACEMENT_3D('',#11202,#11203,#11204);
#11202 = CARTESIAN_POINT('',(-22.,1.196249076369E-16,17.1));
#11203 = DIRECTION('',(0.,0.,1.));
#11204 = DIRECTION('',(1.,0.,0.));
#11205 = DEFINITIONAL_REPRESENTATION('',(#11206),#11214);
#11206 = ( BOUNDED_CURVE() B_SPLINE_CURVE(2,(#11207,#11208,#11209,#11210
    ,#11211,#11212,#11213),.UNSPECIFIED.,.T.,.F.) 
B_SPLINE_CURVE_WITH_KNOTS((1,2,2,2,2,1),(-2.094395102393,0.,
    2.094395102393,4.188790204786,6.28318530718,8.377580409573),
.UNSPECIFIED.) CURVE() GEOMETRIC_REPRESENTATION_ITEM() 
RATIONAL_B_SPLINE_CURVE((1.,0.5,1.,0.5,1.,0.5,1.)) REPRESENTATION_ITEM(
  '') );
#11207 = CARTESIAN_POINT('',(6.35,-1.196249076369E-16));
#11208 = CARTESIAN_POINT('',(6.35,-10.99852262806));
#11209 = CARTESIAN_POINT('',(-3.175,-5.499261314031));
#11210 = CARTESIAN_POINT('',(-12.7,-1.674926342554E-15));
#11211 = CARTESIAN_POINT('',(-3.175,5.499261314031));
#11212 = CARTESIAN_POINT('',(6.35,10.998522628062));
#11213 = CARTESIAN_POINT('',(6.35,-1.196249076369E-16));
#11214 = ( GEOMETRIC_REPRESENTATION_CONTEXT(2) 
PARAMETRIC_REPRESENTATION_CONTEXT() REPRESENTATION_CONTEXT('2D SPACE',''
  ) );
#11215 = ORIENTED_EDGE('',*,*,#11162,.F.);
#11216 = ADVANCED_FACE('',(#11217,#11220),#11150,.F.);
#11217 = FACE_BOUND('',#11218,.F.);
#11218 = EDGE_LOOP('',(#11219));
#11219 = ORIENTED_EDGE('',*,*,#11128,.T.);
#11220 = FACE_BOUND('',#11221,.F.);
#11221 = EDGE_LOOP('',(#11222));
#11222 = ORIENTED_EDGE('',*,*,#11223,.F.);
#11223 = EDGE_CURVE('',#11224,#11224,#11226,.T.);
#11224 = VERTEX_POINT('',#11225);
#11225 = CARTESIAN_POINT('',(-20.425,0.,16.));
#11226 = SURFACE_CURVE('',#11227,(#11232,#11239),.PCURVE_S1.);
#11227 = CIRCLE('',#11228,1.575);
#11228 = AXIS2_PLACEMENT_3D('',#11229,#11230,#11231);
#11229 = CARTESIAN_POINT('',(-22.,0.,16.));
#11230 = DIRECTION('',(0.,0.,1.));
#11231 = DIRECTION('',(1.,0.,0.));
#11232 = PCURVE('',#11150,#11233);
#11233 = DEFINITIONAL_REPRESENTATION('',(#11234),#11238);
#11234 = CIRCLE('',#11235,1.575);
#11235 = AXIS2_PLACEMENT_2D('',#11236,#11237);
#11236 = CARTESIAN_POINT('',(0.,-6.021627052289E-16));
#11237 = DIRECTION('',(1.,0.));
#11238 = ( GEOMETRIC_REPRESENTATION_CONTEXT(2) 
PARAMETRIC_REPRESENTATION_CONTEXT() REPRESENTATION_CONTEXT('2D SPACE',''
  ) );
#11239 = PCURVE('',#11240,#11245);
#11240 = CYLINDRICAL_SURFACE('',#11241,1.575);
#11241 = AXIS2_PLACEMENT_3D('',#11242,#11243,#11244);
#11242 = CARTESIAN_POINT('',(-22.,0.,8.));
#11243 = DIRECTION('',(-0.,-0.,-1.));
#11244 = DIRECTION('',(1.,0.,0.));
#11245 = DEFINITIONAL_REPRESENTATION('',(#11246),#11250);
#11246 = LINE('',#11247,#11248);
#11247 = CARTESIAN_POINT('',(-0.,-8.));
#11248 = VECTOR('',#11249,1.);
#11249 = DIRECTION('',(-1.,0.));
#11250 = ( GEOMETRIC_REPRESENTATION_CONTEXT(2) 
PARAMETRIC_REPRESENTATION_CONTEXT() REPRESENTATION_CONTEXT('2D SPACE',''
  ) );
#11251 = ADVANCED_FACE('',(#11252,#11255),#11200,.T.);
#11252 = FACE_BOUND('',#11253,.T.);
#11253 = EDGE_LOOP('',(#11254));
#11254 = ORIENTED_EDGE('',*,*,#11185,.F.);
#11255 = FACE_BOUND('',#11256,.T.);
#11256 = EDGE_LOOP('',(#11257));
#11257 = ORIENTED_EDGE('',*,*,#11258,.F.);
#11258 = EDGE_CURVE('',#11259,#11259,#11261,.T.);
#11259 = VERTEX_POINT('',#11260);
#11260 = CARTESIAN_POINT('',(-16.15,4.538137910877E-16,17.1));
#11261 = SURFACE_CURVE('',#11262,(#11267,#11274),.PCURVE_S1.);
#11262 = CIRCLE('',#11263,5.85);
#11263 = AXIS2_PLACEMENT_3D('',#11264,#11265,#11266);
#11264 = CARTESIAN_POINT('',(-22.,4.538137910877E-16,17.1));
#11265 = DIRECTION('',(0.,0.,1.));
#11266 = DIRECTION('',(1.,0.,0.));
#11267 = PCURVE('',#11200,#11268);
#11268 = DEFINITIONAL_REPRESENTATION('',(#11269),#11273);
#11269 = CIRCLE('',#11270,5.85);
#11270 = AXIS2_PLACEMENT_2D('',#11271,#11272);
#11271 = CARTESIAN_POINT('',(3.321377597886E-14,3.341888834508E-16));
#11272 = DIRECTION('',(1.,0.));
#11273 = ( GEOMETRIC_REPRESENTATION_CONTEXT(2) 
PARAMETRIC_REPRESENTATION_CONTEXT() REPRESENTATION_CONTEXT('2D SPACE',''
  ) );
#11274 = PCURVE('',#11275,#11280);
#11275 = CYLINDRICAL_SURFACE('',#11276,5.85);
#11276 = AXIS2_PLACEMENT_3D('',#11277,#11278,#11279);
#11277 = CARTESIAN_POINT('',(-22.,4.538137910877E-16,17.1));
#11278 = DIRECTION('',(-0.,-0.,-1.));
#11279 = DIRECTION('',(1.,0.,0.));
#11280 = DEFINITIONAL_REPRESENTATION('',(#11281),#11285);
#11281 = LINE('',#11282,#11283);
#11282 = CARTESIAN_POINT('',(-0.,0.));
#11283 = VECTOR('',#11284,1.);
#11284 = DIRECTION('',(-1.,0.));
#11285 = ( GEOMETRIC_REPRESENTATION_CONTEXT(2) 
PARAMETRIC_REPRESENTATION_CONTEXT() REPRESENTATION_CONTEXT('2D SPACE',''
  ) );
#11286 = ADVANCED_FACE('',(#11287),#11240,.T.);
#11287 = FACE_BOUND('',#11288,.F.);
#11288 = EDGE_LOOP('',(#11289,#11312,#11313,#11314));
#11289 = ORIENTED_EDGE('',*,*,#11290,.T.);
#11290 = EDGE_CURVE('',#11291,#11224,#11293,.T.);
#11291 = VERTEX_POINT('',#11292);
#11292 = CARTESIAN_POINT('',(-20.425,0.,8.4));
#11293 = SEAM_CURVE('',#11294,(#11298,#11305),.PCURVE_S1.);
#11294 = LINE('',#11295,#11296);
#11295 = CARTESIAN_POINT('',(-20.425,0.,8.));
#11296 = VECTOR('',#11297,1.);
#11297 = DIRECTION('',(0.,0.,1.));
#11298 = PCURVE('',#11240,#11299);
#11299 = DEFINITIONAL_REPRESENTATION('',(#11300),#11304);
#11300 = LINE('',#11301,#11302);
#11301 = CARTESIAN_POINT('',(-0.,0.));
#11302 = VECTOR('',#11303,1.);
#11303 = DIRECTION('',(-0.,-1.));
#11304 = ( GEOMETRIC_REPRESENTATION_CONTEXT(2) 
PARAMETRIC_REPRESENTATION_CONTEXT() REPRESENTATION_CONTEXT('2D SPACE',''
  ) );
#11305 = PCURVE('',#11240,#11306);
#11306 = DEFINITIONAL_REPRESENTATION('',(#11307),#11311);
#11307 = LINE('',#11308,#11309);
#11308 = CARTESIAN_POINT('',(-6.28318530718,0.));
#11309 = VECTOR('',#11310,1.);
#11310 = DIRECTION('',(-0.,-1.));
#11311 = ( GEOMETRIC_REPRESENTATION_CONTEXT(2) 
PARAMETRIC_REPRESENTATION_CONTEXT() REPRESENTATION_CONTEXT('2D SPACE',''
  ) );
#11312 = ORIENTED_EDGE('',*,*,#11223,.T.);
#11313 = ORIENTED_EDGE('',*,*,#11290,.F.);
#11314 = ORIENTED_EDGE('',*,*,#11315,.F.);
#11315 = EDGE_CURVE('',#11291,#11291,#11316,.T.);
#11316 = SURFACE_CURVE('',#11317,(#11322,#11329),.PCURVE_S1.);
#11317 = CIRCLE('',#11318,1.575);
#11318 = AXIS2_PLACEMENT_3D('',#11319,#11320,#11321);
#11319 = CARTESIAN_POINT('',(-22.,0.,8.4));
#11320 = DIRECTION('',(0.,0.,1.));
#11321 = DIRECTION('',(1.,0.,0.));
#11322 = PCURVE('',#11240,#11323);
#11323 = DEFINITIONAL_REPRESENTATION('',(#11324),#11328);
#11324 = LINE('',#11325,#11326);
#11325 = CARTESIAN_POINT('',(-0.,-0.4));
#11326 = VECTOR('',#11327,1.);
#11327 = DIRECTION('',(-1.,0.));
#11328 = ( GEOMETRIC_REPRESENTATION_CONTEXT(2) 
PARAMETRIC_REPRESENTATION_CONTEXT() REPRESENTATION_CONTEXT('2D SPACE',''
  ) );
#11329 = PCURVE('',#11330,#11335);
#11330 = CONICAL_SURFACE('',#11331,1.575,0.785398163397);
#11331 = AXIS2_PLACEMENT_3D('',#11332,#11333,#11334);
#11332 = CARTESIAN_POINT('',(-22.,0.,8.4));
#11333 = DIRECTION('',(0.,0.,1.));
#11334 = DIRECTION('',(1.,0.,0.));
#11335 = DEFINITIONAL_REPRESENTATION('',(#11336),#11340);
#11336 = LINE('',#11337,#11338);
#11337 = CARTESIAN_POINT('',(0.,-0.));
#11338 = VECTOR('',#11339,1.);
#11339 = DIRECTION('',(1.,-0.));
#11340 = ( GEOMETRIC_REPRESENTATION_CONTEXT(2) 
PARAMETRIC_REPRESENTATION_CONTEXT() REPRESENTATION_CONTEXT('2D SPACE',''
  ) );
#11341 = ADVANCED_FACE('',(#11342),#11275,.T.);
#11342 = FACE_BOUND('',#11343,.F.);
#11343 = EDGE_LOOP('',(#11344,#11367,#11394,#11395));
#11344 = ORIENTED_EDGE('',*,*,#11345,.T.);
#11345 = EDGE_CURVE('',#11259,#11346,#11348,.T.);
#11346 = VERTEX_POINT('',#11347);
#11347 = CARTESIAN_POINT('',(-16.15,4.538137910877E-16,18.1));
#11348 = SEAM_CURVE('',#11349,(#11353,#11360),.PCURVE_S1.);
#11349 = LINE('',#11350,#11351);
#11350 = CARTESIAN_POINT('',(-16.15,4.538137910877E-16,17.1));
#11351 = VECTOR('',#11352,1.);
#11352 = DIRECTION('',(0.,0.,1.));
#11353 = PCURVE('',#11275,#11354);
#11354 = DEFINITIONAL_REPRESENTATION('',(#11355),#11359);
#11355 = LINE('',#11356,#11357);
#11356 = CARTESIAN_POINT('',(-0.,0.));
#11357 = VECTOR('',#11358,1.);
#11358 = DIRECTION('',(-0.,-1.));
#11359 = ( GEOMETRIC_REPRESENTATION_CONTEXT(2) 
PARAMETRIC_REPRESENTATION_CONTEXT() REPRESENTATION_CONTEXT('2D SPACE',''
  ) );
#11360 = PCURVE('',#11275,#11361);
#11361 = DEFINITIONAL_REPRESENTATION('',(#11362),#11366);
#11362 = LINE('',#11363,#11364);
#11363 = CARTESIAN_POINT('',(-6.28318530718,0.));
#11364 = VECTOR('',#11365,1.);
#11365 = DIRECTION('',(-0.,-1.));
#11366 = ( GEOMETRIC_REPRESENTATION_CONTEXT(2) 
PARAMETRIC_REPRESENTATION_CONTEXT() REPRESENTATION_CONTEXT('2D SPACE',''
  ) );
#11367 = ORIENTED_EDGE('',*,*,#11368,.T.);
#11368 = EDGE_CURVE('',#11346,#11346,#11369,.T.);
#11369 = SURFACE_CURVE('',#11370,(#11375,#11382),.PCURVE_S1.);
#11370 = CIRCLE('',#11371,5.85);
#11371 = AXIS2_PLACEMENT_3D('',#11372,#11373,#11374);
#11372 = CARTESIAN_POINT('',(-22.,4.538137910877E-16,18.1));
#11373 = DIRECTION('',(0.,0.,1.));
#11374 = DIRECTION('',(1.,0.,0.));
#11375 = PCURVE('',#11275,#11376);
#11376 = DEFINITIONAL_REPRESENTATION('',(#11377),#11381);
#11377 = LINE('',#11378,#11379);
#11378 = CARTESIAN_POINT('',(-0.,-1.));
#11379 = VECTOR('',#11380,1.);
#11380 = DIRECTION('',(-1.,0.));
#11381 = ( GEOMETRIC_REPRESENTATION_CONTEXT(2) 
PARAMETRIC_REPRESENTATION_CONTEXT() REPRESENTATION_CONTEXT('2D SPACE',''
  ) );
#11382 = PCURVE('',#11383,#11388);
#11383 = PLANE('',#11384);
#11384 = AXIS2_PLACEMENT_3D('',#11385,#11386,#11387);
#11385 = CARTESIAN_POINT('',(-22.,1.196249076369E-16,18.1));
#11386 = DIRECTION('',(0.,0.,1.));
#11387 = DIRECTION('',(1.,0.,0.));
#11388 = DEFINITIONAL_REPRESENTATION('',(#11389),#11393);
#11389 = CIRCLE('',#11390,5.85);
#11390 = AXIS2_PLACEMENT_2D('',#11391,#11392);
#11391 = CARTESIAN_POINT('',(3.321377597886E-14,3.341888834508E-16));
#11392 = DIRECTION('',(1.,0.));
#11393 = ( GEOMETRIC_REPRESENTATION_CONTEXT(2) 
PARAMETRIC_REPRESENTATION_CONTEXT() REPRESENTATION_CONTEXT('2D SPACE',''
  ) );
#11394 = ORIENTED_EDGE('',*,*,#11345,.F.);
#11395 = ORIENTED_EDGE('',*,*,#11258,.F.);
#11396 = ADVANCED_FACE('',(#11397),#11330,.T.);
#11397 = FACE_BOUND('',#11398,.F.);
#11398 = EDGE_LOOP('',(#11399,#11420,#11421,#11422));
#11399 = ORIENTED_EDGE('',*,*,#11400,.F.);
#11400 = EDGE_CURVE('',#11291,#11401,#11403,.T.);
#11401 = VERTEX_POINT('',#11402);
#11402 = CARTESIAN_POINT('',(-20.825,0.,8.));
#11403 = SEAM_CURVE('',#11404,(#11408,#11414),.PCURVE_S1.);
#11404 = LINE('',#11405,#11406);
#11405 = CARTESIAN_POINT('',(-20.425,0.,8.4));
#11406 = VECTOR('',#11407,1.);
#11407 = DIRECTION('',(-0.707106781187,-0.,-0.707106781187));
#11408 = PCURVE('',#11330,#11409);
#11409 = DEFINITIONAL_REPRESENTATION('',(#11410),#11413);
#11410 = B_SPLINE_CURVE_WITH_KNOTS('',1,(#11411,#11412),.UNSPECIFIED.,
  .F.,.F.,(2,2),(0.,0.565685424949),.PIECEWISE_BEZIER_KNOTS.);
#11411 = CARTESIAN_POINT('',(0.,0.));
#11412 = CARTESIAN_POINT('',(0.,-0.4));
#11413 = ( GEOMETRIC_REPRESENTATION_CONTEXT(2) 
PARAMETRIC_REPRESENTATION_CONTEXT() REPRESENTATION_CONTEXT('2D SPACE',''
  ) );
#11414 = PCURVE('',#11330,#11415);
#11415 = DEFINITIONAL_REPRESENTATION('',(#11416),#11419);
#11416 = B_SPLINE_CURVE_WITH_KNOTS('',1,(#11417,#11418),.UNSPECIFIED.,
  .F.,.F.,(2,2),(0.,0.565685424949),.PIECEWISE_BEZIER_KNOTS.);
#11417 = CARTESIAN_POINT('',(6.28318530718,0.));
#11418 = CARTESIAN_POINT('',(6.28318530718,-0.4));
#11419 = ( GEOMETRIC_REPRESENTATION_CONTEXT(2) 
PARAMETRIC_REPRESENTATION_CONTEXT() REPRESENTATION_CONTEXT('2D SPACE',''
  ) );
#11420 = ORIENTED_EDGE('',*,*,#11315,.T.);
#11421 = ORIENTED_EDGE('',*,*,#11400,.T.);
#11422 = ORIENTED_EDGE('',*,*,#11423,.F.);
#11423 = EDGE_CURVE('',#11401,#11401,#11424,.T.);
#11424 = SURFACE_CURVE('',#11425,(#11430,#11437),.PCURVE_S1.);
#11425 = CIRCLE('',#11426,1.175);
#11426 = AXIS2_PLACEMENT_3D('',#11427,#11428,#11429);
#11427 = CARTESIAN_POINT('',(-22.,0.,8.));
#11428 = DIRECTION('',(0.,0.,1.));
#11429 = DIRECTION('',(1.,0.,0.));
#11430 = PCURVE('',#11330,#11431);
#11431 = DEFINITIONAL_REPRESENTATION('',(#11432),#11436);
#11432 = LINE('',#11433,#11434);
#11433 = CARTESIAN_POINT('',(0.,-0.4));
#11434 = VECTOR('',#11435,1.);
#11435 = DIRECTION('',(1.,-0.));
#11436 = ( GEOMETRIC_REPRESENTATION_CONTEXT(2) 
PARAMETRIC_REPRESENTATION_CONTEXT() REPRESENTATION_CONTEXT('2D SPACE',''
  ) );
#11437 = PCURVE('',#11438,#11443);
#11438 = PLANE('',#11439);
#11439 = AXIS2_PLACEMENT_3D('',#11440,#11441,#11442);
#11440 = CARTESIAN_POINT('',(-22.,4.423303769075E-17,8.));
#11441 = DIRECTION('',(0.,0.,1.));
#11442 = DIRECTION('',(1.,0.,0.));
#11443 = DEFINITIONAL_REPRESENTATION('',(#11444),#11448);
#11444 = CIRCLE('',#11445,1.175);
#11445 = AXIS2_PLACEMENT_2D('',#11446,#11447);
#11446 = CARTESIAN_POINT('',(5.426349732299E-17,-4.423303769075E-17));
#11447 = DIRECTION('',(1.,0.));
#11448 = ( GEOMETRIC_REPRESENTATION_CONTEXT(2) 
PARAMETRIC_REPRESENTATION_CONTEXT() REPRESENTATION_CONTEXT('2D SPACE',''
  ) );
#11449 = ADVANCED_FACE('',(#11450,#11485),#11383,.F.);
#11450 = FACE_BOUND('',#11451,.F.);
#11451 = EDGE_LOOP('',(#11452));
#11452 = ORIENTED_EDGE('',*,*,#11453,.F.);
#11453 = EDGE_CURVE('',#11454,#11454,#11456,.T.);
#11454 = VERTEX_POINT('',#11455);
#11455 = CARTESIAN_POINT('',(-15.65,0.,18.1));
#11456 = SURFACE_CURVE('',#11457,(#11462,#11473),.PCURVE_S1.);
#11457 = CIRCLE('',#11458,6.35);
#11458 = AXIS2_PLACEMENT_3D('',#11459,#11460,#11461);
#11459 = CARTESIAN_POINT('',(-22.,0.,18.1));
#11460 = DIRECTION('',(0.,0.,-1.));
#11461 = DIRECTION('',(1.,0.,0.));
#11462 = PCURVE('',#11383,#11463);
#11463 = DEFINITIONAL_REPRESENTATION('',(#11464),#11472);
#11464 = ( BOUNDED_CURVE() B_SPLINE_CURVE(2,(#11465,#11466,#11467,#11468
    ,#11469,#11470,#11471),.UNSPECIFIED.,.T.,.F.) 
B_SPLINE_CURVE_WITH_KNOTS((1,2,2,2,2,1),(-2.094395102393,0.,
    2.094395102393,4.188790204786,6.28318530718,8.377580409573),
.UNSPECIFIED.) CURVE() GEOMETRIC_REPRESENTATION_ITEM() 
RATIONAL_B_SPLINE_CURVE((1.,0.5,1.,0.5,1.,0.5,1.)) REPRESENTATION_ITEM(
  '') );
#11465 = CARTESIAN_POINT('',(6.35,-1.196249076369E-16));
#11466 = CARTESIAN_POINT('',(6.35,-10.99852262806));
#11467 = CARTESIAN_POINT('',(-3.175,-5.499261314031));
#11468 = CARTESIAN_POINT('',(-12.7,-1.674926342554E-15));
#11469 = CARTESIAN_POINT('',(-3.175,5.499261314031));
#11470 = CARTESIAN_POINT('',(6.35,10.998522628062));
#11471 = CARTESIAN_POINT('',(6.35,-1.196249076369E-16));
#11472 = ( GEOMETRIC_REPRESENTATION_CONTEXT(2) 
PARAMETRIC_REPRESENTATION_CONTEXT() REPRESENTATION_CONTEXT('2D SPACE',''
  ) );
#11473 = PCURVE('',#11474,#11479);
#11474 = CYLINDRICAL_SURFACE('',#11475,6.35);
#11475 = AXIS2_PLACEMENT_3D('',#11476,#11477,#11478);
#11476 = CARTESIAN_POINT('',(-22.,0.,16.));
#11477 = DIRECTION('',(-0.,-0.,-1.));
#11478 = DIRECTION('',(1.,0.,0.));
#11479 = DEFINITIONAL_REPRESENTATION('',(#11480),#11484);
#11480 = LINE('',#11481,#11482);
#11481 = CARTESIAN_POINT('',(-6.28318530718,-2.1));
#11482 = VECTOR('',#11483,1.);
#11483 = DIRECTION('',(1.,-0.));
#11484 = ( GEOMETRIC_REPRESENTATION_CONTEXT(2) 
PARAMETRIC_REPRESENTATION_CONTEXT() REPRESENTATION_CONTEXT('2D SPACE',''
  ) );
#11485 = FACE_BOUND('',#11486,.F.);
#11486 = EDGE_LOOP('',(#11487));
#11487 = ORIENTED_EDGE('',*,*,#11368,.F.);
#11488 = ADVANCED_FACE('',(#11489),#11438,.F.);
#11489 = FACE_BOUND('',#11490,.F.);
#11490 = EDGE_LOOP('',(#11491));
#11491 = ORIENTED_EDGE('',*,*,#11423,.T.);
#11492 = ADVANCED_FACE('',(#11493),#11474,.T.);
#11493 = FACE_BOUND('',#11494,.F.);
#11494 = EDGE_LOOP('',(#11495,#11496,#11519,#11546));
#11495 = ORIENTED_EDGE('',*,*,#11453,.T.);
#11496 = ORIENTED_EDGE('',*,*,#11497,.T.);
#11497 = EDGE_CURVE('',#11454,#11498,#11500,.T.);
#11498 = VERTEX_POINT('',#11499);
#11499 = CARTESIAN_POINT('',(-15.65,0.,19.));
#11500 = SEAM_CURVE('',#11501,(#11505,#11512),.PCURVE_S1.);
#11501 = LINE('',#11502,#11503);
#11502 = CARTESIAN_POINT('',(-15.65,0.,16.));
#11503 = VECTOR('',#11504,1.);
#11504 = DIRECTION('',(0.,0.,1.));
#11505 = PCURVE('',#11474,#11506);
#11506 = DEFINITIONAL_REPRESENTATION('',(#11507),#11511);
#11507 = LINE('',#11508,#11509);
#11508 = CARTESIAN_POINT('',(-6.28318530718,0.));
#11509 = VECTOR('',#11510,1.);
#11510 = DIRECTION('',(-0.,-1.));
#11511 = ( GEOMETRIC_REPRESENTATION_CONTEXT(2) 
PARAMETRIC_REPRESENTATION_CONTEXT() REPRESENTATION_CONTEXT('2D SPACE',''
  ) );
#11512 = PCURVE('',#11474,#11513);
#11513 = DEFINITIONAL_REPRESENTATION('',(#11514),#11518);
#11514 = LINE('',#11515,#11516);
#11515 = CARTESIAN_POINT('',(-0.,0.));
#11516 = VECTOR('',#11517,1.);
#11517 = DIRECTION('',(-0.,-1.));
#11518 = ( GEOMETRIC_REPRESENTATION_CONTEXT(2) 
PARAMETRIC_REPRESENTATION_CONTEXT() REPRESENTATION_CONTEXT('2D SPACE',''
  ) );
#11519 = ORIENTED_EDGE('',*,*,#11520,.T.);
#11520 = EDGE_CURVE('',#11498,#11498,#11521,.T.);
#11521 = SURFACE_CURVE('',#11522,(#11527,#11534),.PCURVE_S1.);
#11522 = CIRCLE('',#11523,6.35);
#11523 = AXIS2_PLACEMENT_3D('',#11524,#11525,#11526);
#11524 = CARTESIAN_POINT('',(-22.,0.,19.));
#11525 = DIRECTION('',(0.,0.,1.));
#11526 = DIRECTION('',(1.,0.,0.));
#11527 = PCURVE('',#11474,#11528);
#11528 = DEFINITIONAL_REPRESENTATION('',(#11529),#11533);
#11529 = LINE('',#11530,#11531);
#11530 = CARTESIAN_POINT('',(-0.,-3.));
#11531 = VECTOR('',#11532,1.);
#11532 = DIRECTION('',(-1.,0.));
#11533 = ( GEOMETRIC_REPRESENTATION_CONTEXT(2) 
PARAMETRIC_REPRESENTATION_CONTEXT() REPRESENTATION_CONTEXT('2D SPACE',''
  ) );
#11534 = PCURVE('',#11535,#11540);
#11535 = CONICAL_SURFACE('',#11536,6.35,0.785398163397);
#11536 = AXIS2_PLACEMENT_3D('',#11537,#11538,#11539);
#11537 = CARTESIAN_POINT('',(-22.,0.,19.));
#11538 = DIRECTION('',(-0.,-0.,-1.));
#11539 = DIRECTION('',(1.,0.,0.));
#11540 = DEFINITIONAL_REPRESENTATION('',(#11541),#11545);
#11541 = LINE('',#11542,#11543);
#11542 = CARTESIAN_POINT('',(-0.,-0.));
#11543 = VECTOR('',#11544,1.);
#11544 = DIRECTION('',(-1.,-0.));
#11545 = ( GEOMETRIC_REPRESENTATION_CONTEXT(2) 
PARAMETRIC_REPRESENTATION_CONTEXT() REPRESENTATION_CONTEXT('2D SPACE',''
  ) );
#11546 = ORIENTED_EDGE('',*,*,#11497,.F.);
#11547 = ADVANCED_FACE('',(#11548),#11535,.T.);
#11548 = FACE_BOUND('',#11549,.T.);
#11549 = EDGE_LOOP('',(#11550,#11571,#11572,#11573));
#11550 = ORIENTED_EDGE('',*,*,#11551,.F.);
#11551 = EDGE_CURVE('',#11498,#11552,#11554,.T.);
#11552 = VERTEX_POINT('',#11553);
#11553 = CARTESIAN_POINT('',(-15.85,0.,19.2));
#11554 = SEAM_CURVE('',#11555,(#11559,#11565),.PCURVE_S1.);
#11555 = LINE('',#11556,#11557);
#11556 = CARTESIAN_POINT('',(-15.65,0.,19.));
#11557 = VECTOR('',#11558,1.);
#11558 = DIRECTION('',(-0.707106781187,0.,0.707106781187));
#11559 = PCURVE('',#11535,#11560);
#11560 = DEFINITIONAL_REPRESENTATION('',(#11561),#11564);
#11561 = B_SPLINE_CURVE_WITH_KNOTS('',1,(#11562,#11563),.UNSPECIFIED.,
  .F.,.F.,(2,2),(0.,0.282842712475),.PIECEWISE_BEZIER_KNOTS.);
#11562 = CARTESIAN_POINT('',(0.,0.));
#11563 = CARTESIAN_POINT('',(0.,-0.2));
#11564 = ( GEOMETRIC_REPRESENTATION_CONTEXT(2) 
PARAMETRIC_REPRESENTATION_CONTEXT() REPRESENTATION_CONTEXT('2D SPACE',''
  ) );
#11565 = PCURVE('',#11535,#11566);
#11566 = DEFINITIONAL_REPRESENTATION('',(#11567),#11570);
#11567 = B_SPLINE_CURVE_WITH_KNOTS('',1,(#11568,#11569),.UNSPECIFIED.,
  .F.,.F.,(2,2),(0.,0.282842712475),.PIECEWISE_BEZIER_KNOTS.);
#11568 = CARTESIAN_POINT('',(-6.28318530718,0.));
#11569 = CARTESIAN_POINT('',(-6.28318530718,-0.2));
#11570 = ( GEOMETRIC_REPRESENTATION_CONTEXT(2) 
PARAMETRIC_REPRESENTATION_CONTEXT() REPRESENTATION_CONTEXT('2D SPACE',''
  ) );
#11571 = ORIENTED_EDGE('',*,*,#11520,.T.);
#11572 = ORIENTED_EDGE('',*,*,#11551,.T.);
#11573 = ORIENTED_EDGE('',*,*,#11574,.F.);
#11574 = EDGE_CURVE('',#11552,#11552,#11575,.T.);
#11575 = SURFACE_CURVE('',#11576,(#11581,#11588),.PCURVE_S1.);
#11576 = CIRCLE('',#11577,6.15);
#11577 = AXIS2_PLACEMENT_3D('',#11578,#11579,#11580);
#11578 = CARTESIAN_POINT('',(-22.,0.,19.2));
#11579 = DIRECTION('',(0.,0.,1.));
#11580 = DIRECTION('',(1.,0.,0.));
#11581 = PCURVE('',#11535,#11582);
#11582 = DEFINITIONAL_REPRESENTATION('',(#11583),#11587);
#11583 = LINE('',#11584,#11585);
#11584 = CARTESIAN_POINT('',(-0.,-0.2));
#11585 = VECTOR('',#11586,1.);
#11586 = DIRECTION('',(-1.,-0.));
#11587 = ( GEOMETRIC_REPRESENTATION_CONTEXT(2) 
PARAMETRIC_REPRESENTATION_CONTEXT() REPRESENTATION_CONTEXT('2D SPACE',''
  ) );
#11588 = PCURVE('',#11589,#11594);
#11589 = PLANE('',#11590);
#11590 = AXIS2_PLACEMENT_3D('',#11591,#11592,#11593);
#11591 = CARTESIAN_POINT('',(-22.,6.021627052289E-16,19.2));
#11592 = DIRECTION('',(0.,0.,1.));
#11593 = DIRECTION('',(1.,0.,0.));
#11594 = DEFINITIONAL_REPRESENTATION('',(#11595),#11599);
#11595 = CIRCLE('',#11596,6.15);
#11596 = AXIS2_PLACEMENT_2D('',#11597,#11598);
#11597 = CARTESIAN_POINT('',(0.,-6.021627052289E-16));
#11598 = DIRECTION('',(1.,0.));
#11599 = ( GEOMETRIC_REPRESENTATION_CONTEXT(2) 
PARAMETRIC_REPRESENTATION_CONTEXT() REPRESENTATION_CONTEXT('2D SPACE',''
  ) );
#11600 = ADVANCED_FACE('',(#11601),#11589,.T.);
#11601 = FACE_BOUND('',#11602,.T.);
#11602 = EDGE_LOOP('',(#11603));
#11603 = ORIENTED_EDGE('',*,*,#11574,.T.);
#11604 = ( GEOMETRIC_REPRESENTATION_CONTEXT(3) 
GLOBAL_UNCERTAINTY_ASSIGNED_CONTEXT((#11608)) 
GLOBAL_UNIT_ASSIGNED_CONTEXT((#11605,#11606,#11607)) 
REPRESENTATION_CONTEXT('Context #1',
  '3D Context with UNIT and UNCERTAINTY') );
#11605 = ( LENGTH_UNIT() NAMED_UNIT(*) SI_UNIT(.MILLI.,.METRE.) );
#11606 = ( NAMED_UNIT(*) PLANE_ANGLE_UNIT() SI_UNIT($,.RADIAN.) );
#11607 = ( NAMED_UNIT(*) SI_UNIT($,.STERADIAN.) SOLID_ANGLE_UNIT() );
#11608 = UNCERTAINTY_MEASURE_WITH_UNIT(LENGTH_MEASURE(1.E-07),#11605,
  'distance_accuracy_value','confusion accuracy');
#11609 = CONTEXT_DEPENDENT_SHAPE_REPRESENTATION(#11610,#11612);
#11610 = ( REPRESENTATION_RELATIONSHIP('','',#11121,#10) 
REPRESENTATION_RELATIONSHIP_WITH_TRANSFORMATION(#11611) 
SHAPE_REPRESENTATION_RELATIONSHIP() );
#11611 = ITEM_DEFINED_TRANSFORMATION('','',#11,#91);
#11612 = PRODUCT_DEFINITION_SHAPE('Placement','Placement of an item',
  #11613);
#11613 = NEXT_ASSEMBLY_USAGE_OCCURRENCE('168','stub 7 stub','',#5,#11116
  ,$);
#11614 = PRODUCT_RELATED_PRODUCT_CATEGORY('part',$,(#11118));
#11615 = SHAPE_DEFINITION_REPRESENTATION(#11616,#11622);
#11616 = PRODUCT_DEFINITION_SHAPE('','',#11617);
#11617 = PRODUCT_DEFINITION('design','',#11618,#11621);
#11618 = PRODUCT_DEFINITION_FORMATION('','',#11619);
#11619 = PRODUCT('stub 7 carbon tab','stub 7 carbon tab','',(#11620));
#11620 = PRODUCT_CONTEXT('',#2,'mechanical');
#11621 = PRODUCT_DEFINITION_CONTEXT('part definition',#2,'design');
#11622 = ADVANCED_BREP_SHAPE_REPRESENTATION('',(#11,#11623),#11721);
#11623 = MANIFOLD_SOLID_BREP('',#11624);
#11624 = CLOSED_SHELL('',(#11625,#11713,#11717));
#11625 = ADVANCED_FACE('',(#11626),#11640,.T.);
#11626 = FACE_BOUND('',#11627,.F.);
#11627 = EDGE_LOOP('',(#11628,#11658,#11685,#11686));
#11628 = ORIENTED_EDGE('',*,*,#11629,.T.);
#11629 = EDGE_CURVE('',#11630,#11632,#11634,.T.);
#11630 = VERTEX_POINT('',#11631);
#11631 = CARTESIAN_POINT('',(-16.15,0.,19.2));
#11632 = VERTEX_POINT('',#11633);
#11633 = CARTESIAN_POINT('',(-16.15,0.,19.35));
#11634 = SEAM_CURVE('',#11635,(#11639,#11651),.PCURVE_S1.);
#11635 = LINE('',#11636,#11637);
#11636 = CARTESIAN_POINT('',(-16.15,0.,19.2));
#11637 = VECTOR('',#11638,1.);
#11638 = DIRECTION('',(0.,0.,1.));
#11639 = PCURVE('',#11640,#11645);
#11640 = CYLINDRICAL_SURFACE('',#11641,5.85);
#11641 = AXIS2_PLACEMENT_3D('',#11642,#11643,#11644);
#11642 = CARTESIAN_POINT('',(-22.,0.,19.2));
#11643 = DIRECTION('',(-0.,-0.,-1.));
#11644 = DIRECTION('',(1.,0.,0.));
#11645 = DEFINITIONAL_REPRESENTATION('',(#11646),#11650);
#11646 = LINE('',#11647,#11648);
#11647 = CARTESIAN_POINT('',(-0.,0.));
#11648 = VECTOR('',#11649,1.);
#11649 = DIRECTION('',(-0.,-1.));
#11650 = ( GEOMETRIC_REPRESENTATION_CONTEXT(2) 
PARAMETRIC_REPRESENTATION_CONTEXT() REPRESENTATION_CONTEXT('2D SPACE',''
  ) );
#11651 = PCURVE('',#11640,#11652);
#11652 = DEFINITIONAL_REPRESENTATION('',(#11653),#11657);
#11653 = LINE('',#11654,#11655);
#11654 = CARTESIAN_POINT('',(-6.28318530718,0.));
#11655 = VECTOR('',#11656,1.);
#11656 = DIRECTION('',(-0.,-1.));
#11657 = ( GEOMETRIC_REPRESENTATION_CONTEXT(2) 
PARAMETRIC_REPRESENTATION_CONTEXT() REPRESENTATION_CONTEXT('2D SPACE',''
  ) );
#11658 = ORIENTED_EDGE('',*,*,#11659,.T.);
#11659 = EDGE_CURVE('',#11632,#11632,#11660,.T.);
#11660 = SURFACE_CURVE('',#11661,(#11666,#11673),.PCURVE_S1.);
#11661 = CIRCLE('',#11662,5.85);
#11662 = AXIS2_PLACEMENT_3D('',#11663,#11664,#11665);
#11663 = CARTESIAN_POINT('',(-22.,0.,19.35));
#11664 = DIRECTION('',(0.,0.,1.));
#11665 = DIRECTION('',(1.,0.,0.));
#11666 = PCURVE('',#11640,#11667);
#11667 = DEFINITIONAL_REPRESENTATION('',(#11668),#11672);
#11668 = LINE('',#11669,#11670);
#11669 = CARTESIAN_POINT('',(-0.,-0.15));
#11670 = VECTOR('',#11671,1.);
#11671 = DIRECTION('',(-1.,0.));
#11672 = ( GEOMETRIC_REPRESENTATION_CONTEXT(2) 
PARAMETRIC_REPRESENTATION_CONTEXT() REPRESENTATION_CONTEXT('2D SPACE',''
  ) );
#11673 = PCURVE('',#11674,#11679);
#11674 = PLANE('',#11675);
#11675 = AXIS2_PLACEMENT_3D('',#11676,#11677,#11678);
#11676 = CARTESIAN_POINT('',(-22.,2.286947741797E-16,19.35));
#11677 = DIRECTION('',(0.,0.,1.));
#11678 = DIRECTION('',(1.,0.,0.));
#11679 = DEFINITIONAL_REPRESENTATION('',(#11680),#11684);
#11680 = CIRCLE('',#11681,5.85);
#11681 = AXIS2_PLACEMENT_2D('',#11682,#11683);
#11682 = CARTESIAN_POINT('',(2.337504500067E-16,-2.286947741797E-16));
#11683 = DIRECTION('',(1.,0.));
#11684 = ( GEOMETRIC_REPRESENTATION_CONTEXT(2) 
PARAMETRIC_REPRESENTATION_CONTEXT() REPRESENTATION_CONTEXT('2D SPACE',''
  ) );
#11685 = ORIENTED_EDGE('',*,*,#11629,.F.);
#11686 = ORIENTED_EDGE('',*,*,#11687,.F.);
#11687 = EDGE_CURVE('',#11630,#11630,#11688,.T.);
#11688 = SURFACE_CURVE('',#11689,(#11694,#11701),.PCURVE_S1.);
#11689 = CIRCLE('',#11690,5.85);
#11690 = AXIS2_PLACEMENT_3D('',#11691,#11692,#11693);
#11691 = CARTESIAN_POINT('',(-22.,0.,19.2));
#11692 = DIRECTION('',(0.,0.,1.));
#11693 = DIRECTION('',(1.,0.,0.));
#11694 = PCURVE('',#11640,#11695);
#11695 = DEFINITIONAL_REPRESENTATION('',(#11696),#11700);
#11696 = LINE('',#11697,#11698);
#11697 = CARTESIAN_POINT('',(-0.,0.));
#11698 = VECTOR('',#11699,1.);
#11699 = DIRECTION('',(-1.,0.));
#11700 = ( GEOMETRIC_REPRESENTATION_CONTEXT(2) 
PARAMETRIC_REPRESENTATION_CONTEXT() REPRESENTATION_CONTEXT('2D SPACE',''
  ) );
#11701 = PCURVE('',#11702,#11707);
#11702 = PLANE('',#11703);
#11703 = AXIS2_PLACEMENT_3D('',#11704,#11705,#11706);
#11704 = CARTESIAN_POINT('',(-22.,2.286947741797E-16,19.2));
#11705 = DIRECTION('',(0.,0.,1.));
#11706 = DIRECTION('',(1.,0.,0.));
#11707 = DEFINITIONAL_REPRESENTATION('',(#11708),#11712);
#11708 = CIRCLE('',#11709,5.85);
#11709 = AXIS2_PLACEMENT_2D('',#11710,#11711);
#11710 = CARTESIAN_POINT('',(2.337504500067E-16,-2.286947741797E-16));
#11711 = DIRECTION('',(1.,0.));
#11712 = ( GEOMETRIC_REPRESENTATION_CONTEXT(2) 
PARAMETRIC_REPRESENTATION_CONTEXT() REPRESENTATION_CONTEXT('2D SPACE',''
  ) );
#11713 = ADVANCED_FACE('',(#11714),#11702,.F.);
#11714 = FACE_BOUND('',#11715,.F.);
#11715 = EDGE_LOOP('',(#11716));
#11716 = ORIENTED_EDGE('',*,*,#11687,.T.);
#11717 = ADVANCED_FACE('',(#11718),#11674,.T.);
#11718 = FACE_BOUND('',#11719,.T.);
#11719 = EDGE_LOOP('',(#11720));
#11720 = ORIENTED_EDGE('',*,*,#11659,.T.);
#11721 = ( GEOMETRIC_REPRESENTATION_CONTEXT(3) 
GLOBAL_UNCERTAINTY_ASSIGNED_CONTEXT((#11725)) 
GLOBAL_UNIT_ASSIGNED_CONTEXT((#11722,#11723,#11724)) 
REPRESENTATION_CONTEXT('Context #1',
  '3D Context with UNIT and UNCERTAINTY') );
#11722 = ( LENGTH_UNIT() NAMED_UNIT(*) SI_UNIT(.MILLI.,.METRE.) );
#11723 = ( NAMED_UNIT(*) PLANE_ANGLE_UNIT() SI_UNIT($,.RADIAN.) );
#11724 = ( NAMED_UNIT(*) SI_UNIT($,.STERADIAN.) SOLID_ANGLE_UNIT() );
#11725 = UNCERTAINTY_MEASURE_WITH_UNIT(LENGTH_MEASURE(1.E-07),#11722,
  'distance_accuracy_value','confusion accuracy');
#11726 = CONTEXT_DEPENDENT_SHAPE_REPRESENTATION(#11727,#11729);
#11727 = ( REPRESENTATION_RELATIONSHIP('','',#11622,#10) 
REPRESENTATION_RELATIONSHIP_WITH_TRANSFORMATION(#11728) 
SHAPE_REPRESENTATION_RELATIONSHIP() );
#11728 = ITEM_DEFINED_TRANSFORMATION('','',#11,#95);
#11729 = PRODUCT_DEFINITION_SHAPE('Placement','Placement of an item',
  #11730);
#11730 = NEXT_ASSEMBLY_USAGE_OCCURRENCE('169','stub 7 carbon tab','',#5,
  #11617,$);
#11731 = PRODUCT_RELATED_PRODUCT_CATEGORY('part',$,(#11619));
#11732 = SHAPE_DEFINITION_REPRESENTATION(#11733,#11739);
#11733 = PRODUCT_DEFINITION_SHAPE('','',#11734);
#11734 = PRODUCT_DEFINITION('design','',#11735,#11738);
#11735 = PRODUCT_DEFINITION_FORMATION('','',#11736);
#11736 = PRODUCT('stub 7 sample','stub 7 sample','',(#11737));
#11737 = PRODUCT_CONTEXT('',#2,'mechanical');
#11738 = PRODUCT_DEFINITION_CONTEXT('part definition',#2,'design');
#11739 = ADVANCED_BREP_SHAPE_REPRESENTATION('',(#11,#11740),#12390);
#11740 = MANIFOLD_SOLID_BREP('',#11741);
#11741 = CLOSED_SHELL('',(#11742,#11862,#11940,#12018,#12094,#12172,
    #12248,#12321,#12368,#12379));
#11742 = ADVANCED_FACE('',(#11743),#11757,.T.);
#11743 = FACE_BOUND('',#11744,.T.);
#11744 = EDGE_LOOP('',(#11745,#11780,#11808,#11836));
#11745 = ORIENTED_EDGE('',*,*,#11746,.T.);
#11746 = EDGE_CURVE('',#11747,#11749,#11751,.T.);
#11747 = VERTEX_POINT('',#11748);
#11748 = CARTESIAN_POINT('',(-24.8575,-1.8225,19.35));
#11749 = VERTEX_POINT('',#11750);
#11750 = CARTESIAN_POINT('',(-24.8575,-1.8225,20.85));
#11751 = SURFACE_CURVE('',#11752,(#11756,#11768),.PCURVE_S1.);
#11752 = LINE('',#11753,#11754);
#11753 = CARTESIAN_POINT('',(-24.8575,-1.8225,19.35));
#11754 = VECTOR('',#11755,1.);
#11755 = DIRECTION('',(0.,0.,1.));
#11756 = PCURVE('',#11757,#11762);
#11757 = PLANE('',#11758);
#11758 = AXIS2_PLACEMENT_3D('',#11759,#11760,#11761);
#11759 = CARTESIAN_POINT('',(-24.8575,-1.8225,19.35));
#11760 = DIRECTION('',(-1.,0.,0.));
#11761 = DIRECTION('',(0.,1.,0.));
#11762 = DEFINITIONAL_REPRESENTATION('',(#11763),#11767);
#11763 = LINE('',#11764,#11765);
#11764 = CARTESIAN_POINT('',(0.,0.));
#11765 = VECTOR('',#11766,1.);
#11766 = DIRECTION('',(0.,-1.));
#11767 = ( GEOMETRIC_REPRESENTATION_CONTEXT(2) 
PARAMETRIC_REPRESENTATION_CONTEXT() REPRESENTATION_CONTEXT('2D SPACE',''
  ) );
#11768 = PCURVE('',#11769,#11774);
#11769 = CYLINDRICAL_SURFACE('',#11770,0.4);
#11770 = AXIS2_PLACEMENT_3D('',#11771,#11772,#11773);
#11771 = CARTESIAN_POINT('',(-24.4575,-1.8225,19.35));
#11772 = DIRECTION('',(-0.,-0.,-1.));
#11773 = DIRECTION('',(1.,0.,0.));
#11774 = DEFINITIONAL_REPRESENTATION('',(#11775),#11779);
#11775 = LINE('',#11776,#11777);
#11776 = CARTESIAN_POINT('',(-3.14159265359,0.));
#11777 = VECTOR('',#11778,1.);
#11778 = DIRECTION('',(-0.,-1.));
#11779 = ( GEOMETRIC_REPRESENTATION_CONTEXT(2) 
PARAMETRIC_REPRESENTATION_CONTEXT() REPRESENTATION_CONTEXT('2D SPACE',''
  ) );
#11780 = ORIENTED_EDGE('',*,*,#11781,.T.);
#11781 = EDGE_CURVE('',#11749,#11782,#11784,.T.);
#11782 = VERTEX_POINT('',#11783);
#11783 = CARTESIAN_POINT('',(-24.8575,1.8225,20.85));
#11784 = SURFACE_CURVE('',#11785,(#11789,#11796),.PCURVE_S1.);
#11785 = LINE('',#11786,#11787);
#11786 = CARTESIAN_POINT('',(-24.8575,0.,20.85));
#11787 = VECTOR('',#11788,1.);
#11788 = DIRECTION('',(0.,1.,0.));
#11789 = PCURVE('',#11757,#11790);
#11790 = DEFINITIONAL_REPRESENTATION('',(#11791),#11795);
#11791 = LINE('',#11792,#11793);
#11792 = CARTESIAN_POINT('',(1.8225,-1.5));
#11793 = VECTOR('',#11794,1.);
#11794 = DIRECTION('',(1.,0.));
#11795 = ( GEOMETRIC_REPRESENTATION_CONTEXT(2) 
PARAMETRIC_REPRESENTATION_CONTEXT() REPRESENTATION_CONTEXT('2D SPACE',''
  ) );
#11796 = PCURVE('',#11797,#11802);
#11797 = PLANE('',#11798);
#11798 = AXIS2_PLACEMENT_3D('',#11799,#11800,#11801);
#11799 = CARTESIAN_POINT('',(-22.,0.,20.85));
#11800 = DIRECTION('',(0.,0.,1.));
#11801 = DIRECTION('',(1.,0.,0.));
#11802 = DEFINITIONAL_REPRESENTATION('',(#11803),#11807);
#11803 = LINE('',#11804,#11805);
#11804 = CARTESIAN_POINT('',(-2.8575,0.));
#11805 = VECTOR('',#11806,1.);
#11806 = DIRECTION('',(0.,1.));
#11807 = ( GEOMETRIC_REPRESENTATION_CONTEXT(2) 
PARAMETRIC_REPRESENTATION_CONTEXT() REPRESENTATION_CONTEXT('2D SPACE',''
  ) );
#11808 = ORIENTED_EDGE('',*,*,#11809,.F.);
#11809 = EDGE_CURVE('',#11810,#11782,#11812,.T.);
#11810 = VERTEX_POINT('',#11811);
#11811 = CARTESIAN_POINT('',(-24.8575,1.8225,19.35));
#11812 = SURFACE_CURVE('',#11813,(#11817,#11824),.PCURVE_S1.);
#11813 = LINE('',#11814,#11815);
#11814 = CARTESIAN_POINT('',(-24.8575,1.8225,19.35));
#11815 = VECTOR('',#11816,1.);
#11816 = DIRECTION('',(0.,0.,1.));
#11817 = PCURVE('',#11757,#11818);
#11818 = DEFINITIONAL_REPRESENTATION('',(#11819),#11823);
#11819 = LINE('',#11820,#11821);
#11820 = CARTESIAN_POINT('',(3.645,0.));
#11821 = VECTOR('',#11822,1.);
#11822 = DIRECTION('',(0.,-1.));
#11823 = ( GEOMETRIC_REPRESENTATION_CONTEXT(2) 
PARAMETRIC_REPRESENTATION_CONTEXT() REPRESENTATION_CONTEXT('2D SPACE',''
  ) );
#11824 = PCURVE('',#11825,#11830);
#11825 = CYLINDRICAL_SURFACE('',#11826,0.4);
#11826 = AXIS2_PLACEMENT_3D('',#11827,#11828,#11829);
#11827 = CARTESIAN_POINT('',(-24.4575,1.8225,19.35));
#11828 = DIRECTION('',(-0.,-0.,-1.));
#11829 = DIRECTION('',(1.,0.,0.));
#11830 = DEFINITIONAL_REPRESENTATION('',(#11831),#11835);
#11831 = LINE('',#11832,#11833);
#11832 = CARTESIAN_POINT('',(-3.14159265359,0.));
#11833 = VECTOR('',#11834,1.);
#11834 = DIRECTION('',(-0.,-1.));
#11835 = ( GEOMETRIC_REPRESENTATION_CONTEXT(2) 
PARAMETRIC_REPRESENTATION_CONTEXT() REPRESENTATION_CONTEXT('2D SPACE',''
  ) );
#11836 = ORIENTED_EDGE('',*,*,#11837,.F.);
#11837 = EDGE_CURVE('',#11747,#11810,#11838,.T.);
#11838 = SURFACE_CURVE('',#11839,(#11843,#11850),.PCURVE_S1.);
#11839 = LINE('',#11840,#11841);
#11840 = CARTESIAN_POINT('',(-24.8575,0.,19.35));
#11841 = VECTOR('',#11842,1.);
#11842 = DIRECTION('',(0.,1.,0.));
#11843 = PCURVE('',#11757,#11844);
#11844 = DEFINITIONAL_REPRESENTATION('',(#11845),#11849);
#11845 = LINE('',#11846,#11847);
#11846 = CARTESIAN_POINT('',(1.8225,0.));
#11847 = VECTOR('',#11848,1.);
#11848 = DIRECTION('',(1.,0.));
#11849 = ( GEOMETRIC_REPRESENTATION_CONTEXT(2) 
PARAMETRIC_REPRESENTATION_CONTEXT() REPRESENTATION_CONTEXT('2D SPACE',''
  ) );
#11850 = PCURVE('',#11851,#11856);
#11851 = PLANE('',#11852);
#11852 = AXIS2_PLACEMENT_3D('',#11853,#11854,#11855);
#11853 = CARTESIAN_POINT('',(-22.,0.,19.35));
#11854 = DIRECTION('',(0.,0.,1.));
#11855 = DIRECTION('',(1.,0.,0.));
#11856 = DEFINITIONAL_REPRESENTATION('',(#11857),#11861);
#11857 = LINE('',#11858,#11859);
#11858 = CARTESIAN_POINT('',(-2.8575,0.));
#11859 = VECTOR('',#11860,1.);
#11860 = DIRECTION('',(0.,1.));
#11861 = ( GEOMETRIC_REPRESENTATION_CONTEXT(2) 
PARAMETRIC_REPRESENTATION_CONTEXT() REPRESENTATION_CONTEXT('2D SPACE',''
  ) );
#11862 = ADVANCED_FACE('',(#11863),#11825,.T.);
#11863 = FACE_BOUND('',#11864,.F.);
#11864 = EDGE_LOOP('',(#11865,#11895,#11917,#11918));
#11865 = ORIENTED_EDGE('',*,*,#11866,.T.);
#11866 = EDGE_CURVE('',#11867,#11869,#11871,.T.);
#11867 = VERTEX_POINT('',#11868);
#11868 = CARTESIAN_POINT('',(-24.4575,2.2225,19.35));
#11869 = VERTEX_POINT('',#11870);
#11870 = CARTESIAN_POINT('',(-24.4575,2.2225,20.85));
#11871 = SURFACE_CURVE('',#11872,(#11876,#11883),.PCURVE_S1.);
#11872 = LINE('',#11873,#11874);
#11873 = CARTESIAN_POINT('',(-24.4575,2.2225,19.35));
#11874 = VECTOR('',#11875,1.);
#11875 = DIRECTION('',(0.,0.,1.));
#11876 = PCURVE('',#11825,#11877);
#11877 = DEFINITIONAL_REPRESENTATION('',(#11878),#11882);
#11878 = LINE('',#11879,#11880);
#11879 = CARTESIAN_POINT('',(-1.570796326795,0.));
#11880 = VECTOR('',#11881,1.);
#11881 = DIRECTION('',(-0.,-1.));
#11882 = ( GEOMETRIC_REPRESENTATION_CONTEXT(2) 
PARAMETRIC_REPRESENTATION_CONTEXT() REPRESENTATION_CONTEXT('2D SPACE',''
  ) );
#11883 = PCURVE('',#11884,#11889);
#11884 = PLANE('',#11885);
#11885 = AXIS2_PLACEMENT_3D('',#11886,#11887,#11888);
#11886 = CARTESIAN_POINT('',(-24.4575,2.2225,19.35));
#11887 = DIRECTION('',(0.,1.,0.));
#11888 = DIRECTION('',(1.,0.,0.));
#11889 = DEFINITIONAL_REPRESENTATION('',(#11890),#11894);
#11890 = LINE('',#11891,#11892);
#11891 = CARTESIAN_POINT('',(0.,0.));
#11892 = VECTOR('',#11893,1.);
#11893 = DIRECTION('',(0.,-1.));
#11894 = ( GEOMETRIC_REPRESENTATION_CONTEXT(2) 
PARAMETRIC_REPRESENTATION_CONTEXT() REPRESENTATION_CONTEXT('2D SPACE',''
  ) );
#11895 = ORIENTED_EDGE('',*,*,#11896,.T.);
#11896 = EDGE_CURVE('',#11869,#11782,#11897,.T.);
#11897 = SURFACE_CURVE('',#11898,(#11903,#11910),.PCURVE_S1.);
#11898 = CIRCLE('',#11899,0.4);
#11899 = AXIS2_PLACEMENT_3D('',#11900,#11901,#11902);
#11900 = CARTESIAN_POINT('',(-24.4575,1.8225,20.85));
#11901 = DIRECTION('',(0.,0.,1.));
#11902 = DIRECTION('',(1.,0.,0.));
#11903 = PCURVE('',#11825,#11904);
#11904 = DEFINITIONAL_REPRESENTATION('',(#11905),#11909);
#11905 = LINE('',#11906,#11907);
#11906 = CARTESIAN_POINT('',(-0.,-1.5));
#11907 = VECTOR('',#11908,1.);
#11908 = DIRECTION('',(-1.,0.));
#11909 = ( GEOMETRIC_REPRESENTATION_CONTEXT(2) 
PARAMETRIC_REPRESENTATION_CONTEXT() REPRESENTATION_CONTEXT('2D SPACE',''
  ) );
#11910 = PCURVE('',#11797,#11911);
#11911 = DEFINITIONAL_REPRESENTATION('',(#11912),#11916);
#11912 = CIRCLE('',#11913,0.4);
#11913 = AXIS2_PLACEMENT_2D('',#11914,#11915);
#11914 = CARTESIAN_POINT('',(-2.4575,1.8225));
#11915 = DIRECTION('',(1.,0.));
#11916 = ( GEOMETRIC_REPRESENTATION_CONTEXT(2) 
PARAMETRIC_REPRESENTATION_CONTEXT() REPRESENTATION_CONTEXT('2D SPACE',''
  ) );
#11917 = ORIENTED_EDGE('',*,*,#11809,.F.);
#11918 = ORIENTED_EDGE('',*,*,#11919,.F.);
#11919 = EDGE_CURVE('',#11867,#11810,#11920,.T.);
#11920 = SURFACE_CURVE('',#11921,(#11926,#11933),.PCURVE_S1.);
#11921 = CIRCLE('',#11922,0.4);
#11922 = AXIS2_PLACEMENT_3D('',#11923,#11924,#11925);
#11923 = CARTESIAN_POINT('',(-24.4575,1.8225,19.35));
#11924 = DIRECTION('',(0.,0.,1.));
#11925 = DIRECTION('',(1.,0.,0.));
#11926 = PCURVE('',#11825,#11927);
#11927 = DEFINITIONAL_REPRESENTATION('',(#11928),#11932);
#11928 = LINE('',#11929,#11930);
#11929 = CARTESIAN_POINT('',(-0.,0.));
#11930 = VECTOR('',#11931,1.);
#11931 = DIRECTION('',(-1.,0.));
#11932 = ( GEOMETRIC_REPRESENTATION_CONTEXT(2) 
PARAMETRIC_REPRESENTATION_CONTEXT() REPRESENTATION_CONTEXT('2D SPACE',''
  ) );
#11933 = PCURVE('',#11851,#11934);
#11934 = DEFINITIONAL_REPRESENTATION('',(#11935),#11939);
#11935 = CIRCLE('',#11936,0.4);
#11936 = AXIS2_PLACEMENT_2D('',#11937,#11938);
#11937 = CARTESIAN_POINT('',(-2.4575,1.8225));
#11938 = DIRECTION('',(1.,0.));
#11939 = ( GEOMETRIC_REPRESENTATION_CONTEXT(2) 
PARAMETRIC_REPRESENTATION_CONTEXT() REPRESENTATION_CONTEXT('2D SPACE',''
  ) );
#11940 = ADVANCED_FACE('',(#11941),#11769,.T.);
#11941 = FACE_BOUND('',#11942,.F.);
#11942 = EDGE_LOOP('',(#11943,#11944,#11968,#11996));
#11943 = ORIENTED_EDGE('',*,*,#11746,.T.);
#11944 = ORIENTED_EDGE('',*,*,#11945,.T.);
#11945 = EDGE_CURVE('',#11749,#11946,#11948,.T.);
#11946 = VERTEX_POINT('',#11947);
#11947 = CARTESIAN_POINT('',(-24.4575,-2.2225,20.85));
#11948 = SURFACE_CURVE('',#11949,(#11954,#11961),.PCURVE_S1.);
#11949 = CIRCLE('',#11950,0.4);
#11950 = AXIS2_PLACEMENT_3D('',#11951,#11952,#11953);
#11951 = CARTESIAN_POINT('',(-24.4575,-1.8225,20.85));
#11952 = DIRECTION('',(0.,0.,1.));
#11953 = DIRECTION('',(1.,0.,0.));
#11954 = PCURVE('',#11769,#11955);
#11955 = DEFINITIONAL_REPRESENTATION('',(#11956),#11960);
#11956 = LINE('',#11957,#11958);
#11957 = CARTESIAN_POINT('',(-0.,-1.5));
#11958 = VECTOR('',#11959,1.);
#11959 = DIRECTION('',(-1.,0.));
#11960 = ( GEOMETRIC_REPRESENTATION_CONTEXT(2) 
PARAMETRIC_REPRESENTATION_CONTEXT() REPRESENTATION_CONTEXT('2D SPACE',''
  ) );
#11961 = PCURVE('',#11797,#11962);
#11962 = DEFINITIONAL_REPRESENTATION('',(#11963),#11967);
#11963 = CIRCLE('',#11964,0.4);
#11964 = AXIS2_PLACEMENT_2D('',#11965,#11966);
#11965 = CARTESIAN_POINT('',(-2.4575,-1.8225));
#11966 = DIRECTION('',(1.,0.));
#11967 = ( GEOMETRIC_REPRESENTATION_CONTEXT(2) 
PARAMETRIC_REPRESENTATION_CONTEXT() REPRESENTATION_CONTEXT('2D SPACE',''
  ) );
#11968 = ORIENTED_EDGE('',*,*,#11969,.F.);
#11969 = EDGE_CURVE('',#11970,#11946,#11972,.T.);
#11970 = VERTEX_POINT('',#11971);
#11971 = CARTESIAN_POINT('',(-24.4575,-2.2225,19.35));
#11972 = SURFACE_CURVE('',#11973,(#11977,#11984),.PCURVE_S1.);
#11973 = LINE('',#11974,#11975);
#11974 = CARTESIAN_POINT('',(-24.4575,-2.2225,19.35));
#11975 = VECTOR('',#11976,1.);
#11976 = DIRECTION('',(0.,0.,1.));
#11977 = PCURVE('',#11769,#11978);
#11978 = DEFINITIONAL_REPRESENTATION('',(#11979),#11983);
#11979 = LINE('',#11980,#11981);
#11980 = CARTESIAN_POINT('',(-4.712388980385,0.));
#11981 = VECTOR('',#11982,1.);
#11982 = DIRECTION('',(-0.,-1.));
#11983 = ( GEOMETRIC_REPRESENTATION_CONTEXT(2) 
PARAMETRIC_REPRESENTATION_CONTEXT() REPRESENTATION_CONTEXT('2D SPACE',''
  ) );
#11984 = PCURVE('',#11985,#11990);
#11985 = PLANE('',#11986);
#11986 = AXIS2_PLACEMENT_3D('',#11987,#11988,#11989);
#11987 = CARTESIAN_POINT('',(-24.4575,-2.2225,19.35));
#11988 = DIRECTION('',(0.,1.,0.));
#11989 = DIRECTION('',(1.,0.,0.));
#11990 = DEFINITIONAL_REPRESENTATION('',(#11991),#11995);
#11991 = LINE('',#11992,#11993);
#11992 = CARTESIAN_POINT('',(0.,0.));
#11993 = VECTOR('',#11994,1.);
#11994 = DIRECTION('',(0.,-1.));
#11995 = ( GEOMETRIC_REPRESENTATION_CONTEXT(2) 
PARAMETRIC_REPRESENTATION_CONTEXT() REPRESENTATION_CONTEXT('2D SPACE',''
  ) );
#11996 = ORIENTED_EDGE('',*,*,#11997,.F.);
#11997 = EDGE_CURVE('',#11747,#11970,#11998,.T.);
#11998 = SURFACE_CURVE('',#11999,(#12004,#12011),.PCURVE_S1.);
#11999 = CIRCLE('',#12000,0.4);
#12000 = AXIS2_PLACEMENT_3D('',#12001,#12002,#12003);
#12001 = CARTESIAN_POINT('',(-24.4575,-1.8225,19.35));
#12002 = DIRECTION('',(0.,0.,1.));
#12003 = DIRECTION('',(1.,0.,0.));
#12004 = PCURVE('',#11769,#12005);
#12005 = DEFINITIONAL_REPRESENTATION('',(#12006),#12010);
#12006 = LINE('',#12007,#12008);
#12007 = CARTESIAN_POINT('',(-0.,0.));
#12008 = VECTOR('',#12009,1.);
#12009 = DIRECTION('',(-1.,0.));
#12010 = ( GEOMETRIC_REPRESENTATION_CONTEXT(2) 
PARAMETRIC_REPRESENTATION_CONTEXT() REPRESENTATION_CONTEXT('2D SPACE',''
  ) );
#12011 = PCURVE('',#11851,#12012);
#12012 = DEFINITIONAL_REPRESENTATION('',(#12013),#12017);
#12013 = CIRCLE('',#12014,0.4);
#12014 = AXIS2_PLACEMENT_2D('',#12015,#12016);
#12015 = CARTESIAN_POINT('',(-2.4575,-1.8225));
#12016 = DIRECTION('',(1.,0.));
#12017 = ( GEOMETRIC_REPRESENTATION_CONTEXT(2) 
PARAMETRIC_REPRESENTATION_CONTEXT() REPRESENTATION_CONTEXT('2D SPACE',''
  ) );
#12018 = ADVANCED_FACE('',(#12019),#11985,.F.);
#12019 = FACE_BOUND('',#12020,.F.);
#12020 = EDGE_LOOP('',(#12021,#12022,#12045,#12073));
#12021 = ORIENTED_EDGE('',*,*,#11969,.T.);
#12022 = ORIENTED_EDGE('',*,*,#12023,.T.);
#12023 = EDGE_CURVE('',#11946,#12024,#12026,.T.);
#12024 = VERTEX_POINT('',#12025);
#12025 = CARTESIAN_POINT('',(-19.5425,-2.2225,20.85));
#12026 = SURFACE_CURVE('',#12027,(#12031,#12038),.PCURVE_S1.);
#12027 = LINE('',#12028,#12029);
#12028 = CARTESIAN_POINT('',(-22.,-2.2225,20.85));
#12029 = VECTOR('',#12030,1.);
#12030 = DIRECTION('',(1.,0.,0.));
#12031 = PCURVE('',#11985,#12032);
#12032 = DEFINITIONAL_REPRESENTATION('',(#12033),#12037);
#12033 = LINE('',#12034,#12035);
#12034 = CARTESIAN_POINT('',(2.4575,-1.5));
#12035 = VECTOR('',#12036,1.);
#12036 = DIRECTION('',(1.,0.));
#12037 = ( GEOMETRIC_REPRESENTATION_CONTEXT(2) 
PARAMETRIC_REPRESENTATION_CONTEXT() REPRESENTATION_CONTEXT('2D SPACE',''
  ) );
#12038 = PCURVE('',#11797,#12039);
#12039 = DEFINITIONAL_REPRESENTATION('',(#12040),#12044);
#12040 = LINE('',#12041,#12042);
#12041 = CARTESIAN_POINT('',(0.,-2.2225));
#12042 = VECTOR('',#12043,1.);
#12043 = DIRECTION('',(1.,0.));
#12044 = ( GEOMETRIC_REPRESENTATION_CONTEXT(2) 
PARAMETRIC_REPRESENTATION_CONTEXT() REPRESENTATION_CONTEXT('2D SPACE',''
  ) );
#12045 = ORIENTED_EDGE('',*,*,#12046,.F.);
#12046 = EDGE_CURVE('',#12047,#12024,#12049,.T.);
#12047 = VERTEX_POINT('',#12048);
#12048 = CARTESIAN_POINT('',(-19.5425,-2.2225,19.35));
#12049 = SURFACE_CURVE('',#12050,(#12054,#12061),.PCURVE_S1.);
#12050 = LINE('',#12051,#12052);
#12051 = CARTESIAN_POINT('',(-19.5425,-2.2225,19.35));
#12052 = VECTOR('',#12053,1.);
#12053 = DIRECTION('',(0.,0.,1.));
#12054 = PCURVE('',#11985,#12055);
#12055 = DEFINITIONAL_REPRESENTATION('',(#12056),#12060);
#12056 = LINE('',#12057,#12058);
#12057 = CARTESIAN_POINT('',(4.915,0.));
#12058 = VECTOR('',#12059,1.);
#12059 = DIRECTION('',(0.,-1.));
#12060 = ( GEOMETRIC_REPRESENTATION_CONTEXT(2) 
PARAMETRIC_REPRESENTATION_CONTEXT() REPRESENTATION_CONTEXT('2D SPACE',''
  ) );
#12061 = PCURVE('',#12062,#12067);
#12062 = CYLINDRICAL_SURFACE('',#12063,0.4);
#12063 = AXIS2_PLACEMENT_3D('',#12064,#12065,#12066);
#12064 = CARTESIAN_POINT('',(-19.5425,-1.8225,19.35));
#12065 = DIRECTION('',(-0.,-0.,-1.));
#12066 = DIRECTION('',(1.,0.,0.));
#12067 = DEFINITIONAL_REPRESENTATION('',(#12068),#12072);
#12068 = LINE('',#12069,#12070);
#12069 = CARTESIAN_POINT('',(-4.712388980385,0.));
#12070 = VECTOR('',#12071,1.);
#12071 = DIRECTION('',(-0.,-1.));
#12072 = ( GEOMETRIC_REPRESENTATION_CONTEXT(2) 
PARAMETRIC_REPRESENTATION_CONTEXT() REPRESENTATION_CONTEXT('2D SPACE',''
  ) );
#12073 = ORIENTED_EDGE('',*,*,#12074,.F.);
#12074 = EDGE_CURVE('',#11970,#12047,#12075,.T.);
#12075 = SURFACE_CURVE('',#12076,(#12080,#12087),.PCURVE_S1.);
#12076 = LINE('',#12077,#12078);
#12077 = CARTESIAN_POINT('',(-22.,-2.2225,19.35));
#12078 = VECTOR('',#12079,1.);
#12079 = DIRECTION('',(1.,0.,0.));
#12080 = PCURVE('',#11985,#12081);
#12081 = DEFINITIONAL_REPRESENTATION('',(#12082),#12086);
#12082 = LINE('',#12083,#12084);
#12083 = CARTESIAN_POINT('',(2.4575,0.));
#12084 = VECTOR('',#12085,1.);
#12085 = DIRECTION('',(1.,0.));
#12086 = ( GEOMETRIC_REPRESENTATION_CONTEXT(2) 
PARAMETRIC_REPRESENTATION_CONTEXT() REPRESENTATION_CONTEXT('2D SPACE',''
  ) );
#12087 = PCURVE('',#11851,#12088);
#12088 = DEFINITIONAL_REPRESENTATION('',(#12089),#12093);
#12089 = LINE('',#12090,#12091);
#12090 = CARTESIAN_POINT('',(0.,-2.2225));
#12091 = VECTOR('',#12092,1.);
#12092 = DIRECTION('',(1.,0.));
#12093 = ( GEOMETRIC_REPRESENTATION_CONTEXT(2) 
PARAMETRIC_REPRESENTATION_CONTEXT() REPRESENTATION_CONTEXT('2D SPACE',''
  ) );
#12094 = ADVANCED_FACE('',(#12095),#12062,.T.);
#12095 = FACE_BOUND('',#12096,.F.);
#12096 = EDGE_LOOP('',(#12097,#12098,#12122,#12150));
#12097 = ORIENTED_EDGE('',*,*,#12046,.T.);
#12098 = ORIENTED_EDGE('',*,*,#12099,.T.);
#12099 = EDGE_CURVE('',#12024,#12100,#12102,.T.);
#12100 = VERTEX_POINT('',#12101);
#12101 = CARTESIAN_POINT('',(-19.1425,-1.8225,20.85));
#12102 = SURFACE_CURVE('',#12103,(#12108,#12115),.PCURVE_S1.);
#12103 = CIRCLE('',#12104,0.4);
#12104 = AXIS2_PLACEMENT_3D('',#12105,#12106,#12107);
#12105 = CARTESIAN_POINT('',(-19.5425,-1.8225,20.85));
#12106 = DIRECTION('',(0.,0.,1.));
#12107 = DIRECTION('',(1.,0.,0.));
#12108 = PCURVE('',#12062,#12109);
#12109 = DEFINITIONAL_REPRESENTATION('',(#12110),#12114);
#12110 = LINE('',#12111,#12112);
#12111 = CARTESIAN_POINT('',(-0.,-1.5));
#12112 = VECTOR('',#12113,1.);
#12113 = DIRECTION('',(-1.,0.));
#12114 = ( GEOMETRIC_REPRESENTATION_CONTEXT(2) 
PARAMETRIC_REPRESENTATION_CONTEXT() REPRESENTATION_CONTEXT('2D SPACE',''
  ) );
#12115 = PCURVE('',#11797,#12116);
#12116 = DEFINITIONAL_REPRESENTATION('',(#12117),#12121);
#12117 = CIRCLE('',#12118,0.4);
#12118 = AXIS2_PLACEMENT_2D('',#12119,#12120);
#12119 = CARTESIAN_POINT('',(2.4575,-1.8225));
#12120 = DIRECTION('',(1.,0.));
#12121 = ( GEOMETRIC_REPRESENTATION_CONTEXT(2) 
PARAMETRIC_REPRESENTATION_CONTEXT() REPRESENTATION_CONTEXT('2D SPACE',''
  ) );
#12122 = ORIENTED_EDGE('',*,*,#12123,.F.);
#12123 = EDGE_CURVE('',#12124,#12100,#12126,.T.);
#12124 = VERTEX_POINT('',#12125);
#12125 = CARTESIAN_POINT('',(-19.1425,-1.8225,19.35));
#12126 = SURFACE_CURVE('',#12127,(#12131,#12138),.PCURVE_S1.);
#12127 = LINE('',#12128,#12129);
#12128 = CARTESIAN_POINT('',(-19.1425,-1.8225,19.35));
#12129 = VECTOR('',#12130,1.);
#12130 = DIRECTION('',(0.,0.,1.));
#12131 = PCURVE('',#12062,#12132);
#12132 = DEFINITIONAL_REPRESENTATION('',(#12133),#12137);
#12133 = LINE('',#12134,#12135);
#12134 = CARTESIAN_POINT('',(-6.28318530718,0.));
#12135 = VECTOR('',#12136,1.);
#12136 = DIRECTION('',(-0.,-1.));
#12137 = ( GEOMETRIC_REPRESENTATION_CONTEXT(2) 
PARAMETRIC_REPRESENTATION_CONTEXT() REPRESENTATION_CONTEXT('2D SPACE',''
  ) );
#12138 = PCURVE('',#12139,#12144);
#12139 = PLANE('',#12140);
#12140 = AXIS2_PLACEMENT_3D('',#12141,#12142,#12143);
#12141 = CARTESIAN_POINT('',(-19.1425,-1.8225,19.35));
#12142 = DIRECTION('',(-1.,0.,0.));
#12143 = DIRECTION('',(0.,1.,0.));
#12144 = DEFINITIONAL_REPRESENTATION('',(#12145),#12149);
#12145 = LINE('',#12146,#12147);
#12146 = CARTESIAN_POINT('',(0.,0.));
#12147 = VECTOR('',#12148,1.);
#12148 = DIRECTION('',(0.,-1.));
#12149 = ( GEOMETRIC_REPRESENTATION_CONTEXT(2) 
PARAMETRIC_REPRESENTATION_CONTEXT() REPRESENTATION_CONTEXT('2D SPACE',''
  ) );
#12150 = ORIENTED_EDGE('',*,*,#12151,.F.);
#12151 = EDGE_CURVE('',#12047,#12124,#12152,.T.);
#12152 = SURFACE_CURVE('',#12153,(#12158,#12165),.PCURVE_S1.);
#12153 = CIRCLE('',#12154,0.4);
#12154 = AXIS2_PLACEMENT_3D('',#12155,#12156,#12157);
#12155 = CARTESIAN_POINT('',(-19.5425,-1.8225,19.35));
#12156 = DIRECTION('',(0.,0.,1.));
#12157 = DIRECTION('',(1.,0.,0.));
#12158 = PCURVE('',#12062,#12159);
#12159 = DEFINITIONAL_REPRESENTATION('',(#12160),#12164);
#12160 = LINE('',#12161,#12162);
#12161 = CARTESIAN_POINT('',(-0.,0.));
#12162 = VECTOR('',#12163,1.);
#12163 = DIRECTION('',(-1.,0.));
#12164 = ( GEOMETRIC_REPRESENTATION_CONTEXT(2) 
PARAMETRIC_REPRESENTATION_CONTEXT() REPRESENTATION_CONTEXT('2D SPACE',''
  ) );
#12165 = PCURVE('',#11851,#12166);
#12166 = DEFINITIONAL_REPRESENTATION('',(#12167),#12171);
#12167 = CIRCLE('',#12168,0.4);
#12168 = AXIS2_PLACEMENT_2D('',#12169,#12170);
#12169 = CARTESIAN_POINT('',(2.4575,-1.8225));
#12170 = DIRECTION('',(1.,0.));
#12171 = ( GEOMETRIC_REPRESENTATION_CONTEXT(2) 
PARAMETRIC_REPRESENTATION_CONTEXT() REPRESENTATION_CONTEXT('2D SPACE',''
  ) );
#12172 = ADVANCED_FACE('',(#12173),#12139,.F.);
#12173 = FACE_BOUND('',#12174,.F.);
#12174 = EDGE_LOOP('',(#12175,#12176,#12199,#12227));
#12175 = ORIENTED_EDGE('',*,*,#12123,.T.);
#12176 = ORIENTED_EDGE('',*,*,#12177,.T.);
#12177 = EDGE_CURVE('',#12100,#12178,#12180,.T.);
#12178 = VERTEX_POINT('',#12179);
#12179 = CARTESIAN_POINT('',(-19.1425,1.8225,20.85));
#12180 = SURFACE_CURVE('',#12181,(#12185,#12192),.PCURVE_S1.);
#12181 = LINE('',#12182,#12183);
#12182 = CARTESIAN_POINT('',(-19.1425,0.,20.85));
#12183 = VECTOR('',#12184,1.);
#12184 = DIRECTION('',(0.,1.,0.));
#12185 = PCURVE('',#12139,#12186);
#12186 = DEFINITIONAL_REPRESENTATION('',(#12187),#12191);
#12187 = LINE('',#12188,#12189);
#12188 = CARTESIAN_POINT('',(1.8225,-1.5));
#12189 = VECTOR('',#12190,1.);
#12190 = DIRECTION('',(1.,0.));
#12191 = ( GEOMETRIC_REPRESENTATION_CONTEXT(2) 
PARAMETRIC_REPRESENTATION_CONTEXT() REPRESENTATION_CONTEXT('2D SPACE',''
  ) );
#12192 = PCURVE('',#11797,#12193);
#12193 = DEFINITIONAL_REPRESENTATION('',(#12194),#12198);
#12194 = LINE('',#12195,#12196);
#12195 = CARTESIAN_POINT('',(2.8575,0.));
#12196 = VECTOR('',#12197,1.);
#12197 = DIRECTION('',(0.,1.));
#12198 = ( GEOMETRIC_REPRESENTATION_CONTEXT(2) 
PARAMETRIC_REPRESENTATION_CONTEXT() REPRESENTATION_CONTEXT('2D SPACE',''
  ) );
#12199 = ORIENTED_EDGE('',*,*,#12200,.F.);
#12200 = EDGE_CURVE('',#12201,#12178,#12203,.T.);
#12201 = VERTEX_POINT('',#12202);
#12202 = CARTESIAN_POINT('',(-19.1425,1.8225,19.35));
#12203 = SURFACE_CURVE('',#12204,(#12208,#12215),.PCURVE_S1.);
#12204 = LINE('',#12205,#12206);
#12205 = CARTESIAN_POINT('',(-19.1425,1.8225,19.35));
#12206 = VECTOR('',#12207,1.);
#12207 = DIRECTION('',(0.,0.,1.));
#12208 = PCURVE('',#12139,#12209);
#12209 = DEFINITIONAL_REPRESENTATION('',(#12210),#12214);
#12210 = LINE('',#12211,#12212);
#12211 = CARTESIAN_POINT('',(3.645,0.));
#12212 = VECTOR('',#12213,1.);
#12213 = DIRECTION('',(0.,-1.));
#12214 = ( GEOMETRIC_REPRESENTATION_CONTEXT(2) 
PARAMETRIC_REPRESENTATION_CONTEXT() REPRESENTATION_CONTEXT('2D SPACE',''
  ) );
#12215 = PCURVE('',#12216,#12221);
#12216 = CYLINDRICAL_SURFACE('',#12217,0.4);
#12217 = AXIS2_PLACEMENT_3D('',#12218,#12219,#12220);
#12218 = CARTESIAN_POINT('',(-19.5425,1.8225,19.35));
#12219 = DIRECTION('',(-0.,-0.,-1.));
#12220 = DIRECTION('',(1.,0.,0.));
#12221 = DEFINITIONAL_REPRESENTATION('',(#12222),#12226);
#12222 = LINE('',#12223,#12224);
#12223 = CARTESIAN_POINT('',(-0.,0.));
#12224 = VECTOR('',#12225,1.);
#12225 = DIRECTION('',(-0.,-1.));
#12226 = ( GEOMETRIC_REPRESENTATION_CONTEXT(2) 
PARAMETRIC_REPRESENTATION_CONTEXT() REPRESENTATION_CONTEXT('2D SPACE',''
  ) );
#12227 = ORIENTED_EDGE('',*,*,#12228,.F.);
#12228 = EDGE_CURVE('',#12124,#12201,#12229,.T.);
#12229 = SURFACE_CURVE('',#12230,(#12234,#12241),.PCURVE_S1.);
#12230 = LINE('',#12231,#12232);
#12231 = CARTESIAN_POINT('',(-19.1425,0.,19.35));
#12232 = VECTOR('',#12233,1.);
#12233 = DIRECTION('',(0.,1.,0.));
#12234 = PCURVE('',#12139,#12235);
#12235 = DEFINITIONAL_REPRESENTATION('',(#12236),#12240);
#12236 = LINE('',#12237,#12238);
#12237 = CARTESIAN_POINT('',(1.8225,0.));
#12238 = VECTOR('',#12239,1.);
#12239 = DIRECTION('',(1.,0.));
#12240 = ( GEOMETRIC_REPRESENTATION_CONTEXT(2) 
PARAMETRIC_REPRESENTATION_CONTEXT() REPRESENTATION_CONTEXT('2D SPACE',''
  ) );
#12241 = PCURVE('',#11851,#12242);
#12242 = DEFINITIONAL_REPRESENTATION('',(#12243),#12247);
#12243 = LINE('',#12244,#12245);
#12244 = CARTESIAN_POINT('',(2.8575,0.));
#12245 = VECTOR('',#12246,1.);
#12246 = DIRECTION('',(0.,1.));
#12247 = ( GEOMETRIC_REPRESENTATION_CONTEXT(2) 
PARAMETRIC_REPRESENTATION_CONTEXT() REPRESENTATION_CONTEXT('2D SPACE',''
  ) );
#12248 = ADVANCED_FACE('',(#12249),#12216,.T.);
#12249 = FACE_BOUND('',#12250,.F.);
#12250 = EDGE_LOOP('',(#12251,#12252,#12276,#12299));
#12251 = ORIENTED_EDGE('',*,*,#12200,.T.);
#12252 = ORIENTED_EDGE('',*,*,#12253,.T.);
#12253 = EDGE_CURVE('',#12178,#12254,#12256,.T.);
#12254 = VERTEX_POINT('',#12255);
#12255 = CARTESIAN_POINT('',(-19.5425,2.2225,20.85));
#12256 = SURFACE_CURVE('',#12257,(#12262,#12269),.PCURVE_S1.);
#12257 = CIRCLE('',#12258,0.4);
#12258 = AXIS2_PLACEMENT_3D('',#12259,#12260,#12261);
#12259 = CARTESIAN_POINT('',(-19.5425,1.8225,20.85));
#12260 = DIRECTION('',(0.,0.,1.));
#12261 = DIRECTION('',(1.,0.,0.));
#12262 = PCURVE('',#12216,#12263);
#12263 = DEFINITIONAL_REPRESENTATION('',(#12264),#12268);
#12264 = LINE('',#12265,#12266);
#12265 = CARTESIAN_POINT('',(-0.,-1.5));
#12266 = VECTOR('',#12267,1.);
#12267 = DIRECTION('',(-1.,0.));
#12268 = ( GEOMETRIC_REPRESENTATION_CONTEXT(2) 
PARAMETRIC_REPRESENTATION_CONTEXT() REPRESENTATION_CONTEXT('2D SPACE',''
  ) );
#12269 = PCURVE('',#11797,#12270);
#12270 = DEFINITIONAL_REPRESENTATION('',(#12271),#12275);
#12271 = CIRCLE('',#12272,0.4);
#12272 = AXIS2_PLACEMENT_2D('',#12273,#12274);
#12273 = CARTESIAN_POINT('',(2.4575,1.8225));
#12274 = DIRECTION('',(1.,0.));
#12275 = ( GEOMETRIC_REPRESENTATION_CONTEXT(2) 
PARAMETRIC_REPRESENTATION_CONTEXT() REPRESENTATION_CONTEXT('2D SPACE',''
  ) );
#12276 = ORIENTED_EDGE('',*,*,#12277,.F.);
#12277 = EDGE_CURVE('',#12278,#12254,#12280,.T.);
#12278 = VERTEX_POINT('',#12279);
#12279 = CARTESIAN_POINT('',(-19.5425,2.2225,19.35));
#12280 = SURFACE_CURVE('',#12281,(#12285,#12292),.PCURVE_S1.);
#12281 = LINE('',#12282,#12283);
#12282 = CARTESIAN_POINT('',(-19.5425,2.2225,19.35));
#12283 = VECTOR('',#12284,1.);
#12284 = DIRECTION('',(0.,0.,1.));
#12285 = PCURVE('',#12216,#12286);
#12286 = DEFINITIONAL_REPRESENTATION('',(#12287),#12291);
#12287 = LINE('',#12288,#12289);
#12288 = CARTESIAN_POINT('',(-1.570796326795,0.));
#12289 = VECTOR('',#12290,1.);
#12290 = DIRECTION('',(-0.,-1.));
#12291 = ( GEOMETRIC_REPRESENTATION_CONTEXT(2) 
PARAMETRIC_REPRESENTATION_CONTEXT() REPRESENTATION_CONTEXT('2D SPACE',''
  ) );
#12292 = PCURVE('',#11884,#12293);
#12293 = DEFINITIONAL_REPRESENTATION('',(#12294),#12298);
#12294 = LINE('',#12295,#12296);
#12295 = CARTESIAN_POINT('',(4.915,0.));
#12296 = VECTOR('',#12297,1.);
#12297 = DIRECTION('',(0.,-1.));
#12298 = ( GEOMETRIC_REPRESENTATION_CONTEXT(2) 
PARAMETRIC_REPRESENTATION_CONTEXT() REPRESENTATION_CONTEXT('2D SPACE',''
  ) );
#12299 = ORIENTED_EDGE('',*,*,#12300,.F.);
#12300 = EDGE_CURVE('',#12201,#12278,#12301,.T.);
#12301 = SURFACE_CURVE('',#12302,(#12307,#12314),.PCURVE_S1.);
#12302 = CIRCLE('',#12303,0.4);
#12303 = AXIS2_PLACEMENT_3D('',#12304,#12305,#12306);
#12304 = CARTESIAN_POINT('',(-19.5425,1.8225,19.35));
#12305 = DIRECTION('',(0.,0.,1.));
#12306 = DIRECTION('',(1.,0.,0.));
#12307 = PCURVE('',#12216,#12308);
#12308 = DEFINITIONAL_REPRESENTATION('',(#12309),#12313);
#12309 = LINE('',#12310,#12311);
#12310 = CARTESIAN_POINT('',(-0.,0.));
#12311 = VECTOR('',#12312,1.);
#12312 = DIRECTION('',(-1.,0.));
#12313 = ( GEOMETRIC_REPRESENTATION_CONTEXT(2) 
PARAMETRIC_REPRESENTATION_CONTEXT() REPRESENTATION_CONTEXT('2D SPACE',''
  ) );
#12314 = PCURVE('',#11851,#12315);
#12315 = DEFINITIONAL_REPRESENTATION('',(#12316),#12320);
#12316 = CIRCLE('',#12317,0.4);
#12317 = AXIS2_PLACEMENT_2D('',#12318,#12319);
#12318 = CARTESIAN_POINT('',(2.4575,1.8225));
#12319 = DIRECTION('',(1.,0.));
#12320 = ( GEOMETRIC_REPRESENTATION_CONTEXT(2) 
PARAMETRIC_REPRESENTATION_CONTEXT() REPRESENTATION_CONTEXT('2D SPACE',''
  ) );
#12321 = ADVANCED_FACE('',(#12322),#11884,.T.);
#12322 = FACE_BOUND('',#12323,.T.);
#12323 = EDGE_LOOP('',(#12324,#12325,#12346,#12347));
#12324 = ORIENTED_EDGE('',*,*,#11866,.T.);
#12325 = ORIENTED_EDGE('',*,*,#12326,.T.);
#12326 = EDGE_CURVE('',#11869,#12254,#12327,.T.);
#12327 = SURFACE_CURVE('',#12328,(#12332,#12339),.PCURVE_S1.);
#12328 = LINE('',#12329,#12330);
#12329 = CARTESIAN_POINT('',(-22.,2.2225,20.85));
#12330 = VECTOR('',#12331,1.);
#12331 = DIRECTION('',(1.,0.,0.));
#12332 = PCURVE('',#11884,#12333);
#12333 = DEFINITIONAL_REPRESENTATION('',(#12334),#12338);
#12334 = LINE('',#12335,#12336);
#12335 = CARTESIAN_POINT('',(2.4575,-1.5));
#12336 = VECTOR('',#12337,1.);
#12337 = DIRECTION('',(1.,0.));
#12338 = ( GEOMETRIC_REPRESENTATION_CONTEXT(2) 
PARAMETRIC_REPRESENTATION_CONTEXT() REPRESENTATION_CONTEXT('2D SPACE',''
  ) );
#12339 = PCURVE('',#11797,#12340);
#12340 = DEFINITIONAL_REPRESENTATION('',(#12341),#12345);
#12341 = LINE('',#12342,#12343);
#12342 = CARTESIAN_POINT('',(0.,2.2225));
#12343 = VECTOR('',#12344,1.);
#12344 = DIRECTION('',(1.,0.));
#12345 = ( GEOMETRIC_REPRESENTATION_CONTEXT(2) 
PARAMETRIC_REPRESENTATION_CONTEXT() REPRESENTATION_CONTEXT('2D SPACE',''
  ) );
#12346 = ORIENTED_EDGE('',*,*,#12277,.F.);
#12347 = ORIENTED_EDGE('',*,*,#12348,.F.);
#12348 = EDGE_CURVE('',#11867,#12278,#12349,.T.);
#12349 = SURFACE_CURVE('',#12350,(#12354,#12361),.PCURVE_S1.);
#12350 = LINE('',#12351,#12352);
#12351 = CARTESIAN_POINT('',(-22.,2.2225,19.35));
#12352 = VECTOR('',#12353,1.);
#12353 = DIRECTION('',(1.,0.,0.));
#12354 = PCURVE('',#11884,#12355);
#12355 = DEFINITIONAL_REPRESENTATION('',(#12356),#12360);
#12356 = LINE('',#12357,#12358);
#12357 = CARTESIAN_POINT('',(2.4575,0.));
#12358 = VECTOR('',#12359,1.);
#12359 = DIRECTION('',(1.,0.));
#12360 = ( GEOMETRIC_REPRESENTATION_CONTEXT(2) 
PARAMETRIC_REPRESENTATION_CONTEXT() REPRESENTATION_CONTEXT('2D SPACE',''
  ) );
#12361 = PCURVE('',#11851,#12362);
#12362 = DEFINITIONAL_REPRESENTATION('',(#12363),#12367);
#12363 = LINE('',#12364,#12365);
#12364 = CARTESIAN_POINT('',(0.,2.2225));
#12365 = VECTOR('',#12366,1.);
#12366 = DIRECTION('',(1.,0.));
#12367 = ( GEOMETRIC_REPRESENTATION_CONTEXT(2) 
PARAMETRIC_REPRESENTATION_CONTEXT() REPRESENTATION_CONTEXT('2D SPACE',''
  ) );
#12368 = ADVANCED_FACE('',(#12369),#11851,.F.);
#12369 = FACE_BOUND('',#12370,.F.);
#12370 = EDGE_LOOP('',(#12371,#12372,#12373,#12374,#12375,#12376,#12377,
    #12378));
#12371 = ORIENTED_EDGE('',*,*,#11837,.F.);
#12372 = ORIENTED_EDGE('',*,*,#11997,.T.);
#12373 = ORIENTED_EDGE('',*,*,#12074,.T.);
#12374 = ORIENTED_EDGE('',*,*,#12151,.T.);
#12375 = ORIENTED_EDGE('',*,*,#12228,.T.);
#12376 = ORIENTED_EDGE('',*,*,#12300,.T.);
#12377 = ORIENTED_EDGE('',*,*,#12348,.F.);
#12378 = ORIENTED_EDGE('',*,*,#11919,.T.);
#12379 = ADVANCED_FACE('',(#12380),#11797,.T.);
#12380 = FACE_BOUND('',#12381,.T.);
#12381 = EDGE_LOOP('',(#12382,#12383,#12384,#12385,#12386,#12387,#12388,
    #12389));
#12382 = ORIENTED_EDGE('',*,*,#11781,.F.);
#12383 = ORIENTED_EDGE('',*,*,#11945,.T.);
#12384 = ORIENTED_EDGE('',*,*,#12023,.T.);
#12385 = ORIENTED_EDGE('',*,*,#12099,.T.);
#12386 = ORIENTED_EDGE('',*,*,#12177,.T.);
#12387 = ORIENTED_EDGE('',*,*,#12253,.T.);
#12388 = ORIENTED_EDGE('',*,*,#12326,.F.);
#12389 = ORIENTED_EDGE('',*,*,#11896,.T.);
#12390 = ( GEOMETRIC_REPRESENTATION_CONTEXT(3) 
GLOBAL_UNCERTAINTY_ASSIGNED_CONTEXT((#12394)) 
GLOBAL_UNIT_ASSIGNED_CONTEXT((#12391,#12392,#12393)) 
REPRESENTATION_CONTEXT('Context #1',
  '3D Context with UNIT and UNCERTAINTY') );
#12391 = ( LENGTH_UNIT() NAMED_UNIT(*) SI_UNIT(.MILLI.,.METRE.) );
#12392 = ( NAMED_UNIT(*) PLANE_ANGLE_UNIT() SI_UNIT($,.RADIAN.) );
#12393 = ( NAMED_UNIT(*) SI_UNIT($,.STERADIAN.) SOLID_ANGLE_UNIT() );
#12394 = UNCERTAINTY_MEASURE_WITH_UNIT(LENGTH_MEASURE(1.E-07),#12391,
  'distance_accuracy_value','confusion accuracy');
#12395 = CONTEXT_DEPENDENT_SHAPE_REPRESENTATION(#12396,#12398);
#12396 = ( REPRESENTATION_RELATIONSHIP('','',#11739,#10) 
REPRESENTATION_RELATIONSHIP_WITH_TRANSFORMATION(#12397) 
SHAPE_REPRESENTATION_RELATIONSHIP() );
#12397 = ITEM_DEFINED_TRANSFORMATION('','',#11,#99);
#12398 = PRODUCT_DEFINITION_SHAPE('Placement','Placement of an item',
  #12399);
#12399 = NEXT_ASSEMBLY_USAGE_OCCURRENCE('170','stub 7 sample','',#5,
  #11734,$);
#12400 = PRODUCT_RELATED_PRODUCT_CATEGORY('part',$,(#11736));
#12401 = SHAPE_DEFINITION_REPRESENTATION(#12402,#12408);
#12402 = PRODUCT_DEFINITION_SHAPE('','',#12403);
#12403 = PRODUCT_DEFINITION('design','',#12404,#12407);
#12404 = PRODUCT_DEFINITION_FORMATION('','',#12405);
#12405 = PRODUCT('stub 8 stub','stub 8 stub','',(#12406));
#12406 = PRODUCT_CONTEXT('',#2,'mechanical');
#12407 = PRODUCT_DEFINITION_CONTEXT('part definition',#2,'design');
#12408 = ADVANCED_BREP_SHAPE_REPRESENTATION('',(#11,#12409),#12891);
#12409 = MANIFOLD_SOLID_BREP('',#12410);
#12410 = CLOSED_SHELL('',(#12411,#12503,#12538,#12573,#12628,#12683,
    #12736,#12775,#12779,#12834,#12887));
#12411 = ADVANCED_FACE('',(#12412),#12425,.T.);
#12412 = FACE_BOUND('',#12413,.F.);
#12413 = EDGE_LOOP('',(#12414,#12448,#12471,#12502));
#12414 = ORIENTED_EDGE('',*,*,#12415,.F.);
#12415 = EDGE_CURVE('',#12416,#12416,#12418,.T.);
#12416 = VERTEX_POINT('',#12417);
#12417 = CARTESIAN_POINT('',(6.35,0.,16.));
#12418 = SURFACE_CURVE('',#12419,(#12424,#12436),.PCURVE_S1.);
#12419 = CIRCLE('',#12420,6.35);
#12420 = AXIS2_PLACEMENT_3D('',#12421,#12422,#12423);
#12421 = CARTESIAN_POINT('',(0.,0.,16.));
#12422 = DIRECTION('',(0.,0.,1.));
#12423 = DIRECTION('',(1.,0.,0.));
#12424 = PCURVE('',#12425,#12430);
#12425 = CYLINDRICAL_SURFACE('',#12426,6.35);
#12426 = AXIS2_PLACEMENT_3D('',#12427,#12428,#12429);
#12427 = CARTESIAN_POINT('',(0.,0.,16.));
#12428 = DIRECTION('',(-0.,-0.,-1.));
#12429 = DIRECTION('',(1.,0.,0.));
#12430 = DEFINITIONAL_REPRESENTATION('',(#12431),#12435);
#12431 = LINE('',#12432,#12433);
#12432 = CARTESIAN_POINT('',(-0.,0.));
#12433 = VECTOR('',#12434,1.);
#12434 = DIRECTION('',(-1.,0.));
#12435 = ( GEOMETRIC_REPRESENTATION_CONTEXT(2) 
PARAMETRIC_REPRESENTATION_CONTEXT() REPRESENTATION_CONTEXT('2D SPACE',''
  ) );
#12436 = PCURVE('',#12437,#12442);
#12437 = PLANE('',#12438);
#12438 = AXIS2_PLACEMENT_3D('',#12439,#12440,#12441);
#12439 = CARTESIAN_POINT('',(0.,6.021627052289E-16,16.));
#12440 = DIRECTION('',(0.,0.,1.));
#12441 = DIRECTION('',(1.,0.,0.));
#12442 = DEFINITIONAL_REPRESENTATION('',(#12443),#12447);
#12443 = CIRCLE('',#12444,6.35);
#12444 = AXIS2_PLACEMENT_2D('',#12445,#12446);
#12445 = CARTESIAN_POINT('',(0.,-6.021627052289E-16));
#12446 = DIRECTION('',(1.,0.));
#12447 = ( GEOMETRIC_REPRESENTATION_CONTEXT(2) 
PARAMETRIC_REPRESENTATION_CONTEXT() REPRESENTATION_CONTEXT('2D SPACE',''
  ) );
#12448 = ORIENTED_EDGE('',*,*,#12449,.T.);
#12449 = EDGE_CURVE('',#12416,#12450,#12452,.T.);
#12450 = VERTEX_POINT('',#12451);
#12451 = CARTESIAN_POINT('',(6.35,0.,17.1));
#12452 = SEAM_CURVE('',#12453,(#12457,#12464),.PCURVE_S1.);
#12453 = LINE('',#12454,#12455);
#12454 = CARTESIAN_POINT('',(6.35,0.,16.));
#12455 = VECTOR('',#12456,1.);
#12456 = DIRECTION('',(0.,0.,1.));
#12457 = PCURVE('',#12425,#12458);
#12458 = DEFINITIONAL_REPRESENTATION('',(#12459),#12463);
#12459 = LINE('',#12460,#12461);
#12460 = CARTESIAN_POINT('',(-6.28318530718,0.));
#12461 = VECTOR('',#12462,1.);
#12462 = DIRECTION('',(-0.,-1.));
#12463 = ( GEOMETRIC_REPRESENTATION_CONTEXT(2) 
PARAMETRIC_REPRESENTATION_CONTEXT() REPRESENTATION_CONTEXT('2D SPACE',''
  ) );
#12464 = PCURVE('',#12425,#12465);
#12465 = DEFINITIONAL_REPRESENTATION('',(#12466),#12470);
#12466 = LINE('',#12467,#12468);
#12467 = CARTESIAN_POINT('',(-0.,0.));
#12468 = VECTOR('',#12469,1.);
#12469 = DIRECTION('',(-0.,-1.));
#12470 = ( GEOMETRIC_REPRESENTATION_CONTEXT(2) 
PARAMETRIC_REPRESENTATION_CONTEXT() REPRESENTATION_CONTEXT('2D SPACE',''
  ) );
#12471 = ORIENTED_EDGE('',*,*,#12472,.F.);
#12472 = EDGE_CURVE('',#12450,#12450,#12473,.T.);
#12473 = SURFACE_CURVE('',#12474,(#12479,#12486),.PCURVE_S1.);
#12474 = CIRCLE('',#12475,6.35);
#12475 = AXIS2_PLACEMENT_3D('',#12476,#12477,#12478);
#12476 = CARTESIAN_POINT('',(0.,0.,17.1));
#12477 = DIRECTION('',(0.,0.,-1.));
#12478 = DIRECTION('',(1.,0.,0.));
#12479 = PCURVE('',#12425,#12480);
#12480 = DEFINITIONAL_REPRESENTATION('',(#12481),#12485);
#12481 = LINE('',#12482,#12483);
#12482 = CARTESIAN_POINT('',(-6.28318530718,-1.1));
#12483 = VECTOR('',#12484,1.);
#12484 = DIRECTION('',(1.,-0.));
#12485 = ( GEOMETRIC_REPRESENTATION_CONTEXT(2) 
PARAMETRIC_REPRESENTATION_CONTEXT() REPRESENTATION_CONTEXT('2D SPACE',''
  ) );
#12486 = PCURVE('',#12487,#12492);
#12487 = PLANE('',#12488);
#12488 = AXIS2_PLACEMENT_3D('',#12489,#12490,#12491);
#12489 = CARTESIAN_POINT('',(-7.985051868843E-16,1.196249076369E-16,17.1
    ));
#12490 = DIRECTION('',(0.,0.,1.));
#12491 = DIRECTION('',(1.,0.,0.));
#12492 = DEFINITIONAL_REPRESENTATION('',(#12493),#12501);
#12493 = ( BOUNDED_CURVE() B_SPLINE_CURVE(2,(#12494,#12495,#12496,#12497
    ,#12498,#12499,#12500),.UNSPECIFIED.,.T.,.F.) 
B_SPLINE_CURVE_WITH_KNOTS((1,2,2,2,2,1),(-2.094395102393,0.,
    2.094395102393,4.188790204786,6.28318530718,8.377580409573),
.UNSPECIFIED.) CURVE() GEOMETRIC_REPRESENTATION_ITEM() 
RATIONAL_B_SPLINE_CURVE((1.,0.5,1.,0.5,1.,0.5,1.)) REPRESENTATION_ITEM(
  '') );
#12494 = CARTESIAN_POINT('',(6.35,-1.196249076369E-16));
#12495 = CARTESIAN_POINT('',(6.35,-10.99852262806));
#12496 = CARTESIAN_POINT('',(-3.175,-5.499261314031));
#12497 = CARTESIAN_POINT('',(-12.7,-1.674926342554E-15));
#12498 = CARTESIAN_POINT('',(-3.175,5.499261314031));
#12499 = CARTESIAN_POINT('',(6.35,10.998522628062));
#12500 = CARTESIAN_POINT('',(6.35,-1.196249076369E-16));
#12501 = ( GEOMETRIC_REPRESENTATION_CONTEXT(2) 
PARAMETRIC_REPRESENTATION_CONTEXT() REPRESENTATION_CONTEXT('2D SPACE',''
  ) );
#12502 = ORIENTED_EDGE('',*,*,#12449,.F.);
#12503 = ADVANCED_FACE('',(#12504,#12507),#12437,.F.);
#12504 = FACE_BOUND('',#12505,.F.);
#12505 = EDGE_LOOP('',(#12506));
#12506 = ORIENTED_EDGE('',*,*,#12415,.T.);
#12507 = FACE_BOUND('',#12508,.F.);
#12508 = EDGE_LOOP('',(#12509));
#12509 = ORIENTED_EDGE('',*,*,#12510,.F.);
#12510 = EDGE_CURVE('',#12511,#12511,#12513,.T.);
#12511 = VERTEX_POINT('',#12512);
#12512 = CARTESIAN_POINT('',(1.575,0.,16.));
#12513 = SURFACE_CURVE('',#12514,(#12519,#12526),.PCURVE_S1.);
#12514 = CIRCLE('',#12515,1.575);
#12515 = AXIS2_PLACEMENT_3D('',#12516,#12517,#12518);
#12516 = CARTESIAN_POINT('',(0.,0.,16.));
#12517 = DIRECTION('',(0.,0.,1.));
#12518 = DIRECTION('',(1.,0.,0.));
#12519 = PCURVE('',#12437,#12520);
#12520 = DEFINITIONAL_REPRESENTATION('',(#12521),#12525);
#12521 = CIRCLE('',#12522,1.575);
#12522 = AXIS2_PLACEMENT_2D('',#12523,#12524);
#12523 = CARTESIAN_POINT('',(0.,-6.021627052289E-16));
#12524 = DIRECTION('',(1.,0.));
#12525 = ( GEOMETRIC_REPRESENTATION_CONTEXT(2) 
PARAMETRIC_REPRESENTATION_CONTEXT() REPRESENTATION_CONTEXT('2D SPACE',''
  ) );
#12526 = PCURVE('',#12527,#12532);
#12527 = CYLINDRICAL_SURFACE('',#12528,1.575);
#12528 = AXIS2_PLACEMENT_3D('',#12529,#12530,#12531);
#12529 = CARTESIAN_POINT('',(0.,0.,8.));
#12530 = DIRECTION('',(-0.,-0.,-1.));
#12531 = DIRECTION('',(1.,0.,0.));
#12532 = DEFINITIONAL_REPRESENTATION('',(#12533),#12537);
#12533 = LINE('',#12534,#12535);
#12534 = CARTESIAN_POINT('',(-0.,-8.));
#12535 = VECTOR('',#12536,1.);
#12536 = DIRECTION('',(-1.,0.));
#12537 = ( GEOMETRIC_REPRESENTATION_CONTEXT(2) 
PARAMETRIC_REPRESENTATION_CONTEXT() REPRESENTATION_CONTEXT('2D SPACE',''
  ) );
#12538 = ADVANCED_FACE('',(#12539,#12542),#12487,.T.);
#12539 = FACE_BOUND('',#12540,.T.);
#12540 = EDGE_LOOP('',(#12541));
#12541 = ORIENTED_EDGE('',*,*,#12472,.F.);
#12542 = FACE_BOUND('',#12543,.T.);
#12543 = EDGE_LOOP('',(#12544));
#12544 = ORIENTED_EDGE('',*,*,#12545,.F.);
#12545 = EDGE_CURVE('',#12546,#12546,#12548,.T.);
#12546 = VERTEX_POINT('',#12547);
#12547 = CARTESIAN_POINT('',(5.85,4.538137910877E-16,17.1));
#12548 = SURFACE_CURVE('',#12549,(#12554,#12561),.PCURVE_S1.);
#12549 = CIRCLE('',#12550,5.85);
#12550 = AXIS2_PLACEMENT_3D('',#12551,#12552,#12553);
#12551 = CARTESIAN_POINT('',(3.241527079198E-14,4.538137910877E-16,17.1)
  );
#12552 = DIRECTION('',(0.,0.,1.));
#12553 = DIRECTION('',(1.,0.,0.));
#12554 = PCURVE('',#12487,#12555);
#12555 = DEFINITIONAL_REPRESENTATION('',(#12556),#12560);
#12556 = CIRCLE('',#12557,5.85);
#12557 = AXIS2_PLACEMENT_2D('',#12558,#12559);
#12558 = CARTESIAN_POINT('',(3.321377597886E-14,3.341888834508E-16));
#12559 = DIRECTION('',(1.,0.));
#12560 = ( GEOMETRIC_REPRESENTATION_CONTEXT(2) 
PARAMETRIC_REPRESENTATION_CONTEXT() REPRESENTATION_CONTEXT('2D SPACE',''
  ) );
#12561 = PCURVE('',#12562,#12567);
#12562 = CYLINDRICAL_SURFACE('',#12563,5.85);
#12563 = AXIS2_PLACEMENT_3D('',#12564,#12565,#12566);
#12564 = CARTESIAN_POINT('',(3.241527079198E-14,4.538137910877E-16,17.1)
  );
#12565 = DIRECTION('',(-0.,-0.,-1.));
#12566 = DIRECTION('',(1.,0.,0.));
#12567 = DEFINITIONAL_REPRESENTATION('',(#12568),#12572);
#12568 = LINE('',#12569,#12570);
#12569 = CARTESIAN_POINT('',(-0.,0.));
#12570 = VECTOR('',#12571,1.);
#12571 = DIRECTION('',(-1.,0.));
#12572 = ( GEOMETRIC_REPRESENTATION_CONTEXT(2) 
PARAMETRIC_REPRESENTATION_CONTEXT() REPRESENTATION_CONTEXT('2D SPACE',''
  ) );
#12573 = ADVANCED_FACE('',(#12574),#12527,.T.);
#12574 = FACE_BOUND('',#12575,.F.);
#12575 = EDGE_LOOP('',(#12576,#12599,#12600,#12601));
#12576 = ORIENTED_EDGE('',*,*,#12577,.T.);
#12577 = EDGE_CURVE('',#12578,#12511,#12580,.T.);
#12578 = VERTEX_POINT('',#12579);
#12579 = CARTESIAN_POINT('',(1.575,0.,8.4));
#12580 = SEAM_CURVE('',#12581,(#12585,#12592),.PCURVE_S1.);
#12581 = LINE('',#12582,#12583);
#12582 = CARTESIAN_POINT('',(1.575,0.,8.));
#12583 = VECTOR('',#12584,1.);
#12584 = DIRECTION('',(0.,0.,1.));
#12585 = PCURVE('',#12527,#12586);
#12586 = DEFINITIONAL_REPRESENTATION('',(#12587),#12591);
#12587 = LINE('',#12588,#12589);
#12588 = CARTESIAN_POINT('',(-0.,0.));
#12589 = VECTOR('',#12590,1.);
#12590 = DIRECTION('',(-0.,-1.));
#12591 = ( GEOMETRIC_REPRESENTATION_CONTEXT(2) 
PARAMETRIC_REPRESENTATION_CONTEXT() REPRESENTATION_CONTEXT('2D SPACE',''
  ) );
#12592 = PCURVE('',#12527,#12593);
#12593 = DEFINITIONAL_REPRESENTATION('',(#12594),#12598);
#12594 = LINE('',#12595,#12596);
#12595 = CARTESIAN_POINT('',(-6.28318530718,0.));
#12596 = VECTOR('',#12597,1.);
#12597 = DIRECTION('',(-0.,-1.));
#12598 = ( GEOMETRIC_REPRESENTATION_CONTEXT(2) 
PARAMETRIC_REPRESENTATION_CONTEXT() REPRESENTATION_CONTEXT('2D SPACE',''
  ) );
#12599 = ORIENTED_EDGE('',*,*,#12510,.T.);
#12600 = ORIENTED_EDGE('',*,*,#12577,.F.);
#12601 = ORIENTED_EDGE('',*,*,#12602,.F.);
#12602 = EDGE_CURVE('',#12578,#12578,#12603,.T.);
#12603 = SURFACE_CURVE('',#12604,(#12609,#12616),.PCURVE_S1.);
#12604 = CIRCLE('',#12605,1.575);
#12605 = AXIS2_PLACEMENT_3D('',#12606,#12607,#12608);
#12606 = CARTESIAN_POINT('',(0.,0.,8.4));
#12607 = DIRECTION('',(0.,0.,1.));
#12608 = DIRECTION('',(1.,0.,0.));
#12609 = PCURVE('',#12527,#12610);
#12610 = DEFINITIONAL_REPRESENTATION('',(#12611),#12615);
#12611 = LINE('',#12612,#12613);
#12612 = CARTESIAN_POINT('',(-0.,-0.4));
#12613 = VECTOR('',#12614,1.);
#12614 = DIRECTION('',(-1.,0.));
#12615 = ( GEOMETRIC_REPRESENTATION_CONTEXT(2) 
PARAMETRIC_REPRESENTATION_CONTEXT() REPRESENTATION_CONTEXT('2D SPACE',''
  ) );
#12616 = PCURVE('',#12617,#12622);
#12617 = CONICAL_SURFACE('',#12618,1.575,0.785398163397);
#12618 = AXIS2_PLACEMENT_3D('',#12619,#12620,#12621);
#12619 = CARTESIAN_POINT('',(0.,0.,8.4));
#12620 = DIRECTION('',(0.,0.,1.));
#12621 = DIRECTION('',(1.,0.,0.));
#12622 = DEFINITIONAL_REPRESENTATION('',(#12623),#12627);
#12623 = LINE('',#12624,#12625);
#12624 = CARTESIAN_POINT('',(0.,-0.));
#12625 = VECTOR('',#12626,1.);
#12626 = DIRECTION('',(1.,-0.));
#12627 = ( GEOMETRIC_REPRESENTATION_CONTEXT(2) 
PARAMETRIC_REPRESENTATION_CONTEXT() REPRESENTATION_CONTEXT('2D SPACE',''
  ) );
#12628 = ADVANCED_FACE('',(#12629),#12562,.T.);
#12629 = FACE_BOUND('',#12630,.F.);
#12630 = EDGE_LOOP('',(#12631,#12654,#12681,#12682));
#12631 = ORIENTED_EDGE('',*,*,#12632,.T.);
#12632 = EDGE_CURVE('',#12546,#12633,#12635,.T.);
#12633 = VERTEX_POINT('',#12634);
#12634 = CARTESIAN_POINT('',(5.85,4.538137910877E-16,18.1));
#12635 = SEAM_CURVE('',#12636,(#12640,#12647),.PCURVE_S1.);
#12636 = LINE('',#12637,#12638);
#12637 = CARTESIAN_POINT('',(5.85,4.538137910877E-16,17.1));
#12638 = VECTOR('',#12639,1.);
#12639 = DIRECTION('',(0.,0.,1.));
#12640 = PCURVE('',#12562,#12641);
#12641 = DEFINITIONAL_REPRESENTATION('',(#12642),#12646);
#12642 = LINE('',#12643,#12644);
#12643 = CARTESIAN_POINT('',(-0.,0.));
#12644 = VECTOR('',#12645,1.);
#12645 = DIRECTION('',(-0.,-1.));
#12646 = ( GEOMETRIC_REPRESENTATION_CONTEXT(2) 
PARAMETRIC_REPRESENTATION_CONTEXT() REPRESENTATION_CONTEXT('2D SPACE',''
  ) );
#12647 = PCURVE('',#12562,#12648);
#12648 = DEFINITIONAL_REPRESENTATION('',(#12649),#12653);
#12649 = LINE('',#12650,#12651);
#12650 = CARTESIAN_POINT('',(-6.28318530718,0.));
#12651 = VECTOR('',#12652,1.);
#12652 = DIRECTION('',(-0.,-1.));
#12653 = ( GEOMETRIC_REPRESENTATION_CONTEXT(2) 
PARAMETRIC_REPRESENTATION_CONTEXT() REPRESENTATION_CONTEXT('2D SPACE',''
  ) );
#12654 = ORIENTED_EDGE('',*,*,#12655,.T.);
#12655 = EDGE_CURVE('',#12633,#12633,#12656,.T.);
#12656 = SURFACE_CURVE('',#12657,(#12662,#12669),.PCURVE_S1.);
#12657 = CIRCLE('',#12658,5.85);
#12658 = AXIS2_PLACEMENT_3D('',#12659,#12660,#12661);
#12659 = CARTESIAN_POINT('',(3.241527079198E-14,4.538137910877E-16,18.1)
  );
#12660 = DIRECTION('',(0.,0.,1.));
#12661 = DIRECTION('',(1.,0.,0.));
#12662 = PCURVE('',#12562,#12663);
#12663 = DEFINITIONAL_REPRESENTATION('',(#12664),#12668);
#12664 = LINE('',#12665,#12666);
#12665 = CARTESIAN_POINT('',(-0.,-1.));
#12666 = VECTOR('',#12667,1.);
#12667 = DIRECTION('',(-1.,0.));
#12668 = ( GEOMETRIC_REPRESENTATION_CONTEXT(2) 
PARAMETRIC_REPRESENTATION_CONTEXT() REPRESENTATION_CONTEXT('2D SPACE',''
  ) );
#12669 = PCURVE('',#12670,#12675);
#12670 = PLANE('',#12671);
#12671 = AXIS2_PLACEMENT_3D('',#12672,#12673,#12674);
#12672 = CARTESIAN_POINT('',(-7.985051868843E-16,1.196249076369E-16,18.1
    ));
#12673 = DIRECTION('',(0.,0.,1.));
#12674 = DIRECTION('',(1.,0.,0.));
#12675 = DEFINITIONAL_REPRESENTATION('',(#12676),#12680);
#12676 = CIRCLE('',#12677,5.85);
#12677 = AXIS2_PLACEMENT_2D('',#12678,#12679);
#12678 = CARTESIAN_POINT('',(3.321377597886E-14,3.341888834508E-16));
#12679 = DIRECTION('',(1.,0.));
#12680 = ( GEOMETRIC_REPRESENTATION_CONTEXT(2) 
PARAMETRIC_REPRESENTATION_CONTEXT() REPRESENTATION_CONTEXT('2D SPACE',''
  ) );
#12681 = ORIENTED_EDGE('',*,*,#12632,.F.);
#12682 = ORIENTED_EDGE('',*,*,#12545,.F.);
#12683 = ADVANCED_FACE('',(#12684),#12617,.T.);
#12684 = FACE_BOUND('',#12685,.F.);
#12685 = EDGE_LOOP('',(#12686,#12707,#12708,#12709));
#12686 = ORIENTED_EDGE('',*,*,#12687,.F.);
#12687 = EDGE_CURVE('',#12578,#12688,#12690,.T.);
#12688 = VERTEX_POINT('',#12689);
#12689 = CARTESIAN_POINT('',(1.175,0.,8.));
#12690 = SEAM_CURVE('',#12691,(#12695,#12701),.PCURVE_S1.);
#12691 = LINE('',#12692,#12693);
#12692 = CARTESIAN_POINT('',(1.575,0.,8.4));
#12693 = VECTOR('',#12694,1.);
#12694 = DIRECTION('',(-0.707106781187,-0.,-0.707106781187));
#12695 = PCURVE('',#12617,#12696);
#12696 = DEFINITIONAL_REPRESENTATION('',(#12697),#12700);
#12697 = B_SPLINE_CURVE_WITH_KNOTS('',1,(#12698,#12699),.UNSPECIFIED.,
  .F.,.F.,(2,2),(0.,0.565685424949),.PIECEWISE_BEZIER_KNOTS.);
#12698 = CARTESIAN_POINT('',(0.,0.));
#12699 = CARTESIAN_POINT('',(0.,-0.4));
#12700 = ( GEOMETRIC_REPRESENTATION_CONTEXT(2) 
PARAMETRIC_REPRESENTATION_CONTEXT() REPRESENTATION_CONTEXT('2D SPACE',''
  ) );
#12701 = PCURVE('',#12617,#12702);
#12702 = DEFINITIONAL_REPRESENTATION('',(#12703),#12706);
#12703 = B_SPLINE_CURVE_WITH_KNOTS('',1,(#12704,#12705),.UNSPECIFIED.,
  .F.,.F.,(2,2),(0.,0.565685424949),.PIECEWISE_BEZIER_KNOTS.);
#12704 = CARTESIAN_POINT('',(6.28318530718,0.));
#12705 = CARTESIAN_POINT('',(6.28318530718,-0.4));
#12706 = ( GEOMETRIC_REPRESENTATION_CONTEXT(2) 
PARAMETRIC_REPRESENTATION_CONTEXT() REPRESENTATION_CONTEXT('2D SPACE',''
  ) );
#12707 = ORIENTED_EDGE('',*,*,#12602,.T.);
#12708 = ORIENTED_EDGE('',*,*,#12687,.T.);
#12709 = ORIENTED_EDGE('',*,*,#12710,.F.);
#12710 = EDGE_CURVE('',#12688,#12688,#12711,.T.);
#12711 = SURFACE_CURVE('',#12712,(#12717,#12724),.PCURVE_S1.);
#12712 = CIRCLE('',#12713,1.175);
#12713 = AXIS2_PLACEMENT_3D('',#12714,#12715,#12716);
#12714 = CARTESIAN_POINT('',(0.,0.,8.));
#12715 = DIRECTION('',(0.,0.,1.));
#12716 = DIRECTION('',(1.,0.,0.));
#12717 = PCURVE('',#12617,#12718);
#12718 = DEFINITIONAL_REPRESENTATION('',(#12719),#12723);
#12719 = LINE('',#12720,#12721);
#12720 = CARTESIAN_POINT('',(0.,-0.4));
#12721 = VECTOR('',#12722,1.);
#12722 = DIRECTION('',(1.,-0.));
#12723 = ( GEOMETRIC_REPRESENTATION_CONTEXT(2) 
PARAMETRIC_REPRESENTATION_CONTEXT() REPRESENTATION_CONTEXT('2D SPACE',''
  ) );
#12724 = PCURVE('',#12725,#12730);
#12725 = PLANE('',#12726);
#12726 = AXIS2_PLACEMENT_3D('',#12727,#12728,#12729);
#12727 = CARTESIAN_POINT('',(-5.426349732299E-17,4.423303769075E-17,8.)
  );
#12728 = DIRECTION('',(0.,0.,1.));
#12729 = DIRECTION('',(1.,0.,0.));
#12730 = DEFINITIONAL_REPRESENTATION('',(#12731),#12735);
#12731 = CIRCLE('',#12732,1.175);
#12732 = AXIS2_PLACEMENT_2D('',#12733,#12734);
#12733 = CARTESIAN_POINT('',(5.426349732299E-17,-4.423303769075E-17));
#12734 = DIRECTION('',(1.,0.));
#12735 = ( GEOMETRIC_REPRESENTATION_CONTEXT(2) 
PARAMETRIC_REPRESENTATION_CONTEXT() REPRESENTATION_CONTEXT('2D SPACE',''
  ) );
#12736 = ADVANCED_FACE('',(#12737,#12772),#12670,.F.);
#12737 = FACE_BOUND('',#12738,.F.);
#12738 = EDGE_LOOP('',(#12739));
#12739 = ORIENTED_EDGE('',*,*,#12740,.F.);
#12740 = EDGE_CURVE('',#12741,#12741,#12743,.T.);
#12741 = VERTEX_POINT('',#12742);
#12742 = CARTESIAN_POINT('',(6.35,0.,18.1));
#12743 = SURFACE_CURVE('',#12744,(#12749,#12760),.PCURVE_S1.);
#12744 = CIRCLE('',#12745,6.35);
#12745 = AXIS2_PLACEMENT_3D('',#12746,#12747,#12748);
#12746 = CARTESIAN_POINT('',(0.,0.,18.1));
#12747 = DIRECTION('',(0.,0.,-1.));
#12748 = DIRECTION('',(1.,0.,0.));
#12749 = PCURVE('',#12670,#12750);
#12750 = DEFINITIONAL_REPRESENTATION('',(#12751),#12759);
#12751 = ( BOUNDED_CURVE() B_SPLINE_CURVE(2,(#12752,#12753,#12754,#12755
    ,#12756,#12757,#12758),.UNSPECIFIED.,.T.,.F.) 
B_SPLINE_CURVE_WITH_KNOTS((1,2,2,2,2,1),(-2.094395102393,0.,
    2.094395102393,4.188790204786,6.28318530718,8.377580409573),
.UNSPECIFIED.) CURVE() GEOMETRIC_REPRESENTATION_ITEM() 
RATIONAL_B_SPLINE_CURVE((1.,0.5,1.,0.5,1.,0.5,1.)) REPRESENTATION_ITEM(
  '') );
#12752 = CARTESIAN_POINT('',(6.35,-1.196249076369E-16));
#12753 = CARTESIAN_POINT('',(6.35,-10.99852262806));
#12754 = CARTESIAN_POINT('',(-3.175,-5.499261314031));
#12755 = CARTESIAN_POINT('',(-12.7,-1.674926342554E-15));
#12756 = CARTESIAN_POINT('',(-3.175,5.499261314031));
#12757 = CARTESIAN_POINT('',(6.35,10.998522628062));
#12758 = CARTESIAN_POINT('',(6.35,-1.196249076369E-16));
#12759 = ( GEOMETRIC_REPRESENTATION_CONTEXT(2) 
PARAMETRIC_REPRESENTATION_CONTEXT() REPRESENTATION_CONTEXT('2D SPACE',''
  ) );
#12760 = PCURVE('',#12761,#12766);
#12761 = CYLINDRICAL_SURFACE('',#12762,6.35);
#12762 = AXIS2_PLACEMENT_3D('',#12763,#12764,#12765);
#12763 = CARTESIAN_POINT('',(0.,0.,16.));
#12764 = DIRECTION('',(-0.,-0.,-1.));
#12765 = DIRECTION('',(1.,0.,0.));
#12766 = DEFINITIONAL_REPRESENTATION('',(#12767),#12771);
#12767 = LINE('',#12768,#12769);
#12768 = CARTESIAN_POINT('',(-6.28318530718,-2.1));
#12769 = VECTOR('',#12770,1.);
#12770 = DIRECTION('',(1.,-0.));
#12771 = ( GEOMETRIC_REPRESENTATION_CONTEXT(2) 
PARAMETRIC_REPRESENTATION_CONTEXT() REPRESENTATION_CONTEXT('2D SPACE',''
  ) );
#12772 = FACE_BOUND('',#12773,.F.);
#12773 = EDGE_LOOP('',(#12774));
#12774 = ORIENTED_EDGE('',*,*,#12655,.F.);
#12775 = ADVANCED_FACE('',(#12776),#12725,.F.);
#12776 = FACE_BOUND('',#12777,.F.);
#12777 = EDGE_LOOP('',(#12778));
#12778 = ORIENTED_EDGE('',*,*,#12710,.T.);
#12779 = ADVANCED_FACE('',(#12780),#12761,.T.);
#12780 = FACE_BOUND('',#12781,.F.);
#12781 = EDGE_LOOP('',(#12782,#12783,#12806,#12833));
#12782 = ORIENTED_EDGE('',*,*,#12740,.T.);
#12783 = ORIENTED_EDGE('',*,*,#12784,.T.);
#12784 = EDGE_CURVE('',#12741,#12785,#12787,.T.);
#12785 = VERTEX_POINT('',#12786);
#12786 = CARTESIAN_POINT('',(6.35,0.,19.));
#12787 = SEAM_CURVE('',#12788,(#12792,#12799),.PCURVE_S1.);
#12788 = LINE('',#12789,#12790);
#12789 = CARTESIAN_POINT('',(6.35,0.,16.));
#12790 = VECTOR('',#12791,1.);
#12791 = DIRECTION('',(0.,0.,1.));
#12792 = PCURVE('',#12761,#12793);
#12793 = DEFINITIONAL_REPRESENTATION('',(#12794),#12798);
#12794 = LINE('',#12795,#12796);
#12795 = CARTESIAN_POINT('',(-6.28318530718,0.));
#12796 = VECTOR('',#12797,1.);
#12797 = DIRECTION('',(-0.,-1.));
#12798 = ( GEOMETRIC_REPRESENTATION_CONTEXT(2) 
PARAMETRIC_REPRESENTATION_CONTEXT() REPRESENTATION_CONTEXT('2D SPACE',''
  ) );
#12799 = PCURVE('',#12761,#12800);
#12800 = DEFINITIONAL_REPRESENTATION('',(#12801),#12805);
#12801 = LINE('',#12802,#12803);
#12802 = CARTESIAN_POINT('',(-0.,0.));
#12803 = VECTOR('',#12804,1.);
#12804 = DIRECTION('',(-0.,-1.));
#12805 = ( GEOMETRIC_REPRESENTATION_CONTEXT(2) 
PARAMETRIC_REPRESENTATION_CONTEXT() REPRESENTATION_CONTEXT('2D SPACE',''
  ) );
#12806 = ORIENTED_EDGE('',*,*,#12807,.T.);
#12807 = EDGE_CURVE('',#12785,#12785,#12808,.T.);
#12808 = SURFACE_CURVE('',#12809,(#12814,#12821),.PCURVE_S1.);
#12809 = CIRCLE('',#12810,6.35);
#12810 = AXIS2_PLACEMENT_3D('',#12811,#12812,#12813);
#12811 = CARTESIAN_POINT('',(0.,0.,19.));
#12812 = DIRECTION('',(0.,0.,1.));
#12813 = DIRECTION('',(1.,0.,0.));
#12814 = PCURVE('',#12761,#12815);
#12815 = DEFINITIONAL_REPRESENTATION('',(#12816),#12820);
#12816 = LINE('',#12817,#12818);
#12817 = CARTESIAN_POINT('',(-0.,-3.));
#12818 = VECTOR('',#12819,1.);
#12819 = DIRECTION('',(-1.,0.));
#12820 = ( GEOMETRIC_REPRESENTATION_CONTEXT(2) 
PARAMETRIC_REPRESENTATION_CONTEXT() REPRESENTATION_CONTEXT('2D SPACE',''
  ) );
#12821 = PCURVE('',#12822,#12827);
#12822 = CONICAL_SURFACE('',#12823,6.35,0.785398163397);
#12823 = AXIS2_PLACEMENT_3D('',#12824,#12825,#12826);
#12824 = CARTESIAN_POINT('',(0.,0.,19.));
#12825 = DIRECTION('',(-0.,-0.,-1.));
#12826 = DIRECTION('',(1.,0.,0.));
#12827 = DEFINITIONAL_REPRESENTATION('',(#12828),#12832);
#12828 = LINE('',#12829,#12830);
#12829 = CARTESIAN_POINT('',(-0.,-0.));
#12830 = VECTOR('',#12831,1.);
#12831 = DIRECTION('',(-1.,-0.));
#12832 = ( GEOMETRIC_REPRESENTATION_CONTEXT(2) 
PARAMETRIC_REPRESENTATION_CONTEXT() REPRESENTATION_CONTEXT('2D SPACE',''
  ) );
#12833 = ORIENTED_EDGE('',*,*,#12784,.F.);
#12834 = ADVANCED_FACE('',(#12835),#12822,.T.);
#12835 = FACE_BOUND('',#12836,.T.);
#12836 = EDGE_LOOP('',(#12837,#12858,#12859,#12860));
#12837 = ORIENTED_EDGE('',*,*,#12838,.F.);
#12838 = EDGE_CURVE('',#12785,#12839,#12841,.T.);
#12839 = VERTEX_POINT('',#12840);
#12840 = CARTESIAN_POINT('',(6.15,0.,19.2));
#12841 = SEAM_CURVE('',#12842,(#12846,#12852),.PCURVE_S1.);
#12842 = LINE('',#12843,#12844);
#12843 = CARTESIAN_POINT('',(6.35,0.,19.));
#12844 = VECTOR('',#12845,1.);
#12845 = DIRECTION('',(-0.707106781187,0.,0.707106781187));
#12846 = PCURVE('',#12822,#12847);
#12847 = DEFINITIONAL_REPRESENTATION('',(#12848),#12851);
#12848 = B_SPLINE_CURVE_WITH_KNOTS('',1,(#12849,#12850),.UNSPECIFIED.,
  .F.,.F.,(2,2),(0.,0.282842712475),.PIECEWISE_BEZIER_KNOTS.);
#12849 = CARTESIAN_POINT('',(0.,0.));
#12850 = CARTESIAN_POINT('',(0.,-0.2));
#12851 = ( GEOMETRIC_REPRESENTATION_CONTEXT(2) 
PARAMETRIC_REPRESENTATION_CONTEXT() REPRESENTATION_CONTEXT('2D SPACE',''
  ) );
#12852 = PCURVE('',#12822,#12853);
#12853 = DEFINITIONAL_REPRESENTATION('',(#12854),#12857);
#12854 = B_SPLINE_CURVE_WITH_KNOTS('',1,(#12855,#12856),.UNSPECIFIED.,
  .F.,.F.,(2,2),(0.,0.282842712475),.PIECEWISE_BEZIER_KNOTS.);
#12855 = CARTESIAN_POINT('',(-6.28318530718,0.));
#12856 = CARTESIAN_POINT('',(-6.28318530718,-0.2));
#12857 = ( GEOMETRIC_REPRESENTATION_CONTEXT(2) 
PARAMETRIC_REPRESENTATION_CONTEXT() REPRESENTATION_CONTEXT('2D SPACE',''
  ) );
#12858 = ORIENTED_EDGE('',*,*,#12807,.T.);
#12859 = ORIENTED_EDGE('',*,*,#12838,.T.);
#12860 = ORIENTED_EDGE('',*,*,#12861,.F.);
#12861 = EDGE_CURVE('',#12839,#12839,#12862,.T.);
#12862 = SURFACE_CURVE('',#12863,(#12868,#12875),.PCURVE_S1.);
#12863 = CIRCLE('',#12864,6.15);
#12864 = AXIS2_PLACEMENT_3D('',#12865,#12866,#12867);
#12865 = CARTESIAN_POINT('',(0.,0.,19.2));
#12866 = DIRECTION('',(0.,0.,1.));
#12867 = DIRECTION('',(1.,0.,0.));
#12868 = PCURVE('',#12822,#12869);
#12869 = DEFINITIONAL_REPRESENTATION('',(#12870),#12874);
#12870 = LINE('',#12871,#12872);
#12871 = CARTESIAN_POINT('',(-0.,-0.2));
#12872 = VECTOR('',#12873,1.);
#12873 = DIRECTION('',(-1.,-0.));
#12874 = ( GEOMETRIC_REPRESENTATION_CONTEXT(2) 
PARAMETRIC_REPRESENTATION_CONTEXT() REPRESENTATION_CONTEXT('2D SPACE',''
  ) );
#12875 = PCURVE('',#12876,#12881);
#12876 = PLANE('',#12877);
#12877 = AXIS2_PLACEMENT_3D('',#12878,#12879,#12880);
#12878 = CARTESIAN_POINT('',(0.,6.021627052289E-16,19.2));
#12879 = DIRECTION('',(0.,0.,1.));
#12880 = DIRECTION('',(1.,0.,0.));
#12881 = DEFINITIONAL_REPRESENTATION('',(#12882),#12886);
#12882 = CIRCLE('',#12883,6.15);
#12883 = AXIS2_PLACEMENT_2D('',#12884,#12885);
#12884 = CARTESIAN_POINT('',(0.,-6.021627052289E-16));
#12885 = DIRECTION('',(1.,0.));
#12886 = ( GEOMETRIC_REPRESENTATION_CONTEXT(2) 
PARAMETRIC_REPRESENTATION_CONTEXT() REPRESENTATION_CONTEXT('2D SPACE',''
  ) );
#12887 = ADVANCED_FACE('',(#12888),#12876,.T.);
#12888 = FACE_BOUND('',#12889,.T.);
#12889 = EDGE_LOOP('',(#12890));
#12890 = ORIENTED_EDGE('',*,*,#12861,.T.);
#12891 = ( GEOMETRIC_REPRESENTATION_CONTEXT(3) 
GLOBAL_UNCERTAINTY_ASSIGNED_CONTEXT((#12895)) 
GLOBAL_UNIT_ASSIGNED_CONTEXT((#12892,#12893,#12894)) 
REPRESENTATION_CONTEXT('Context #1',
  '3D Context with UNIT and UNCERTAINTY') );
#12892 = ( LENGTH_UNIT() NAMED_UNIT(*) SI_UNIT(.MILLI.,.METRE.) );
#12893 = ( NAMED_UNIT(*) PLANE_ANGLE_UNIT() SI_UNIT($,.RADIAN.) );
#12894 = ( NAMED_UNIT(*) SI_UNIT($,.STERADIAN.) SOLID_ANGLE_UNIT() );
#12895 = UNCERTAINTY_MEASURE_WITH_UNIT(LENGTH_MEASURE(1.E-07),#12892,
  'distance_accuracy_value','confusion accuracy');
#12896 = CONTEXT_DEPENDENT_SHAPE_REPRESENTATION(#12897,#12899);
#12897 = ( REPRESENTATION_RELATIONSHIP('','',#12408,#10) 
REPRESENTATION_RELATIONSHIP_WITH_TRANSFORMATION(#12898) 
SHAPE_REPRESENTATION_RELATIONSHIP() );
#12898 = ITEM_DEFINED_TRANSFORMATION('','',#11,#103);
#12899 = PRODUCT_DEFINITION_SHAPE('Placement','Placement of an item',
  #12900);
#12900 = NEXT_ASSEMBLY_USAGE_OCCURRENCE('171','stub 8 stub','',#5,#12403
  ,$);
#12901 = PRODUCT_RELATED_PRODUCT_CATEGORY('part',$,(#12405));
#12902 = SHAPE_DEFINITION_REPRESENTATION(#12903,#12909);
#12903 = PRODUCT_DEFINITION_SHAPE('','',#12904);
#12904 = PRODUCT_DEFINITION('design','',#12905,#12908);
#12905 = PRODUCT_DEFINITION_FORMATION('','',#12906);
#12906 = PRODUCT('stub 8 carbon tab','stub 8 carbon tab','',(#12907));
#12907 = PRODUCT_CONTEXT('',#2,'mechanical');
#12908 = PRODUCT_DEFINITION_CONTEXT('part definition',#2,'design');
#12909 = ADVANCED_BREP_SHAPE_REPRESENTATION('',(#11,#12910),#13008);
#12910 = MANIFOLD_SOLID_BREP('',#12911);
#12911 = CLOSED_SHELL('',(#12912,#13000,#13004));
#12912 = ADVANCED_FACE('',(#12913),#12927,.T.);
#12913 = FACE_BOUND('',#12914,.F.);
#12914 = EDGE_LOOP('',(#12915,#12945,#12972,#12973));
#12915 = ORIENTED_EDGE('',*,*,#12916,.T.);
#12916 = EDGE_CURVE('',#12917,#12919,#12921,.T.);
#12917 = VERTEX_POINT('',#12918);
#12918 = CARTESIAN_POINT('',(5.85,0.,19.2));
#12919 = VERTEX_POINT('',#12920);
#12920 = CARTESIAN_POINT('',(5.85,0.,19.35));
#12921 = SEAM_CURVE('',#12922,(#12926,#12938),.PCURVE_S1.);
#12922 = LINE('',#12923,#12924);
#12923 = CARTESIAN_POINT('',(5.85,0.,19.2));
#12924 = VECTOR('',#12925,1.);
#12925 = DIRECTION('',(0.,0.,1.));
#12926 = PCURVE('',#12927,#12932);
#12927 = CYLINDRICAL_SURFACE('',#12928,5.85);
#12928 = AXIS2_PLACEMENT_3D('',#12929,#12930,#12931);
#12929 = CARTESIAN_POINT('',(0.,0.,19.2));
#12930 = DIRECTION('',(-0.,-0.,-1.));
#12931 = DIRECTION('',(1.,0.,0.));
#12932 = DEFINITIONAL_REPRESENTATION('',(#12933),#12937);
#12933 = LINE('',#12934,#12935);
#12934 = CARTESIAN_POINT('',(-0.,0.));
#12935 = VECTOR('',#12936,1.);
#12936 = DIRECTION('',(-0.,-1.));
#12937 = ( GEOMETRIC_REPRESENTATION_CONTEXT(2) 
PARAMETRIC_REPRESENTATION_CONTEXT() REPRESENTATION_CONTEXT('2D SPACE',''
  ) );
#12938 = PCURVE('',#12927,#12939);
#12939 = DEFINITIONAL_REPRESENTATION('',(#12940),#12944);
#12940 = LINE('',#12941,#12942);
#12941 = CARTESIAN_POINT('',(-6.28318530718,0.));
#12942 = VECTOR('',#12943,1.);
#12943 = DIRECTION('',(-0.,-1.));
#12944 = ( GEOMETRIC_REPRESENTATION_CONTEXT(2) 
PARAMETRIC_REPRESENTATION_CONTEXT() REPRESENTATION_CONTEXT('2D SPACE',''
  ) );
#12945 = ORIENTED_EDGE('',*,*,#12946,.T.);
#12946 = EDGE_CURVE('',#12919,#12919,#12947,.T.);
#12947 = SURFACE_CURVE('',#12948,(#12953,#12960),.PCURVE_S1.);
#12948 = CIRCLE('',#12949,5.85);
#12949 = AXIS2_PLACEMENT_3D('',#12950,#12951,#12952);
#12950 = CARTESIAN_POINT('',(0.,0.,19.35));
#12951 = DIRECTION('',(0.,0.,1.));
#12952 = DIRECTION('',(1.,0.,0.));
#12953 = PCURVE('',#12927,#12954);
#12954 = DEFINITIONAL_REPRESENTATION('',(#12955),#12959);
#12955 = LINE('',#12956,#12957);
#12956 = CARTESIAN_POINT('',(-0.,-0.15));
#12957 = VECTOR('',#12958,1.);
#12958 = DIRECTION('',(-1.,0.));
#12959 = ( GEOMETRIC_REPRESENTATION_CONTEXT(2) 
PARAMETRIC_REPRESENTATION_CONTEXT() REPRESENTATION_CONTEXT('2D SPACE',''
  ) );
#12960 = PCURVE('',#12961,#12966);
#12961 = PLANE('',#12962);
#12962 = AXIS2_PLACEMENT_3D('',#12963,#12964,#12965);
#12963 = CARTESIAN_POINT('',(-2.337504500067E-16,2.286947741797E-16,
    19.35));
#12964 = DIRECTION('',(0.,0.,1.));
#12965 = DIRECTION('',(1.,0.,0.));
#12966 = DEFINITIONAL_REPRESENTATION('',(#12967),#12971);
#12967 = CIRCLE('',#12968,5.85);
#12968 = AXIS2_PLACEMENT_2D('',#12969,#12970);
#12969 = CARTESIAN_POINT('',(2.337504500067E-16,-2.286947741797E-16));
#12970 = DIRECTION('',(1.,0.));
#12971 = ( GEOMETRIC_REPRESENTATION_CONTEXT(2) 
PARAMETRIC_REPRESENTATION_CONTEXT() REPRESENTATION_CONTEXT('2D SPACE',''
  ) );
#12972 = ORIENTED_EDGE('',*,*,#12916,.F.);
#12973 = ORIENTED_EDGE('',*,*,#12974,.F.);
#12974 = EDGE_CURVE('',#12917,#12917,#12975,.T.);
#12975 = SURFACE_CURVE('',#12976,(#12981,#12988),.PCURVE_S1.);
#12976 = CIRCLE('',#12977,5.85);
#12977 = AXIS2_PLACEMENT_3D('',#12978,#12979,#12980);
#12978 = CARTESIAN_POINT('',(0.,0.,19.2));
#12979 = DIRECTION('',(0.,0.,1.));
#12980 = DIRECTION('',(1.,0.,0.));
#12981 = PCURVE('',#12927,#12982);
#12982 = DEFINITIONAL_REPRESENTATION('',(#12983),#12987);
#12983 = LINE('',#12984,#12985);
#12984 = CARTESIAN_POINT('',(-0.,0.));
#12985 = VECTOR('',#12986,1.);
#12986 = DIRECTION('',(-1.,0.));
#12987 = ( GEOMETRIC_REPRESENTATION_CONTEXT(2) 
PARAMETRIC_REPRESENTATION_CONTEXT() REPRESENTATION_CONTEXT('2D SPACE',''
  ) );
#12988 = PCURVE('',#12989,#12994);
#12989 = PLANE('',#12990);
#12990 = AXIS2_PLACEMENT_3D('',#12991,#12992,#12993);
#12991 = CARTESIAN_POINT('',(-2.337504500067E-16,2.286947741797E-16,19.2
    ));
#12992 = DIRECTION('',(0.,0.,1.));
#12993 = DIRECTION('',(1.,0.,0.));
#12994 = DEFINITIONAL_REPRESENTATION('',(#12995),#12999);
#12995 = CIRCLE('',#12996,5.85);
#12996 = AXIS2_PLACEMENT_2D('',#12997,#12998);
#12997 = CARTESIAN_POINT('',(2.337504500067E-16,-2.286947741797E-16));
#12998 = DIRECTION('',(1.,0.));
#12999 = ( GEOMETRIC_REPRESENTATION_CONTEXT(2) 
PARAMETRIC_REPRESENTATION_CONTEXT() REPRESENTATION_CONTEXT('2D SPACE',''
  ) );
#13000 = ADVANCED_FACE('',(#13001),#12989,.F.);
#13001 = FACE_BOUND('',#13002,.F.);
#13002 = EDGE_LOOP('',(#13003));
#13003 = ORIENTED_EDGE('',*,*,#12974,.T.);
#13004 = ADVANCED_FACE('',(#13005),#12961,.T.);
#13005 = FACE_BOUND('',#13006,.T.);
#13006 = EDGE_LOOP('',(#13007));
#13007 = ORIENTED_EDGE('',*,*,#12946,.T.);
#13008 = ( GEOMETRIC_REPRESENTATION_CONTEXT(3) 
GLOBAL_UNCERTAINTY_ASSIGNED_CONTEXT((#13012)) 
GLOBAL_UNIT_ASSIGNED_CONTEXT((#13009,#13010,#13011)) 
REPRESENTATION_CONTEXT('Context #1',
  '3D Context with UNIT and UNCERTAINTY') );
#13009 = ( LENGTH_UNIT() NAMED_UNIT(*) SI_UNIT(.MILLI.,.METRE.) );
#13010 = ( NAMED_UNIT(*) PLANE_ANGLE_UNIT() SI_UNIT($,.RADIAN.) );
#13011 = ( NAMED_UNIT(*) SI_UNIT($,.STERADIAN.) SOLID_ANGLE_UNIT() );
#13012 = UNCERTAINTY_MEASURE_WITH_UNIT(LENGTH_MEASURE(1.E-07),#13009,
  'distance_accuracy_value','confusion accuracy');
#13013 = CONTEXT_DEPENDENT_SHAPE_REPRESENTATION(#13014,#13016);
#13014 = ( REPRESENTATION_RELATIONSHIP('','',#12909,#10) 
REPRESENTATION_RELATIONSHIP_WITH_TRANSFORMATION(#13015) 
SHAPE_REPRESENTATION_RELATIONSHIP() );
#13015 = ITEM_DEFINED_TRANSFORMATION('','',#11,#107);
#13016 = PRODUCT_DEFINITION_SHAPE('Placement','Placement of an item',
  #13017);
#13017 = NEXT_ASSEMBLY_USAGE_OCCURRENCE('172','stub 8 carbon tab','',#5,
  #12904,$);
#13018 = PRODUCT_RELATED_PRODUCT_CATEGORY('part',$,(#12906));
#13019 = SHAPE_DEFINITION_REPRESENTATION(#13020,#13026);
#13020 = PRODUCT_DEFINITION_SHAPE('','',#13021);
#13021 = PRODUCT_DEFINITION('design','',#13022,#13025);
#13022 = PRODUCT_DEFINITION_FORMATION('','',#13023);
#13023 = PRODUCT('stub 8 sample','stub 8 sample','',(#13024));
#13024 = PRODUCT_CONTEXT('',#2,'mechanical');
#13025 = PRODUCT_DEFINITION_CONTEXT('part definition',#2,'design');
#13026 = ADVANCED_BREP_SHAPE_REPRESENTATION('',(#11,#13027),#13677);
#13027 = MANIFOLD_SOLID_BREP('',#13028);
#13028 = CLOSED_SHELL('',(#13029,#13149,#13227,#13305,#13381,#13459,
    #13535,#13608,#13655,#13666));
#13029 = ADVANCED_FACE('',(#13030),#13044,.T.);
#13030 = FACE_BOUND('',#13031,.T.);
#13031 = EDGE_LOOP('',(#13032,#13067,#13095,#13123));
#13032 = ORIENTED_EDGE('',*,*,#13033,.T.);
#13033 = EDGE_CURVE('',#13034,#13036,#13038,.T.);
#13034 = VERTEX_POINT('',#13035);
#13035 = CARTESIAN_POINT('',(-2.8575,-1.8225,19.35));
#13036 = VERTEX_POINT('',#13037);
#13037 = CARTESIAN_POINT('',(-2.8575,-1.8225,20.85));
#13038 = SURFACE_CURVE('',#13039,(#13043,#13055),.PCURVE_S1.);
#13039 = LINE('',#13040,#13041);
#13040 = CARTESIAN_POINT('',(-2.8575,-1.8225,19.35));
#13041 = VECTOR('',#13042,1.);
#13042 = DIRECTION('',(0.,0.,1.));
#13043 = PCURVE('',#13044,#13049);
#13044 = PLANE('',#13045);
#13045 = AXIS2_PLACEMENT_3D('',#13046,#13047,#13048);
#13046 = CARTESIAN_POINT('',(-2.8575,-1.8225,19.35));
#13047 = DIRECTION('',(-1.,0.,0.));
#13048 = DIRECTION('',(0.,1.,0.));
#13049 = DEFINITIONAL_REPRESENTATION('',(#13050),#13054);
#13050 = LINE('',#13051,#13052);
#13051 = CARTESIAN_POINT('',(0.,0.));
#13052 = VECTOR('',#13053,1.);
#13053 = DIRECTION('',(0.,-1.));
#13054 = ( GEOMETRIC_REPRESENTATION_CONTEXT(2) 
PARAMETRIC_REPRESENTATION_CONTEXT() REPRESENTATION_CONTEXT('2D SPACE',''
  ) );
#13055 = PCURVE('',#13056,#13061);
#13056 = CYLINDRICAL_SURFACE('',#13057,0.4);
#13057 = AXIS2_PLACEMENT_3D('',#13058,#13059,#13060);
#13058 = CARTESIAN_POINT('',(-2.4575,-1.8225,19.35));
#13059 = DIRECTION('',(-0.,-0.,-1.));
#13060 = DIRECTION('',(1.,0.,0.));
#13061 = DEFINITIONAL_REPRESENTATION('',(#13062),#13066);
#13062 = LINE('',#13063,#13064);
#13063 = CARTESIAN_POINT('',(-3.14159265359,0.));
#13064 = VECTOR('',#13065,1.);
#13065 = DIRECTION('',(-0.,-1.));
#13066 = ( GEOMETRIC_REPRESENTATION_CONTEXT(2) 
PARAMETRIC_REPRESENTATION_CONTEXT() REPRESENTATION_CONTEXT('2D SPACE',''
  ) );
#13067 = ORIENTED_EDGE('',*,*,#13068,.T.);
#13068 = EDGE_CURVE('',#13036,#13069,#13071,.T.);
#13069 = VERTEX_POINT('',#13070);
#13070 = CARTESIAN_POINT('',(-2.8575,1.8225,20.85));
#13071 = SURFACE_CURVE('',#13072,(#13076,#13083),.PCURVE_S1.);
#13072 = LINE('',#13073,#13074);
#13073 = CARTESIAN_POINT('',(-2.8575,0.,20.85));
#13074 = VECTOR('',#13075,1.);
#13075 = DIRECTION('',(0.,1.,0.));
#13076 = PCURVE('',#13044,#13077);
#13077 = DEFINITIONAL_REPRESENTATION('',(#13078),#13082);
#13078 = LINE('',#13079,#13080);
#13079 = CARTESIAN_POINT('',(1.8225,-1.5));
#13080 = VECTOR('',#13081,1.);
#13081 = DIRECTION('',(1.,0.));
#13082 = ( GEOMETRIC_REPRESENTATION_CONTEXT(2) 
PARAMETRIC_REPRESENTATION_CONTEXT() REPRESENTATION_CONTEXT('2D SPACE',''
  ) );
#13083 = PCURVE('',#13084,#13089);
#13084 = PLANE('',#13085);
#13085 = AXIS2_PLACEMENT_3D('',#13086,#13087,#13088);
#13086 = CARTESIAN_POINT('',(0.,0.,20.85));
#13087 = DIRECTION('',(0.,0.,1.));
#13088 = DIRECTION('',(1.,0.,0.));
#13089 = DEFINITIONAL_REPRESENTATION('',(#13090),#13094);
#13090 = LINE('',#13091,#13092);
#13091 = CARTESIAN_POINT('',(-2.8575,0.));
#13092 = VECTOR('',#13093,1.);
#13093 = DIRECTION('',(0.,1.));
#13094 = ( GEOMETRIC_REPRESENTATION_CONTEXT(2) 
PARAMETRIC_REPRESENTATION_CONTEXT() REPRESENTATION_CONTEXT('2D SPACE',''
  ) );
#13095 = ORIENTED_EDGE('',*,*,#13096,.F.);
#13096 = EDGE_CURVE('',#13097,#13069,#13099,.T.);
#13097 = VERTEX_POINT('',#13098);
#13098 = CARTESIAN_POINT('',(-2.8575,1.8225,19.35));
#13099 = SURFACE_CURVE('',#13100,(#13104,#13111),.PCURVE_S1.);
#13100 = LINE('',#13101,#13102);
#13101 = CARTESIAN_POINT('',(-2.8575,1.8225,19.35));
#13102 = VECTOR('',#13103,1.);
#13103 = DIRECTION('',(0.,0.,1.));
#13104 = PCURVE('',#13044,#13105);
#13105 = DEFINITIONAL_REPRESENTATION('',(#13106),#13110);
#13106 = LINE('',#13107,#13108);
#13107 = CARTESIAN_POINT('',(3.645,0.));
#13108 = VECTOR('',#13109,1.);
#13109 = DIRECTION('',(0.,-1.));
#13110 = ( GEOMETRIC_REPRESENTATION_CONTEXT(2) 
PARAMETRIC_REPRESENTATION_CONTEXT() REPRESENTATION_CONTEXT('2D SPACE',''
  ) );
#13111 = PCURVE('',#13112,#13117);
#13112 = CYLINDRICAL_SURFACE('',#13113,0.4);
#13113 = AXIS2_PLACEMENT_3D('',#13114,#13115,#13116);
#13114 = CARTESIAN_POINT('',(-2.4575,1.8225,19.35));
#13115 = DIRECTION('',(-0.,-0.,-1.));
#13116 = DIRECTION('',(1.,0.,0.));
#13117 = DEFINITIONAL_REPRESENTATION('',(#13118),#13122);
#13118 = LINE('',#13119,#13120);
#13119 = CARTESIAN_POINT('',(-3.14159265359,0.));
#13120 = VECTOR('',#13121,1.);
#13121 = DIRECTION('',(-0.,-1.));
#13122 = ( GEOMETRIC_REPRESENTATION_CONTEXT(2) 
PARAMETRIC_REPRESENTATION_CONTEXT() REPRESENTATION_CONTEXT('2D SPACE',''
  ) );
#13123 = ORIENTED_EDGE('',*,*,#13124,.F.);
#13124 = EDGE_CURVE('',#13034,#13097,#13125,.T.);
#13125 = SURFACE_CURVE('',#13126,(#13130,#13137),.PCURVE_S1.);
#13126 = LINE('',#13127,#13128);
#13127 = CARTESIAN_POINT('',(-2.8575,0.,19.35));
#13128 = VECTOR('',#13129,1.);
#13129 = DIRECTION('',(0.,1.,0.));
#13130 = PCURVE('',#13044,#13131);
#13131 = DEFINITIONAL_REPRESENTATION('',(#13132),#13136);
#13132 = LINE('',#13133,#13134);
#13133 = CARTESIAN_POINT('',(1.8225,0.));
#13134 = VECTOR('',#13135,1.);
#13135 = DIRECTION('',(1.,0.));
#13136 = ( GEOMETRIC_REPRESENTATION_CONTEXT(2) 
PARAMETRIC_REPRESENTATION_CONTEXT() REPRESENTATION_CONTEXT('2D SPACE',''
  ) );
#13137 = PCURVE('',#13138,#13143);
#13138 = PLANE('',#13139);
#13139 = AXIS2_PLACEMENT_3D('',#13140,#13141,#13142);
#13140 = CARTESIAN_POINT('',(0.,0.,19.35));
#13141 = DIRECTION('',(0.,0.,1.));
#13142 = DIRECTION('',(1.,0.,0.));
#13143 = DEFINITIONAL_REPRESENTATION('',(#13144),#13148);
#13144 = LINE('',#13145,#13146);
#13145 = CARTESIAN_POINT('',(-2.8575,0.));
#13146 = VECTOR('',#13147,1.);
#13147 = DIRECTION('',(0.,1.));
#13148 = ( GEOMETRIC_REPRESENTATION_CONTEXT(2) 
PARAMETRIC_REPRESENTATION_CONTEXT() REPRESENTATION_CONTEXT('2D SPACE',''
  ) );
#13149 = ADVANCED_FACE('',(#13150),#13112,.T.);
#13150 = FACE_BOUND('',#13151,.F.);
#13151 = EDGE_LOOP('',(#13152,#13182,#13204,#13205));
#13152 = ORIENTED_EDGE('',*,*,#13153,.T.);
#13153 = EDGE_CURVE('',#13154,#13156,#13158,.T.);
#13154 = VERTEX_POINT('',#13155);
#13155 = CARTESIAN_POINT('',(-2.4575,2.2225,19.35));
#13156 = VERTEX_POINT('',#13157);
#13157 = CARTESIAN_POINT('',(-2.4575,2.2225,20.85));
#13158 = SURFACE_CURVE('',#13159,(#13163,#13170),.PCURVE_S1.);
#13159 = LINE('',#13160,#13161);
#13160 = CARTESIAN_POINT('',(-2.4575,2.2225,19.35));
#13161 = VECTOR('',#13162,1.);
#13162 = DIRECTION('',(0.,0.,1.));
#13163 = PCURVE('',#13112,#13164);
#13164 = DEFINITIONAL_REPRESENTATION('',(#13165),#13169);
#13165 = LINE('',#13166,#13167);
#13166 = CARTESIAN_POINT('',(-1.570796326795,0.));
#13167 = VECTOR('',#13168,1.);
#13168 = DIRECTION('',(-0.,-1.));
#13169 = ( GEOMETRIC_REPRESENTATION_CONTEXT(2) 
PARAMETRIC_REPRESENTATION_CONTEXT() REPRESENTATION_CONTEXT('2D SPACE',''
  ) );
#13170 = PCURVE('',#13171,#13176);
#13171 = PLANE('',#13172);
#13172 = AXIS2_PLACEMENT_3D('',#13173,#13174,#13175);
#13173 = CARTESIAN_POINT('',(-2.4575,2.2225,19.35));
#13174 = DIRECTION('',(0.,1.,0.));
#13175 = DIRECTION('',(1.,0.,0.));
#13176 = DEFINITIONAL_REPRESENTATION('',(#13177),#13181);
#13177 = LINE('',#13178,#13179);
#13178 = CARTESIAN_POINT('',(0.,0.));
#13179 = VECTOR('',#13180,1.);
#13180 = DIRECTION('',(0.,-1.));
#13181 = ( GEOMETRIC_REPRESENTATION_CONTEXT(2) 
PARAMETRIC_REPRESENTATION_CONTEXT() REPRESENTATION_CONTEXT('2D SPACE',''
  ) );
#13182 = ORIENTED_EDGE('',*,*,#13183,.T.);
#13183 = EDGE_CURVE('',#13156,#13069,#13184,.T.);
#13184 = SURFACE_CURVE('',#13185,(#13190,#13197),.PCURVE_S1.);
#13185 = CIRCLE('',#13186,0.4);
#13186 = AXIS2_PLACEMENT_3D('',#13187,#13188,#13189);
#13187 = CARTESIAN_POINT('',(-2.4575,1.8225,20.85));
#13188 = DIRECTION('',(0.,0.,1.));
#13189 = DIRECTION('',(1.,0.,0.));
#13190 = PCURVE('',#13112,#13191);
#13191 = DEFINITIONAL_REPRESENTATION('',(#13192),#13196);
#13192 = LINE('',#13193,#13194);
#13193 = CARTESIAN_POINT('',(-0.,-1.5));
#13194 = VECTOR('',#13195,1.);
#13195 = DIRECTION('',(-1.,0.));
#13196 = ( GEOMETRIC_REPRESENTATION_CONTEXT(2) 
PARAMETRIC_REPRESENTATION_CONTEXT() REPRESENTATION_CONTEXT('2D SPACE',''
  ) );
#13197 = PCURVE('',#13084,#13198);
#13198 = DEFINITIONAL_REPRESENTATION('',(#13199),#13203);
#13199 = CIRCLE('',#13200,0.4);
#13200 = AXIS2_PLACEMENT_2D('',#13201,#13202);
#13201 = CARTESIAN_POINT('',(-2.4575,1.8225));
#13202 = DIRECTION('',(1.,0.));
#13203 = ( GEOMETRIC_REPRESENTATION_CONTEXT(2) 
PARAMETRIC_REPRESENTATION_CONTEXT() REPRESENTATION_CONTEXT('2D SPACE',''
  ) );
#13204 = ORIENTED_EDGE('',*,*,#13096,.F.);
#13205 = ORIENTED_EDGE('',*,*,#13206,.F.);
#13206 = EDGE_CURVE('',#13154,#13097,#13207,.T.);
#13207 = SURFACE_CURVE('',#13208,(#13213,#13220),.PCURVE_S1.);
#13208 = CIRCLE('',#13209,0.4);
#13209 = AXIS2_PLACEMENT_3D('',#13210,#13211,#13212);
#13210 = CARTESIAN_POINT('',(-2.4575,1.8225,19.35));
#13211 = DIRECTION('',(0.,0.,1.));
#13212 = DIRECTION('',(1.,0.,0.));
#13213 = PCURVE('',#13112,#13214);
#13214 = DEFINITIONAL_REPRESENTATION('',(#13215),#13219);
#13215 = LINE('',#13216,#13217);
#13216 = CARTESIAN_POINT('',(-0.,0.));
#13217 = VECTOR('',#13218,1.);
#13218 = DIRECTION('',(-1.,0.));
#13219 = ( GEOMETRIC_REPRESENTATION_CONTEXT(2) 
PARAMETRIC_REPRESENTATION_CONTEXT() REPRESENTATION_CONTEXT('2D SPACE',''
  ) );
#13220 = PCURVE('',#13138,#13221);
#13221 = DEFINITIONAL_REPRESENTATION('',(#13222),#13226);
#13222 = CIRCLE('',#13223,0.4);
#13223 = AXIS2_PLACEMENT_2D('',#13224,#13225);
#13224 = CARTESIAN_POINT('',(-2.4575,1.8225));
#13225 = DIRECTION('',(1.,0.));
#13226 = ( GEOMETRIC_REPRESENTATION_CONTEXT(2) 
PARAMETRIC_REPRESENTATION_CONTEXT() REPRESENTATION_CONTEXT('2D SPACE',''
  ) );
#13227 = ADVANCED_FACE('',(#13228),#13056,.T.);
#13228 = FACE_BOUND('',#13229,.F.);
#13229 = EDGE_LOOP('',(#13230,#13231,#13255,#13283));
#13230 = ORIENTED_EDGE('',*,*,#13033,.T.);
#13231 = ORIENTED_EDGE('',*,*,#13232,.T.);
#13232 = EDGE_CURVE('',#13036,#13233,#13235,.T.);
#13233 = VERTEX_POINT('',#13234);
#13234 = CARTESIAN_POINT('',(-2.4575,-2.2225,20.85));
#13235 = SURFACE_CURVE('',#13236,(#13241,#13248),.PCURVE_S1.);
#13236 = CIRCLE('',#13237,0.4);
#13237 = AXIS2_PLACEMENT_3D('',#13238,#13239,#13240);
#13238 = CARTESIAN_POINT('',(-2.4575,-1.8225,20.85));
#13239 = DIRECTION('',(0.,0.,1.));
#13240 = DIRECTION('',(1.,0.,0.));
#13241 = PCURVE('',#13056,#13242);
#13242 = DEFINITIONAL_REPRESENTATION('',(#13243),#13247);
#13243 = LINE('',#13244,#13245);
#13244 = CARTESIAN_POINT('',(-0.,-1.5));
#13245 = VECTOR('',#13246,1.);
#13246 = DIRECTION('',(-1.,0.));
#13247 = ( GEOMETRIC_REPRESENTATION_CONTEXT(2) 
PARAMETRIC_REPRESENTATION_CONTEXT() REPRESENTATION_CONTEXT('2D SPACE',''
  ) );
#13248 = PCURVE('',#13084,#13249);
#13249 = DEFINITIONAL_REPRESENTATION('',(#13250),#13254);
#13250 = CIRCLE('',#13251,0.4);
#13251 = AXIS2_PLACEMENT_2D('',#13252,#13253);
#13252 = CARTESIAN_POINT('',(-2.4575,-1.8225));
#13253 = DIRECTION('',(1.,0.));
#13254 = ( GEOMETRIC_REPRESENTATION_CONTEXT(2) 
PARAMETRIC_REPRESENTATION_CONTEXT() REPRESENTATION_CONTEXT('2D SPACE',''
  ) );
#13255 = ORIENTED_EDGE('',*,*,#13256,.F.);
#13256 = EDGE_CURVE('',#13257,#13233,#13259,.T.);
#13257 = VERTEX_POINT('',#13258);
#13258 = CARTESIAN_POINT('',(-2.4575,-2.2225,19.35));
#13259 = SURFACE_CURVE('',#13260,(#13264,#13271),.PCURVE_S1.);
#13260 = LINE('',#13261,#13262);
#13261 = CARTESIAN_POINT('',(-2.4575,-2.2225,19.35));
#13262 = VECTOR('',#13263,1.);
#13263 = DIRECTION('',(0.,0.,1.));
#13264 = PCURVE('',#13056,#13265);
#13265 = DEFINITIONAL_REPRESENTATION('',(#13266),#13270);
#13266 = LINE('',#13267,#13268);
#13267 = CARTESIAN_POINT('',(-4.712388980385,0.));
#13268 = VECTOR('',#13269,1.);
#13269 = DIRECTION('',(-0.,-1.));
#13270 = ( GEOMETRIC_REPRESENTATION_CONTEXT(2) 
PARAMETRIC_REPRESENTATION_CONTEXT() REPRESENTATION_CONTEXT('2D SPACE',''
  ) );
#13271 = PCURVE('',#13272,#13277);
#13272 = PLANE('',#13273);
#13273 = AXIS2_PLACEMENT_3D('',#13274,#13275,#13276);
#13274 = CARTESIAN_POINT('',(-2.4575,-2.2225,19.35));
#13275 = DIRECTION('',(0.,1.,0.));
#13276 = DIRECTION('',(1.,0.,0.));
#13277 = DEFINITIONAL_REPRESENTATION('',(#13278),#13282);
#13278 = LINE('',#13279,#13280);
#13279 = CARTESIAN_POINT('',(0.,0.));
#13280 = VECTOR('',#13281,1.);
#13281 = DIRECTION('',(0.,-1.));
#13282 = ( GEOMETRIC_REPRESENTATION_CONTEXT(2) 
PARAMETRIC_REPRESENTATION_CONTEXT() REPRESENTATION_CONTEXT('2D SPACE',''
  ) );
#13283 = ORIENTED_EDGE('',*,*,#13284,.F.);
#13284 = EDGE_CURVE('',#13034,#13257,#13285,.T.);
#13285 = SURFACE_CURVE('',#13286,(#13291,#13298),.PCURVE_S1.);
#13286 = CIRCLE('',#13287,0.4);
#13287 = AXIS2_PLACEMENT_3D('',#13288,#13289,#13290);
#13288 = CARTESIAN_POINT('',(-2.4575,-1.8225,19.35));
#13289 = DIRECTION('',(0.,0.,1.));
#13290 = DIRECTION('',(1.,0.,0.));
#13291 = PCURVE('',#13056,#13292);
#13292 = DEFINITIONAL_REPRESENTATION('',(#13293),#13297);
#13293 = LINE('',#13294,#13295);
#13294 = CARTESIAN_POINT('',(-0.,0.));
#13295 = VECTOR('',#13296,1.);
#13296 = DIRECTION('',(-1.,0.));
#13297 = ( GEOMETRIC_REPRESENTATION_CONTEXT(2) 
PARAMETRIC_REPRESENTATION_CONTEXT() REPRESENTATION_CONTEXT('2D SPACE',''
  ) );
#13298 = PCURVE('',#13138,#13299);
#13299 = DEFINITIONAL_REPRESENTATION('',(#13300),#13304);
#13300 = CIRCLE('',#13301,0.4);
#13301 = AXIS2_PLACEMENT_2D('',#13302,#13303);
#13302 = CARTESIAN_POINT('',(-2.4575,-1.8225));
#13303 = DIRECTION('',(1.,0.));
#13304 = ( GEOMETRIC_REPRESENTATION_CONTEXT(2) 
PARAMETRIC_REPRESENTATION_CONTEXT() REPRESENTATION_CONTEXT('2D SPACE',''
  ) );
#13305 = ADVANCED_FACE('',(#13306),#13272,.F.);
#13306 = FACE_BOUND('',#13307,.F.);
#13307 = EDGE_LOOP('',(#13308,#13309,#13332,#13360));
#13308 = ORIENTED_EDGE('',*,*,#13256,.T.);
#13309 = ORIENTED_EDGE('',*,*,#13310,.T.);
#13310 = EDGE_CURVE('',#13233,#13311,#13313,.T.);
#13311 = VERTEX_POINT('',#13312);
#13312 = CARTESIAN_POINT('',(2.4575,-2.2225,20.85));
#13313 = SURFACE_CURVE('',#13314,(#13318,#13325),.PCURVE_S1.);
#13314 = LINE('',#13315,#13316);
#13315 = CARTESIAN_POINT('',(0.,-2.2225,20.85));
#13316 = VECTOR('',#13317,1.);
#13317 = DIRECTION('',(1.,0.,0.));
#13318 = PCURVE('',#13272,#13319);
#13319 = DEFINITIONAL_REPRESENTATION('',(#13320),#13324);
#13320 = LINE('',#13321,#13322);
#13321 = CARTESIAN_POINT('',(2.4575,-1.5));
#13322 = VECTOR('',#13323,1.);
#13323 = DIRECTION('',(1.,0.));
#13324 = ( GEOMETRIC_REPRESENTATION_CONTEXT(2) 
PARAMETRIC_REPRESENTATION_CONTEXT() REPRESENTATION_CONTEXT('2D SPACE',''
  ) );
#13325 = PCURVE('',#13084,#13326);
#13326 = DEFINITIONAL_REPRESENTATION('',(#13327),#13331);
#13327 = LINE('',#13328,#13329);
#13328 = CARTESIAN_POINT('',(0.,-2.2225));
#13329 = VECTOR('',#13330,1.);
#13330 = DIRECTION('',(1.,0.));
#13331 = ( GEOMETRIC_REPRESENTATION_CONTEXT(2) 
PARAMETRIC_REPRESENTATION_CONTEXT() REPRESENTATION_CONTEXT('2D SPACE',''
  ) );
#13332 = ORIENTED_EDGE('',*,*,#13333,.F.);
#13333 = EDGE_CURVE('',#13334,#13311,#13336,.T.);
#13334 = VERTEX_POINT('',#13335);
#13335 = CARTESIAN_POINT('',(2.4575,-2.2225,19.35));
#13336 = SURFACE_CURVE('',#13337,(#13341,#13348),.PCURVE_S1.);
#13337 = LINE('',#13338,#13339);
#13338 = CARTESIAN_POINT('',(2.4575,-2.2225,19.35));
#13339 = VECTOR('',#13340,1.);
#13340 = DIRECTION('',(0.,0.,1.));
#13341 = PCURVE('',#13272,#13342);
#13342 = DEFINITIONAL_REPRESENTATION('',(#13343),#13347);
#13343 = LINE('',#13344,#13345);
#13344 = CARTESIAN_POINT('',(4.915,0.));
#13345 = VECTOR('',#13346,1.);
#13346 = DIRECTION('',(0.,-1.));
#13347 = ( GEOMETRIC_REPRESENTATION_CONTEXT(2) 
PARAMETRIC_REPRESENTATION_CONTEXT() REPRESENTATION_CONTEXT('2D SPACE',''
  ) );
#13348 = PCURVE('',#13349,#13354);
#13349 = CYLINDRICAL_SURFACE('',#13350,0.4);
#13350 = AXIS2_PLACEMENT_3D('',#13351,#13352,#13353);
#13351 = CARTESIAN_POINT('',(2.4575,-1.8225,19.35));
#13352 = DIRECTION('',(-0.,-0.,-1.));
#13353 = DIRECTION('',(1.,0.,0.));
#13354 = DEFINITIONAL_REPRESENTATION('',(#13355),#13359);
#13355 = LINE('',#13356,#13357);
#13356 = CARTESIAN_POINT('',(-4.712388980385,0.));
#13357 = VECTOR('',#13358,1.);
#13358 = DIRECTION('',(-0.,-1.));
#13359 = ( GEOMETRIC_REPRESENTATION_CONTEXT(2) 
PARAMETRIC_REPRESENTATION_CONTEXT() REPRESENTATION_CONTEXT('2D SPACE',''
  ) );
#13360 = ORIENTED_EDGE('',*,*,#13361,.F.);
#13361 = EDGE_CURVE('',#13257,#13334,#13362,.T.);
#13362 = SURFACE_CURVE('',#13363,(#13367,#13374),.PCURVE_S1.);
#13363 = LINE('',#13364,#13365);
#13364 = CARTESIAN_POINT('',(0.,-2.2225,19.35));
#13365 = VECTOR('',#13366,1.);
#13366 = DIRECTION('',(1.,0.,0.));
#13367 = PCURVE('',#13272,#13368);
#13368 = DEFINITIONAL_REPRESENTATION('',(#13369),#13373);
#13369 = LINE('',#13370,#13371);
#13370 = CARTESIAN_POINT('',(2.4575,0.));
#13371 = VECTOR('',#13372,1.);
#13372 = DIRECTION('',(1.,0.));
#13373 = ( GEOMETRIC_REPRESENTATION_CONTEXT(2) 
PARAMETRIC_REPRESENTATION_CONTEXT() REPRESENTATION_CONTEXT('2D SPACE',''
  ) );
#13374 = PCURVE('',#13138,#13375);
#13375 = DEFINITIONAL_REPRESENTATION('',(#13376),#13380);
#13376 = LINE('',#13377,#13378);
#13377 = CARTESIAN_POINT('',(0.,-2.2225));
#13378 = VECTOR('',#13379,1.);
#13379 = DIRECTION('',(1.,0.));
#13380 = ( GEOMETRIC_REPRESENTATION_CONTEXT(2) 
PARAMETRIC_REPRESENTATION_CONTEXT() REPRESENTATION_CONTEXT('2D SPACE',''
  ) );
#13381 = ADVANCED_FACE('',(#13382),#13349,.T.);
#13382 = FACE_BOUND('',#13383,.F.);
#13383 = EDGE_LOOP('',(#13384,#13385,#13409,#13437));
#13384 = ORIENTED_EDGE('',*,*,#13333,.T.);
#13385 = ORIENTED_EDGE('',*,*,#13386,.T.);
#13386 = EDGE_CURVE('',#13311,#13387,#13389,.T.);
#13387 = VERTEX_POINT('',#13388);
#13388 = CARTESIAN_POINT('',(2.8575,-1.8225,20.85));
#13389 = SURFACE_CURVE('',#13390,(#13395,#13402),.PCURVE_S1.);
#13390 = CIRCLE('',#13391,0.4);
#13391 = AXIS2_PLACEMENT_3D('',#13392,#13393,#13394);
#13392 = CARTESIAN_POINT('',(2.4575,-1.8225,20.85));
#13393 = DIRECTION('',(0.,0.,1.));
#13394 = DIRECTION('',(1.,0.,0.));
#13395 = PCURVE('',#13349,#13396);
#13396 = DEFINITIONAL_REPRESENTATION('',(#13397),#13401);
#13397 = LINE('',#13398,#13399);
#13398 = CARTESIAN_POINT('',(-0.,-1.5));
#13399 = VECTOR('',#13400,1.);
#13400 = DIRECTION('',(-1.,0.));
#13401 = ( GEOMETRIC_REPRESENTATION_CONTEXT(2) 
PARAMETRIC_REPRESENTATION_CONTEXT() REPRESENTATION_CONTEXT('2D SPACE',''
  ) );
#13402 = PCURVE('',#13084,#13403);
#13403 = DEFINITIONAL_REPRESENTATION('',(#13404),#13408);
#13404 = CIRCLE('',#13405,0.4);
#13405 = AXIS2_PLACEMENT_2D('',#13406,#13407);
#13406 = CARTESIAN_POINT('',(2.4575,-1.8225));
#13407 = DIRECTION('',(1.,0.));
#13408 = ( GEOMETRIC_REPRESENTATION_CONTEXT(2) 
PARAMETRIC_REPRESENTATION_CONTEXT() REPRESENTATION_CONTEXT('2D SPACE',''
  ) );
#13409 = ORIENTED_EDGE('',*,*,#13410,.F.);
#13410 = EDGE_CURVE('',#13411,#13387,#13413,.T.);
#13411 = VERTEX_POINT('',#13412);
#13412 = CARTESIAN_POINT('',(2.8575,-1.8225,19.35));
#13413 = SURFACE_CURVE('',#13414,(#13418,#13425),.PCURVE_S1.);
#13414 = LINE('',#13415,#13416);
#13415 = CARTESIAN_POINT('',(2.8575,-1.8225,19.35));
#13416 = VECTOR('',#13417,1.);
#13417 = DIRECTION('',(0.,0.,1.));
#13418 = PCURVE('',#13349,#13419);
#13419 = DEFINITIONAL_REPRESENTATION('',(#13420),#13424);
#13420 = LINE('',#13421,#13422);
#13421 = CARTESIAN_POINT('',(-6.28318530718,0.));
#13422 = VECTOR('',#13423,1.);
#13423 = DIRECTION('',(-0.,-1.));
#13424 = ( GEOMETRIC_REPRESENTATION_CONTEXT(2) 
PARAMETRIC_REPRESENTATION_CONTEXT() REPRESENTATION_CONTEXT('2D SPACE',''
  ) );
#13425 = PCURVE('',#13426,#13431);
#13426 = PLANE('',#13427);
#13427 = AXIS2_PLACEMENT_3D('',#13428,#13429,#13430);
#13428 = CARTESIAN_POINT('',(2.8575,-1.8225,19.35));
#13429 = DIRECTION('',(-1.,0.,0.));
#13430 = DIRECTION('',(0.,1.,0.));
#13431 = DEFINITIONAL_REPRESENTATION('',(#13432),#13436);
#13432 = LINE('',#13433,#13434);
#13433 = CARTESIAN_POINT('',(0.,0.));
#13434 = VECTOR('',#13435,1.);
#13435 = DIRECTION('',(0.,-1.));
#13436 = ( GEOMETRIC_REPRESENTATION_CONTEXT(2) 
PARAMETRIC_REPRESENTATION_CONTEXT() REPRESENTATION_CONTEXT('2D SPACE',''
  ) );
#13437 = ORIENTED_EDGE('',*,*,#13438,.F.);
#13438 = EDGE_CURVE('',#13334,#13411,#13439,.T.);
#13439 = SURFACE_CURVE('',#13440,(#13445,#13452),.PCURVE_S1.);
#13440 = CIRCLE('',#13441,0.4);
#13441 = AXIS2_PLACEMENT_3D('',#13442,#13443,#13444);
#13442 = CARTESIAN_POINT('',(2.4575,-1.8225,19.35));
#13443 = DIRECTION('',(0.,0.,1.));
#13444 = DIRECTION('',(1.,0.,0.));
#13445 = PCURVE('',#13349,#13446);
#13446 = DEFINITIONAL_REPRESENTATION('',(#13447),#13451);
#13447 = LINE('',#13448,#13449);
#13448 = CARTESIAN_POINT('',(-0.,0.));
#13449 = VECTOR('',#13450,1.);
#13450 = DIRECTION('',(-1.,0.));
#13451 = ( GEOMETRIC_REPRESENTATION_CONTEXT(2) 
PARAMETRIC_REPRESENTATION_CONTEXT() REPRESENTATION_CONTEXT('2D SPACE',''
  ) );
#13452 = PCURVE('',#13138,#13453);
#13453 = DEFINITIONAL_REPRESENTATION('',(#13454),#13458);
#13454 = CIRCLE('',#13455,0.4);
#13455 = AXIS2_PLACEMENT_2D('',#13456,#13457);
#13456 = CARTESIAN_POINT('',(2.4575,-1.8225));
#13457 = DIRECTION('',(1.,0.));
#13458 = ( GEOMETRIC_REPRESENTATION_CONTEXT(2) 
PARAMETRIC_REPRESENTATION_CONTEXT() REPRESENTATION_CONTEXT('2D SPACE',''
  ) );
#13459 = ADVANCED_FACE('',(#13460),#13426,.F.);
#13460 = FACE_BOUND('',#13461,.F.);
#13461 = EDGE_LOOP('',(#13462,#13463,#13486,#13514));
#13462 = ORIENTED_EDGE('',*,*,#13410,.T.);
#13463 = ORIENTED_EDGE('',*,*,#13464,.T.);
#13464 = EDGE_CURVE('',#13387,#13465,#13467,.T.);
#13465 = VERTEX_POINT('',#13466);
#13466 = CARTESIAN_POINT('',(2.8575,1.8225,20.85));
#13467 = SURFACE_CURVE('',#13468,(#13472,#13479),.PCURVE_S1.);
#13468 = LINE('',#13469,#13470);
#13469 = CARTESIAN_POINT('',(2.8575,0.,20.85));
#13470 = VECTOR('',#13471,1.);
#13471 = DIRECTION('',(0.,1.,0.));
#13472 = PCURVE('',#13426,#13473);
#13473 = DEFINITIONAL_REPRESENTATION('',(#13474),#13478);
#13474 = LINE('',#13475,#13476);
#13475 = CARTESIAN_POINT('',(1.8225,-1.5));
#13476 = VECTOR('',#13477,1.);
#13477 = DIRECTION('',(1.,0.));
#13478 = ( GEOMETRIC_REPRESENTATION_CONTEXT(2) 
PARAMETRIC_REPRESENTATION_CONTEXT() REPRESENTATION_CONTEXT('2D SPACE',''
  ) );
#13479 = PCURVE('',#13084,#13480);
#13480 = DEFINITIONAL_REPRESENTATION('',(#13481),#13485);
#13481 = LINE('',#13482,#13483);
#13482 = CARTESIAN_POINT('',(2.8575,0.));
#13483 = VECTOR('',#13484,1.);
#13484 = DIRECTION('',(0.,1.));
#13485 = ( GEOMETRIC_REPRESENTATION_CONTEXT(2) 
PARAMETRIC_REPRESENTATION_CONTEXT() REPRESENTATION_CONTEXT('2D SPACE',''
  ) );
#13486 = ORIENTED_EDGE('',*,*,#13487,.F.);
#13487 = EDGE_CURVE('',#13488,#13465,#13490,.T.);
#13488 = VERTEX_POINT('',#13489);
#13489 = CARTESIAN_POINT('',(2.8575,1.8225,19.35));
#13490 = SURFACE_CURVE('',#13491,(#13495,#13502),.PCURVE_S1.);
#13491 = LINE('',#13492,#13493);
#13492 = CARTESIAN_POINT('',(2.8575,1.8225,19.35));
#13493 = VECTOR('',#13494,1.);
#13494 = DIRECTION('',(0.,0.,1.));
#13495 = PCURVE('',#13426,#13496);
#13496 = DEFINITIONAL_REPRESENTATION('',(#13497),#13501);
#13497 = LINE('',#13498,#13499);
#13498 = CARTESIAN_POINT('',(3.645,0.));
#13499 = VECTOR('',#13500,1.);
#13500 = DIRECTION('',(0.,-1.));
#13501 = ( GEOMETRIC_REPRESENTATION_CONTEXT(2) 
PARAMETRIC_REPRESENTATION_CONTEXT() REPRESENTATION_CONTEXT('2D SPACE',''
  ) );
#13502 = PCURVE('',#13503,#13508);
#13503 = CYLINDRICAL_SURFACE('',#13504,0.4);
#13504 = AXIS2_PLACEMENT_3D('',#13505,#13506,#13507);
#13505 = CARTESIAN_POINT('',(2.4575,1.8225,19.35));
#13506 = DIRECTION('',(-0.,-0.,-1.));
#13507 = DIRECTION('',(1.,0.,0.));
#13508 = DEFINITIONAL_REPRESENTATION('',(#13509),#13513);
#13509 = LINE('',#13510,#13511);
#13510 = CARTESIAN_POINT('',(-0.,0.));
#13511 = VECTOR('',#13512,1.);
#13512 = DIRECTION('',(-0.,-1.));
#13513 = ( GEOMETRIC_REPRESENTATION_CONTEXT(2) 
PARAMETRIC_REPRESENTATION_CONTEXT() REPRESENTATION_CONTEXT('2D SPACE',''
  ) );
#13514 = ORIENTED_EDGE('',*,*,#13515,.F.);
#13515 = EDGE_CURVE('',#13411,#13488,#13516,.T.);
#13516 = SURFACE_CURVE('',#13517,(#13521,#13528),.PCURVE_S1.);
#13517 = LINE('',#13518,#13519);
#13518 = CARTESIAN_POINT('',(2.8575,0.,19.35));
#13519 = VECTOR('',#13520,1.);
#13520 = DIRECTION('',(0.,1.,0.));
#13521 = PCURVE('',#13426,#13522);
#13522 = DEFINITIONAL_REPRESENTATION('',(#13523),#13527);
#13523 = LINE('',#13524,#13525);
#13524 = CARTESIAN_POINT('',(1.8225,0.));
#13525 = VECTOR('',#13526,1.);
#13526 = DIRECTION('',(1.,0.));
#13527 = ( GEOMETRIC_REPRESENTATION_CONTEXT(2) 
PARAMETRIC_REPRESENTATION_CONTEXT() REPRESENTATION_CONTEXT('2D SPACE',''
  ) );
#13528 = PCURVE('',#13138,#13529);
#13529 = DEFINITIONAL_REPRESENTATION('',(#13530),#13534);
#13530 = LINE('',#13531,#13532);
#13531 = CARTESIAN_POINT('',(2.8575,0.));
#13532 = VECTOR('',#13533,1.);
#13533 = DIRECTION('',(0.,1.));
#13534 = ( GEOMETRIC_REPRESENTATION_CONTEXT(2) 
PARAMETRIC_REPRESENTATION_CONTEXT() REPRESENTATION_CONTEXT('2D SPACE',''
  ) );
#13535 = ADVANCED_FACE('',(#13536),#13503,.T.);
#13536 = FACE_BOUND('',#13537,.F.);
#13537 = EDGE_LOOP('',(#13538,#13539,#13563,#13586));
#13538 = ORIENTED_EDGE('',*,*,#13487,.T.);
#13539 = ORIENTED_EDGE('',*,*,#13540,.T.);
#13540 = EDGE_CURVE('',#13465,#13541,#13543,.T.);
#13541 = VERTEX_POINT('',#13542);
#13542 = CARTESIAN_POINT('',(2.4575,2.2225,20.85));
#13543 = SURFACE_CURVE('',#13544,(#13549,#13556),.PCURVE_S1.);
#13544 = CIRCLE('',#13545,0.4);
#13545 = AXIS2_PLACEMENT_3D('',#13546,#13547,#13548);
#13546 = CARTESIAN_POINT('',(2.4575,1.8225,20.85));
#13547 = DIRECTION('',(0.,0.,1.));
#13548 = DIRECTION('',(1.,0.,0.));
#13549 = PCURVE('',#13503,#13550);
#13550 = DEFINITIONAL_REPRESENTATION('',(#13551),#13555);
#13551 = LINE('',#13552,#13553);
#13552 = CARTESIAN_POINT('',(-0.,-1.5));
#13553 = VECTOR('',#13554,1.);
#13554 = DIRECTION('',(-1.,0.));
#13555 = ( GEOMETRIC_REPRESENTATION_CONTEXT(2) 
PARAMETRIC_REPRESENTATION_CONTEXT() REPRESENTATION_CONTEXT('2D SPACE',''
  ) );
#13556 = PCURVE('',#13084,#13557);
#13557 = DEFINITIONAL_REPRESENTATION('',(#13558),#13562);
#13558 = CIRCLE('',#13559,0.4);
#13559 = AXIS2_PLACEMENT_2D('',#13560,#13561);
#13560 = CARTESIAN_POINT('',(2.4575,1.8225));
#13561 = DIRECTION('',(1.,0.));
#13562 = ( GEOMETRIC_REPRESENTATION_CONTEXT(2) 
PARAMETRIC_REPRESENTATION_CONTEXT() REPRESENTATION_CONTEXT('2D SPACE',''
  ) );
#13563 = ORIENTED_EDGE('',*,*,#13564,.F.);
#13564 = EDGE_CURVE('',#13565,#13541,#13567,.T.);
#13565 = VERTEX_POINT('',#13566);
#13566 = CARTESIAN_POINT('',(2.4575,2.2225,19.35));
#13567 = SURFACE_CURVE('',#13568,(#13572,#13579),.PCURVE_S1.);
#13568 = LINE('',#13569,#13570);
#13569 = CARTESIAN_POINT('',(2.4575,2.2225,19.35));
#13570 = VECTOR('',#13571,1.);
#13571 = DIRECTION('',(0.,0.,1.));
#13572 = PCURVE('',#13503,#13573);
#13573 = DEFINITIONAL_REPRESENTATION('',(#13574),#13578);
#13574 = LINE('',#13575,#13576);
#13575 = CARTESIAN_POINT('',(-1.570796326795,0.));
#13576 = VECTOR('',#13577,1.);
#13577 = DIRECTION('',(-0.,-1.));
#13578 = ( GEOMETRIC_REPRESENTATION_CONTEXT(2) 
PARAMETRIC_REPRESENTATION_CONTEXT() REPRESENTATION_CONTEXT('2D SPACE',''
  ) );
#13579 = PCURVE('',#13171,#13580);
#13580 = DEFINITIONAL_REPRESENTATION('',(#13581),#13585);
#13581 = LINE('',#13582,#13583);
#13582 = CARTESIAN_POINT('',(4.915,0.));
#13583 = VECTOR('',#13584,1.);
#13584 = DIRECTION('',(0.,-1.));
#13585 = ( GEOMETRIC_REPRESENTATION_CONTEXT(2) 
PARAMETRIC_REPRESENTATION_CONTEXT() REPRESENTATION_CONTEXT('2D SPACE',''
  ) );
#13586 = ORIENTED_EDGE('',*,*,#13587,.F.);
#13587 = EDGE_CURVE('',#13488,#13565,#13588,.T.);
#13588 = SURFACE_CURVE('',#13589,(#13594,#13601),.PCURVE_S1.);
#13589 = CIRCLE('',#13590,0.4);
#13590 = AXIS2_PLACEMENT_3D('',#13591,#13592,#13593);
#13591 = CARTESIAN_POINT('',(2.4575,1.8225,19.35));
#13592 = DIRECTION('',(0.,0.,1.));
#13593 = DIRECTION('',(1.,0.,0.));
#13594 = PCURVE('',#13503,#13595);
#13595 = DEFINITIONAL_REPRESENTATION('',(#13596),#13600);
#13596 = LINE('',#13597,#13598);
#13597 = CARTESIAN_POINT('',(-0.,0.));
#13598 = VECTOR('',#13599,1.);
#13599 = DIRECTION('',(-1.,0.));
#13600 = ( GEOMETRIC_REPRESENTATION_CONTEXT(2) 
PARAMETRIC_REPRESENTATION_CONTEXT() REPRESENTATION_CONTEXT('2D SPACE',''
  ) );
#13601 = PCURVE('',#13138,#13602);
#13602 = DEFINITIONAL_REPRESENTATION('',(#13603),#13607);
#13603 = CIRCLE('',#13604,0.4);
#13604 = AXIS2_PLACEMENT_2D('',#13605,#13606);
#13605 = CARTESIAN_POINT('',(2.4575,1.8225));
#13606 = DIRECTION('',(1.,0.));
#13607 = ( GEOMETRIC_REPRESENTATION_CONTEXT(2) 
PARAMETRIC_REPRESENTATION_CONTEXT() REPRESENTATION_CONTEXT('2D SPACE',''
  ) );
#13608 = ADVANCED_FACE('',(#13609),#13171,.T.);
#13609 = FACE_BOUND('',#13610,.T.);
#13610 = EDGE_LOOP('',(#13611,#13612,#13633,#13634));
#13611 = ORIENTED_EDGE('',*,*,#13153,.T.);
#13612 = ORIENTED_EDGE('',*,*,#13613,.T.);
#13613 = EDGE_CURVE('',#13156,#13541,#13614,.T.);
#13614 = SURFACE_CURVE('',#13615,(#13619,#13626),.PCURVE_S1.);
#13615 = LINE('',#13616,#13617);
#13616 = CARTESIAN_POINT('',(0.,2.2225,20.85));
#13617 = VECTOR('',#13618,1.);
#13618 = DIRECTION('',(1.,0.,0.));
#13619 = PCURVE('',#13171,#13620);
#13620 = DEFINITIONAL_REPRESENTATION('',(#13621),#13625);
#13621 = LINE('',#13622,#13623);
#13622 = CARTESIAN_POINT('',(2.4575,-1.5));
#13623 = VECTOR('',#13624,1.);
#13624 = DIRECTION('',(1.,0.));
#13625 = ( GEOMETRIC_REPRESENTATION_CONTEXT(2) 
PARAMETRIC_REPRESENTATION_CONTEXT() REPRESENTATION_CONTEXT('2D SPACE',''
  ) );
#13626 = PCURVE('',#13084,#13627);
#13627 = DEFINITIONAL_REPRESENTATION('',(#13628),#13632);
#13628 = LINE('',#13629,#13630);
#13629 = CARTESIAN_POINT('',(0.,2.2225));
#13630 = VECTOR('',#13631,1.);
#13631 = DIRECTION('',(1.,0.));
#13632 = ( GEOMETRIC_REPRESENTATION_CONTEXT(2) 
PARAMETRIC_REPRESENTATION_CONTEXT() REPRESENTATION_CONTEXT('2D SPACE',''
  ) );
#13633 = ORIENTED_EDGE('',*,*,#13564,.F.);
#13634 = ORIENTED_EDGE('',*,*,#13635,.F.);
#13635 = EDGE_CURVE('',#13154,#13565,#13636,.T.);
#13636 = SURFACE_CURVE('',#13637,(#13641,#13648),.PCURVE_S1.);
#13637 = LINE('',#13638,#13639);
#13638 = CARTESIAN_POINT('',(0.,2.2225,19.35));
#13639 = VECTOR('',#13640,1.);
#13640 = DIRECTION('',(1.,0.,0.));
#13641 = PCURVE('',#13171,#13642);
#13642 = DEFINITIONAL_REPRESENTATION('',(#13643),#13647);
#13643 = LINE('',#13644,#13645);
#13644 = CARTESIAN_POINT('',(2.4575,0.));
#13645 = VECTOR('',#13646,1.);
#13646 = DIRECTION('',(1.,0.));
#13647 = ( GEOMETRIC_REPRESENTATION_CONTEXT(2) 
PARAMETRIC_REPRESENTATION_CONTEXT() REPRESENTATION_CONTEXT('2D SPACE',''
  ) );
#13648 = PCURVE('',#13138,#13649);
#13649 = DEFINITIONAL_REPRESENTATION('',(#13650),#13654);
#13650 = LINE('',#13651,#13652);
#13651 = CARTESIAN_POINT('',(0.,2.2225));
#13652 = VECTOR('',#13653,1.);
#13653 = DIRECTION('',(1.,0.));
#13654 = ( GEOMETRIC_REPRESENTATION_CONTEXT(2) 
PARAMETRIC_REPRESENTATION_CONTEXT() REPRESENTATION_CONTEXT('2D SPACE',''
  ) );
#13655 = ADVANCED_FACE('',(#13656),#13138,.F.);
#13656 = FACE_BOUND('',#13657,.F.);
#13657 = EDGE_LOOP('',(#13658,#13659,#13660,#13661,#13662,#13663,#13664,
    #13665));
#13658 = ORIENTED_EDGE('',*,*,#13124,.F.);
#13659 = ORIENTED_EDGE('',*,*,#13284,.T.);
#13660 = ORIENTED_EDGE('',*,*,#13361,.T.);
#13661 = ORIENTED_EDGE('',*,*,#13438,.T.);
#13662 = ORIENTED_EDGE('',*,*,#13515,.T.);
#13663 = ORIENTED_EDGE('',*,*,#13587,.T.);
#13664 = ORIENTED_EDGE('',*,*,#13635,.F.);
#13665 = ORIENTED_EDGE('',*,*,#13206,.T.);
#13666 = ADVANCED_FACE('',(#13667),#13084,.T.);
#13667 = FACE_BOUND('',#13668,.T.);
#13668 = EDGE_LOOP('',(#13669,#13670,#13671,#13672,#13673,#13674,#13675,
    #13676));
#13669 = ORIENTED_EDGE('',*,*,#13068,.F.);
#13670 = ORIENTED_EDGE('',*,*,#13232,.T.);
#13671 = ORIENTED_EDGE('',*,*,#13310,.T.);
#13672 = ORIENTED_EDGE('',*,*,#13386,.T.);
#13673 = ORIENTED_EDGE('',*,*,#13464,.T.);
#13674 = ORIENTED_EDGE('',*,*,#13540,.T.);
#13675 = ORIENTED_EDGE('',*,*,#13613,.F.);
#13676 = ORIENTED_EDGE('',*,*,#13183,.T.);
#13677 = ( GEOMETRIC_REPRESENTATION_CONTEXT(3) 
GLOBAL_UNCERTAINTY_ASSIGNED_CONTEXT((#13681)) 
GLOBAL_UNIT_ASSIGNED_CONTEXT((#13678,#13679,#13680)) 
REPRESENTATION_CONTEXT('Context #1',
  '3D Context with UNIT and UNCERTAINTY') );
#13678 = ( LENGTH_UNIT() NAMED_UNIT(*) SI_UNIT(.MILLI.,.METRE.) );
#13679 = ( NAMED_UNIT(*) PLANE_ANGLE_UNIT() SI_UNIT($,.RADIAN.) );
#13680 = ( NAMED_UNIT(*) SI_UNIT($,.STERADIAN.) SOLID_ANGLE_UNIT() );
#13681 = UNCERTAINTY_MEASURE_WITH_UNIT(LENGTH_MEASURE(1.E-07),#13678,
  'distance_accuracy_value','confusion accuracy');
#13682 = CONTEXT_DEPENDENT_SHAPE_REPRESENTATION(#13683,#13685);
#13683 = ( REPRESENTATION_RELATIONSHIP('','',#13026,#10) 
REPRESENTATION_RELATIONSHIP_WITH_TRANSFORMATION(#13684) 
SHAPE_REPRESENTATION_RELATIONSHIP() );
#13684 = ITEM_DEFINED_TRANSFORMATION('','',#11,#111);
#13685 = PRODUCT_DEFINITION_SHAPE('Placement','Placement of an item',
  #13686);
#13686 = NEXT_ASSEMBLY_USAGE_OCCURRENCE('173','stub 8 sample','',#5,
  #13021,$);
#13687 = PRODUCT_RELATED_PRODUCT_CATEGORY('part',$,(#13023));
#13688 = SHAPE_DEFINITION_REPRESENTATION(#13689,#13695);
#13689 = PRODUCT_DEFINITION_SHAPE('','',#13690);
#13690 = PRODUCT_DEFINITION('design','',#13691,#13694);
#13691 = PRODUCT_DEFINITION_FORMATION('','',#13692);
#13692 = PRODUCT('stub 9 stub','stub 9 stub','',(#13693));
#13693 = PRODUCT_CONTEXT('',#2,'mechanical');
#13694 = PRODUCT_DEFINITION_CONTEXT('part definition',#2,'design');
#13695 = ADVANCED_BREP_SHAPE_REPRESENTATION('',(#11,#13696),#14178);
#13696 = MANIFOLD_SOLID_BREP('',#13697);
#13697 = CLOSED_SHELL('',(#13698,#13790,#13825,#13860,#13915,#13970,
    #14023,#14062,#14066,#14121,#14174));
#13698 = ADVANCED_FACE('',(#13699),#13712,.T.);
#13699 = FACE_BOUND('',#13700,.F.);
#13700 = EDGE_LOOP('',(#13701,#13735,#13758,#13789));
#13701 = ORIENTED_EDGE('',*,*,#13702,.F.);
#13702 = EDGE_CURVE('',#13703,#13703,#13705,.T.);
#13703 = VERTEX_POINT('',#13704);
#13704 = CARTESIAN_POINT('',(28.35,0.,16.));
#13705 = SURFACE_CURVE('',#13706,(#13711,#13723),.PCURVE_S1.);
#13706 = CIRCLE('',#13707,6.35);
#13707 = AXIS2_PLACEMENT_3D('',#13708,#13709,#13710);
#13708 = CARTESIAN_POINT('',(22.,0.,16.));
#13709 = DIRECTION('',(0.,0.,1.));
#13710 = DIRECTION('',(1.,0.,0.));
#13711 = PCURVE('',#13712,#13717);
#13712 = CYLINDRICAL_SURFACE('',#13713,6.35);
#13713 = AXIS2_PLACEMENT_3D('',#13714,#13715,#13716);
#13714 = CARTESIAN_POINT('',(22.,0.,16.));
#13715 = DIRECTION('',(-0.,-0.,-1.));
#13716 = DIRECTION('',(1.,0.,0.));
#13717 = DEFINITIONAL_REPRESENTATION('',(#13718),#13722);
#13718 = LINE('',#13719,#13720);
#13719 = CARTESIAN_POINT('',(-0.,0.));
#13720 = VECTOR('',#13721,1.);
#13721 = DIRECTION('',(-1.,0.));
#13722 = ( GEOMETRIC_REPRESENTATION_CONTEXT(2) 
PARAMETRIC_REPRESENTATION_CONTEXT() REPRESENTATION_CONTEXT('2D SPACE',''
  ) );
#13723 = PCURVE('',#13724,#13729);
#13724 = PLANE('',#13725);
#13725 = AXIS2_PLACEMENT_3D('',#13726,#13727,#13728);
#13726 = CARTESIAN_POINT('',(22.,6.021627052289E-16,16.));
#13727 = DIRECTION('',(0.,0.,1.));
#13728 = DIRECTION('',(1.,0.,0.));
#13729 = DEFINITIONAL_REPRESENTATION('',(#13730),#13734);
#13730 = CIRCLE('',#13731,6.35);
#13731 = AXIS2_PLACEMENT_2D('',#13732,#13733);
#13732 = CARTESIAN_POINT('',(0.,-6.021627052289E-16));
#13733 = DIRECTION('',(1.,0.));
#13734 = ( GEOMETRIC_REPRESENTATION_CONTEXT(2) 
PARAMETRIC_REPRESENTATION_CONTEXT() REPRESENTATION_CONTEXT('2D SPACE',''
  ) );
#13735 = ORIENTED_EDGE('',*,*,#13736,.T.);
#13736 = EDGE_CURVE('',#13703,#13737,#13739,.T.);
#13737 = VERTEX_POINT('',#13738);
#13738 = CARTESIAN_POINT('',(28.35,0.,17.1));
#13739 = SEAM_CURVE('',#13740,(#13744,#13751),.PCURVE_S1.);
#13740 = LINE('',#13741,#13742);
#13741 = CARTESIAN_POINT('',(28.35,0.,16.));
#13742 = VECTOR('',#13743,1.);
#13743 = DIRECTION('',(0.,0.,1.));
#13744 = PCURVE('',#13712,#13745);
#13745 = DEFINITIONAL_REPRESENTATION('',(#13746),#13750);
#13746 = LINE('',#13747,#13748);
#13747 = CARTESIAN_POINT('',(-6.28318530718,0.));
#13748 = VECTOR('',#13749,1.);
#13749 = DIRECTION('',(-0.,-1.));
#13750 = ( GEOMETRIC_REPRESENTATION_CONTEXT(2) 
PARAMETRIC_REPRESENTATION_CONTEXT() REPRESENTATION_CONTEXT('2D SPACE',''
  ) );
#13751 = PCURVE('',#13712,#13752);
#13752 = DEFINITIONAL_REPRESENTATION('',(#13753),#13757);
#13753 = LINE('',#13754,#13755);
#13754 = CARTESIAN_POINT('',(-0.,0.));
#13755 = VECTOR('',#13756,1.);
#13756 = DIRECTION('',(-0.,-1.));
#13757 = ( GEOMETRIC_REPRESENTATION_CONTEXT(2) 
PARAMETRIC_REPRESENTATION_CONTEXT() REPRESENTATION_CONTEXT('2D SPACE',''
  ) );
#13758 = ORIENTED_EDGE('',*,*,#13759,.F.);
#13759 = EDGE_CURVE('',#13737,#13737,#13760,.T.);
#13760 = SURFACE_CURVE('',#13761,(#13766,#13773),.PCURVE_S1.);
#13761 = CIRCLE('',#13762,6.35);
#13762 = AXIS2_PLACEMENT_3D('',#13763,#13764,#13765);
#13763 = CARTESIAN_POINT('',(22.,0.,17.1));
#13764 = DIRECTION('',(0.,0.,-1.));
#13765 = DIRECTION('',(1.,0.,0.));
#13766 = PCURVE('',#13712,#13767);
#13767 = DEFINITIONAL_REPRESENTATION('',(#13768),#13772);
#13768 = LINE('',#13769,#13770);
#13769 = CARTESIAN_POINT('',(-6.28318530718,-1.1));
#13770 = VECTOR('',#13771,1.);
#13771 = DIRECTION('',(1.,-0.));
#13772 = ( GEOMETRIC_REPRESENTATION_CONTEXT(2) 
PARAMETRIC_REPRESENTATION_CONTEXT() REPRESENTATION_CONTEXT('2D SPACE',''
  ) );
#13773 = PCURVE('',#13774,#13779);
#13774 = PLANE('',#13775);
#13775 = AXIS2_PLACEMENT_3D('',#13776,#13777,#13778);
#13776 = CARTESIAN_POINT('',(22.,1.196249076369E-16,17.1));
#13777 = DIRECTION('',(0.,0.,1.));
#13778 = DIRECTION('',(1.,0.,0.));
#13779 = DEFINITIONAL_REPRESENTATION('',(#13780),#13788);
#13780 = ( BOUNDED_CURVE() B_SPLINE_CURVE(2,(#13781,#13782,#13783,#13784
    ,#13785,#13786,#13787),.UNSPECIFIED.,.T.,.F.) 
B_SPLINE_CURVE_WITH_KNOTS((1,2,2,2,2,1),(-2.094395102393,0.,
    2.094395102393,4.188790204786,6.28318530718,8.377580409573),
.UNSPECIFIED.) CURVE() GEOMETRIC_REPRESENTATION_ITEM() 
RATIONAL_B_SPLINE_CURVE((1.,0.5,1.,0.5,1.,0.5,1.)) REPRESENTATION_ITEM(
  '') );
#13781 = CARTESIAN_POINT('',(6.35,-1.196249076369E-16));
#13782 = CARTESIAN_POINT('',(6.35,-10.99852262806));
#13783 = CARTESIAN_POINT('',(-3.175,-5.499261314031));
#13784 = CARTESIAN_POINT('',(-12.7,-1.674926342554E-15));
#13785 = CARTESIAN_POINT('',(-3.175,5.499261314031));
#13786 = CARTESIAN_POINT('',(6.35,10.998522628062));
#13787 = CARTESIAN_POINT('',(6.35,-1.196249076369E-16));
#13788 = ( GEOMETRIC_REPRESENTATION_CONTEXT(2) 
PARAMETRIC_REPRESENTATION_CONTEXT() REPRESENTATION_CONTEXT('2D SPACE',''
  ) );
#13789 = ORIENTED_EDGE('',*,*,#13736,.F.);
#13790 = ADVANCED_FACE('',(#13791,#13794),#13724,.F.);
#13791 = FACE_BOUND('',#13792,.F.);
#13792 = EDGE_LOOP('',(#13793));
#13793 = ORIENTED_EDGE('',*,*,#13702,.T.);
#13794 = FACE_BOUND('',#13795,.F.);
#13795 = EDGE_LOOP('',(#13796));
#13796 = ORIENTED_EDGE('',*,*,#13797,.F.);
#13797 = EDGE_CURVE('',#13798,#13798,#13800,.T.);
#13798 = VERTEX_POINT('',#13799);
#13799 = CARTESIAN_POINT('',(23.575,0.,16.));
#13800 = SURFACE_CURVE('',#13801,(#13806,#13813),.PCURVE_S1.);
#13801 = CIRCLE('',#13802,1.575);
#13802 = AXIS2_PLACEMENT_3D('',#13803,#13804,#13805);
#13803 = CARTESIAN_POINT('',(22.,0.,16.));
#13804 = DIRECTION('',(0.,0.,1.));
#13805 = DIRECTION('',(1.,0.,0.));
#13806 = PCURVE('',#13724,#13807);
#13807 = DEFINITIONAL_REPRESENTATION('',(#13808),#13812);
#13808 = CIRCLE('',#13809,1.575);
#13809 = AXIS2_PLACEMENT_2D('',#13810,#13811);
#13810 = CARTESIAN_POINT('',(0.,-6.021627052289E-16));
#13811 = DIRECTION('',(1.,0.));
#13812 = ( GEOMETRIC_REPRESENTATION_CONTEXT(2) 
PARAMETRIC_REPRESENTATION_CONTEXT() REPRESENTATION_CONTEXT('2D SPACE',''
  ) );
#13813 = PCURVE('',#13814,#13819);
#13814 = CYLINDRICAL_SURFACE('',#13815,1.575);
#13815 = AXIS2_PLACEMENT_3D('',#13816,#13817,#13818);
#13816 = CARTESIAN_POINT('',(22.,0.,8.));
#13817 = DIRECTION('',(-0.,-0.,-1.));
#13818 = DIRECTION('',(1.,0.,0.));
#13819 = DEFINITIONAL_REPRESENTATION('',(#13820),#13824);
#13820 = LINE('',#13821,#13822);
#13821 = CARTESIAN_POINT('',(-0.,-8.));
#13822 = VECTOR('',#13823,1.);
#13823 = DIRECTION('',(-1.,0.));
#13824 = ( GEOMETRIC_REPRESENTATION_CONTEXT(2) 
PARAMETRIC_REPRESENTATION_CONTEXT() REPRESENTATION_CONTEXT('2D SPACE',''
  ) );
#13825 = ADVANCED_FACE('',(#13826,#13829),#13774,.T.);
#13826 = FACE_BOUND('',#13827,.T.);
#13827 = EDGE_LOOP('',(#13828));
#13828 = ORIENTED_EDGE('',*,*,#13759,.F.);
#13829 = FACE_BOUND('',#13830,.T.);
#13830 = EDGE_LOOP('',(#13831));
#13831 = ORIENTED_EDGE('',*,*,#13832,.F.);
#13832 = EDGE_CURVE('',#13833,#13833,#13835,.T.);
#13833 = VERTEX_POINT('',#13834);
#13834 = CARTESIAN_POINT('',(27.85,4.538137910877E-16,17.1));
#13835 = SURFACE_CURVE('',#13836,(#13841,#13848),.PCURVE_S1.);
#13836 = CIRCLE('',#13837,5.85);
#13837 = AXIS2_PLACEMENT_3D('',#13838,#13839,#13840);
#13838 = CARTESIAN_POINT('',(22.,4.538137910877E-16,17.1));
#13839 = DIRECTION('',(0.,0.,1.));
#13840 = DIRECTION('',(1.,0.,0.));
#13841 = PCURVE('',#13774,#13842);
#13842 = DEFINITIONAL_REPRESENTATION('',(#13843),#13847);
#13843 = CIRCLE('',#13844,5.85);
#13844 = AXIS2_PLACEMENT_2D('',#13845,#13846);
#13845 = CARTESIAN_POINT('',(3.321377597886E-14,3.341888834508E-16));
#13846 = DIRECTION('',(1.,0.));
#13847 = ( GEOMETRIC_REPRESENTATION_CONTEXT(2) 
PARAMETRIC_REPRESENTATION_CONTEXT() REPRESENTATION_CONTEXT('2D SPACE',''
  ) );
#13848 = PCURVE('',#13849,#13854);
#13849 = CYLINDRICAL_SURFACE('',#13850,5.85);
#13850 = AXIS2_PLACEMENT_3D('',#13851,#13852,#13853);
#13851 = CARTESIAN_POINT('',(22.,4.538137910877E-16,17.1));
#13852 = DIRECTION('',(-0.,-0.,-1.));
#13853 = DIRECTION('',(1.,0.,0.));
#13854 = DEFINITIONAL_REPRESENTATION('',(#13855),#13859);
#13855 = LINE('',#13856,#13857);
#13856 = CARTESIAN_POINT('',(-0.,0.));
#13857 = VECTOR('',#13858,1.);
#13858 = DIRECTION('',(-1.,0.));
#13859 = ( GEOMETRIC_REPRESENTATION_CONTEXT(2) 
PARAMETRIC_REPRESENTATION_CONTEXT() REPRESENTATION_CONTEXT('2D SPACE',''
  ) );
#13860 = ADVANCED_FACE('',(#13861),#13814,.T.);
#13861 = FACE_BOUND('',#13862,.F.);
#13862 = EDGE_LOOP('',(#13863,#13886,#13887,#13888));
#13863 = ORIENTED_EDGE('',*,*,#13864,.T.);
#13864 = EDGE_CURVE('',#13865,#13798,#13867,.T.);
#13865 = VERTEX_POINT('',#13866);
#13866 = CARTESIAN_POINT('',(23.575,0.,8.4));
#13867 = SEAM_CURVE('',#13868,(#13872,#13879),.PCURVE_S1.);
#13868 = LINE('',#13869,#13870);
#13869 = CARTESIAN_POINT('',(23.575,0.,8.));
#13870 = VECTOR('',#13871,1.);
#13871 = DIRECTION('',(0.,0.,1.));
#13872 = PCURVE('',#13814,#13873);
#13873 = DEFINITIONAL_REPRESENTATION('',(#13874),#13878);
#13874 = LINE('',#13875,#13876);
#13875 = CARTESIAN_POINT('',(-0.,0.));
#13876 = VECTOR('',#13877,1.);
#13877 = DIRECTION('',(-0.,-1.));
#13878 = ( GEOMETRIC_REPRESENTATION_CONTEXT(2) 
PARAMETRIC_REPRESENTATION_CONTEXT() REPRESENTATION_CONTEXT('2D SPACE',''
  ) );
#13879 = PCURVE('',#13814,#13880);
#13880 = DEFINITIONAL_REPRESENTATION('',(#13881),#13885);
#13881 = LINE('',#13882,#13883);
#13882 = CARTESIAN_POINT('',(-6.28318530718,0.));
#13883 = VECTOR('',#13884,1.);
#13884 = DIRECTION('',(-0.,-1.));
#13885 = ( GEOMETRIC_REPRESENTATION_CONTEXT(2) 
PARAMETRIC_REPRESENTATION_CONTEXT() REPRESENTATION_CONTEXT('2D SPACE',''
  ) );
#13886 = ORIENTED_EDGE('',*,*,#13797,.T.);
#13887 = ORIENTED_EDGE('',*,*,#13864,.F.);
#13888 = ORIENTED_EDGE('',*,*,#13889,.F.);
#13889 = EDGE_CURVE('',#13865,#13865,#13890,.T.);
#13890 = SURFACE_CURVE('',#13891,(#13896,#13903),.PCURVE_S1.);
#13891 = CIRCLE('',#13892,1.575);
#13892 = AXIS2_PLACEMENT_3D('',#13893,#13894,#13895);
#13893 = CARTESIAN_POINT('',(22.,0.,8.4));
#13894 = DIRECTION('',(0.,0.,1.));
#13895 = DIRECTION('',(1.,0.,0.));
#13896 = PCURVE('',#13814,#13897);
#13897 = DEFINITIONAL_REPRESENTATION('',(#13898),#13902);
#13898 = LINE('',#13899,#13900);
#13899 = CARTESIAN_POINT('',(-0.,-0.4));
#13900 = VECTOR('',#13901,1.);
#13901 = DIRECTION('',(-1.,0.));
#13902 = ( GEOMETRIC_REPRESENTATION_CONTEXT(2) 
PARAMETRIC_REPRESENTATION_CONTEXT() REPRESENTATION_CONTEXT('2D SPACE',''
  ) );
#13903 = PCURVE('',#13904,#13909);
#13904 = CONICAL_SURFACE('',#13905,1.575,0.785398163397);
#13905 = AXIS2_PLACEMENT_3D('',#13906,#13907,#13908);
#13906 = CARTESIAN_POINT('',(22.,0.,8.4));
#13907 = DIRECTION('',(0.,0.,1.));
#13908 = DIRECTION('',(1.,0.,0.));
#13909 = DEFINITIONAL_REPRESENTATION('',(#13910),#13914);
#13910 = LINE('',#13911,#13912);
#13911 = CARTESIAN_POINT('',(0.,-0.));
#13912 = VECTOR('',#13913,1.);
#13913 = DIRECTION('',(1.,-0.));
#13914 = ( GEOMETRIC_REPRESENTATION_CONTEXT(2) 
PARAMETRIC_REPRESENTATION_CONTEXT() REPRESENTATION_CONTEXT('2D SPACE',''
  ) );
#13915 = ADVANCED_FACE('',(#13916),#13849,.T.);
#13916 = FACE_BOUND('',#13917,.F.);
#13917 = EDGE_LOOP('',(#13918,#13941,#13968,#13969));
#13918 = ORIENTED_EDGE('',*,*,#13919,.T.);
#13919 = EDGE_CURVE('',#13833,#13920,#13922,.T.);
#13920 = VERTEX_POINT('',#13921);
#13921 = CARTESIAN_POINT('',(27.85,4.538137910877E-16,18.1));
#13922 = SEAM_CURVE('',#13923,(#13927,#13934),.PCURVE_S1.);
#13923 = LINE('',#13924,#13925);
#13924 = CARTESIAN_POINT('',(27.85,4.538137910877E-16,17.1));
#13925 = VECTOR('',#13926,1.);
#13926 = DIRECTION('',(0.,0.,1.));
#13927 = PCURVE('',#13849,#13928);
#13928 = DEFINITIONAL_REPRESENTATION('',(#13929),#13933);
#13929 = LINE('',#13930,#13931);
#13930 = CARTESIAN_POINT('',(-0.,0.));
#13931 = VECTOR('',#13932,1.);
#13932 = DIRECTION('',(-0.,-1.));
#13933 = ( GEOMETRIC_REPRESENTATION_CONTEXT(2) 
PARAMETRIC_REPRESENTATION_CONTEXT() REPRESENTATION_CONTEXT('2D SPACE',''
  ) );
#13934 = PCURVE('',#13849,#13935);
#13935 = DEFINITIONAL_REPRESENTATION('',(#13936),#13940);
#13936 = LINE('',#13937,#13938);
#13937 = CARTESIAN_POINT('',(-6.28318530718,0.));
#13938 = VECTOR('',#13939,1.);
#13939 = DIRECTION('',(-0.,-1.));
#13940 = ( GEOMETRIC_REPRESENTATION_CONTEXT(2) 
PARAMETRIC_REPRESENTATION_CONTEXT() REPRESENTATION_CONTEXT('2D SPACE',''
  ) );
#13941 = ORIENTED_EDGE('',*,*,#13942,.T.);
#13942 = EDGE_CURVE('',#13920,#13920,#13943,.T.);
#13943 = SURFACE_CURVE('',#13944,(#13949,#13956),.PCURVE_S1.);
#13944 = CIRCLE('',#13945,5.85);
#13945 = AXIS2_PLACEMENT_3D('',#13946,#13947,#13948);
#13946 = CARTESIAN_POINT('',(22.,4.538137910877E-16,18.1));
#13947 = DIRECTION('',(0.,0.,1.));
#13948 = DIRECTION('',(1.,0.,0.));
#13949 = PCURVE('',#13849,#13950);
#13950 = DEFINITIONAL_REPRESENTATION('',(#13951),#13955);
#13951 = LINE('',#13952,#13953);
#13952 = CARTESIAN_POINT('',(-0.,-1.));
#13953 = VECTOR('',#13954,1.);
#13954 = DIRECTION('',(-1.,0.));
#13955 = ( GEOMETRIC_REPRESENTATION_CONTEXT(2) 
PARAMETRIC_REPRESENTATION_CONTEXT() REPRESENTATION_CONTEXT('2D SPACE',''
  ) );
#13956 = PCURVE('',#13957,#13962);
#13957 = PLANE('',#13958);
#13958 = AXIS2_PLACEMENT_3D('',#13959,#13960,#13961);
#13959 = CARTESIAN_POINT('',(22.,1.196249076369E-16,18.1));
#13960 = DIRECTION('',(0.,0.,1.));
#13961 = DIRECTION('',(1.,0.,0.));
#13962 = DEFINITIONAL_REPRESENTATION('',(#13963),#13967);
#13963 = CIRCLE('',#13964,5.85);
#13964 = AXIS2_PLACEMENT_2D('',#13965,#13966);
#13965 = CARTESIAN_POINT('',(3.321377597886E-14,3.341888834508E-16));
#13966 = DIRECTION('',(1.,0.));
#13967 = ( GEOMETRIC_REPRESENTATION_CONTEXT(2) 
PARAMETRIC_REPRESENTATION_CONTEXT() REPRESENTATION_CONTEXT('2D SPACE',''
  ) );
#13968 = ORIENTED_EDGE('',*,*,#13919,.F.);
#13969 = ORIENTED_EDGE('',*,*,#13832,.F.);
#13970 = ADVANCED_FACE('',(#13971),#13904,.T.);
#13971 = FACE_BOUND('',#13972,.F.);
#13972 = EDGE_LOOP('',(#13973,#13994,#13995,#13996));
#13973 = ORIENTED_EDGE('',*,*,#13974,.F.);
#13974 = EDGE_CURVE('',#13865,#13975,#13977,.T.);
#13975 = VERTEX_POINT('',#13976);
#13976 = CARTESIAN_POINT('',(23.175,0.,8.));
#13977 = SEAM_CURVE('',#13978,(#13982,#13988),.PCURVE_S1.);
#13978 = LINE('',#13979,#13980);
#13979 = CARTESIAN_POINT('',(23.575,0.,8.4));
#13980 = VECTOR('',#13981,1.);
#13981 = DIRECTION('',(-0.707106781187,-0.,-0.707106781187));
#13982 = PCURVE('',#13904,#13983);
#13983 = DEFINITIONAL_REPRESENTATION('',(#13984),#13987);
#13984 = B_SPLINE_CURVE_WITH_KNOTS('',1,(#13985,#13986),.UNSPECIFIED.,
  .F.,.F.,(2,2),(0.,0.565685424949),.PIECEWISE_BEZIER_KNOTS.);
#13985 = CARTESIAN_POINT('',(0.,0.));
#13986 = CARTESIAN_POINT('',(0.,-0.4));
#13987 = ( GEOMETRIC_REPRESENTATION_CONTEXT(2) 
PARAMETRIC_REPRESENTATION_CONTEXT() REPRESENTATION_CONTEXT('2D SPACE',''
  ) );
#13988 = PCURVE('',#13904,#13989);
#13989 = DEFINITIONAL_REPRESENTATION('',(#13990),#13993);
#13990 = B_SPLINE_CURVE_WITH_KNOTS('',1,(#13991,#13992),.UNSPECIFIED.,
  .F.,.F.,(2,2),(0.,0.565685424949),.PIECEWISE_BEZIER_KNOTS.);
#13991 = CARTESIAN_POINT('',(6.28318530718,0.));
#13992 = CARTESIAN_POINT('',(6.28318530718,-0.4));
#13993 = ( GEOMETRIC_REPRESENTATION_CONTEXT(2) 
PARAMETRIC_REPRESENTATION_CONTEXT() REPRESENTATION_CONTEXT('2D SPACE',''
  ) );
#13994 = ORIENTED_EDGE('',*,*,#13889,.T.);
#13995 = ORIENTED_EDGE('',*,*,#13974,.T.);
#13996 = ORIENTED_EDGE('',*,*,#13997,.F.);
#13997 = EDGE_CURVE('',#13975,#13975,#13998,.T.);
#13998 = SURFACE_CURVE('',#13999,(#14004,#14011),.PCURVE_S1.);
#13999 = CIRCLE('',#14000,1.175);
#14000 = AXIS2_PLACEMENT_3D('',#14001,#14002,#14003);
#14001 = CARTESIAN_POINT('',(22.,0.,8.));
#14002 = DIRECTION('',(0.,0.,1.));
#14003 = DIRECTION('',(1.,0.,0.));
#14004 = PCURVE('',#13904,#14005);
#14005 = DEFINITIONAL_REPRESENTATION('',(#14006),#14010);
#14006 = LINE('',#14007,#14008);
#14007 = CARTESIAN_POINT('',(0.,-0.4));
#14008 = VECTOR('',#14009,1.);
#14009 = DIRECTION('',(1.,-0.));
#14010 = ( GEOMETRIC_REPRESENTATION_CONTEXT(2) 
PARAMETRIC_REPRESENTATION_CONTEXT() REPRESENTATION_CONTEXT('2D SPACE',''
  ) );
#14011 = PCURVE('',#14012,#14017);
#14012 = PLANE('',#14013);
#14013 = AXIS2_PLACEMENT_3D('',#14014,#14015,#14016);
#14014 = CARTESIAN_POINT('',(22.,4.423303769075E-17,8.));
#14015 = DIRECTION('',(0.,0.,1.));
#14016 = DIRECTION('',(1.,0.,0.));
#14017 = DEFINITIONAL_REPRESENTATION('',(#14018),#14022);
#14018 = CIRCLE('',#14019,1.175);
#14019 = AXIS2_PLACEMENT_2D('',#14020,#14021);
#14020 = CARTESIAN_POINT('',(5.426349732299E-17,-4.423303769075E-17));
#14021 = DIRECTION('',(1.,0.));
#14022 = ( GEOMETRIC_REPRESENTATION_CONTEXT(2) 
PARAMETRIC_REPRESENTATION_CONTEXT() REPRESENTATION_CONTEXT('2D SPACE',''
  ) );
#14023 = ADVANCED_FACE('',(#14024,#14059),#13957,.F.);
#14024 = FACE_BOUND('',#14025,.F.);
#14025 = EDGE_LOOP('',(#14026));
#14026 = ORIENTED_EDGE('',*,*,#14027,.F.);
#14027 = EDGE_CURVE('',#14028,#14028,#14030,.T.);
#14028 = VERTEX_POINT('',#14029);
#14029 = CARTESIAN_POINT('',(28.35,0.,18.1));
#14030 = SURFACE_CURVE('',#14031,(#14036,#14047),.PCURVE_S1.);
#14031 = CIRCLE('',#14032,6.35);
#14032 = AXIS2_PLACEMENT_3D('',#14033,#14034,#14035);
#14033 = CARTESIAN_POINT('',(22.,0.,18.1));
#14034 = DIRECTION('',(0.,0.,-1.));
#14035 = DIRECTION('',(1.,0.,0.));
#14036 = PCURVE('',#13957,#14037);
#14037 = DEFINITIONAL_REPRESENTATION('',(#14038),#14046);
#14038 = ( BOUNDED_CURVE() B_SPLINE_CURVE(2,(#14039,#14040,#14041,#14042
    ,#14043,#14044,#14045),.UNSPECIFIED.,.T.,.F.) 
B_SPLINE_CURVE_WITH_KNOTS((1,2,2,2,2,1),(-2.094395102393,0.,
    2.094395102393,4.188790204786,6.28318530718,8.377580409573),
.UNSPECIFIED.) CURVE() GEOMETRIC_REPRESENTATION_ITEM() 
RATIONAL_B_SPLINE_CURVE((1.,0.5,1.,0.5,1.,0.5,1.)) REPRESENTATION_ITEM(
  '') );
#14039 = CARTESIAN_POINT('',(6.35,-1.196249076369E-16));
#14040 = CARTESIAN_POINT('',(6.35,-10.99852262806));
#14041 = CARTESIAN_POINT('',(-3.175,-5.499261314031));
#14042 = CARTESIAN_POINT('',(-12.7,-1.674926342554E-15));
#14043 = CARTESIAN_POINT('',(-3.175,5.499261314031));
#14044 = CARTESIAN_POINT('',(6.35,10.998522628062));
#14045 = CARTESIAN_POINT('',(6.35,-1.196249076369E-16));
#14046 = ( GEOMETRIC_REPRESENTATION_CONTEXT(2) 
PARAMETRIC_REPRESENTATION_CONTEXT() REPRESENTATION_CONTEXT('2D SPACE',''
  ) );
#14047 = PCURVE('',#14048,#14053);
#14048 = CYLINDRICAL_SURFACE('',#14049,6.35);
#14049 = AXIS2_PLACEMENT_3D('',#14050,#14051,#14052);
#14050 = CARTESIAN_POINT('',(22.,0.,16.));
#14051 = DIRECTION('',(-0.,-0.,-1.));
#14052 = DIRECTION('',(1.,0.,0.));
#14053 = DEFINITIONAL_REPRESENTATION('',(#14054),#14058);
#14054 = LINE('',#14055,#14056);
#14055 = CARTESIAN_POINT('',(-6.28318530718,-2.1));
#14056 = VECTOR('',#14057,1.);
#14057 = DIRECTION('',(1.,-0.));
#14058 = ( GEOMETRIC_REPRESENTATION_CONTEXT(2) 
PARAMETRIC_REPRESENTATION_CONTEXT() REPRESENTATION_CONTEXT('2D SPACE',''
  ) );
#14059 = FACE_BOUND('',#14060,.F.);
#14060 = EDGE_LOOP('',(#14061));
#14061 = ORIENTED_EDGE('',*,*,#13942,.F.);
#14062 = ADVANCED_FACE('',(#14063),#14012,.F.);
#14063 = FACE_BOUND('',#14064,.F.);
#14064 = EDGE_LOOP('',(#14065));
#14065 = ORIENTED_EDGE('',*,*,#13997,.T.);
#14066 = ADVANCED_FACE('',(#14067),#14048,.T.);
#14067 = FACE_BOUND('',#14068,.F.);
#14068 = EDGE_LOOP('',(#14069,#14070,#14093,#14120));
#14069 = ORIENTED_EDGE('',*,*,#14027,.T.);
#14070 = ORIENTED_EDGE('',*,*,#14071,.T.);
#14071 = EDGE_CURVE('',#14028,#14072,#14074,.T.);
#14072 = VERTEX_POINT('',#14073);
#14073 = CARTESIAN_POINT('',(28.35,0.,19.));
#14074 = SEAM_CURVE('',#14075,(#14079,#14086),.PCURVE_S1.);
#14075 = LINE('',#14076,#14077);
#14076 = CARTESIAN_POINT('',(28.35,0.,16.));
#14077 = VECTOR('',#14078,1.);
#14078 = DIRECTION('',(0.,0.,1.));
#14079 = PCURVE('',#14048,#14080);
#14080 = DEFINITIONAL_REPRESENTATION('',(#14081),#14085);
#14081 = LINE('',#14082,#14083);
#14082 = CARTESIAN_POINT('',(-6.28318530718,0.));
#14083 = VECTOR('',#14084,1.);
#14084 = DIRECTION('',(-0.,-1.));
#14085 = ( GEOMETRIC_REPRESENTATION_CONTEXT(2) 
PARAMETRIC_REPRESENTATION_CONTEXT() REPRESENTATION_CONTEXT('2D SPACE',''
  ) );
#14086 = PCURVE('',#14048,#14087);
#14087 = DEFINITIONAL_REPRESENTATION('',(#14088),#14092);
#14088 = LINE('',#14089,#14090);
#14089 = CARTESIAN_POINT('',(-0.,0.));
#14090 = VECTOR('',#14091,1.);
#14091 = DIRECTION('',(-0.,-1.));
#14092 = ( GEOMETRIC_REPRESENTATION_CONTEXT(2) 
PARAMETRIC_REPRESENTATION_CONTEXT() REPRESENTATION_CONTEXT('2D SPACE',''
  ) );
#14093 = ORIENTED_EDGE('',*,*,#14094,.T.);
#14094 = EDGE_CURVE('',#14072,#14072,#14095,.T.);
#14095 = SURFACE_CURVE('',#14096,(#14101,#14108),.PCURVE_S1.);
#14096 = CIRCLE('',#14097,6.35);
#14097 = AXIS2_PLACEMENT_3D('',#14098,#14099,#14100);
#14098 = CARTESIAN_POINT('',(22.,0.,19.));
#14099 = DIRECTION('',(0.,0.,1.));
#14100 = DIRECTION('',(1.,0.,0.));
#14101 = PCURVE('',#14048,#14102);
#14102 = DEFINITIONAL_REPRESENTATION('',(#14103),#14107);
#14103 = LINE('',#14104,#14105);
#14104 = CARTESIAN_POINT('',(-0.,-3.));
#14105 = VECTOR('',#14106,1.);
#14106 = DIRECTION('',(-1.,0.));
#14107 = ( GEOMETRIC_REPRESENTATION_CONTEXT(2) 
PARAMETRIC_REPRESENTATION_CONTEXT() REPRESENTATION_CONTEXT('2D SPACE',''
  ) );
#14108 = PCURVE('',#14109,#14114);
#14109 = CONICAL_SURFACE('',#14110,6.35,0.785398163397);
#14110 = AXIS2_PLACEMENT_3D('',#14111,#14112,#14113);
#14111 = CARTESIAN_POINT('',(22.,0.,19.));
#14112 = DIRECTION('',(-0.,-0.,-1.));
#14113 = DIRECTION('',(1.,0.,0.));
#14114 = DEFINITIONAL_REPRESENTATION('',(#14115),#14119);
#14115 = LINE('',#14116,#14117);
#14116 = CARTESIAN_POINT('',(-0.,-0.));
#14117 = VECTOR('',#14118,1.);
#14118 = DIRECTION('',(-1.,-0.));
#14119 = ( GEOMETRIC_REPRESENTATION_CONTEXT(2) 
PARAMETRIC_REPRESENTATION_CONTEXT() REPRESENTATION_CONTEXT('2D SPACE',''
  ) );
#14120 = ORIENTED_EDGE('',*,*,#14071,.F.);
#14121 = ADVANCED_FACE('',(#14122),#14109,.T.);
#14122 = FACE_BOUND('',#14123,.T.);
#14123 = EDGE_LOOP('',(#14124,#14145,#14146,#14147));
#14124 = ORIENTED_EDGE('',*,*,#14125,.F.);
#14125 = EDGE_CURVE('',#14072,#14126,#14128,.T.);
#14126 = VERTEX_POINT('',#14127);
#14127 = CARTESIAN_POINT('',(28.15,0.,19.2));
#14128 = SEAM_CURVE('',#14129,(#14133,#14139),.PCURVE_S1.);
#14129 = LINE('',#14130,#14131);
#14130 = CARTESIAN_POINT('',(28.35,0.,19.));
#14131 = VECTOR('',#14132,1.);
#14132 = DIRECTION('',(-0.707106781187,0.,0.707106781187));
#14133 = PCURVE('',#14109,#14134);
#14134 = DEFINITIONAL_REPRESENTATION('',(#14135),#14138);
#14135 = B_SPLINE_CURVE_WITH_KNOTS('',1,(#14136,#14137),.UNSPECIFIED.,
  .F.,.F.,(2,2),(0.,0.282842712475),.PIECEWISE_BEZIER_KNOTS.);
#14136 = CARTESIAN_POINT('',(0.,0.));
#14137 = CARTESIAN_POINT('',(0.,-0.2));
#14138 = ( GEOMETRIC_REPRESENTATION_CONTEXT(2) 
PARAMETRIC_REPRESENTATION_CONTEXT() REPRESENTATION_CONTEXT('2D SPACE',''
  ) );
#14139 = PCURVE('',#14109,#14140);
#14140 = DEFINITIONAL_REPRESENTATION('',(#14141),#14144);
#14141 = B_SPLINE_CURVE_WITH_KNOTS('',1,(#14142,#14143),.UNSPECIFIED.,
  .F.,.F.,(2,2),(0.,0.282842712475),.PIECEWISE_BEZIER_KNOTS.);
#14142 = CARTESIAN_POINT('',(-6.28318530718,0.));
#14143 = CARTESIAN_POINT('',(-6.28318530718,-0.2));
#14144 = ( GEOMETRIC_REPRESENTATION_CONTEXT(2) 
PARAMETRIC_REPRESENTATION_CONTEXT() REPRESENTATION_CONTEXT('2D SPACE',''
  ) );
#14145 = ORIENTED_EDGE('',*,*,#14094,.T.);
#14146 = ORIENTED_EDGE('',*,*,#14125,.T.);
#14147 = ORIENTED_EDGE('',*,*,#14148,.F.);
#14148 = EDGE_CURVE('',#14126,#14126,#14149,.T.);
#14149 = SURFACE_CURVE('',#14150,(#14155,#14162),.PCURVE_S1.);
#14150 = CIRCLE('',#14151,6.15);
#14151 = AXIS2_PLACEMENT_3D('',#14152,#14153,#14154);
#14152 = CARTESIAN_POINT('',(22.,0.,19.2));
#14153 = DIRECTION('',(0.,0.,1.));
#14154 = DIRECTION('',(1.,0.,0.));
#14155 = PCURVE('',#14109,#14156);
#14156 = DEFINITIONAL_REPRESENTATION('',(#14157),#14161);
#14157 = LINE('',#14158,#14159);
#14158 = CARTESIAN_POINT('',(-0.,-0.2));
#14159 = VECTOR('',#14160,1.);
#14160 = DIRECTION('',(-1.,-0.));
#14161 = ( GEOMETRIC_REPRESENTATION_CONTEXT(2) 
PARAMETRIC_REPRESENTATION_CONTEXT() REPRESENTATION_CONTEXT('2D SPACE',''
  ) );
#14162 = PCURVE('',#14163,#14168);
#14163 = PLANE('',#14164);
#14164 = AXIS2_PLACEMENT_3D('',#14165,#14166,#14167);
#14165 = CARTESIAN_POINT('',(22.,6.021627052289E-16,19.2));
#14166 = DIRECTION('',(0.,0.,1.));
#14167 = DIRECTION('',(1.,0.,0.));
#14168 = DEFINITIONAL_REPRESENTATION('',(#14169),#14173);
#14169 = CIRCLE('',#14170,6.15);
#14170 = AXIS2_PLACEMENT_2D('',#14171,#14172);
#14171 = CARTESIAN_POINT('',(0.,-6.021627052289E-16));
#14172 = DIRECTION('',(1.,0.));
#14173 = ( GEOMETRIC_REPRESENTATION_CONTEXT(2) 
PARAMETRIC_REPRESENTATION_CONTEXT() REPRESENTATION_CONTEXT('2D SPACE',''
  ) );
#14174 = ADVANCED_FACE('',(#14175),#14163,.T.);
#14175 = FACE_BOUND('',#14176,.T.);
#14176 = EDGE_LOOP('',(#14177));
#14177 = ORIENTED_EDGE('',*,*,#14148,.T.);
#14178 = ( GEOMETRIC_REPRESENTATION_CONTEXT(3) 
GLOBAL_UNCERTAINTY_ASSIGNED_CONTEXT((#14182)) 
GLOBAL_UNIT_ASSIGNED_CONTEXT((#14179,#14180,#14181)) 
REPRESENTATION_CONTEXT('Context #1',
  '3D Context with UNIT and UNCERTAINTY') );
#14179 = ( LENGTH_UNIT() NAMED_UNIT(*) SI_UNIT(.MILLI.,.METRE.) );
#14180 = ( NAMED_UNIT(*) PLANE_ANGLE_UNIT() SI_UNIT($,.RADIAN.) );
#14181 = ( NAMED_UNIT(*) SI_UNIT($,.STERADIAN.) SOLID_ANGLE_UNIT() );
#14182 = UNCERTAINTY_MEASURE_WITH_UNIT(LENGTH_MEASURE(1.E-07),#14179,
  'distance_accuracy_value','confusion accuracy');
#14183 = CONTEXT_DEPENDENT_SHAPE_REPRESENTATION(#14184,#14186);
#14184 = ( REPRESENTATION_RELATIONSHIP('','',#13695,#10) 
REPRESENTATION_RELATIONSHIP_WITH_TRANSFORMATION(#14185) 
SHAPE_REPRESENTATION_RELATIONSHIP() );
#14185 = ITEM_DEFINED_TRANSFORMATION('','',#11,#115);
#14186 = PRODUCT_DEFINITION_SHAPE('Placement','Placement of an item',
  #14187);
#14187 = NEXT_ASSEMBLY_USAGE_OCCURRENCE('174','stub 9 stub','',#5,#13690
  ,$);
#14188 = PRODUCT_RELATED_PRODUCT_CATEGORY('part',$,(#13692));
#14189 = SHAPE_DEFINITION_REPRESENTATION(#14190,#14196);
#14190 = PRODUCT_DEFINITION_SHAPE('','',#14191);
#14191 = PRODUCT_DEFINITION('design','',#14192,#14195);
#14192 = PRODUCT_DEFINITION_FORMATION('','',#14193);
#14193 = PRODUCT('stub 9 carbon tab','stub 9 carbon tab','',(#14194));
#14194 = PRODUCT_CONTEXT('',#2,'mechanical');
#14195 = PRODUCT_DEFINITION_CONTEXT('part definition',#2,'design');
#14196 = ADVANCED_BREP_SHAPE_REPRESENTATION('',(#11,#14197),#14295);
#14197 = MANIFOLD_SOLID_BREP('',#14198);
#14198 = CLOSED_SHELL('',(#14199,#14287,#14291));
#14199 = ADVANCED_FACE('',(#14200),#14214,.T.);
#14200 = FACE_BOUND('',#14201,.F.);
#14201 = EDGE_LOOP('',(#14202,#14232,#14259,#14260));
#14202 = ORIENTED_EDGE('',*,*,#14203,.T.);
#14203 = EDGE_CURVE('',#14204,#14206,#14208,.T.);
#14204 = VERTEX_POINT('',#14205);
#14205 = CARTESIAN_POINT('',(27.85,0.,19.2));
#14206 = VERTEX_POINT('',#14207);
#14207 = CARTESIAN_POINT('',(27.85,0.,19.35));
#14208 = SEAM_CURVE('',#14209,(#14213,#14225),.PCURVE_S1.);
#14209 = LINE('',#14210,#14211);
#14210 = CARTESIAN_POINT('',(27.85,0.,19.2));
#14211 = VECTOR('',#14212,1.);
#14212 = DIRECTION('',(0.,0.,1.));
#14213 = PCURVE('',#14214,#14219);
#14214 = CYLINDRICAL_SURFACE('',#14215,5.85);
#14215 = AXIS2_PLACEMENT_3D('',#14216,#14217,#14218);
#14216 = CARTESIAN_POINT('',(22.,0.,19.2));
#14217 = DIRECTION('',(-0.,-0.,-1.));
#14218 = DIRECTION('',(1.,0.,0.));
#14219 = DEFINITIONAL_REPRESENTATION('',(#14220),#14224);
#14220 = LINE('',#14221,#14222);
#14221 = CARTESIAN_POINT('',(-0.,0.));
#14222 = VECTOR('',#14223,1.);
#14223 = DIRECTION('',(-0.,-1.));
#14224 = ( GEOMETRIC_REPRESENTATION_CONTEXT(2) 
PARAMETRIC_REPRESENTATION_CONTEXT() REPRESENTATION_CONTEXT('2D SPACE',''
  ) );
#14225 = PCURVE('',#14214,#14226);
#14226 = DEFINITIONAL_REPRESENTATION('',(#14227),#14231);
#14227 = LINE('',#14228,#14229);
#14228 = CARTESIAN_POINT('',(-6.28318530718,0.));
#14229 = VECTOR('',#14230,1.);
#14230 = DIRECTION('',(-0.,-1.));
#14231 = ( GEOMETRIC_REPRESENTATION_CONTEXT(2) 
PARAMETRIC_REPRESENTATION_CONTEXT() REPRESENTATION_CONTEXT('2D SPACE',''
  ) );
#14232 = ORIENTED_EDGE('',*,*,#14233,.T.);
#14233 = EDGE_CURVE('',#14206,#14206,#14234,.T.);
#14234 = SURFACE_CURVE('',#14235,(#14240,#14247),.PCURVE_S1.);
#14235 = CIRCLE('',#14236,5.85);
#14236 = AXIS2_PLACEMENT_3D('',#14237,#14238,#14239);
#14237 = CARTESIAN_POINT('',(22.,0.,19.35));
#14238 = DIRECTION('',(0.,0.,1.));
#14239 = DIRECTION('',(1.,0.,0.));
#14240 = PCURVE('',#14214,#14241);
#14241 = DEFINITIONAL_REPRESENTATION('',(#14242),#14246);
#14242 = LINE('',#14243,#14244);
#14243 = CARTESIAN_POINT('',(-0.,-0.15));
#14244 = VECTOR('',#14245,1.);
#14245 = DIRECTION('',(-1.,0.));
#14246 = ( GEOMETRIC_REPRESENTATION_CONTEXT(2) 
PARAMETRIC_REPRESENTATION_CONTEXT() REPRESENTATION_CONTEXT('2D SPACE',''
  ) );
#14247 = PCURVE('',#14248,#14253);
#14248 = PLANE('',#14249);
#14249 = AXIS2_PLACEMENT_3D('',#14250,#14251,#14252);
#14250 = CARTESIAN_POINT('',(22.,2.286947741797E-16,19.35));
#14251 = DIRECTION('',(0.,0.,1.));
#14252 = DIRECTION('',(1.,0.,0.));
#14253 = DEFINITIONAL_REPRESENTATION('',(#14254),#14258);
#14254 = CIRCLE('',#14255,5.85);
#14255 = AXIS2_PLACEMENT_2D('',#14256,#14257);
#14256 = CARTESIAN_POINT('',(2.337504500067E-16,-2.286947741797E-16));
#14257 = DIRECTION('',(1.,0.));
#14258 = ( GEOMETRIC_REPRESENTATION_CONTEXT(2) 
PARAMETRIC_REPRESENTATION_CONTEXT() REPRESENTATION_CONTEXT('2D SPACE',''
  ) );
#14259 = ORIENTED_EDGE('',*,*,#14203,.F.);
#14260 = ORIENTED_EDGE('',*,*,#14261,.F.);
#14261 = EDGE_CURVE('',#14204,#14204,#14262,.T.);
#14262 = SURFACE_CURVE('',#14263,(#14268,#14275),.PCURVE_S1.);
#14263 = CIRCLE('',#14264,5.85);
#14264 = AXIS2_PLACEMENT_3D('',#14265,#14266,#14267);
#14265 = CARTESIAN_POINT('',(22.,0.,19.2));
#14266 = DIRECTION('',(0.,0.,1.));
#14267 = DIRECTION('',(1.,0.,0.));
#14268 = PCURVE('',#14214,#14269);
#14269 = DEFINITIONAL_REPRESENTATION('',(#14270),#14274);
#14270 = LINE('',#14271,#14272);
#14271 = CARTESIAN_POINT('',(-0.,0.));
#14272 = VECTOR('',#14273,1.);
#14273 = DIRECTION('',(-1.,0.));
#14274 = ( GEOMETRIC_REPRESENTATION_CONTEXT(2) 
PARAMETRIC_REPRESENTATION_CONTEXT() REPRESENTATION_CONTEXT('2D SPACE',''
  ) );
#14275 = PCURVE('',#14276,#14281);
#14276 = PLANE('',#14277);
#14277 = AXIS2_PLACEMENT_3D('',#14278,#14279,#14280);
#14278 = CARTESIAN_POINT('',(22.,2.286947741797E-16,19.2));
#14279 = DIRECTION('',(0.,0.,1.));
#14280 = DIRECTION('',(1.,0.,0.));
#14281 = DEFINITIONAL_REPRESENTATION('',(#14282),#14286);
#14282 = CIRCLE('',#14283,5.85);
#14283 = AXIS2_PLACEMENT_2D('',#14284,#14285);
#14284 = CARTESIAN_POINT('',(2.337504500067E-16,-2.286947741797E-16));
#14285 = DIRECTION('',(1.,0.));
#14286 = ( GEOMETRIC_REPRESENTATION_CONTEXT(2) 
PARAMETRIC_REPRESENTATION_CONTEXT() REPRESENTATION_CONTEXT('2D SPACE',''
  ) );
#14287 = ADVANCED_FACE('',(#14288),#14276,.F.);
#14288 = FACE_BOUND('',#14289,.F.);
#14289 = EDGE_LOOP('',(#14290));
#14290 = ORIENTED_EDGE('',*,*,#14261,.T.);
#14291 = ADVANCED_FACE('',(#14292),#14248,.T.);
#14292 = FACE_BOUND('',#14293,.T.);
#14293 = EDGE_LOOP('',(#14294));
#14294 = ORIENTED_EDGE('',*,*,#14233,.T.);
#14295 = ( GEOMETRIC_REPRESENTATION_CONTEXT(3) 
GLOBAL_UNCERTAINTY_ASSIGNED_CONTEXT((#14299)) 
GLOBAL_UNIT_ASSIGNED_CONTEXT((#14296,#14297,#14298)) 
REPRESENTATION_CONTEXT('Context #1',
  '3D Context with UNIT and UNCERTAINTY') );
#14296 = ( LENGTH_UNIT() NAMED_UNIT(*) SI_UNIT(.MILLI.,.METRE.) );
#14297 = ( NAMED_UNIT(*) PLANE_ANGLE_UNIT() SI_UNIT($,.RADIAN.) );
#14298 = ( NAMED_UNIT(*) SI_UNIT($,.STERADIAN.) SOLID_ANGLE_UNIT() );
#14299 = UNCERTAINTY_MEASURE_WITH_UNIT(LENGTH_MEASURE(1.E-07),#14296,
  'distance_accuracy_value','confusion accuracy');
#14300 = CONTEXT_DEPENDENT_SHAPE_REPRESENTATION(#14301,#14303);
#14301 = ( REPRESENTATION_RELATIONSHIP('','',#14196,#10) 
REPRESENTATION_RELATIONSHIP_WITH_TRANSFORMATION(#14302) 
SHAPE_REPRESENTATION_RELATIONSHIP() );
#14302 = ITEM_DEFINED_TRANSFORMATION('','',#11,#119);
#14303 = PRODUCT_DEFINITION_SHAPE('Placement','Placement of an item',
  #14304);
#14304 = NEXT_ASSEMBLY_USAGE_OCCURRENCE('175','stub 9 carbon tab','',#5,
  #14191,$);
#14305 = PRODUCT_RELATED_PRODUCT_CATEGORY('part',$,(#14193));
#14306 = SHAPE_DEFINITION_REPRESENTATION(#14307,#14313);
#14307 = PRODUCT_DEFINITION_SHAPE('','',#14308);
#14308 = PRODUCT_DEFINITION('design','',#14309,#14312);
#14309 = PRODUCT_DEFINITION_FORMATION('','',#14310);
#14310 = PRODUCT('stub 9 sample','stub 9 sample','',(#14311));
#14311 = PRODUCT_CONTEXT('',#2,'mechanical');
#14312 = PRODUCT_DEFINITION_CONTEXT('part definition',#2,'design');
#14313 = ADVANCED_BREP_SHAPE_REPRESENTATION('',(#11,#14314),#14964);
#14314 = MANIFOLD_SOLID_BREP('',#14315);
#14315 = CLOSED_SHELL('',(#14316,#14436,#14514,#14592,#14668,#14746,
    #14822,#14895,#14942,#14953));
#14316 = ADVANCED_FACE('',(#14317),#14331,.T.);
#14317 = FACE_BOUND('',#14318,.T.);
#14318 = EDGE_LOOP('',(#14319,#14354,#14382,#14410));
#14319 = ORIENTED_EDGE('',*,*,#14320,.T.);
#14320 = EDGE_CURVE('',#14321,#14323,#14325,.T.);
#14321 = VERTEX_POINT('',#14322);
#14322 = CARTESIAN_POINT('',(19.1425,-1.8225,19.35));
#14323 = VERTEX_POINT('',#14324);
#14324 = CARTESIAN_POINT('',(19.1425,-1.8225,20.85));
#14325 = SURFACE_CURVE('',#14326,(#14330,#14342),.PCURVE_S1.);
#14326 = LINE('',#14327,#14328);
#14327 = CARTESIAN_POINT('',(19.1425,-1.8225,19.35));
#14328 = VECTOR('',#14329,1.);
#14329 = DIRECTION('',(0.,0.,1.));
#14330 = PCURVE('',#14331,#14336);
#14331 = PLANE('',#14332);
#14332 = AXIS2_PLACEMENT_3D('',#14333,#14334,#14335);
#14333 = CARTESIAN_POINT('',(19.1425,-1.8225,19.35));
#14334 = DIRECTION('',(-1.,0.,0.));
#14335 = DIRECTION('',(0.,1.,0.));
#14336 = DEFINITIONAL_REPRESENTATION('',(#14337),#14341);
#14337 = LINE('',#14338,#14339);
#14338 = CARTESIAN_POINT('',(0.,0.));
#14339 = VECTOR('',#14340,1.);
#14340 = DIRECTION('',(0.,-1.));
#14341 = ( GEOMETRIC_REPRESENTATION_CONTEXT(2) 
PARAMETRIC_REPRESENTATION_CONTEXT() REPRESENTATION_CONTEXT('2D SPACE',''
  ) );
#14342 = PCURVE('',#14343,#14348);
#14343 = CYLINDRICAL_SURFACE('',#14344,0.4);
#14344 = AXIS2_PLACEMENT_3D('',#14345,#14346,#14347);
#14345 = CARTESIAN_POINT('',(19.5425,-1.8225,19.35));
#14346 = DIRECTION('',(-0.,-0.,-1.));
#14347 = DIRECTION('',(1.,0.,0.));
#14348 = DEFINITIONAL_REPRESENTATION('',(#14349),#14353);
#14349 = LINE('',#14350,#14351);
#14350 = CARTESIAN_POINT('',(-3.14159265359,0.));
#14351 = VECTOR('',#14352,1.);
#14352 = DIRECTION('',(-0.,-1.));
#14353 = ( GEOMETRIC_REPRESENTATION_CONTEXT(2) 
PARAMETRIC_REPRESENTATION_CONTEXT() REPRESENTATION_CONTEXT('2D SPACE',''
  ) );
#14354 = ORIENTED_EDGE('',*,*,#14355,.T.);
#14355 = EDGE_CURVE('',#14323,#14356,#14358,.T.);
#14356 = VERTEX_POINT('',#14357);
#14357 = CARTESIAN_POINT('',(19.1425,1.8225,20.85));
#14358 = SURFACE_CURVE('',#14359,(#14363,#14370),.PCURVE_S1.);
#14359 = LINE('',#14360,#14361);
#14360 = CARTESIAN_POINT('',(19.1425,0.,20.85));
#14361 = VECTOR('',#14362,1.);
#14362 = DIRECTION('',(0.,1.,0.));
#14363 = PCURVE('',#14331,#14364);
#14364 = DEFINITIONAL_REPRESENTATION('',(#14365),#14369);
#14365 = LINE('',#14366,#14367);
#14366 = CARTESIAN_POINT('',(1.8225,-1.5));
#14367 = VECTOR('',#14368,1.);
#14368 = DIRECTION('',(1.,0.));
#14369 = ( GEOMETRIC_REPRESENTATION_CONTEXT(2) 
PARAMETRIC_REPRESENTATION_CONTEXT() REPRESENTATION_CONTEXT('2D SPACE',''
  ) );
#14370 = PCURVE('',#14371,#14376);
#14371 = PLANE('',#14372);
#14372 = AXIS2_PLACEMENT_3D('',#14373,#14374,#14375);
#14373 = CARTESIAN_POINT('',(22.,0.,20.85));
#14374 = DIRECTION('',(0.,0.,1.));
#14375 = DIRECTION('',(1.,0.,0.));
#14376 = DEFINITIONAL_REPRESENTATION('',(#14377),#14381);
#14377 = LINE('',#14378,#14379);
#14378 = CARTESIAN_POINT('',(-2.8575,0.));
#14379 = VECTOR('',#14380,1.);
#14380 = DIRECTION('',(0.,1.));
#14381 = ( GEOMETRIC_REPRESENTATION_CONTEXT(2) 
PARAMETRIC_REPRESENTATION_CONTEXT() REPRESENTATION_CONTEXT('2D SPACE',''
  ) );
#14382 = ORIENTED_EDGE('',*,*,#14383,.F.);
#14383 = EDGE_CURVE('',#14384,#14356,#14386,.T.);
#14384 = VERTEX_POINT('',#14385);
#14385 = CARTESIAN_POINT('',(19.1425,1.8225,19.35));
#14386 = SURFACE_CURVE('',#14387,(#14391,#14398),.PCURVE_S1.);
#14387 = LINE('',#14388,#14389);
#14388 = CARTESIAN_POINT('',(19.1425,1.8225,19.35));
#14389 = VECTOR('',#14390,1.);
#14390 = DIRECTION('',(0.,0.,1.));
#14391 = PCURVE('',#14331,#14392);
#14392 = DEFINITIONAL_REPRESENTATION('',(#14393),#14397);
#14393 = LINE('',#14394,#14395);
#14394 = CARTESIAN_POINT('',(3.645,0.));
#14395 = VECTOR('',#14396,1.);
#14396 = DIRECTION('',(0.,-1.));
#14397 = ( GEOMETRIC_REPRESENTATION_CONTEXT(2) 
PARAMETRIC_REPRESENTATION_CONTEXT() REPRESENTATION_CONTEXT('2D SPACE',''
  ) );
#14398 = PCURVE('',#14399,#14404);
#14399 = CYLINDRICAL_SURFACE('',#14400,0.4);
#14400 = AXIS2_PLACEMENT_3D('',#14401,#14402,#14403);
#14401 = CARTESIAN_POINT('',(19.5425,1.8225,19.35));
#14402 = DIRECTION('',(-0.,-0.,-1.));
#14403 = DIRECTION('',(1.,0.,0.));
#14404 = DEFINITIONAL_REPRESENTATION('',(#14405),#14409);
#14405 = LINE('',#14406,#14407);
#14406 = CARTESIAN_POINT('',(-3.14159265359,0.));
#14407 = VECTOR('',#14408,1.);
#14408 = DIRECTION('',(-0.,-1.));
#14409 = ( GEOMETRIC_REPRESENTATION_CONTEXT(2) 
PARAMETRIC_REPRESENTATION_CONTEXT() REPRESENTATION_CONTEXT('2D SPACE',''
  ) );
#14410 = ORIENTED_EDGE('',*,*,#14411,.F.);
#14411 = EDGE_CURVE('',#14321,#14384,#14412,.T.);
#14412 = SURFACE_CURVE('',#14413,(#14417,#14424),.PCURVE_S1.);
#14413 = LINE('',#14414,#14415);
#14414 = CARTESIAN_POINT('',(19.1425,0.,19.35));
#14415 = VECTOR('',#14416,1.);
#14416 = DIRECTION('',(0.,1.,0.));
#14417 = PCURVE('',#14331,#14418);
#14418 = DEFINITIONAL_REPRESENTATION('',(#14419),#14423);
#14419 = LINE('',#14420,#14421);
#14420 = CARTESIAN_POINT('',(1.8225,0.));
#14421 = VECTOR('',#14422,1.);
#14422 = DIRECTION('',(1.,0.));
#14423 = ( GEOMETRIC_REPRESENTATION_CONTEXT(2) 
PARAMETRIC_REPRESENTATION_CONTEXT() REPRESENTATION_CONTEXT('2D SPACE',''
  ) );
#14424 = PCURVE('',#14425,#14430);
#14425 = PLANE('',#14426);
#14426 = AXIS2_PLACEMENT_3D('',#14427,#14428,#14429);
#14427 = CARTESIAN_POINT('',(22.,0.,19.35));
#14428 = DIRECTION('',(0.,0.,1.));
#14429 = DIRECTION('',(1.,0.,0.));
#14430 = DEFINITIONAL_REPRESENTATION('',(#14431),#14435);
#14431 = LINE('',#14432,#14433);
#14432 = CARTESIAN_POINT('',(-2.8575,0.));
#14433 = VECTOR('',#14434,1.);
#14434 = DIRECTION('',(0.,1.));
#14435 = ( GEOMETRIC_REPRESENTATION_CONTEXT(2) 
PARAMETRIC_REPRESENTATION_CONTEXT() REPRESENTATION_CONTEXT('2D SPACE',''
  ) );
#14436 = ADVANCED_FACE('',(#14437),#14399,.T.);
#14437 = FACE_BOUND('',#14438,.F.);
#14438 = EDGE_LOOP('',(#14439,#14469,#14491,#14492));
#14439 = ORIENTED_EDGE('',*,*,#14440,.T.);
#14440 = EDGE_CURVE('',#14441,#14443,#14445,.T.);
#14441 = VERTEX_POINT('',#14442);
#14442 = CARTESIAN_POINT('',(19.5425,2.2225,19.35));
#14443 = VERTEX_POINT('',#14444);
#14444 = CARTESIAN_POINT('',(19.5425,2.2225,20.85));
#14445 = SURFACE_CURVE('',#14446,(#14450,#14457),.PCURVE_S1.);
#14446 = LINE('',#14447,#14448);
#14447 = CARTESIAN_POINT('',(19.5425,2.2225,19.35));
#14448 = VECTOR('',#14449,1.);
#14449 = DIRECTION('',(0.,0.,1.));
#14450 = PCURVE('',#14399,#14451);
#14451 = DEFINITIONAL_REPRESENTATION('',(#14452),#14456);
#14452 = LINE('',#14453,#14454);
#14453 = CARTESIAN_POINT('',(-1.570796326795,0.));
#14454 = VECTOR('',#14455,1.);
#14455 = DIRECTION('',(-0.,-1.));
#14456 = ( GEOMETRIC_REPRESENTATION_CONTEXT(2) 
PARAMETRIC_REPRESENTATION_CONTEXT() REPRESENTATION_CONTEXT('2D SPACE',''
  ) );
#14457 = PCURVE('',#14458,#14463);
#14458 = PLANE('',#14459);
#14459 = AXIS2_PLACEMENT_3D('',#14460,#14461,#14462);
#14460 = CARTESIAN_POINT('',(19.5425,2.2225,19.35));
#14461 = DIRECTION('',(0.,1.,0.));
#14462 = DIRECTION('',(1.,0.,0.));
#14463 = DEFINITIONAL_REPRESENTATION('',(#14464),#14468);
#14464 = LINE('',#14465,#14466);
#14465 = CARTESIAN_POINT('',(0.,0.));
#14466 = VECTOR('',#14467,1.);
#14467 = DIRECTION('',(0.,-1.));
#14468 = ( GEOMETRIC_REPRESENTATION_CONTEXT(2) 
PARAMETRIC_REPRESENTATION_CONTEXT() REPRESENTATION_CONTEXT('2D SPACE',''
  ) );
#14469 = ORIENTED_EDGE('',*,*,#14470,.T.);
#14470 = EDGE_CURVE('',#14443,#14356,#14471,.T.);
#14471 = SURFACE_CURVE('',#14472,(#14477,#14484),.PCURVE_S1.);
#14472 = CIRCLE('',#14473,0.4);
#14473 = AXIS2_PLACEMENT_3D('',#14474,#14475,#14476);
#14474 = CARTESIAN_POINT('',(19.5425,1.8225,20.85));
#14475 = DIRECTION('',(0.,0.,1.));
#14476 = DIRECTION('',(1.,0.,0.));
#14477 = PCURVE('',#14399,#14478);
#14478 = DEFINITIONAL_REPRESENTATION('',(#14479),#14483);
#14479 = LINE('',#14480,#14481);
#14480 = CARTESIAN_POINT('',(-0.,-1.5));
#14481 = VECTOR('',#14482,1.);
#14482 = DIRECTION('',(-1.,0.));
#14483 = ( GEOMETRIC_REPRESENTATION_CONTEXT(2) 
PARAMETRIC_REPRESENTATION_CONTEXT() REPRESENTATION_CONTEXT('2D SPACE',''
  ) );
#14484 = PCURVE('',#14371,#14485);
#14485 = DEFINITIONAL_REPRESENTATION('',(#14486),#14490);
#14486 = CIRCLE('',#14487,0.4);
#14487 = AXIS2_PLACEMENT_2D('',#14488,#14489);
#14488 = CARTESIAN_POINT('',(-2.4575,1.8225));
#14489 = DIRECTION('',(1.,0.));
#14490 = ( GEOMETRIC_REPRESENTATION_CONTEXT(2) 
PARAMETRIC_REPRESENTATION_CONTEXT() REPRESENTATION_CONTEXT('2D SPACE',''
  ) );
#14491 = ORIENTED_EDGE('',*,*,#14383,.F.);
#14492 = ORIENTED_EDGE('',*,*,#14493,.F.);
#14493 = EDGE_CURVE('',#14441,#14384,#14494,.T.);
#14494 = SURFACE_CURVE('',#14495,(#14500,#14507),.PCURVE_S1.);
#14495 = CIRCLE('',#14496,0.4);
#14496 = AXIS2_PLACEMENT_3D('',#14497,#14498,#14499);
#14497 = CARTESIAN_POINT('',(19.5425,1.8225,19.35));
#14498 = DIRECTION('',(0.,0.,1.));
#14499 = DIRECTION('',(1.,0.,0.));
#14500 = PCURVE('',#14399,#14501);
#14501 = DEFINITIONAL_REPRESENTATION('',(#14502),#14506);
#14502 = LINE('',#14503,#14504);
#14503 = CARTESIAN_POINT('',(-0.,0.));
#14504 = VECTOR('',#14505,1.);
#14505 = DIRECTION('',(-1.,0.));
#14506 = ( GEOMETRIC_REPRESENTATION_CONTEXT(2) 
PARAMETRIC_REPRESENTATION_CONTEXT() REPRESENTATION_CONTEXT('2D SPACE',''
  ) );
#14507 = PCURVE('',#14425,#14508);
#14508 = DEFINITIONAL_REPRESENTATION('',(#14509),#14513);
#14509 = CIRCLE('',#14510,0.4);
#14510 = AXIS2_PLACEMENT_2D('',#14511,#14512);
#14511 = CARTESIAN_POINT('',(-2.4575,1.8225));
#14512 = DIRECTION('',(1.,0.));
#14513 = ( GEOMETRIC_REPRESENTATION_CONTEXT(2) 
PARAMETRIC_REPRESENTATION_CONTEXT() REPRESENTATION_CONTEXT('2D SPACE',''
  ) );
#14514 = ADVANCED_FACE('',(#14515),#14343,.T.);
#14515 = FACE_BOUND('',#14516,.F.);
#14516 = EDGE_LOOP('',(#14517,#14518,#14542,#14570));
#14517 = ORIENTED_EDGE('',*,*,#14320,.T.);
#14518 = ORIENTED_EDGE('',*,*,#14519,.T.);
#14519 = EDGE_CURVE('',#14323,#14520,#14522,.T.);
#14520 = VERTEX_POINT('',#14521);
#14521 = CARTESIAN_POINT('',(19.5425,-2.2225,20.85));
#14522 = SURFACE_CURVE('',#14523,(#14528,#14535),.PCURVE_S1.);
#14523 = CIRCLE('',#14524,0.4);
#14524 = AXIS2_PLACEMENT_3D('',#14525,#14526,#14527);
#14525 = CARTESIAN_POINT('',(19.5425,-1.8225,20.85));
#14526 = DIRECTION('',(0.,0.,1.));
#14527 = DIRECTION('',(1.,0.,0.));
#14528 = PCURVE('',#14343,#14529);
#14529 = DEFINITIONAL_REPRESENTATION('',(#14530),#14534);
#14530 = LINE('',#14531,#14532);
#14531 = CARTESIAN_POINT('',(-0.,-1.5));
#14532 = VECTOR('',#14533,1.);
#14533 = DIRECTION('',(-1.,0.));
#14534 = ( GEOMETRIC_REPRESENTATION_CONTEXT(2) 
PARAMETRIC_REPRESENTATION_CONTEXT() REPRESENTATION_CONTEXT('2D SPACE',''
  ) );
#14535 = PCURVE('',#14371,#14536);
#14536 = DEFINITIONAL_REPRESENTATION('',(#14537),#14541);
#14537 = CIRCLE('',#14538,0.4);
#14538 = AXIS2_PLACEMENT_2D('',#14539,#14540);
#14539 = CARTESIAN_POINT('',(-2.4575,-1.8225));
#14540 = DIRECTION('',(1.,0.));
#14541 = ( GEOMETRIC_REPRESENTATION_CONTEXT(2) 
PARAMETRIC_REPRESENTATION_CONTEXT() REPRESENTATION_CONTEXT('2D SPACE',''
  ) );
#14542 = ORIENTED_EDGE('',*,*,#14543,.F.);
#14543 = EDGE_CURVE('',#14544,#14520,#14546,.T.);
#14544 = VERTEX_POINT('',#14545);
#14545 = CARTESIAN_POINT('',(19.5425,-2.2225,19.35));
#14546 = SURFACE_CURVE('',#14547,(#14551,#14558),.PCURVE_S1.);
#14547 = LINE('',#14548,#14549);
#14548 = CARTESIAN_POINT('',(19.5425,-2.2225,19.35));
#14549 = VECTOR('',#14550,1.);
#14550 = DIRECTION('',(0.,0.,1.));
#14551 = PCURVE('',#14343,#14552);
#14552 = DEFINITIONAL_REPRESENTATION('',(#14553),#14557);
#14553 = LINE('',#14554,#14555);
#14554 = CARTESIAN_POINT('',(-4.712388980385,0.));
#14555 = VECTOR('',#14556,1.);
#14556 = DIRECTION('',(-0.,-1.));
#14557 = ( GEOMETRIC_REPRESENTATION_CONTEXT(2) 
PARAMETRIC_REPRESENTATION_CONTEXT() REPRESENTATION_CONTEXT('2D SPACE',''
  ) );
#14558 = PCURVE('',#14559,#14564);
#14559 = PLANE('',#14560);
#14560 = AXIS2_PLACEMENT_3D('',#14561,#14562,#14563);
#14561 = CARTESIAN_POINT('',(19.5425,-2.2225,19.35));
#14562 = DIRECTION('',(0.,1.,0.));
#14563 = DIRECTION('',(1.,0.,0.));
#14564 = DEFINITIONAL_REPRESENTATION('',(#14565),#14569);
#14565 = LINE('',#14566,#14567);
#14566 = CARTESIAN_POINT('',(0.,0.));
#14567 = VECTOR('',#14568,1.);
#14568 = DIRECTION('',(0.,-1.));
#14569 = ( GEOMETRIC_REPRESENTATION_CONTEXT(2) 
PARAMETRIC_REPRESENTATION_CONTEXT() REPRESENTATION_CONTEXT('2D SPACE',''
  ) );
#14570 = ORIENTED_EDGE('',*,*,#14571,.F.);
#14571 = EDGE_CURVE('',#14321,#14544,#14572,.T.);
#14572 = SURFACE_CURVE('',#14573,(#14578,#14585),.PCURVE_S1.);
#14573 = CIRCLE('',#14574,0.4);
#14574 = AXIS2_PLACEMENT_3D('',#14575,#14576,#14577);
#14575 = CARTESIAN_POINT('',(19.5425,-1.8225,19.35));
#14576 = DIRECTION('',(0.,0.,1.));
#14577 = DIRECTION('',(1.,0.,0.));
#14578 = PCURVE('',#14343,#14579);
#14579 = DEFINITIONAL_REPRESENTATION('',(#14580),#14584);
#14580 = LINE('',#14581,#14582);
#14581 = CARTESIAN_POINT('',(-0.,0.));
#14582 = VECTOR('',#14583,1.);
#14583 = DIRECTION('',(-1.,0.));
#14584 = ( GEOMETRIC_REPRESENTATION_CONTEXT(2) 
PARAMETRIC_REPRESENTATION_CONTEXT() REPRESENTATION_CONTEXT('2D SPACE',''
  ) );
#14585 = PCURVE('',#14425,#14586);
#14586 = DEFINITIONAL_REPRESENTATION('',(#14587),#14591);
#14587 = CIRCLE('',#14588,0.4);
#14588 = AXIS2_PLACEMENT_2D('',#14589,#14590);
#14589 = CARTESIAN_POINT('',(-2.4575,-1.8225));
#14590 = DIRECTION('',(1.,0.));
#14591 = ( GEOMETRIC_REPRESENTATION_CONTEXT(2) 
PARAMETRIC_REPRESENTATION_CONTEXT() REPRESENTATION_CONTEXT('2D SPACE',''
  ) );
#14592 = ADVANCED_FACE('',(#14593),#14559,.F.);
#14593 = FACE_BOUND('',#14594,.F.);
#14594 = EDGE_LOOP('',(#14595,#14596,#14619,#14647));
#14595 = ORIENTED_EDGE('',*,*,#14543,.T.);
#14596 = ORIENTED_EDGE('',*,*,#14597,.T.);
#14597 = EDGE_CURVE('',#14520,#14598,#14600,.T.);
#14598 = VERTEX_POINT('',#14599);
#14599 = CARTESIAN_POINT('',(24.4575,-2.2225,20.85));
#14600 = SURFACE_CURVE('',#14601,(#14605,#14612),.PCURVE_S1.);
#14601 = LINE('',#14602,#14603);
#14602 = CARTESIAN_POINT('',(22.,-2.2225,20.85));
#14603 = VECTOR('',#14604,1.);
#14604 = DIRECTION('',(1.,0.,0.));
#14605 = PCURVE('',#14559,#14606);
#14606 = DEFINITIONAL_REPRESENTATION('',(#14607),#14611);
#14607 = LINE('',#14608,#14609);
#14608 = CARTESIAN_POINT('',(2.4575,-1.5));
#14609 = VECTOR('',#14610,1.);
#14610 = DIRECTION('',(1.,0.));
#14611 = ( GEOMETRIC_REPRESENTATION_CONTEXT(2) 
PARAMETRIC_REPRESENTATION_CONTEXT() REPRESENTATION_CONTEXT('2D SPACE',''
  ) );
#14612 = PCURVE('',#14371,#14613);
#14613 = DEFINITIONAL_REPRESENTATION('',(#14614),#14618);
#14614 = LINE('',#14615,#14616);
#14615 = CARTESIAN_POINT('',(0.,-2.2225));
#14616 = VECTOR('',#14617,1.);
#14617 = DIRECTION('',(1.,0.));
#14618 = ( GEOMETRIC_REPRESENTATION_CONTEXT(2) 
PARAMETRIC_REPRESENTATION_CONTEXT() REPRESENTATION_CONTEXT('2D SPACE',''
  ) );
#14619 = ORIENTED_EDGE('',*,*,#14620,.F.);
#14620 = EDGE_CURVE('',#14621,#14598,#14623,.T.);
#14621 = VERTEX_POINT('',#14622);
#14622 = CARTESIAN_POINT('',(24.4575,-2.2225,19.35));
#14623 = SURFACE_CURVE('',#14624,(#14628,#14635),.PCURVE_S1.);
#14624 = LINE('',#14625,#14626);
#14625 = CARTESIAN_POINT('',(24.4575,-2.2225,19.35));
#14626 = VECTOR('',#14627,1.);
#14627 = DIRECTION('',(0.,0.,1.));
#14628 = PCURVE('',#14559,#14629);
#14629 = DEFINITIONAL_REPRESENTATION('',(#14630),#14634);
#14630 = LINE('',#14631,#14632);
#14631 = CARTESIAN_POINT('',(4.915,0.));
#14632 = VECTOR('',#14633,1.);
#14633 = DIRECTION('',(0.,-1.));
#14634 = ( GEOMETRIC_REPRESENTATION_CONTEXT(2) 
PARAMETRIC_REPRESENTATION_CONTEXT() REPRESENTATION_CONTEXT('2D SPACE',''
  ) );
#14635 = PCURVE('',#14636,#14641);
#14636 = CYLINDRICAL_SURFACE('',#14637,0.4);
#14637 = AXIS2_PLACEMENT_3D('',#14638,#14639,#14640);
#14638 = CARTESIAN_POINT('',(24.4575,-1.8225,19.35));
#14639 = DIRECTION('',(-0.,-0.,-1.));
#14640 = DIRECTION('',(1.,0.,0.));
#14641 = DEFINITIONAL_REPRESENTATION('',(#14642),#14646);
#14642 = LINE('',#14643,#14644);
#14643 = CARTESIAN_POINT('',(-4.712388980385,0.));
#14644 = VECTOR('',#14645,1.);
#14645 = DIRECTION('',(-0.,-1.));
#14646 = ( GEOMETRIC_REPRESENTATION_CONTEXT(2) 
PARAMETRIC_REPRESENTATION_CONTEXT() REPRESENTATION_CONTEXT('2D SPACE',''
  ) );
#14647 = ORIENTED_EDGE('',*,*,#14648,.F.);
#14648 = EDGE_CURVE('',#14544,#14621,#14649,.T.);
#14649 = SURFACE_CURVE('',#14650,(#14654,#14661),.PCURVE_S1.);
#14650 = LINE('',#14651,#14652);
#14651 = CARTESIAN_POINT('',(22.,-2.2225,19.35));
#14652 = VECTOR('',#14653,1.);
#14653 = DIRECTION('',(1.,0.,0.));
#14654 = PCURVE('',#14559,#14655);
#14655 = DEFINITIONAL_REPRESENTATION('',(#14656),#14660);
#14656 = LINE('',#14657,#14658);
#14657 = CARTESIAN_POINT('',(2.4575,0.));
#14658 = VECTOR('',#14659,1.);
#14659 = DIRECTION('',(1.,0.));
#14660 = ( GEOMETRIC_REPRESENTATION_CONTEXT(2) 
PARAMETRIC_REPRESENTATION_CONTEXT() REPRESENTATION_CONTEXT('2D SPACE',''
  ) );
#14661 = PCURVE('',#14425,#14662);
#14662 = DEFINITIONAL_REPRESENTATION('',(#14663),#14667);
#14663 = LINE('',#14664,#14665);
#14664 = CARTESIAN_POINT('',(0.,-2.2225));
#14665 = VECTOR('',#14666,1.);
#14666 = DIRECTION('',(1.,0.));
#14667 = ( GEOMETRIC_REPRESENTATION_CONTEXT(2) 
PARAMETRIC_REPRESENTATION_CONTEXT() REPRESENTATION_CONTEXT('2D SPACE',''
  ) );
#14668 = ADVANCED_FACE('',(#14669),#14636,.T.);
#14669 = FACE_BOUND('',#14670,.F.);
#14670 = EDGE_LOOP('',(#14671,#14672,#14696,#14724));
#14671 = ORIENTED_EDGE('',*,*,#14620,.T.);
#14672 = ORIENTED_EDGE('',*,*,#14673,.T.);
#14673 = EDGE_CURVE('',#14598,#14674,#14676,.T.);
#14674 = VERTEX_POINT('',#14675);
#14675 = CARTESIAN_POINT('',(24.8575,-1.8225,20.85));
#14676 = SURFACE_CURVE('',#14677,(#14682,#14689),.PCURVE_S1.);
#14677 = CIRCLE('',#14678,0.4);
#14678 = AXIS2_PLACEMENT_3D('',#14679,#14680,#14681);
#14679 = CARTESIAN_POINT('',(24.4575,-1.8225,20.85));
#14680 = DIRECTION('',(0.,0.,1.));
#14681 = DIRECTION('',(1.,0.,0.));
#14682 = PCURVE('',#14636,#14683);
#14683 = DEFINITIONAL_REPRESENTATION('',(#14684),#14688);
#14684 = LINE('',#14685,#14686);
#14685 = CARTESIAN_POINT('',(-0.,-1.5));
#14686 = VECTOR('',#14687,1.);
#14687 = DIRECTION('',(-1.,0.));
#14688 = ( GEOMETRIC_REPRESENTATION_CONTEXT(2) 
PARAMETRIC_REPRESENTATION_CONTEXT() REPRESENTATION_CONTEXT('2D SPACE',''
  ) );
#14689 = PCURVE('',#14371,#14690);
#14690 = DEFINITIONAL_REPRESENTATION('',(#14691),#14695);
#14691 = CIRCLE('',#14692,0.4);
#14692 = AXIS2_PLACEMENT_2D('',#14693,#14694);
#14693 = CARTESIAN_POINT('',(2.4575,-1.8225));
#14694 = DIRECTION('',(1.,0.));
#14695 = ( GEOMETRIC_REPRESENTATION_CONTEXT(2) 
PARAMETRIC_REPRESENTATION_CONTEXT() REPRESENTATION_CONTEXT('2D SPACE',''
  ) );
#14696 = ORIENTED_EDGE('',*,*,#14697,.F.);
#14697 = EDGE_CURVE('',#14698,#14674,#14700,.T.);
#14698 = VERTEX_POINT('',#14699);
#14699 = CARTESIAN_POINT('',(24.8575,-1.8225,19.35));
#14700 = SURFACE_CURVE('',#14701,(#14705,#14712),.PCURVE_S1.);
#14701 = LINE('',#14702,#14703);
#14702 = CARTESIAN_POINT('',(24.8575,-1.8225,19.35));
#14703 = VECTOR('',#14704,1.);
#14704 = DIRECTION('',(0.,0.,1.));
#14705 = PCURVE('',#14636,#14706);
#14706 = DEFINITIONAL_REPRESENTATION('',(#14707),#14711);
#14707 = LINE('',#14708,#14709);
#14708 = CARTESIAN_POINT('',(-6.28318530718,0.));
#14709 = VECTOR('',#14710,1.);
#14710 = DIRECTION('',(-0.,-1.));
#14711 = ( GEOMETRIC_REPRESENTATION_CONTEXT(2) 
PARAMETRIC_REPRESENTATION_CONTEXT() REPRESENTATION_CONTEXT('2D SPACE',''
  ) );
#14712 = PCURVE('',#14713,#14718);
#14713 = PLANE('',#14714);
#14714 = AXIS2_PLACEMENT_3D('',#14715,#14716,#14717);
#14715 = CARTESIAN_POINT('',(24.8575,-1.8225,19.35));
#14716 = DIRECTION('',(-1.,0.,0.));
#14717 = DIRECTION('',(0.,1.,0.));
#14718 = DEFINITIONAL_REPRESENTATION('',(#14719),#14723);
#14719 = LINE('',#14720,#14721);
#14720 = CARTESIAN_POINT('',(0.,0.));
#14721 = VECTOR('',#14722,1.);
#14722 = DIRECTION('',(0.,-1.));
#14723 = ( GEOMETRIC_REPRESENTATION_CONTEXT(2) 
PARAMETRIC_REPRESENTATION_CONTEXT() REPRESENTATION_CONTEXT('2D SPACE',''
  ) );
#14724 = ORIENTED_EDGE('',*,*,#14725,.F.);
#14725 = EDGE_CURVE('',#14621,#14698,#14726,.T.);
#14726 = SURFACE_CURVE('',#14727,(#14732,#14739),.PCURVE_S1.);
#14727 = CIRCLE('',#14728,0.4);
#14728 = AXIS2_PLACEMENT_3D('',#14729,#14730,#14731);
#14729 = CARTESIAN_POINT('',(24.4575,-1.8225,19.35));
#14730 = DIRECTION('',(0.,0.,1.));
#14731 = DIRECTION('',(1.,0.,0.));
#14732 = PCURVE('',#14636,#14733);
#14733 = DEFINITIONAL_REPRESENTATION('',(#14734),#14738);
#14734 = LINE('',#14735,#14736);
#14735 = CARTESIAN_POINT('',(-0.,0.));
#14736 = VECTOR('',#14737,1.);
#14737 = DIRECTION('',(-1.,0.));
#14738 = ( GEOMETRIC_REPRESENTATION_CONTEXT(2) 
PARAMETRIC_REPRESENTATION_CONTEXT() REPRESENTATION_CONTEXT('2D SPACE',''
  ) );
#14739 = PCURVE('',#14425,#14740);
#14740 = DEFINITIONAL_REPRESENTATION('',(#14741),#14745);
#14741 = CIRCLE('',#14742,0.4);
#14742 = AXIS2_PLACEMENT_2D('',#14743,#14744);
#14743 = CARTESIAN_POINT('',(2.4575,-1.8225));
#14744 = DIRECTION('',(1.,0.));
#14745 = ( GEOMETRIC_REPRESENTATION_CONTEXT(2) 
PARAMETRIC_REPRESENTATION_CONTEXT() REPRESENTATION_CONTEXT('2D SPACE',''
  ) );
#14746 = ADVANCED_FACE('',(#14747),#14713,.F.);
#14747 = FACE_BOUND('',#14748,.F.);
#14748 = EDGE_LOOP('',(#14749,#14750,#14773,#14801));
#14749 = ORIENTED_EDGE('',*,*,#14697,.T.);
#14750 = ORIENTED_EDGE('',*,*,#14751,.T.);
#14751 = EDGE_CURVE('',#14674,#14752,#14754,.T.);
#14752 = VERTEX_POINT('',#14753);
#14753 = CARTESIAN_POINT('',(24.8575,1.8225,20.85));
#14754 = SURFACE_CURVE('',#14755,(#14759,#14766),.PCURVE_S1.);
#14755 = LINE('',#14756,#14757);
#14756 = CARTESIAN_POINT('',(24.8575,0.,20.85));
#14757 = VECTOR('',#14758,1.);
#14758 = DIRECTION('',(0.,1.,0.));
#14759 = PCURVE('',#14713,#14760);
#14760 = DEFINITIONAL_REPRESENTATION('',(#14761),#14765);
#14761 = LINE('',#14762,#14763);
#14762 = CARTESIAN_POINT('',(1.8225,-1.5));
#14763 = VECTOR('',#14764,1.);
#14764 = DIRECTION('',(1.,0.));
#14765 = ( GEOMETRIC_REPRESENTATION_CONTEXT(2) 
PARAMETRIC_REPRESENTATION_CONTEXT() REPRESENTATION_CONTEXT('2D SPACE',''
  ) );
#14766 = PCURVE('',#14371,#14767);
#14767 = DEFINITIONAL_REPRESENTATION('',(#14768),#14772);
#14768 = LINE('',#14769,#14770);
#14769 = CARTESIAN_POINT('',(2.8575,0.));
#14770 = VECTOR('',#14771,1.);
#14771 = DIRECTION('',(0.,1.));
#14772 = ( GEOMETRIC_REPRESENTATION_CONTEXT(2) 
PARAMETRIC_REPRESENTATION_CONTEXT() REPRESENTATION_CONTEXT('2D SPACE',''
  ) );
#14773 = ORIENTED_EDGE('',*,*,#14774,.F.);
#14774 = EDGE_CURVE('',#14775,#14752,#14777,.T.);
#14775 = VERTEX_POINT('',#14776);
#14776 = CARTESIAN_POINT('',(24.8575,1.8225,19.35));
#14777 = SURFACE_CURVE('',#14778,(#14782,#14789),.PCURVE_S1.);
#14778 = LINE('',#14779,#14780);
#14779 = CARTESIAN_POINT('',(24.8575,1.8225,19.35));
#14780 = VECTOR('',#14781,1.);
#14781 = DIRECTION('',(0.,0.,1.));
#14782 = PCURVE('',#14713,#14783);
#14783 = DEFINITIONAL_REPRESENTATION('',(#14784),#14788);
#14784 = LINE('',#14785,#14786);
#14785 = CARTESIAN_POINT('',(3.645,0.));
#14786 = VECTOR('',#14787,1.);
#14787 = DIRECTION('',(0.,-1.));
#14788 = ( GEOMETRIC_REPRESENTATION_CONTEXT(2) 
PARAMETRIC_REPRESENTATION_CONTEXT() REPRESENTATION_CONTEXT('2D SPACE',''
  ) );
#14789 = PCURVE('',#14790,#14795);
#14790 = CYLINDRICAL_SURFACE('',#14791,0.4);
#14791 = AXIS2_PLACEMENT_3D('',#14792,#14793,#14794);
#14792 = CARTESIAN_POINT('',(24.4575,1.8225,19.35));
#14793 = DIRECTION('',(-0.,-0.,-1.));
#14794 = DIRECTION('',(1.,0.,0.));
#14795 = DEFINITIONAL_REPRESENTATION('',(#14796),#14800);
#14796 = LINE('',#14797,#14798);
#14797 = CARTESIAN_POINT('',(-0.,0.));
#14798 = VECTOR('',#14799,1.);
#14799 = DIRECTION('',(-0.,-1.));
#14800 = ( GEOMETRIC_REPRESENTATION_CONTEXT(2) 
PARAMETRIC_REPRESENTATION_CONTEXT() REPRESENTATION_CONTEXT('2D SPACE',''
  ) );
#14801 = ORIENTED_EDGE('',*,*,#14802,.F.);
#14802 = EDGE_CURVE('',#14698,#14775,#14803,.T.);
#14803 = SURFACE_CURVE('',#14804,(#14808,#14815),.PCURVE_S1.);
#14804 = LINE('',#14805,#14806);
#14805 = CARTESIAN_POINT('',(24.8575,0.,19.35));
#14806 = VECTOR('',#14807,1.);
#14807 = DIRECTION('',(0.,1.,0.));
#14808 = PCURVE('',#14713,#14809);
#14809 = DEFINITIONAL_REPRESENTATION('',(#14810),#14814);
#14810 = LINE('',#14811,#14812);
#14811 = CARTESIAN_POINT('',(1.8225,0.));
#14812 = VECTOR('',#14813,1.);
#14813 = DIRECTION('',(1.,0.));
#14814 = ( GEOMETRIC_REPRESENTATION_CONTEXT(2) 
PARAMETRIC_REPRESENTATION_CONTEXT() REPRESENTATION_CONTEXT('2D SPACE',''
  ) );
#14815 = PCURVE('',#14425,#14816);
#14816 = DEFINITIONAL_REPRESENTATION('',(#14817),#14821);
#14817 = LINE('',#14818,#14819);
#14818 = CARTESIAN_POINT('',(2.8575,0.));
#14819 = VECTOR('',#14820,1.);
#14820 = DIRECTION('',(0.,1.));
#14821 = ( GEOMETRIC_REPRESENTATION_CONTEXT(2) 
PARAMETRIC_REPRESENTATION_CONTEXT() REPRESENTATION_CONTEXT('2D SPACE',''
  ) );
#14822 = ADVANCED_FACE('',(#14823),#14790,.T.);
#14823 = FACE_BOUND('',#14824,.F.);
#14824 = EDGE_LOOP('',(#14825,#14826,#14850,#14873));
#14825 = ORIENTED_EDGE('',*,*,#14774,.T.);
#14826 = ORIENTED_EDGE('',*,*,#14827,.T.);
#14827 = EDGE_CURVE('',#14752,#14828,#14830,.T.);
#14828 = VERTEX_POINT('',#14829);
#14829 = CARTESIAN_POINT('',(24.4575,2.2225,20.85));
#14830 = SURFACE_CURVE('',#14831,(#14836,#14843),.PCURVE_S1.);
#14831 = CIRCLE('',#14832,0.4);
#14832 = AXIS2_PLACEMENT_3D('',#14833,#14834,#14835);
#14833 = CARTESIAN_POINT('',(24.4575,1.8225,20.85));
#14834 = DIRECTION('',(0.,0.,1.));
#14835 = DIRECTION('',(1.,0.,0.));
#14836 = PCURVE('',#14790,#14837);
#14837 = DEFINITIONAL_REPRESENTATION('',(#14838),#14842);
#14838 = LINE('',#14839,#14840);
#14839 = CARTESIAN_POINT('',(-0.,-1.5));
#14840 = VECTOR('',#14841,1.);
#14841 = DIRECTION('',(-1.,0.));
#14842 = ( GEOMETRIC_REPRESENTATION_CONTEXT(2) 
PARAMETRIC_REPRESENTATION_CONTEXT() REPRESENTATION_CONTEXT('2D SPACE',''
  ) );
#14843 = PCURVE('',#14371,#14844);
#14844 = DEFINITIONAL_REPRESENTATION('',(#14845),#14849);
#14845 = CIRCLE('',#14846,0.4);
#14846 = AXIS2_PLACEMENT_2D('',#14847,#14848);
#14847 = CARTESIAN_POINT('',(2.4575,1.8225));
#14848 = DIRECTION('',(1.,0.));
#14849 = ( GEOMETRIC_REPRESENTATION_CONTEXT(2) 
PARAMETRIC_REPRESENTATION_CONTEXT() REPRESENTATION_CONTEXT('2D SPACE',''
  ) );
#14850 = ORIENTED_EDGE('',*,*,#14851,.F.);
#14851 = EDGE_CURVE('',#14852,#14828,#14854,.T.);
#14852 = VERTEX_POINT('',#14853);
#14853 = CARTESIAN_POINT('',(24.4575,2.2225,19.35));
#14854 = SURFACE_CURVE('',#14855,(#14859,#14866),.PCURVE_S1.);
#14855 = LINE('',#14856,#14857);
#14856 = CARTESIAN_POINT('',(24.4575,2.2225,19.35));
#14857 = VECTOR('',#14858,1.);
#14858 = DIRECTION('',(0.,0.,1.));
#14859 = PCURVE('',#14790,#14860);
#14860 = DEFINITIONAL_REPRESENTATION('',(#14861),#14865);
#14861 = LINE('',#14862,#14863);
#14862 = CARTESIAN_POINT('',(-1.570796326795,0.));
#14863 = VECTOR('',#14864,1.);
#14864 = DIRECTION('',(-0.,-1.));
#14865 = ( GEOMETRIC_REPRESENTATION_CONTEXT(2) 
PARAMETRIC_REPRESENTATION_CONTEXT() REPRESENTATION_CONTEXT('2D SPACE',''
  ) );
#14866 = PCURVE('',#14458,#14867);
#14867 = DEFINITIONAL_REPRESENTATION('',(#14868),#14872);
#14868 = LINE('',#14869,#14870);
#14869 = CARTESIAN_POINT('',(4.915,0.));
#14870 = VECTOR('',#14871,1.);
#14871 = DIRECTION('',(0.,-1.));
#14872 = ( GEOMETRIC_REPRESENTATION_CONTEXT(2) 
PARAMETRIC_REPRESENTATION_CONTEXT() REPRESENTATION_CONTEXT('2D SPACE',''
  ) );
#14873 = ORIENTED_EDGE('',*,*,#14874,.F.);
#14874 = EDGE_CURVE('',#14775,#14852,#14875,.T.);
#14875 = SURFACE_CURVE('',#14876,(#14881,#14888),.PCURVE_S1.);
#14876 = CIRCLE('',#14877,0.4);
#14877 = AXIS2_PLACEMENT_3D('',#14878,#14879,#14880);
#14878 = CARTESIAN_POINT('',(24.4575,1.8225,19.35));
#14879 = DIRECTION('',(0.,0.,1.));
#14880 = DIRECTION('',(1.,0.,0.));
#14881 = PCURVE('',#14790,#14882);
#14882 = DEFINITIONAL_REPRESENTATION('',(#14883),#14887);
#14883 = LINE('',#14884,#14885);
#14884 = CARTESIAN_POINT('',(-0.,0.));
#14885 = VECTOR('',#14886,1.);
#14886 = DIRECTION('',(-1.,0.));
#14887 = ( GEOMETRIC_REPRESENTATION_CONTEXT(2) 
PARAMETRIC_REPRESENTATION_CONTEXT() REPRESENTATION_CONTEXT('2D SPACE',''
  ) );
#14888 = PCURVE('',#14425,#14889);
#14889 = DEFINITIONAL_REPRESENTATION('',(#14890),#14894);
#14890 = CIRCLE('',#14891,0.4);
#14891 = AXIS2_PLACEMENT_2D('',#14892,#14893);
#14892 = CARTESIAN_POINT('',(2.4575,1.8225));
#14893 = DIRECTION('',(1.,0.));
#14894 = ( GEOMETRIC_REPRESENTATION_CONTEXT(2) 
PARAMETRIC_REPRESENTATION_CONTEXT() REPRESENTATION_CONTEXT('2D SPACE',''
  ) );
#14895 = ADVANCED_FACE('',(#14896),#14458,.T.);
#14896 = FACE_BOUND('',#14897,.T.);
#14897 = EDGE_LOOP('',(#14898,#14899,#14920,#14921));
#14898 = ORIENTED_EDGE('',*,*,#14440,.T.);
#14899 = ORIENTED_EDGE('',*,*,#14900,.T.);
#14900 = EDGE_CURVE('',#14443,#14828,#14901,.T.);
#14901 = SURFACE_CURVE('',#14902,(#14906,#14913),.PCURVE_S1.);
#14902 = LINE('',#14903,#14904);
#14903 = CARTESIAN_POINT('',(22.,2.2225,20.85));
#14904 = VECTOR('',#14905,1.);
#14905 = DIRECTION('',(1.,0.,0.));
#14906 = PCURVE('',#14458,#14907);
#14907 = DEFINITIONAL_REPRESENTATION('',(#14908),#14912);
#14908 = LINE('',#14909,#14910);
#14909 = CARTESIAN_POINT('',(2.4575,-1.5));
#14910 = VECTOR('',#14911,1.);
#14911 = DIRECTION('',(1.,0.));
#14912 = ( GEOMETRIC_REPRESENTATION_CONTEXT(2) 
PARAMETRIC_REPRESENTATION_CONTEXT() REPRESENTATION_CONTEXT('2D SPACE',''
  ) );
#14913 = PCURVE('',#14371,#14914);
#14914 = DEFINITIONAL_REPRESENTATION('',(#14915),#14919);
#14915 = LINE('',#14916,#14917);
#14916 = CARTESIAN_POINT('',(0.,2.2225));
#14917 = VECTOR('',#14918,1.);
#14918 = DIRECTION('',(1.,0.));
#14919 = ( GEOMETRIC_REPRESENTATION_CONTEXT(2) 
PARAMETRIC_REPRESENTATION_CONTEXT() REPRESENTATION_CONTEXT('2D SPACE',''
  ) );
#14920 = ORIENTED_EDGE('',*,*,#14851,.F.);
#14921 = ORIENTED_EDGE('',*,*,#14922,.F.);
#14922 = EDGE_CURVE('',#14441,#14852,#14923,.T.);
#14923 = SURFACE_CURVE('',#14924,(#14928,#14935),.PCURVE_S1.);
#14924 = LINE('',#14925,#14926);
#14925 = CARTESIAN_POINT('',(22.,2.2225,19.35));
#14926 = VECTOR('',#14927,1.);
#14927 = DIRECTION('',(1.,0.,0.));
#14928 = PCURVE('',#14458,#14929);
#14929 = DEFINITIONAL_REPRESENTATION('',(#14930),#14934);
#14930 = LINE('',#14931,#14932);
#14931 = CARTESIAN_POINT('',(2.4575,0.));
#14932 = VECTOR('',#14933,1.);
#14933 = DIRECTION('',(1.,0.));
#14934 = ( GEOMETRIC_REPRESENTATION_CONTEXT(2) 
PARAMETRIC_REPRESENTATION_CONTEXT() REPRESENTATION_CONTEXT('2D SPACE',''
  ) );
#14935 = PCURVE('',#14425,#14936);
#14936 = DEFINITIONAL_REPRESENTATION('',(#14937),#14941);
#14937 = LINE('',#14938,#14939);
#14938 = CARTESIAN_POINT('',(0.,2.2225));
#14939 = VECTOR('',#14940,1.);
#14940 = DIRECTION('',(1.,0.));
#14941 = ( GEOMETRIC_REPRESENTATION_CONTEXT(2) 
PARAMETRIC_REPRESENTATION_CONTEXT() REPRESENTATION_CONTEXT('2D SPACE',''
  ) );
#14942 = ADVANCED_FACE('',(#14943),#14425,.F.);
#14943 = FACE_BOUND('',#14944,.F.);
#14944 = EDGE_LOOP('',(#14945,#14946,#14947,#14948,#14949,#14950,#14951,
    #14952));
#14945 = ORIENTED_EDGE('',*,*,#14411,.F.);
#14946 = ORIENTED_EDGE('',*,*,#14571,.T.);
#14947 = ORIENTED_EDGE('',*,*,#14648,.T.);
#14948 = ORIENTED_EDGE('',*,*,#14725,.T.);
#14949 = ORIENTED_EDGE('',*,*,#14802,.T.);
#14950 = ORIENTED_EDGE('',*,*,#14874,.T.);
#14951 = ORIENTED_EDGE('',*,*,#14922,.F.);
#14952 = ORIENTED_EDGE('',*,*,#14493,.T.);
#14953 = ADVANCED_FACE('',(#14954),#14371,.T.);
#14954 = FACE_BOUND('',#14955,.T.);
#14955 = EDGE_LOOP('',(#14956,#14957,#14958,#14959,#14960,#14961,#14962,
    #14963));
#14956 = ORIENTED_EDGE('',*,*,#14355,.F.);
#14957 = ORIENTED_EDGE('',*,*,#14519,.T.);
#14958 = ORIENTED_EDGE('',*,*,#14597,.T.);
#14959 = ORIENTED_EDGE('',*,*,#14673,.T.);
#14960 = ORIENTED_EDGE('',*,*,#14751,.T.);
#14961 = ORIENTED_EDGE('',*,*,#14827,.T.);
#14962 = ORIENTED_EDGE('',*,*,#14900,.F.);
#14963 = ORIENTED_EDGE('',*,*,#14470,.T.);
#14964 = ( GEOMETRIC_REPRESENTATION_CONTEXT(3) 
GLOBAL_UNCERTAINTY_ASSIGNED_CONTEXT((#14968)) 
GLOBAL_UNIT_ASSIGNED_CONTEXT((#14965,#14966,#14967)) 
REPRESENTATION_CONTEXT('Context #1',
  '3D Context with UNIT and UNCERTAINTY') );
#14965 = ( LENGTH_UNIT() NAMED_UNIT(*) SI_UNIT(.MILLI.,.METRE.) );
#14966 = ( NAMED_UNIT(*) PLANE_ANGLE_UNIT() SI_UNIT($,.RADIAN.) );
#14967 = ( NAMED_UNIT(*) SI_UNIT($,.STERADIAN.) SOLID_ANGLE_UNIT() );
#14968 = UNCERTAINTY_MEASURE_WITH_UNIT(LENGTH_MEASURE(1.E-07),#14965,
  'distance_accuracy_value','confusion accuracy');
#14969 = CONTEXT_DEPENDENT_SHAPE_REPRESENTATION(#14970,#14972);
#14970 = ( REPRESENTATION_RELATIONSHIP('','',#14313,#10) 
REPRESENTATION_RELATIONSHIP_WITH_TRANSFORMATION(#14971) 
SHAPE_REPRESENTATION_RELATIONSHIP() );
#14971 = ITEM_DEFINED_TRANSFORMATION('','',#11,#123);
#14972 = PRODUCT_DEFINITION_SHAPE('Placement','Placement of an item',
  #14973);
#14973 = NEXT_ASSEMBLY_USAGE_OCCURRENCE('176','stub 9 sample','',#5,
  #14308,$);
#14974 = PRODUCT_RELATED_PRODUCT_CATEGORY('part',$,(#14310));
#14975 = SHAPE_DEFINITION_REPRESENTATION(#14976,#14982);
#14976 = PRODUCT_DEFINITION_SHAPE('','',#14977);
#14977 = PRODUCT_DEFINITION('design','',#14978,#14981);
#14978 = PRODUCT_DEFINITION_FORMATION('','',#14979);
#14979 = PRODUCT('stub 10 stub','stub 10 stub','',(#14980));
#14980 = PRODUCT_CONTEXT('',#2,'mechanical');
#14981 = PRODUCT_DEFINITION_CONTEXT('part definition',#2,'design');
#14982 = ADVANCED_BREP_SHAPE_REPRESENTATION('',(#11,#14983),#15465);
#14983 = MANIFOLD_SOLID_BREP('',#14984);
#14984 = CLOSED_SHELL('',(#14985,#15077,#15112,#15147,#15202,#15257,
    #15310,#15349,#15353,#15408,#15461));
#14985 = ADVANCED_FACE('',(#14986),#14999,.T.);
#14986 = FACE_BOUND('',#14987,.F.);
#14987 = EDGE_LOOP('',(#14988,#15022,#15045,#15076));
#14988 = ORIENTED_EDGE('',*,*,#14989,.F.);
#14989 = EDGE_CURVE('',#14990,#14990,#14992,.T.);
#14990 = VERTEX_POINT('',#14991);
#14991 = CARTESIAN_POINT('',(50.35,0.,16.));
#14992 = SURFACE_CURVE('',#14993,(#14998,#15010),.PCURVE_S1.);
#14993 = CIRCLE('',#14994,6.35);
#14994 = AXIS2_PLACEMENT_3D('',#14995,#14996,#14997);
#14995 = CARTESIAN_POINT('',(44.,0.,16.));
#14996 = DIRECTION('',(0.,0.,1.));
#14997 = DIRECTION('',(1.,0.,0.));
#14998 = PCURVE('',#14999,#15004);
#14999 = CYLINDRICAL_SURFACE('',#15000,6.35);
#15000 = AXIS2_PLACEMENT_3D('',#15001,#15002,#15003);
#15001 = CARTESIAN_POINT('',(44.,0.,16.));
#15002 = DIRECTION('',(-0.,-0.,-1.));
#15003 = DIRECTION('',(1.,0.,0.));
#15004 = DEFINITIONAL_REPRESENTATION('',(#15005),#15009);
#15005 = LINE('',#15006,#15007);
#15006 = CARTESIAN_POINT('',(-0.,0.));
#15007 = VECTOR('',#15008,1.);
#15008 = DIRECTION('',(-1.,0.));
#15009 = ( GEOMETRIC_REPRESENTATION_CONTEXT(2) 
PARAMETRIC_REPRESENTATION_CONTEXT() REPRESENTATION_CONTEXT('2D SPACE',''
  ) );
#15010 = PCURVE('',#15011,#15016);
#15011 = PLANE('',#15012);
#15012 = AXIS2_PLACEMENT_3D('',#15013,#15014,#15015);
#15013 = CARTESIAN_POINT('',(44.,6.021627052289E-16,16.));
#15014 = DIRECTION('',(0.,0.,1.));
#15015 = DIRECTION('',(1.,0.,0.));
#15016 = DEFINITIONAL_REPRESENTATION('',(#15017),#15021);
#15017 = CIRCLE('',#15018,6.35);
#15018 = AXIS2_PLACEMENT_2D('',#15019,#15020);
#15019 = CARTESIAN_POINT('',(0.,-6.021627052289E-16));
#15020 = DIRECTION('',(1.,0.));
#15021 = ( GEOMETRIC_REPRESENTATION_CONTEXT(2) 
PARAMETRIC_REPRESENTATION_CONTEXT() REPRESENTATION_CONTEXT('2D SPACE',''
  ) );
#15022 = ORIENTED_EDGE('',*,*,#15023,.T.);
#15023 = EDGE_CURVE('',#14990,#15024,#15026,.T.);
#15024 = VERTEX_POINT('',#15025);
#15025 = CARTESIAN_POINT('',(50.35,0.,17.1));
#15026 = SEAM_CURVE('',#15027,(#15031,#15038),.PCURVE_S1.);
#15027 = LINE('',#15028,#15029);
#15028 = CARTESIAN_POINT('',(50.35,0.,16.));
#15029 = VECTOR('',#15030,1.);
#15030 = DIRECTION('',(0.,0.,1.));
#15031 = PCURVE('',#14999,#15032);
#15032 = DEFINITIONAL_REPRESENTATION('',(#15033),#15037);
#15033 = LINE('',#15034,#15035);
#15034 = CARTESIAN_POINT('',(-6.28318530718,0.));
#15035 = VECTOR('',#15036,1.);
#15036 = DIRECTION('',(-0.,-1.));
#15037 = ( GEOMETRIC_REPRESENTATION_CONTEXT(2) 
PARAMETRIC_REPRESENTATION_CONTEXT() REPRESENTATION_CONTEXT('2D SPACE',''
  ) );
#15038 = PCURVE('',#14999,#15039);
#15039 = DEFINITIONAL_REPRESENTATION('',(#15040),#15044);
#15040 = LINE('',#15041,#15042);
#15041 = CARTESIAN_POINT('',(-0.,0.));
#15042 = VECTOR('',#15043,1.);
#15043 = DIRECTION('',(-0.,-1.));
#15044 = ( GEOMETRIC_REPRESENTATION_CONTEXT(2) 
PARAMETRIC_REPRESENTATION_CONTEXT() REPRESENTATION_CONTEXT('2D SPACE',''
  ) );
#15045 = ORIENTED_EDGE('',*,*,#15046,.F.);
#15046 = EDGE_CURVE('',#15024,#15024,#15047,.T.);
#15047 = SURFACE_CURVE('',#15048,(#15053,#15060),.PCURVE_S1.);
#15048 = CIRCLE('',#15049,6.35);
#15049 = AXIS2_PLACEMENT_3D('',#15050,#15051,#15052);
#15050 = CARTESIAN_POINT('',(44.,0.,17.1));
#15051 = DIRECTION('',(0.,0.,-1.));
#15052 = DIRECTION('',(1.,0.,0.));
#15053 = PCURVE('',#14999,#15054);
#15054 = DEFINITIONAL_REPRESENTATION('',(#15055),#15059);
#15055 = LINE('',#15056,#15057);
#15056 = CARTESIAN_POINT('',(-6.28318530718,-1.1));
#15057 = VECTOR('',#15058,1.);
#15058 = DIRECTION('',(1.,-0.));
#15059 = ( GEOMETRIC_REPRESENTATION_CONTEXT(2) 
PARAMETRIC_REPRESENTATION_CONTEXT() REPRESENTATION_CONTEXT('2D SPACE',''
  ) );
#15060 = PCURVE('',#15061,#15066);
#15061 = PLANE('',#15062);
#15062 = AXIS2_PLACEMENT_3D('',#15063,#15064,#15065);
#15063 = CARTESIAN_POINT('',(44.,1.196249076369E-16,17.1));
#15064 = DIRECTION('',(0.,0.,1.));
#15065 = DIRECTION('',(1.,0.,0.));
#15066 = DEFINITIONAL_REPRESENTATION('',(#15067),#15075);
#15067 = ( BOUNDED_CURVE() B_SPLINE_CURVE(2,(#15068,#15069,#15070,#15071
    ,#15072,#15073,#15074),.UNSPECIFIED.,.T.,.F.) 
B_SPLINE_CURVE_WITH_KNOTS((1,2,2,2,2,1),(-2.094395102393,0.,
    2.094395102393,4.188790204786,6.28318530718,8.377580409573),
.UNSPECIFIED.) CURVE() GEOMETRIC_REPRESENTATION_ITEM() 
RATIONAL_B_SPLINE_CURVE((1.,0.5,1.,0.5,1.,0.5,1.)) REPRESENTATION_ITEM(
  '') );
#15068 = CARTESIAN_POINT('',(6.35,-1.196249076369E-16));
#15069 = CARTESIAN_POINT('',(6.35,-10.99852262806));
#15070 = CARTESIAN_POINT('',(-3.175,-5.499261314031));
#15071 = CARTESIAN_POINT('',(-12.7,-1.674926342554E-15));
#15072 = CARTESIAN_POINT('',(-3.175,5.499261314031));
#15073 = CARTESIAN_POINT('',(6.35,10.998522628062));
#15074 = CARTESIAN_POINT('',(6.35,-1.196249076369E-16));
#15075 = ( GEOMETRIC_REPRESENTATION_CONTEXT(2) 
PARAMETRIC_REPRESENTATION_CONTEXT() REPRESENTATION_CONTEXT('2D SPACE',''
  ) );
#15076 = ORIENTED_EDGE('',*,*,#15023,.F.);
#15077 = ADVANCED_FACE('',(#15078,#15081),#15011,.F.);
#15078 = FACE_BOUND('',#15079,.F.);
#15079 = EDGE_LOOP('',(#15080));
#15080 = ORIENTED_EDGE('',*,*,#14989,.T.);
#15081 = FACE_BOUND('',#15082,.F.);
#15082 = EDGE_LOOP('',(#15083));
#15083 = ORIENTED_EDGE('',*,*,#15084,.F.);
#15084 = EDGE_CURVE('',#15085,#15085,#15087,.T.);
#15085 = VERTEX_POINT('',#15086);
#15086 = CARTESIAN_POINT('',(45.575,0.,16.));
#15087 = SURFACE_CURVE('',#15088,(#15093,#15100),.PCURVE_S1.);
#15088 = CIRCLE('',#15089,1.575);
#15089 = AXIS2_PLACEMENT_3D('',#15090,#15091,#15092);
#15090 = CARTESIAN_POINT('',(44.,0.,16.));
#15091 = DIRECTION('',(0.,0.,1.));
#15092 = DIRECTION('',(1.,0.,0.));
#15093 = PCURVE('',#15011,#15094);
#15094 = DEFINITIONAL_REPRESENTATION('',(#15095),#15099);
#15095 = CIRCLE('',#15096,1.575);
#15096 = AXIS2_PLACEMENT_2D('',#15097,#15098);
#15097 = CARTESIAN_POINT('',(0.,-6.021627052289E-16));
#15098 = DIRECTION('',(1.,0.));
#15099 = ( GEOMETRIC_REPRESENTATION_CONTEXT(2) 
PARAMETRIC_REPRESENTATION_CONTEXT() REPRESENTATION_CONTEXT('2D SPACE',''
  ) );
#15100 = PCURVE('',#15101,#15106);
#15101 = CYLINDRICAL_SURFACE('',#15102,1.575);
#15102 = AXIS2_PLACEMENT_3D('',#15103,#15104,#15105);
#15103 = CARTESIAN_POINT('',(44.,0.,8.));
#15104 = DIRECTION('',(-0.,-0.,-1.));
#15105 = DIRECTION('',(1.,0.,0.));
#15106 = DEFINITIONAL_REPRESENTATION('',(#15107),#15111);
#15107 = LINE('',#15108,#15109);
#15108 = CARTESIAN_POINT('',(-0.,-8.));
#15109 = VECTOR('',#15110,1.);
#15110 = DIRECTION('',(-1.,0.));
#15111 = ( GEOMETRIC_REPRESENTATION_CONTEXT(2) 
PARAMETRIC_REPRESENTATION_CONTEXT() REPRESENTATION_CONTEXT('2D SPACE',''
  ) );
#15112 = ADVANCED_FACE('',(#15113,#15116),#15061,.T.);
#15113 = FACE_BOUND('',#15114,.T.);
#15114 = EDGE_LOOP('',(#15115));
#15115 = ORIENTED_EDGE('',*,*,#15046,.F.);
#15116 = FACE_BOUND('',#15117,.T.);
#15117 = EDGE_LOOP('',(#15118));
#15118 = ORIENTED_EDGE('',*,*,#15119,.F.);
#15119 = EDGE_CURVE('',#15120,#15120,#15122,.T.);
#15120 = VERTEX_POINT('',#15121);
#15121 = CARTESIAN_POINT('',(49.85,4.538137910877E-16,17.1));
#15122 = SURFACE_CURVE('',#15123,(#15128,#15135),.PCURVE_S1.);
#15123 = CIRCLE('',#15124,5.85);
#15124 = AXIS2_PLACEMENT_3D('',#15125,#15126,#15127);
#15125 = CARTESIAN_POINT('',(44.,4.538137910877E-16,17.1));
#15126 = DIRECTION('',(0.,0.,1.));
#15127 = DIRECTION('',(1.,0.,0.));
#15128 = PCURVE('',#15061,#15129);
#15129 = DEFINITIONAL_REPRESENTATION('',(#15130),#15134);
#15130 = CIRCLE('',#15131,5.85);
#15131 = AXIS2_PLACEMENT_2D('',#15132,#15133);
#15132 = CARTESIAN_POINT('',(3.321377597886E-14,3.341888834508E-16));
#15133 = DIRECTION('',(1.,0.));
#15134 = ( GEOMETRIC_REPRESENTATION_CONTEXT(2) 
PARAMETRIC_REPRESENTATION_CONTEXT() REPRESENTATION_CONTEXT('2D SPACE',''
  ) );
#15135 = PCURVE('',#15136,#15141);
#15136 = CYLINDRICAL_SURFACE('',#15137,5.85);
#15137 = AXIS2_PLACEMENT_3D('',#15138,#15139,#15140);
#15138 = CARTESIAN_POINT('',(44.,4.538137910877E-16,17.1));
#15139 = DIRECTION('',(-0.,-0.,-1.));
#15140 = DIRECTION('',(1.,0.,0.));
#15141 = DEFINITIONAL_REPRESENTATION('',(#15142),#15146);
#15142 = LINE('',#15143,#15144);
#15143 = CARTESIAN_POINT('',(-0.,0.));
#15144 = VECTOR('',#15145,1.);
#15145 = DIRECTION('',(-1.,0.));
#15146 = ( GEOMETRIC_REPRESENTATION_CONTEXT(2) 
PARAMETRIC_REPRESENTATION_CONTEXT() REPRESENTATION_CONTEXT('2D SPACE',''
  ) );
#15147 = ADVANCED_FACE('',(#15148),#15101,.T.);
#15148 = FACE_BOUND('',#15149,.F.);
#15149 = EDGE_LOOP('',(#15150,#15173,#15174,#15175));
#15150 = ORIENTED_EDGE('',*,*,#15151,.T.);
#15151 = EDGE_CURVE('',#15152,#15085,#15154,.T.);
#15152 = VERTEX_POINT('',#15153);
#15153 = CARTESIAN_POINT('',(45.575,0.,8.4));
#15154 = SEAM_CURVE('',#15155,(#15159,#15166),.PCURVE_S1.);
#15155 = LINE('',#15156,#15157);
#15156 = CARTESIAN_POINT('',(45.575,0.,8.));
#15157 = VECTOR('',#15158,1.);
#15158 = DIRECTION('',(0.,0.,1.));
#15159 = PCURVE('',#15101,#15160);
#15160 = DEFINITIONAL_REPRESENTATION('',(#15161),#15165);
#15161 = LINE('',#15162,#15163);
#15162 = CARTESIAN_POINT('',(-0.,0.));
#15163 = VECTOR('',#15164,1.);
#15164 = DIRECTION('',(-0.,-1.));
#15165 = ( GEOMETRIC_REPRESENTATION_CONTEXT(2) 
PARAMETRIC_REPRESENTATION_CONTEXT() REPRESENTATION_CONTEXT('2D SPACE',''
  ) );
#15166 = PCURVE('',#15101,#15167);
#15167 = DEFINITIONAL_REPRESENTATION('',(#15168),#15172);
#15168 = LINE('',#15169,#15170);
#15169 = CARTESIAN_POINT('',(-6.28318530718,0.));
#15170 = VECTOR('',#15171,1.);
#15171 = DIRECTION('',(-0.,-1.));
#15172 = ( GEOMETRIC_REPRESENTATION_CONTEXT(2) 
PARAMETRIC_REPRESENTATION_CONTEXT() REPRESENTATION_CONTEXT('2D SPACE',''
  ) );
#15173 = ORIENTED_EDGE('',*,*,#15084,.T.);
#15174 = ORIENTED_EDGE('',*,*,#15151,.F.);
#15175 = ORIENTED_EDGE('',*,*,#15176,.F.);
#15176 = EDGE_CURVE('',#15152,#15152,#15177,.T.);
#15177 = SURFACE_CURVE('',#15178,(#15183,#15190),.PCURVE_S1.);
#15178 = CIRCLE('',#15179,1.575);
#15179 = AXIS2_PLACEMENT_3D('',#15180,#15181,#15182);
#15180 = CARTESIAN_POINT('',(44.,0.,8.4));
#15181 = DIRECTION('',(0.,0.,1.));
#15182 = DIRECTION('',(1.,0.,0.));
#15183 = PCURVE('',#15101,#15184);
#15184 = DEFINITIONAL_REPRESENTATION('',(#15185),#15189);
#15185 = LINE('',#15186,#15187);
#15186 = CARTESIAN_POINT('',(-0.,-0.4));
#15187 = VECTOR('',#15188,1.);
#15188 = DIRECTION('',(-1.,0.));
#15189 = ( GEOMETRIC_REPRESENTATION_CONTEXT(2) 
PARAMETRIC_REPRESENTATION_CONTEXT() REPRESENTATION_CONTEXT('2D SPACE',''
  ) );
#15190 = PCURVE('',#15191,#15196);
#15191 = CONICAL_SURFACE('',#15192,1.575,0.785398163397);
#15192 = AXIS2_PLACEMENT_3D('',#15193,#15194,#15195);
#15193 = CARTESIAN_POINT('',(44.,0.,8.4));
#15194 = DIRECTION('',(0.,0.,1.));
#15195 = DIRECTION('',(1.,0.,0.));
#15196 = DEFINITIONAL_REPRESENTATION('',(#15197),#15201);
#15197 = LINE('',#15198,#15199);
#15198 = CARTESIAN_POINT('',(0.,-0.));
#15199 = VECTOR('',#15200,1.);
#15200 = DIRECTION('',(1.,-0.));
#15201 = ( GEOMETRIC_REPRESENTATION_CONTEXT(2) 
PARAMETRIC_REPRESENTATION_CONTEXT() REPRESENTATION_CONTEXT('2D SPACE',''
  ) );
#15202 = ADVANCED_FACE('',(#15203),#15136,.T.);
#15203 = FACE_BOUND('',#15204,.F.);
#15204 = EDGE_LOOP('',(#15205,#15228,#15255,#15256));
#15205 = ORIENTED_EDGE('',*,*,#15206,.T.);
#15206 = EDGE_CURVE('',#15120,#15207,#15209,.T.);
#15207 = VERTEX_POINT('',#15208);
#15208 = CARTESIAN_POINT('',(49.85,4.538137910877E-16,18.1));
#15209 = SEAM_CURVE('',#15210,(#15214,#15221),.PCURVE_S1.);
#15210 = LINE('',#15211,#15212);
#15211 = CARTESIAN_POINT('',(49.85,4.538137910877E-16,17.1));
#15212 = VECTOR('',#15213,1.);
#15213 = DIRECTION('',(0.,0.,1.));
#15214 = PCURVE('',#15136,#15215);
#15215 = DEFINITIONAL_REPRESENTATION('',(#15216),#15220);
#15216 = LINE('',#15217,#15218);
#15217 = CARTESIAN_POINT('',(-0.,0.));
#15218 = VECTOR('',#15219,1.);
#15219 = DIRECTION('',(-0.,-1.));
#15220 = ( GEOMETRIC_REPRESENTATION_CONTEXT(2) 
PARAMETRIC_REPRESENTATION_CONTEXT() REPRESENTATION_CONTEXT('2D SPACE',''
  ) );
#15221 = PCURVE('',#15136,#15222);
#15222 = DEFINITIONAL_REPRESENTATION('',(#15223),#15227);
#15223 = LINE('',#15224,#15225);
#15224 = CARTESIAN_POINT('',(-6.28318530718,0.));
#15225 = VECTOR('',#15226,1.);
#15226 = DIRECTION('',(-0.,-1.));
#15227 = ( GEOMETRIC_REPRESENTATION_CONTEXT(2) 
PARAMETRIC_REPRESENTATION_CONTEXT() REPRESENTATION_CONTEXT('2D SPACE',''
  ) );
#15228 = ORIENTED_EDGE('',*,*,#15229,.T.);
#15229 = EDGE_CURVE('',#15207,#15207,#15230,.T.);
#15230 = SURFACE_CURVE('',#15231,(#15236,#15243),.PCURVE_S1.);
#15231 = CIRCLE('',#15232,5.85);
#15232 = AXIS2_PLACEMENT_3D('',#15233,#15234,#15235);
#15233 = CARTESIAN_POINT('',(44.,4.538137910877E-16,18.1));
#15234 = DIRECTION('',(0.,0.,1.));
#15235 = DIRECTION('',(1.,0.,0.));
#15236 = PCURVE('',#15136,#15237);
#15237 = DEFINITIONAL_REPRESENTATION('',(#15238),#15242);
#15238 = LINE('',#15239,#15240);
#15239 = CARTESIAN_POINT('',(-0.,-1.));
#15240 = VECTOR('',#15241,1.);
#15241 = DIRECTION('',(-1.,0.));
#15242 = ( GEOMETRIC_REPRESENTATION_CONTEXT(2) 
PARAMETRIC_REPRESENTATION_CONTEXT() REPRESENTATION_CONTEXT('2D SPACE',''
  ) );
#15243 = PCURVE('',#15244,#15249);
#15244 = PLANE('',#15245);
#15245 = AXIS2_PLACEMENT_3D('',#15246,#15247,#15248);
#15246 = CARTESIAN_POINT('',(44.,1.196249076369E-16,18.1));
#15247 = DIRECTION('',(0.,0.,1.));
#15248 = DIRECTION('',(1.,0.,0.));
#15249 = DEFINITIONAL_REPRESENTATION('',(#15250),#15254);
#15250 = CIRCLE('',#15251,5.85);
#15251 = AXIS2_PLACEMENT_2D('',#15252,#15253);
#15252 = CARTESIAN_POINT('',(3.321377597886E-14,3.341888834508E-16));
#15253 = DIRECTION('',(1.,0.));
#15254 = ( GEOMETRIC_REPRESENTATION_CONTEXT(2) 
PARAMETRIC_REPRESENTATION_CONTEXT() REPRESENTATION_CONTEXT('2D SPACE',''
  ) );
#15255 = ORIENTED_EDGE('',*,*,#15206,.F.);
#15256 = ORIENTED_EDGE('',*,*,#15119,.F.);
#15257 = ADVANCED_FACE('',(#15258),#15191,.T.);
#15258 = FACE_BOUND('',#15259,.F.);
#15259 = EDGE_LOOP('',(#15260,#15281,#15282,#15283));
#15260 = ORIENTED_EDGE('',*,*,#15261,.F.);
#15261 = EDGE_CURVE('',#15152,#15262,#15264,.T.);
#15262 = VERTEX_POINT('',#15263);
#15263 = CARTESIAN_POINT('',(45.175,0.,8.));
#15264 = SEAM_CURVE('',#15265,(#15269,#15275),.PCURVE_S1.);
#15265 = LINE('',#15266,#15267);
#15266 = CARTESIAN_POINT('',(45.575,0.,8.4));
#15267 = VECTOR('',#15268,1.);
#15268 = DIRECTION('',(-0.707106781187,-0.,-0.707106781187));
#15269 = PCURVE('',#15191,#15270);
#15270 = DEFINITIONAL_REPRESENTATION('',(#15271),#15274);
#15271 = B_SPLINE_CURVE_WITH_KNOTS('',1,(#15272,#15273),.UNSPECIFIED.,
  .F.,.F.,(2,2),(0.,0.565685424949),.PIECEWISE_BEZIER_KNOTS.);
#15272 = CARTESIAN_POINT('',(0.,0.));
#15273 = CARTESIAN_POINT('',(0.,-0.4));
#15274 = ( GEOMETRIC_REPRESENTATION_CONTEXT(2) 
PARAMETRIC_REPRESENTATION_CONTEXT() REPRESENTATION_CONTEXT('2D SPACE',''
  ) );
#15275 = PCURVE('',#15191,#15276);
#15276 = DEFINITIONAL_REPRESENTATION('',(#15277),#15280);
#15277 = B_SPLINE_CURVE_WITH_KNOTS('',1,(#15278,#15279),.UNSPECIFIED.,
  .F.,.F.,(2,2),(0.,0.565685424949),.PIECEWISE_BEZIER_KNOTS.);
#15278 = CARTESIAN_POINT('',(6.28318530718,0.));
#15279 = CARTESIAN_POINT('',(6.28318530718,-0.4));
#15280 = ( GEOMETRIC_REPRESENTATION_CONTEXT(2) 
PARAMETRIC_REPRESENTATION_CONTEXT() REPRESENTATION_CONTEXT('2D SPACE',''
  ) );
#15281 = ORIENTED_EDGE('',*,*,#15176,.T.);
#15282 = ORIENTED_EDGE('',*,*,#15261,.T.);
#15283 = ORIENTED_EDGE('',*,*,#15284,.F.);
#15284 = EDGE_CURVE('',#15262,#15262,#15285,.T.);
#15285 = SURFACE_CURVE('',#15286,(#15291,#15298),.PCURVE_S1.);
#15286 = CIRCLE('',#15287,1.175);
#15287 = AXIS2_PLACEMENT_3D('',#15288,#15289,#15290);
#15288 = CARTESIAN_POINT('',(44.,0.,8.));
#15289 = DIRECTION('',(0.,0.,1.));
#15290 = DIRECTION('',(1.,0.,0.));
#15291 = PCURVE('',#15191,#15292);
#15292 = DEFINITIONAL_REPRESENTATION('',(#15293),#15297);
#15293 = LINE('',#15294,#15295);
#15294 = CARTESIAN_POINT('',(0.,-0.4));
#15295 = VECTOR('',#15296,1.);
#15296 = DIRECTION('',(1.,-0.));
#15297 = ( GEOMETRIC_REPRESENTATION_CONTEXT(2) 
PARAMETRIC_REPRESENTATION_CONTEXT() REPRESENTATION_CONTEXT('2D SPACE',''
  ) );
#15298 = PCURVE('',#15299,#15304);
#15299 = PLANE('',#15300);
#15300 = AXIS2_PLACEMENT_3D('',#15301,#15302,#15303);
#15301 = CARTESIAN_POINT('',(44.,4.423303769075E-17,8.));
#15302 = DIRECTION('',(0.,0.,1.));
#15303 = DIRECTION('',(1.,0.,0.));
#15304 = DEFINITIONAL_REPRESENTATION('',(#15305),#15309);
#15305 = CIRCLE('',#15306,1.175);
#15306 = AXIS2_PLACEMENT_2D('',#15307,#15308);
#15307 = CARTESIAN_POINT('',(5.426349732299E-17,-4.423303769075E-17));
#15308 = DIRECTION('',(1.,0.));
#15309 = ( GEOMETRIC_REPRESENTATION_CONTEXT(2) 
PARAMETRIC_REPRESENTATION_CONTEXT() REPRESENTATION_CONTEXT('2D SPACE',''
  ) );
#15310 = ADVANCED_FACE('',(#15311,#15346),#15244,.F.);
#15311 = FACE_BOUND('',#15312,.F.);
#15312 = EDGE_LOOP('',(#15313));
#15313 = ORIENTED_EDGE('',*,*,#15314,.F.);
#15314 = EDGE_CURVE('',#15315,#15315,#15317,.T.);
#15315 = VERTEX_POINT('',#15316);
#15316 = CARTESIAN_POINT('',(50.35,0.,18.1));
#15317 = SURFACE_CURVE('',#15318,(#15323,#15334),.PCURVE_S1.);
#15318 = CIRCLE('',#15319,6.35);
#15319 = AXIS2_PLACEMENT_3D('',#15320,#15321,#15322);
#15320 = CARTESIAN_POINT('',(44.,0.,18.1));
#15321 = DIRECTION('',(0.,0.,-1.));
#15322 = DIRECTION('',(1.,0.,0.));
#15323 = PCURVE('',#15244,#15324);
#15324 = DEFINITIONAL_REPRESENTATION('',(#15325),#15333);
#15325 = ( BOUNDED_CURVE() B_SPLINE_CURVE(2,(#15326,#15327,#15328,#15329
    ,#15330,#15331,#15332),.UNSPECIFIED.,.T.,.F.) 
B_SPLINE_CURVE_WITH_KNOTS((1,2,2,2,2,1),(-2.094395102393,0.,
    2.094395102393,4.188790204786,6.28318530718,8.377580409573),
.UNSPECIFIED.) CURVE() GEOMETRIC_REPRESENTATION_ITEM() 
RATIONAL_B_SPLINE_CURVE((1.,0.5,1.,0.5,1.,0.5,1.)) REPRESENTATION_ITEM(
  '') );
#15326 = CARTESIAN_POINT('',(6.35,-1.196249076369E-16));
#15327 = CARTESIAN_POINT('',(6.35,-10.99852262806));
#15328 = CARTESIAN_POINT('',(-3.175,-5.499261314031));
#15329 = CARTESIAN_POINT('',(-12.7,-1.674926342554E-15));
#15330 = CARTESIAN_POINT('',(-3.175,5.499261314031));
#15331 = CARTESIAN_POINT('',(6.35,10.998522628062));
#15332 = CARTESIAN_POINT('',(6.35,-1.196249076369E-16));
#15333 = ( GEOMETRIC_REPRESENTATION_CONTEXT(2) 
PARAMETRIC_REPRESENTATION_CONTEXT() REPRESENTATION_CONTEXT('2D SPACE',''
  ) );
#15334 = PCURVE('',#15335,#15340);
#15335 = CYLINDRICAL_SURFACE('',#15336,6.35);
#15336 = AXIS2_PLACEMENT_3D('',#15337,#15338,#15339);
#15337 = CARTESIAN_POINT('',(44.,0.,16.));
#15338 = DIRECTION('',(-0.,-0.,-1.));
#15339 = DIRECTION('',(1.,0.,0.));
#15340 = DEFINITIONAL_REPRESENTATION('',(#15341),#15345);
#15341 = LINE('',#15342,#15343);
#15342 = CARTESIAN_POINT('',(-6.28318530718,-2.1));
#15343 = VECTOR('',#15344,1.);
#15344 = DIRECTION('',(1.,-0.));
#15345 = ( GEOMETRIC_REPRESENTATION_CONTEXT(2) 
PARAMETRIC_REPRESENTATION_CONTEXT() REPRESENTATION_CONTEXT('2D SPACE',''
  ) );
#15346 = FACE_BOUND('',#15347,.F.);
#15347 = EDGE_LOOP('',(#15348));
#15348 = ORIENTED_EDGE('',*,*,#15229,.F.);
#15349 = ADVANCED_FACE('',(#15350),#15299,.F.);
#15350 = FACE_BOUND('',#15351,.F.);
#15351 = EDGE_LOOP('',(#15352));
#15352 = ORIENTED_EDGE('',*,*,#15284,.T.);
#15353 = ADVANCED_FACE('',(#15354),#15335,.T.);
#15354 = FACE_BOUND('',#15355,.F.);
#15355 = EDGE_LOOP('',(#15356,#15357,#15380,#15407));
#15356 = ORIENTED_EDGE('',*,*,#15314,.T.);
#15357 = ORIENTED_EDGE('',*,*,#15358,.T.);
#15358 = EDGE_CURVE('',#15315,#15359,#15361,.T.);
#15359 = VERTEX_POINT('',#15360);
#15360 = CARTESIAN_POINT('',(50.35,0.,19.));
#15361 = SEAM_CURVE('',#15362,(#15366,#15373),.PCURVE_S1.);
#15362 = LINE('',#15363,#15364);
#15363 = CARTESIAN_POINT('',(50.35,0.,16.));
#15364 = VECTOR('',#15365,1.);
#15365 = DIRECTION('',(0.,0.,1.));
#15366 = PCURVE('',#15335,#15367);
#15367 = DEFINITIONAL_REPRESENTATION('',(#15368),#15372);
#15368 = LINE('',#15369,#15370);
#15369 = CARTESIAN_POINT('',(-6.28318530718,0.));
#15370 = VECTOR('',#15371,1.);
#15371 = DIRECTION('',(-0.,-1.));
#15372 = ( GEOMETRIC_REPRESENTATION_CONTEXT(2) 
PARAMETRIC_REPRESENTATION_CONTEXT() REPRESENTATION_CONTEXT('2D SPACE',''
  ) );
#15373 = PCURVE('',#15335,#15374);
#15374 = DEFINITIONAL_REPRESENTATION('',(#15375),#15379);
#15375 = LINE('',#15376,#15377);
#15376 = CARTESIAN_POINT('',(-0.,0.));
#15377 = VECTOR('',#15378,1.);
#15378 = DIRECTION('',(-0.,-1.));
#15379 = ( GEOMETRIC_REPRESENTATION_CONTEXT(2) 
PARAMETRIC_REPRESENTATION_CONTEXT() REPRESENTATION_CONTEXT('2D SPACE',''
  ) );
#15380 = ORIENTED_EDGE('',*,*,#15381,.T.);
#15381 = EDGE_CURVE('',#15359,#15359,#15382,.T.);
#15382 = SURFACE_CURVE('',#15383,(#15388,#15395),.PCURVE_S1.);
#15383 = CIRCLE('',#15384,6.35);
#15384 = AXIS2_PLACEMENT_3D('',#15385,#15386,#15387);
#15385 = CARTESIAN_POINT('',(44.,0.,19.));
#15386 = DIRECTION('',(0.,0.,1.));
#15387 = DIRECTION('',(1.,0.,0.));
#15388 = PCURVE('',#15335,#15389);
#15389 = DEFINITIONAL_REPRESENTATION('',(#15390),#15394);
#15390 = LINE('',#15391,#15392);
#15391 = CARTESIAN_POINT('',(-0.,-3.));
#15392 = VECTOR('',#15393,1.);
#15393 = DIRECTION('',(-1.,0.));
#15394 = ( GEOMETRIC_REPRESENTATION_CONTEXT(2) 
PARAMETRIC_REPRESENTATION_CONTEXT() REPRESENTATION_CONTEXT('2D SPACE',''
  ) );
#15395 = PCURVE('',#15396,#15401);
#15396 = CONICAL_SURFACE('',#15397,6.35,0.785398163397);
#15397 = AXIS2_PLACEMENT_3D('',#15398,#15399,#15400);
#15398 = CARTESIAN_POINT('',(44.,0.,19.));
#15399 = DIRECTION('',(-0.,-0.,-1.));
#15400 = DIRECTION('',(1.,0.,0.));
#15401 = DEFINITIONAL_REPRESENTATION('',(#15402),#15406);
#15402 = LINE('',#15403,#15404);
#15403 = CARTESIAN_POINT('',(-0.,-0.));
#15404 = VECTOR('',#15405,1.);
#15405 = DIRECTION('',(-1.,-0.));
#15406 = ( GEOMETRIC_REPRESENTATION_CONTEXT(2) 
PARAMETRIC_REPRESENTATION_CONTEXT() REPRESENTATION_CONTEXT('2D SPACE',''
  ) );
#15407 = ORIENTED_EDGE('',*,*,#15358,.F.);
#15408 = ADVANCED_FACE('',(#15409),#15396,.T.);
#15409 = FACE_BOUND('',#15410,.T.);
#15410 = EDGE_LOOP('',(#15411,#15432,#15433,#15434));
#15411 = ORIENTED_EDGE('',*,*,#15412,.F.);
#15412 = EDGE_CURVE('',#15359,#15413,#15415,.T.);
#15413 = VERTEX_POINT('',#15414);
#15414 = CARTESIAN_POINT('',(50.15,0.,19.2));
#15415 = SEAM_CURVE('',#15416,(#15420,#15426),.PCURVE_S1.);
#15416 = LINE('',#15417,#15418);
#15417 = CARTESIAN_POINT('',(50.35,0.,19.));
#15418 = VECTOR('',#15419,1.);
#15419 = DIRECTION('',(-0.707106781187,0.,0.707106781187));
#15420 = PCURVE('',#15396,#15421);
#15421 = DEFINITIONAL_REPRESENTATION('',(#15422),#15425);
#15422 = B_SPLINE_CURVE_WITH_KNOTS('',1,(#15423,#15424),.UNSPECIFIED.,
  .F.,.F.,(2,2),(0.,0.282842712475),.PIECEWISE_BEZIER_KNOTS.);
#15423 = CARTESIAN_POINT('',(0.,0.));
#15424 = CARTESIAN_POINT('',(0.,-0.2));
#15425 = ( GEOMETRIC_REPRESENTATION_CONTEXT(2) 
PARAMETRIC_REPRESENTATION_CONTEXT() REPRESENTATION_CONTEXT('2D SPACE',''
  ) );
#15426 = PCURVE('',#15396,#15427);
#15427 = DEFINITIONAL_REPRESENTATION('',(#15428),#15431);
#15428 = B_SPLINE_CURVE_WITH_KNOTS('',1,(#15429,#15430),.UNSPECIFIED.,
  .F.,.F.,(2,2),(0.,0.282842712475),.PIECEWISE_BEZIER_KNOTS.);
#15429 = CARTESIAN_POINT('',(-6.28318530718,0.));
#15430 = CARTESIAN_POINT('',(-6.28318530718,-0.2));
#15431 = ( GEOMETRIC_REPRESENTATION_CONTEXT(2) 
PARAMETRIC_REPRESENTATION_CONTEXT() REPRESENTATION_CONTEXT('2D SPACE',''
  ) );
#15432 = ORIENTED_EDGE('',*,*,#15381,.T.);
#15433 = ORIENTED_EDGE('',*,*,#15412,.T.);
#15434 = ORIENTED_EDGE('',*,*,#15435,.F.);
#15435 = EDGE_CURVE('',#15413,#15413,#15436,.T.);
#15436 = SURFACE_CURVE('',#15437,(#15442,#15449),.PCURVE_S1.);
#15437 = CIRCLE('',#15438,6.15);
#15438 = AXIS2_PLACEMENT_3D('',#15439,#15440,#15441);
#15439 = CARTESIAN_POINT('',(44.,0.,19.2));
#15440 = DIRECTION('',(0.,0.,1.));
#15441 = DIRECTION('',(1.,0.,0.));
#15442 = PCURVE('',#15396,#15443);
#15443 = DEFINITIONAL_REPRESENTATION('',(#15444),#15448);
#15444 = LINE('',#15445,#15446);
#15445 = CARTESIAN_POINT('',(-0.,-0.2));
#15446 = VECTOR('',#15447,1.);
#15447 = DIRECTION('',(-1.,-0.));
#15448 = ( GEOMETRIC_REPRESENTATION_CONTEXT(2) 
PARAMETRIC_REPRESENTATION_CONTEXT() REPRESENTATION_CONTEXT('2D SPACE',''
  ) );
#15449 = PCURVE('',#15450,#15455);
#15450 = PLANE('',#15451);
#15451 = AXIS2_PLACEMENT_3D('',#15452,#15453,#15454);
#15452 = CARTESIAN_POINT('',(44.,6.021627052289E-16,19.2));
#15453 = DIRECTION('',(0.,0.,1.));
#15454 = DIRECTION('',(1.,0.,0.));
#15455 = DEFINITIONAL_REPRESENTATION('',(#15456),#15460);
#15456 = CIRCLE('',#15457,6.15);
#15457 = AXIS2_PLACEMENT_2D('',#15458,#15459);
#15458 = CARTESIAN_POINT('',(0.,-6.021627052289E-16));
#15459 = DIRECTION('',(1.,0.));
#15460 = ( GEOMETRIC_REPRESENTATION_CONTEXT(2) 
PARAMETRIC_REPRESENTATION_CONTEXT() REPRESENTATION_CONTEXT('2D SPACE',''
  ) );
#15461 = ADVANCED_FACE('',(#15462),#15450,.T.);
#15462 = FACE_BOUND('',#15463,.T.);
#15463 = EDGE_LOOP('',(#15464));
#15464 = ORIENTED_EDGE('',*,*,#15435,.T.);
#15465 = ( GEOMETRIC_REPRESENTATION_CONTEXT(3) 
GLOBAL_UNCERTAINTY_ASSIGNED_CONTEXT((#15469)) 
GLOBAL_UNIT_ASSIGNED_CONTEXT((#15466,#15467,#15468)) 
REPRESENTATION_CONTEXT('Context #1',
  '3D Context with UNIT and UNCERTAINTY') );
#15466 = ( LENGTH_UNIT() NAMED_UNIT(*) SI_UNIT(.MILLI.,.METRE.) );
#15467 = ( NAMED_UNIT(*) PLANE_ANGLE_UNIT() SI_UNIT($,.RADIAN.) );
#15468 = ( NAMED_UNIT(*) SI_UNIT($,.STERADIAN.) SOLID_ANGLE_UNIT() );
#15469 = UNCERTAINTY_MEASURE_WITH_UNIT(LENGTH_MEASURE(1.E-07),#15466,
  'distance_accuracy_value','confusion accuracy');
#15470 = CONTEXT_DEPENDENT_SHAPE_REPRESENTATION(#15471,#15473);
#15471 = ( REPRESENTATION_RELATIONSHIP('','',#14982,#10) 
REPRESENTATION_RELATIONSHIP_WITH_TRANSFORMATION(#15472) 
SHAPE_REPRESENTATION_RELATIONSHIP() );
#15472 = ITEM_DEFINED_TRANSFORMATION('','',#11,#127);
#15473 = PRODUCT_DEFINITION_SHAPE('Placement','Placement of an item',
  #15474);
#15474 = NEXT_ASSEMBLY_USAGE_OCCURRENCE('177','stub 10 stub','',#5,
  #14977,$);
#15475 = PRODUCT_RELATED_PRODUCT_CATEGORY('part',$,(#14979));
#15476 = SHAPE_DEFINITION_REPRESENTATION(#15477,#15483);
#15477 = PRODUCT_DEFINITION_SHAPE('','',#15478);
#15478 = PRODUCT_DEFINITION('design','',#15479,#15482);
#15479 = PRODUCT_DEFINITION_FORMATION('','',#15480);
#15480 = PRODUCT('stub 10 carbon tab','stub 10 carbon tab','',(#15481));
#15481 = PRODUCT_CONTEXT('',#2,'mechanical');
#15482 = PRODUCT_DEFINITION_CONTEXT('part definition',#2,'design');
#15483 = ADVANCED_BREP_SHAPE_REPRESENTATION('',(#11,#15484),#15582);
#15484 = MANIFOLD_SOLID_BREP('',#15485);
#15485 = CLOSED_SHELL('',(#15486,#15574,#15578));
#15486 = ADVANCED_FACE('',(#15487),#15501,.T.);
#15487 = FACE_BOUND('',#15488,.F.);
#15488 = EDGE_LOOP('',(#15489,#15519,#15546,#15547));
#15489 = ORIENTED_EDGE('',*,*,#15490,.T.);
#15490 = EDGE_CURVE('',#15491,#15493,#15495,.T.);
#15491 = VERTEX_POINT('',#15492);
#15492 = CARTESIAN_POINT('',(49.85,0.,19.2));
#15493 = VERTEX_POINT('',#15494);
#15494 = CARTESIAN_POINT('',(49.85,0.,19.35));
#15495 = SEAM_CURVE('',#15496,(#15500,#15512),.PCURVE_S1.);
#15496 = LINE('',#15497,#15498);
#15497 = CARTESIAN_POINT('',(49.85,0.,19.2));
#15498 = VECTOR('',#15499,1.);
#15499 = DIRECTION('',(0.,0.,1.));
#15500 = PCURVE('',#15501,#15506);
#15501 = CYLINDRICAL_SURFACE('',#15502,5.85);
#15502 = AXIS2_PLACEMENT_3D('',#15503,#15504,#15505);
#15503 = CARTESIAN_POINT('',(44.,0.,19.2));
#15504 = DIRECTION('',(-0.,-0.,-1.));
#15505 = DIRECTION('',(1.,0.,0.));
#15506 = DEFINITIONAL_REPRESENTATION('',(#15507),#15511);
#15507 = LINE('',#15508,#15509);
#15508 = CARTESIAN_POINT('',(-0.,0.));
#15509 = VECTOR('',#15510,1.);
#15510 = DIRECTION('',(-0.,-1.));
#15511 = ( GEOMETRIC_REPRESENTATION_CONTEXT(2) 
PARAMETRIC_REPRESENTATION_CONTEXT() REPRESENTATION_CONTEXT('2D SPACE',''
  ) );
#15512 = PCURVE('',#15501,#15513);
#15513 = DEFINITIONAL_REPRESENTATION('',(#15514),#15518);
#15514 = LINE('',#15515,#15516);
#15515 = CARTESIAN_POINT('',(-6.28318530718,0.));
#15516 = VECTOR('',#15517,1.);
#15517 = DIRECTION('',(-0.,-1.));
#15518 = ( GEOMETRIC_REPRESENTATION_CONTEXT(2) 
PARAMETRIC_REPRESENTATION_CONTEXT() REPRESENTATION_CONTEXT('2D SPACE',''
  ) );
#15519 = ORIENTED_EDGE('',*,*,#15520,.T.);
#15520 = EDGE_CURVE('',#15493,#15493,#15521,.T.);
#15521 = SURFACE_CURVE('',#15522,(#15527,#15534),.PCURVE_S1.);
#15522 = CIRCLE('',#15523,5.85);
#15523 = AXIS2_PLACEMENT_3D('',#15524,#15525,#15526);
#15524 = CARTESIAN_POINT('',(44.,0.,19.35));
#15525 = DIRECTION('',(0.,0.,1.));
#15526 = DIRECTION('',(1.,0.,0.));
#15527 = PCURVE('',#15501,#15528);
#15528 = DEFINITIONAL_REPRESENTATION('',(#15529),#15533);
#15529 = LINE('',#15530,#15531);
#15530 = CARTESIAN_POINT('',(-0.,-0.15));
#15531 = VECTOR('',#15532,1.);
#15532 = DIRECTION('',(-1.,0.));
#15533 = ( GEOMETRIC_REPRESENTATION_CONTEXT(2) 
PARAMETRIC_REPRESENTATION_CONTEXT() REPRESENTATION_CONTEXT('2D SPACE',''
  ) );
#15534 = PCURVE('',#15535,#15540);
#15535 = PLANE('',#15536);
#15536 = AXIS2_PLACEMENT_3D('',#15537,#15538,#15539);
#15537 = CARTESIAN_POINT('',(44.,2.286947741797E-16,19.35));
#15538 = DIRECTION('',(0.,0.,1.));
#15539 = DIRECTION('',(1.,0.,0.));
#15540 = DEFINITIONAL_REPRESENTATION('',(#15541),#15545);
#15541 = CIRCLE('',#15542,5.85);
#15542 = AXIS2_PLACEMENT_2D('',#15543,#15544);
#15543 = CARTESIAN_POINT('',(2.337504500067E-16,-2.286947741797E-16));
#15544 = DIRECTION('',(1.,0.));
#15545 = ( GEOMETRIC_REPRESENTATION_CONTEXT(2) 
PARAMETRIC_REPRESENTATION_CONTEXT() REPRESENTATION_CONTEXT('2D SPACE',''
  ) );
#15546 = ORIENTED_EDGE('',*,*,#15490,.F.);
#15547 = ORIENTED_EDGE('',*,*,#15548,.F.);
#15548 = EDGE_CURVE('',#15491,#15491,#15549,.T.);
#15549 = SURFACE_CURVE('',#15550,(#15555,#15562),.PCURVE_S1.);
#15550 = CIRCLE('',#15551,5.85);
#15551 = AXIS2_PLACEMENT_3D('',#15552,#15553,#15554);
#15552 = CARTESIAN_POINT('',(44.,0.,19.2));
#15553 = DIRECTION('',(0.,0.,1.));
#15554 = DIRECTION('',(1.,0.,0.));
#15555 = PCURVE('',#15501,#15556);
#15556 = DEFINITIONAL_REPRESENTATION('',(#15557),#15561);
#15557 = LINE('',#15558,#15559);
#15558 = CARTESIAN_POINT('',(-0.,0.));
#15559 = VECTOR('',#15560,1.);
#15560 = DIRECTION('',(-1.,0.));
#15561 = ( GEOMETRIC_REPRESENTATION_CONTEXT(2) 
PARAMETRIC_REPRESENTATION_CONTEXT() REPRESENTATION_CONTEXT('2D SPACE',''
  ) );
#15562 = PCURVE('',#15563,#15568);
#15563 = PLANE('',#15564);
#15564 = AXIS2_PLACEMENT_3D('',#15565,#15566,#15567);
#15565 = CARTESIAN_POINT('',(44.,2.286947741797E-16,19.2));
#15566 = DIRECTION('',(0.,0.,1.));
#15567 = DIRECTION('',(1.,0.,0.));
#15568 = DEFINITIONAL_REPRESENTATION('',(#15569),#15573);
#15569 = CIRCLE('',#15570,5.85);
#15570 = AXIS2_PLACEMENT_2D('',#15571,#15572);
#15571 = CARTESIAN_POINT('',(2.337504500067E-16,-2.286947741797E-16));
#15572 = DIRECTION('',(1.,0.));
#15573 = ( GEOMETRIC_REPRESENTATION_CONTEXT(2) 
PARAMETRIC_REPRESENTATION_CONTEXT() REPRESENTATION_CONTEXT('2D SPACE',''
  ) );
#15574 = ADVANCED_FACE('',(#15575),#15563,.F.);
#15575 = FACE_BOUND('',#15576,.F.);
#15576 = EDGE_LOOP('',(#15577));
#15577 = ORIENTED_EDGE('',*,*,#15548,.T.);
#15578 = ADVANCED_FACE('',(#15579),#15535,.T.);
#15579 = FACE_BOUND('',#15580,.T.);
#15580 = EDGE_LOOP('',(#15581));
#15581 = ORIENTED_EDGE('',*,*,#15520,.T.);
#15582 = ( GEOMETRIC_REPRESENTATION_CONTEXT(3) 
GLOBAL_UNCERTAINTY_ASSIGNED_CONTEXT((#15586)) 
GLOBAL_UNIT_ASSIGNED_CONTEXT((#15583,#15584,#15585)) 
REPRESENTATION_CONTEXT('Context #1',
  '3D Context with UNIT and UNCERTAINTY') );
#15583 = ( LENGTH_UNIT() NAMED_UNIT(*) SI_UNIT(.MILLI.,.METRE.) );
#15584 = ( NAMED_UNIT(*) PLANE_ANGLE_UNIT() SI_UNIT($,.RADIAN.) );
#15585 = ( NAMED_UNIT(*) SI_UNIT($,.STERADIAN.) SOLID_ANGLE_UNIT() );
#15586 = UNCERTAINTY_MEASURE_WITH_UNIT(LENGTH_MEASURE(1.E-07),#15583,
  'distance_accuracy_value','confusion accuracy');
#15587 = CONTEXT_DEPENDENT_SHAPE_REPRESENTATION(#15588,#15590);
#15588 = ( REPRESENTATION_RELATIONSHIP('','',#15483,#10) 
REPRESENTATION_RELATIONSHIP_WITH_TRANSFORMATION(#15589) 
SHAPE_REPRESENTATION_RELATIONSHIP() );
#15589 = ITEM_DEFINED_TRANSFORMATION('','',#11,#131);
#15590 = PRODUCT_DEFINITION_SHAPE('Placement','Placement of an item',
  #15591);
#15591 = NEXT_ASSEMBLY_USAGE_OCCURRENCE('178','stub 10 carbon tab','',#5
  ,#15478,$);
#15592 = PRODUCT_RELATED_PRODUCT_CATEGORY('part',$,(#15480));
#15593 = SHAPE_DEFINITION_REPRESENTATION(#15594,#15600);
#15594 = PRODUCT_DEFINITION_SHAPE('','',#15595);
#15595 = PRODUCT_DEFINITION('design','',#15596,#15599);
#15596 = PRODUCT_DEFINITION_FORMATION('','',#15597);
#15597 = PRODUCT('stub 10 sample','stub 10 sample','',(#15598));
#15598 = PRODUCT_CONTEXT('',#2,'mechanical');
#15599 = PRODUCT_DEFINITION_CONTEXT('part definition',#2,'design');
#15600 = ADVANCED_BREP_SHAPE_REPRESENTATION('',(#11,#15601),#16251);
#15601 = MANIFOLD_SOLID_BREP('',#15602);
#15602 = CLOSED_SHELL('',(#15603,#15723,#15801,#15879,#15955,#16033,
    #16109,#16182,#16229,#16240));
#15603 = ADVANCED_FACE('',(#15604),#15618,.T.);
#15604 = FACE_BOUND('',#15605,.T.);
#15605 = EDGE_LOOP('',(#15606,#15641,#15669,#15697));
#15606 = ORIENTED_EDGE('',*,*,#15607,.T.);
#15607 = EDGE_CURVE('',#15608,#15610,#15612,.T.);
#15608 = VERTEX_POINT('',#15609);
#15609 = CARTESIAN_POINT('',(41.1425,-1.8225,19.35));
#15610 = VERTEX_POINT('',#15611);
#15611 = CARTESIAN_POINT('',(41.1425,-1.8225,20.85));
#15612 = SURFACE_CURVE('',#15613,(#15617,#15629),.PCURVE_S1.);
#15613 = LINE('',#15614,#15615);
#15614 = CARTESIAN_POINT('',(41.1425,-1.8225,19.35));
#15615 = VECTOR('',#15616,1.);
#15616 = DIRECTION('',(0.,0.,1.));
#15617 = PCURVE('',#15618,#15623);
#15618 = PLANE('',#15619);
#15619 = AXIS2_PLACEMENT_3D('',#15620,#15621,#15622);
#15620 = CARTESIAN_POINT('',(41.1425,-1.8225,19.35));
#15621 = DIRECTION('',(-1.,0.,0.));
#15622 = DIRECTION('',(0.,1.,0.));
#15623 = DEFINITIONAL_REPRESENTATION('',(#15624),#15628);
#15624 = LINE('',#15625,#15626);
#15625 = CARTESIAN_POINT('',(0.,0.));
#15626 = VECTOR('',#15627,1.);
#15627 = DIRECTION('',(0.,-1.));
#15628 = ( GEOMETRIC_REPRESENTATION_CONTEXT(2) 
PARAMETRIC_REPRESENTATION_CONTEXT() REPRESENTATION_CONTEXT('2D SPACE',''
  ) );
#15629 = PCURVE('',#15630,#15635);
#15630 = CYLINDRICAL_SURFACE('',#15631,0.4);
#15631 = AXIS2_PLACEMENT_3D('',#15632,#15633,#15634);
#15632 = CARTESIAN_POINT('',(41.5425,-1.8225,19.35));
#15633 = DIRECTION('',(-0.,-0.,-1.));
#15634 = DIRECTION('',(1.,0.,0.));
#15635 = DEFINITIONAL_REPRESENTATION('',(#15636),#15640);
#15636 = LINE('',#15637,#15638);
#15637 = CARTESIAN_POINT('',(-3.14159265359,0.));
#15638 = VECTOR('',#15639,1.);
#15639 = DIRECTION('',(-0.,-1.));
#15640 = ( GEOMETRIC_REPRESENTATION_CONTEXT(2) 
PARAMETRIC_REPRESENTATION_CONTEXT() REPRESENTATION_CONTEXT('2D SPACE',''
  ) );
#15641 = ORIENTED_EDGE('',*,*,#15642,.T.);
#15642 = EDGE_CURVE('',#15610,#15643,#15645,.T.);
#15643 = VERTEX_POINT('',#15644);
#15644 = CARTESIAN_POINT('',(41.1425,1.8225,20.85));
#15645 = SURFACE_CURVE('',#15646,(#15650,#15657),.PCURVE_S1.);
#15646 = LINE('',#15647,#15648);
#15647 = CARTESIAN_POINT('',(41.1425,0.,20.85));
#15648 = VECTOR('',#15649,1.);
#15649 = DIRECTION('',(0.,1.,0.));
#15650 = PCURVE('',#15618,#15651);
#15651 = DEFINITIONAL_REPRESENTATION('',(#15652),#15656);
#15652 = LINE('',#15653,#15654);
#15653 = CARTESIAN_POINT('',(1.8225,-1.5));
#15654 = VECTOR('',#15655,1.);
#15655 = DIRECTION('',(1.,0.));
#15656 = ( GEOMETRIC_REPRESENTATION_CONTEXT(2) 
PARAMETRIC_REPRESENTATION_CONTEXT() REPRESENTATION_CONTEXT('2D SPACE',''
  ) );
#15657 = PCURVE('',#15658,#15663);
#15658 = PLANE('',#15659);
#15659 = AXIS2_PLACEMENT_3D('',#15660,#15661,#15662);
#15660 = CARTESIAN_POINT('',(44.,0.,20.85));
#15661 = DIRECTION('',(0.,0.,1.));
#15662 = DIRECTION('',(1.,0.,0.));
#15663 = DEFINITIONAL_REPRESENTATION('',(#15664),#15668);
#15664 = LINE('',#15665,#15666);
#15665 = CARTESIAN_POINT('',(-2.8575,0.));
#15666 = VECTOR('',#15667,1.);
#15667 = DIRECTION('',(0.,1.));
#15668 = ( GEOMETRIC_REPRESENTATION_CONTEXT(2) 
PARAMETRIC_REPRESENTATION_CONTEXT() REPRESENTATION_CONTEXT('2D SPACE',''
  ) );
#15669 = ORIENTED_EDGE('',*,*,#15670,.F.);
#15670 = EDGE_CURVE('',#15671,#15643,#15673,.T.);
#15671 = VERTEX_POINT('',#15672);
#15672 = CARTESIAN_POINT('',(41.1425,1.8225,19.35));
#15673 = SURFACE_CURVE('',#15674,(#15678,#15685),.PCURVE_S1.);
#15674 = LINE('',#15675,#15676);
#15675 = CARTESIAN_POINT('',(41.1425,1.8225,19.35));
#15676 = VECTOR('',#15677,1.);
#15677 = DIRECTION('',(0.,0.,1.));
#15678 = PCURVE('',#15618,#15679);
#15679 = DEFINITIONAL_REPRESENTATION('',(#15680),#15684);
#15680 = LINE('',#15681,#15682);
#15681 = CARTESIAN_POINT('',(3.645,0.));
#15682 = VECTOR('',#15683,1.);
#15683 = DIRECTION('',(0.,-1.));
#15684 = ( GEOMETRIC_REPRESENTATION_CONTEXT(2) 
PARAMETRIC_REPRESENTATION_CONTEXT() REPRESENTATION_CONTEXT('2D SPACE',''
  ) );
#15685 = PCURVE('',#15686,#15691);
#15686 = CYLINDRICAL_SURFACE('',#15687,0.4);
#15687 = AXIS2_PLACEMENT_3D('',#15688,#15689,#15690);
#15688 = CARTESIAN_POINT('',(41.5425,1.8225,19.35));
#15689 = DIRECTION('',(-0.,-0.,-1.));
#15690 = DIRECTION('',(1.,0.,0.));
#15691 = DEFINITIONAL_REPRESENTATION('',(#15692),#15696);
#15692 = LINE('',#15693,#15694);
#15693 = CARTESIAN_POINT('',(-3.14159265359,0.));
#15694 = VECTOR('',#15695,1.);
#15695 = DIRECTION('',(-0.,-1.));
#15696 = ( GEOMETRIC_REPRESENTATION_CONTEXT(2) 
PARAMETRIC_REPRESENTATION_CONTEXT() REPRESENTATION_CONTEXT('2D SPACE',''
  ) );
#15697 = ORIENTED_EDGE('',*,*,#15698,.F.);
#15698 = EDGE_CURVE('',#15608,#15671,#15699,.T.);
#15699 = SURFACE_CURVE('',#15700,(#15704,#15711),.PCURVE_S1.);
#15700 = LINE('',#15701,#15702);
#15701 = CARTESIAN_POINT('',(41.1425,0.,19.35));
#15702 = VECTOR('',#15703,1.);
#15703 = DIRECTION('',(0.,1.,0.));
#15704 = PCURVE('',#15618,#15705);
#15705 = DEFINITIONAL_REPRESENTATION('',(#15706),#15710);
#15706 = LINE('',#15707,#15708);
#15707 = CARTESIAN_POINT('',(1.8225,0.));
#15708 = VECTOR('',#15709,1.);
#15709 = DIRECTION('',(1.,0.));
#15710 = ( GEOMETRIC_REPRESENTATION_CONTEXT(2) 
PARAMETRIC_REPRESENTATION_CONTEXT() REPRESENTATION_CONTEXT('2D SPACE',''
  ) );
#15711 = PCURVE('',#15712,#15717);
#15712 = PLANE('',#15713);
#15713 = AXIS2_PLACEMENT_3D('',#15714,#15715,#15716);
#15714 = CARTESIAN_POINT('',(44.,0.,19.35));
#15715 = DIRECTION('',(0.,0.,1.));
#15716 = DIRECTION('',(1.,0.,0.));
#15717 = DEFINITIONAL_REPRESENTATION('',(#15718),#15722);
#15718 = LINE('',#15719,#15720);
#15719 = CARTESIAN_POINT('',(-2.8575,0.));
#15720 = VECTOR('',#15721,1.);
#15721 = DIRECTION('',(0.,1.));
#15722 = ( GEOMETRIC_REPRESENTATION_CONTEXT(2) 
PARAMETRIC_REPRESENTATION_CONTEXT() REPRESENTATION_CONTEXT('2D SPACE',''
  ) );
#15723 = ADVANCED_FACE('',(#15724),#15686,.T.);
#15724 = FACE_BOUND('',#15725,.F.);
#15725 = EDGE_LOOP('',(#15726,#15756,#15778,#15779));
#15726 = ORIENTED_EDGE('',*,*,#15727,.T.);
#15727 = EDGE_CURVE('',#15728,#15730,#15732,.T.);
#15728 = VERTEX_POINT('',#15729);
#15729 = CARTESIAN_POINT('',(41.5425,2.2225,19.35));
#15730 = VERTEX_POINT('',#15731);
#15731 = CARTESIAN_POINT('',(41.5425,2.2225,20.85));
#15732 = SURFACE_CURVE('',#15733,(#15737,#15744),.PCURVE_S1.);
#15733 = LINE('',#15734,#15735);
#15734 = CARTESIAN_POINT('',(41.5425,2.2225,19.35));
#15735 = VECTOR('',#15736,1.);
#15736 = DIRECTION('',(0.,0.,1.));
#15737 = PCURVE('',#15686,#15738);
#15738 = DEFINITIONAL_REPRESENTATION('',(#15739),#15743);
#15739 = LINE('',#15740,#15741);
#15740 = CARTESIAN_POINT('',(-1.570796326795,0.));
#15741 = VECTOR('',#15742,1.);
#15742 = DIRECTION('',(-0.,-1.));
#15743 = ( GEOMETRIC_REPRESENTATION_CONTEXT(2) 
PARAMETRIC_REPRESENTATION_CONTEXT() REPRESENTATION_CONTEXT('2D SPACE',''
  ) );
#15744 = PCURVE('',#15745,#15750);
#15745 = PLANE('',#15746);
#15746 = AXIS2_PLACEMENT_3D('',#15747,#15748,#15749);
#15747 = CARTESIAN_POINT('',(41.5425,2.2225,19.35));
#15748 = DIRECTION('',(0.,1.,0.));
#15749 = DIRECTION('',(1.,0.,0.));
#15750 = DEFINITIONAL_REPRESENTATION('',(#15751),#15755);
#15751 = LINE('',#15752,#15753);
#15752 = CARTESIAN_POINT('',(0.,0.));
#15753 = VECTOR('',#15754,1.);
#15754 = DIRECTION('',(0.,-1.));
#15755 = ( GEOMETRIC_REPRESENTATION_CONTEXT(2) 
PARAMETRIC_REPRESENTATION_CONTEXT() REPRESENTATION_CONTEXT('2D SPACE',''
  ) );
#15756 = ORIENTED_EDGE('',*,*,#15757,.T.);
#15757 = EDGE_CURVE('',#15730,#15643,#15758,.T.);
#15758 = SURFACE_CURVE('',#15759,(#15764,#15771),.PCURVE_S1.);
#15759 = CIRCLE('',#15760,0.4);
#15760 = AXIS2_PLACEMENT_3D('',#15761,#15762,#15763);
#15761 = CARTESIAN_POINT('',(41.5425,1.8225,20.85));
#15762 = DIRECTION('',(0.,0.,1.));
#15763 = DIRECTION('',(1.,0.,0.));
#15764 = PCURVE('',#15686,#15765);
#15765 = DEFINITIONAL_REPRESENTATION('',(#15766),#15770);
#15766 = LINE('',#15767,#15768);
#15767 = CARTESIAN_POINT('',(-0.,-1.5));
#15768 = VECTOR('',#15769,1.);
#15769 = DIRECTION('',(-1.,0.));
#15770 = ( GEOMETRIC_REPRESENTATION_CONTEXT(2) 
PARAMETRIC_REPRESENTATION_CONTEXT() REPRESENTATION_CONTEXT('2D SPACE',''
  ) );
#15771 = PCURVE('',#15658,#15772);
#15772 = DEFINITIONAL_REPRESENTATION('',(#15773),#15777);
#15773 = CIRCLE('',#15774,0.4);
#15774 = AXIS2_PLACEMENT_2D('',#15775,#15776);
#15775 = CARTESIAN_POINT('',(-2.4575,1.8225));
#15776 = DIRECTION('',(1.,0.));
#15777 = ( GEOMETRIC_REPRESENTATION_CONTEXT(2) 
PARAMETRIC_REPRESENTATION_CONTEXT() REPRESENTATION_CONTEXT('2D SPACE',''
  ) );
#15778 = ORIENTED_EDGE('',*,*,#15670,.F.);
#15779 = ORIENTED_EDGE('',*,*,#15780,.F.);
#15780 = EDGE_CURVE('',#15728,#15671,#15781,.T.);
#15781 = SURFACE_CURVE('',#15782,(#15787,#15794),.PCURVE_S1.);
#15782 = CIRCLE('',#15783,0.4);
#15783 = AXIS2_PLACEMENT_3D('',#15784,#15785,#15786);
#15784 = CARTESIAN_POINT('',(41.5425,1.8225,19.35));
#15785 = DIRECTION('',(0.,0.,1.));
#15786 = DIRECTION('',(1.,0.,0.));
#15787 = PCURVE('',#15686,#15788);
#15788 = DEFINITIONAL_REPRESENTATION('',(#15789),#15793);
#15789 = LINE('',#15790,#15791);
#15790 = CARTESIAN_POINT('',(-0.,0.));
#15791 = VECTOR('',#15792,1.);
#15792 = DIRECTION('',(-1.,0.));
#15793 = ( GEOMETRIC_REPRESENTATION_CONTEXT(2) 
PARAMETRIC_REPRESENTATION_CONTEXT() REPRESENTATION_CONTEXT('2D SPACE',''
  ) );
#15794 = PCURVE('',#15712,#15795);
#15795 = DEFINITIONAL_REPRESENTATION('',(#15796),#15800);
#15796 = CIRCLE('',#15797,0.4);
#15797 = AXIS2_PLACEMENT_2D('',#15798,#15799);
#15798 = CARTESIAN_POINT('',(-2.4575,1.8225));
#15799 = DIRECTION('',(1.,0.));
#15800 = ( GEOMETRIC_REPRESENTATION_CONTEXT(2) 
PARAMETRIC_REPRESENTATION_CONTEXT() REPRESENTATION_CONTEXT('2D SPACE',''
  ) );
#15801 = ADVANCED_FACE('',(#15802),#15630,.T.);
#15802 = FACE_BOUND('',#15803,.F.);
#15803 = EDGE_LOOP('',(#15804,#15805,#15829,#15857));
#15804 = ORIENTED_EDGE('',*,*,#15607,.T.);
#15805 = ORIENTED_EDGE('',*,*,#15806,.T.);
#15806 = EDGE_CURVE('',#15610,#15807,#15809,.T.);
#15807 = VERTEX_POINT('',#15808);
#15808 = CARTESIAN_POINT('',(41.5425,-2.2225,20.85));
#15809 = SURFACE_CURVE('',#15810,(#15815,#15822),.PCURVE_S1.);
#15810 = CIRCLE('',#15811,0.4);
#15811 = AXIS2_PLACEMENT_3D('',#15812,#15813,#15814);
#15812 = CARTESIAN_POINT('',(41.5425,-1.8225,20.85));
#15813 = DIRECTION('',(0.,0.,1.));
#15814 = DIRECTION('',(1.,0.,0.));
#15815 = PCURVE('',#15630,#15816);
#15816 = DEFINITIONAL_REPRESENTATION('',(#15817),#15821);
#15817 = LINE('',#15818,#15819);
#15818 = CARTESIAN_POINT('',(-0.,-1.5));
#15819 = VECTOR('',#15820,1.);
#15820 = DIRECTION('',(-1.,0.));
#15821 = ( GEOMETRIC_REPRESENTATION_CONTEXT(2) 
PARAMETRIC_REPRESENTATION_CONTEXT() REPRESENTATION_CONTEXT('2D SPACE',''
  ) );
#15822 = PCURVE('',#15658,#15823);
#15823 = DEFINITIONAL_REPRESENTATION('',(#15824),#15828);
#15824 = CIRCLE('',#15825,0.4);
#15825 = AXIS2_PLACEMENT_2D('',#15826,#15827);
#15826 = CARTESIAN_POINT('',(-2.4575,-1.8225));
#15827 = DIRECTION('',(1.,0.));
#15828 = ( GEOMETRIC_REPRESENTATION_CONTEXT(2) 
PARAMETRIC_REPRESENTATION_CONTEXT() REPRESENTATION_CONTEXT('2D SPACE',''
  ) );
#15829 = ORIENTED_EDGE('',*,*,#15830,.F.);
#15830 = EDGE_CURVE('',#15831,#15807,#15833,.T.);
#15831 = VERTEX_POINT('',#15832);
#15832 = CARTESIAN_POINT('',(41.5425,-2.2225,19.35));
#15833 = SURFACE_CURVE('',#15834,(#15838,#15845),.PCURVE_S1.);
#15834 = LINE('',#15835,#15836);
#15835 = CARTESIAN_POINT('',(41.5425,-2.2225,19.35));
#15836 = VECTOR('',#15837,1.);
#15837 = DIRECTION('',(0.,0.,1.));
#15838 = PCURVE('',#15630,#15839);
#15839 = DEFINITIONAL_REPRESENTATION('',(#15840),#15844);
#15840 = LINE('',#15841,#15842);
#15841 = CARTESIAN_POINT('',(-4.712388980385,0.));
#15842 = VECTOR('',#15843,1.);
#15843 = DIRECTION('',(-0.,-1.));
#15844 = ( GEOMETRIC_REPRESENTATION_CONTEXT(2) 
PARAMETRIC_REPRESENTATION_CONTEXT() REPRESENTATION_CONTEXT('2D SPACE',''
  ) );
#15845 = PCURVE('',#15846,#15851);
#15846 = PLANE('',#15847);
#15847 = AXIS2_PLACEMENT_3D('',#15848,#15849,#15850);
#15848 = CARTESIAN_POINT('',(41.5425,-2.2225,19.35));
#15849 = DIRECTION('',(0.,1.,0.));
#15850 = DIRECTION('',(1.,0.,0.));
#15851 = DEFINITIONAL_REPRESENTATION('',(#15852),#15856);
#15852 = LINE('',#15853,#15854);
#15853 = CARTESIAN_POINT('',(0.,0.));
#15854 = VECTOR('',#15855,1.);
#15855 = DIRECTION('',(0.,-1.));
#15856 = ( GEOMETRIC_REPRESENTATION_CONTEXT(2) 
PARAMETRIC_REPRESENTATION_CONTEXT() REPRESENTATION_CONTEXT('2D SPACE',''
  ) );
#15857 = ORIENTED_EDGE('',*,*,#15858,.F.);
#15858 = EDGE_CURVE('',#15608,#15831,#15859,.T.);
#15859 = SURFACE_CURVE('',#15860,(#15865,#15872),.PCURVE_S1.);
#15860 = CIRCLE('',#15861,0.4);
#15861 = AXIS2_PLACEMENT_3D('',#15862,#15863,#15864);
#15862 = CARTESIAN_POINT('',(41.5425,-1.8225,19.35));
#15863 = DIRECTION('',(0.,0.,1.));
#15864 = DIRECTION('',(1.,0.,0.));
#15865 = PCURVE('',#15630,#15866);
#15866 = DEFINITIONAL_REPRESENTATION('',(#15867),#15871);
#15867 = LINE('',#15868,#15869);
#15868 = CARTESIAN_POINT('',(-0.,0.));
#15869 = VECTOR('',#15870,1.);
#15870 = DIRECTION('',(-1.,0.));
#15871 = ( GEOMETRIC_REPRESENTATION_CONTEXT(2) 
PARAMETRIC_REPRESENTATION_CONTEXT() REPRESENTATION_CONTEXT('2D SPACE',''
  ) );
#15872 = PCURVE('',#15712,#15873);
#15873 = DEFINITIONAL_REPRESENTATION('',(#15874),#15878);
#15874 = CIRCLE('',#15875,0.4);
#15875 = AXIS2_PLACEMENT_2D('',#15876,#15877);
#15876 = CARTESIAN_POINT('',(-2.4575,-1.8225));
#15877 = DIRECTION('',(1.,0.));
#15878 = ( GEOMETRIC_REPRESENTATION_CONTEXT(2) 
PARAMETRIC_REPRESENTATION_CONTEXT() REPRESENTATION_CONTEXT('2D SPACE',''
  ) );
#15879 = ADVANCED_FACE('',(#15880),#15846,.F.);
#15880 = FACE_BOUND('',#15881,.F.);
#15881 = EDGE_LOOP('',(#15882,#15883,#15906,#15934));
#15882 = ORIENTED_EDGE('',*,*,#15830,.T.);
#15883 = ORIENTED_EDGE('',*,*,#15884,.T.);
#15884 = EDGE_CURVE('',#15807,#15885,#15887,.T.);
#15885 = VERTEX_POINT('',#15886);
#15886 = CARTESIAN_POINT('',(46.4575,-2.2225,20.85));
#15887 = SURFACE_CURVE('',#15888,(#15892,#15899),.PCURVE_S1.);
#15888 = LINE('',#15889,#15890);
#15889 = CARTESIAN_POINT('',(44.,-2.2225,20.85));
#15890 = VECTOR('',#15891,1.);
#15891 = DIRECTION('',(1.,0.,0.));
#15892 = PCURVE('',#15846,#15893);
#15893 = DEFINITIONAL_REPRESENTATION('',(#15894),#15898);
#15894 = LINE('',#15895,#15896);
#15895 = CARTESIAN_POINT('',(2.4575,-1.5));
#15896 = VECTOR('',#15897,1.);
#15897 = DIRECTION('',(1.,0.));
#15898 = ( GEOMETRIC_REPRESENTATION_CONTEXT(2) 
PARAMETRIC_REPRESENTATION_CONTEXT() REPRESENTATION_CONTEXT('2D SPACE',''
  ) );
#15899 = PCURVE('',#15658,#15900);
#15900 = DEFINITIONAL_REPRESENTATION('',(#15901),#15905);
#15901 = LINE('',#15902,#15903);
#15902 = CARTESIAN_POINT('',(0.,-2.2225));
#15903 = VECTOR('',#15904,1.);
#15904 = DIRECTION('',(1.,0.));
#15905 = ( GEOMETRIC_REPRESENTATION_CONTEXT(2) 
PARAMETRIC_REPRESENTATION_CONTEXT() REPRESENTATION_CONTEXT('2D SPACE',''
  ) );
#15906 = ORIENTED_EDGE('',*,*,#15907,.F.);
#15907 = EDGE_CURVE('',#15908,#15885,#15910,.T.);
#15908 = VERTEX_POINT('',#15909);
#15909 = CARTESIAN_POINT('',(46.4575,-2.2225,19.35));
#15910 = SURFACE_CURVE('',#15911,(#15915,#15922),.PCURVE_S1.);
#15911 = LINE('',#15912,#15913);
#15912 = CARTESIAN_POINT('',(46.4575,-2.2225,19.35));
#15913 = VECTOR('',#15914,1.);
#15914 = DIRECTION('',(0.,0.,1.));
#15915 = PCURVE('',#15846,#15916);
#15916 = DEFINITIONAL_REPRESENTATION('',(#15917),#15921);
#15917 = LINE('',#15918,#15919);
#15918 = CARTESIAN_POINT('',(4.915,0.));
#15919 = VECTOR('',#15920,1.);
#15920 = DIRECTION('',(0.,-1.));
#15921 = ( GEOMETRIC_REPRESENTATION_CONTEXT(2) 
PARAMETRIC_REPRESENTATION_CONTEXT() REPRESENTATION_CONTEXT('2D SPACE',''
  ) );
#15922 = PCURVE('',#15923,#15928);
#15923 = CYLINDRICAL_SURFACE('',#15924,0.4);
#15924 = AXIS2_PLACEMENT_3D('',#15925,#15926,#15927);
#15925 = CARTESIAN_POINT('',(46.4575,-1.8225,19.35));
#15926 = DIRECTION('',(-0.,-0.,-1.));
#15927 = DIRECTION('',(1.,0.,0.));
#15928 = DEFINITIONAL_REPRESENTATION('',(#15929),#15933);
#15929 = LINE('',#15930,#15931);
#15930 = CARTESIAN_POINT('',(-4.712388980385,0.));
#15931 = VECTOR('',#15932,1.);
#15932 = DIRECTION('',(-0.,-1.));
#15933 = ( GEOMETRIC_REPRESENTATION_CONTEXT(2) 
PARAMETRIC_REPRESENTATION_CONTEXT() REPRESENTATION_CONTEXT('2D SPACE',''
  ) );
#15934 = ORIENTED_EDGE('',*,*,#15935,.F.);
#15935 = EDGE_CURVE('',#15831,#15908,#15936,.T.);
#15936 = SURFACE_CURVE('',#15937,(#15941,#15948),.PCURVE_S1.);
#15937 = LINE('',#15938,#15939);
#15938 = CARTESIAN_POINT('',(44.,-2.2225,19.35));
#15939 = VECTOR('',#15940,1.);
#15940 = DIRECTION('',(1.,0.,0.));
#15941 = PCURVE('',#15846,#15942);
#15942 = DEFINITIONAL_REPRESENTATION('',(#15943),#15947);
#15943 = LINE('',#15944,#15945);
#15944 = CARTESIAN_POINT('',(2.4575,0.));
#15945 = VECTOR('',#15946,1.);
#15946 = DIRECTION('',(1.,0.));
#15947 = ( GEOMETRIC_REPRESENTATION_CONTEXT(2) 
PARAMETRIC_REPRESENTATION_CONTEXT() REPRESENTATION_CONTEXT('2D SPACE',''
  ) );
#15948 = PCURVE('',#15712,#15949);
#15949 = DEFINITIONAL_REPRESENTATION('',(#15950),#15954);
#15950 = LINE('',#15951,#15952);
#15951 = CARTESIAN_POINT('',(0.,-2.2225));
#15952 = VECTOR('',#15953,1.);
#15953 = DIRECTION('',(1.,0.));
#15954 = ( GEOMETRIC_REPRESENTATION_CONTEXT(2) 
PARAMETRIC_REPRESENTATION_CONTEXT() REPRESENTATION_CONTEXT('2D SPACE',''
  ) );
#15955 = ADVANCED_FACE('',(#15956),#15923,.T.);
#15956 = FACE_BOUND('',#15957,.F.);
#15957 = EDGE_LOOP('',(#15958,#15959,#15983,#16011));
#15958 = ORIENTED_EDGE('',*,*,#15907,.T.);
#15959 = ORIENTED_EDGE('',*,*,#15960,.T.);
#15960 = EDGE_CURVE('',#15885,#15961,#15963,.T.);
#15961 = VERTEX_POINT('',#15962);
#15962 = CARTESIAN_POINT('',(46.8575,-1.8225,20.85));
#15963 = SURFACE_CURVE('',#15964,(#15969,#15976),.PCURVE_S1.);
#15964 = CIRCLE('',#15965,0.4);
#15965 = AXIS2_PLACEMENT_3D('',#15966,#15967,#15968);
#15966 = CARTESIAN_POINT('',(46.4575,-1.8225,20.85));
#15967 = DIRECTION('',(0.,0.,1.));
#15968 = DIRECTION('',(1.,0.,0.));
#15969 = PCURVE('',#15923,#15970);
#15970 = DEFINITIONAL_REPRESENTATION('',(#15971),#15975);
#15971 = LINE('',#15972,#15973);
#15972 = CARTESIAN_POINT('',(-0.,-1.5));
#15973 = VECTOR('',#15974,1.);
#15974 = DIRECTION('',(-1.,0.));
#15975 = ( GEOMETRIC_REPRESENTATION_CONTEXT(2) 
PARAMETRIC_REPRESENTATION_CONTEXT() REPRESENTATION_CONTEXT('2D SPACE',''
  ) );
#15976 = PCURVE('',#15658,#15977);
#15977 = DEFINITIONAL_REPRESENTATION('',(#15978),#15982);
#15978 = CIRCLE('',#15979,0.4);
#15979 = AXIS2_PLACEMENT_2D('',#15980,#15981);
#15980 = CARTESIAN_POINT('',(2.4575,-1.8225));
#15981 = DIRECTION('',(1.,0.));
#15982 = ( GEOMETRIC_REPRESENTATION_CONTEXT(2) 
PARAMETRIC_REPRESENTATION_CONTEXT() REPRESENTATION_CONTEXT('2D SPACE',''
  ) );
#15983 = ORIENTED_EDGE('',*,*,#15984,.F.);
#15984 = EDGE_CURVE('',#15985,#15961,#15987,.T.);
#15985 = VERTEX_POINT('',#15986);
#15986 = CARTESIAN_POINT('',(46.8575,-1.8225,19.35));
#15987 = SURFACE_CURVE('',#15988,(#15992,#15999),.PCURVE_S1.);
#15988 = LINE('',#15989,#15990);
#15989 = CARTESIAN_POINT('',(46.8575,-1.8225,19.35));
#15990 = VECTOR('',#15991,1.);
#15991 = DIRECTION('',(0.,0.,1.));
#15992 = PCURVE('',#15923,#15993);
#15993 = DEFINITIONAL_REPRESENTATION('',(#15994),#15998);
#15994 = LINE('',#15995,#15996);
#15995 = CARTESIAN_POINT('',(-6.28318530718,0.));
#15996 = VECTOR('',#15997,1.);
#15997 = DIRECTION('',(-0.,-1.));
#15998 = ( GEOMETRIC_REPRESENTATION_CONTEXT(2) 
PARAMETRIC_REPRESENTATION_CONTEXT() REPRESENTATION_CONTEXT('2D SPACE',''
  ) );
#15999 = PCURVE('',#16000,#16005);
#16000 = PLANE('',#16001);
#16001 = AXIS2_PLACEMENT_3D('',#16002,#16003,#16004);
#16002 = CARTESIAN_POINT('',(46.8575,-1.8225,19.35));
#16003 = DIRECTION('',(-1.,0.,0.));
#16004 = DIRECTION('',(0.,1.,0.));
#16005 = DEFINITIONAL_REPRESENTATION('',(#16006),#16010);
#16006 = LINE('',#16007,#16008);
#16007 = CARTESIAN_POINT('',(0.,0.));
#16008 = VECTOR('',#16009,1.);
#16009 = DIRECTION('',(0.,-1.));
#16010 = ( GEOMETRIC_REPRESENTATION_CONTEXT(2) 
PARAMETRIC_REPRESENTATION_CONTEXT() REPRESENTATION_CONTEXT('2D SPACE',''
  ) );
#16011 = ORIENTED_EDGE('',*,*,#16012,.F.);
#16012 = EDGE_CURVE('',#15908,#15985,#16013,.T.);
#16013 = SURFACE_CURVE('',#16014,(#16019,#16026),.PCURVE_S1.);
#16014 = CIRCLE('',#16015,0.4);
#16015 = AXIS2_PLACEMENT_3D('',#16016,#16017,#16018);
#16016 = CARTESIAN_POINT('',(46.4575,-1.8225,19.35));
#16017 = DIRECTION('',(0.,0.,1.));
#16018 = DIRECTION('',(1.,0.,0.));
#16019 = PCURVE('',#15923,#16020);
#16020 = DEFINITIONAL_REPRESENTATION('',(#16021),#16025);
#16021 = LINE('',#16022,#16023);
#16022 = CARTESIAN_POINT('',(-0.,0.));
#16023 = VECTOR('',#16024,1.);
#16024 = DIRECTION('',(-1.,0.));
#16025 = ( GEOMETRIC_REPRESENTATION_CONTEXT(2) 
PARAMETRIC_REPRESENTATION_CONTEXT() REPRESENTATION_CONTEXT('2D SPACE',''
  ) );
#16026 = PCURVE('',#15712,#16027);
#16027 = DEFINITIONAL_REPRESENTATION('',(#16028),#16032);
#16028 = CIRCLE('',#16029,0.4);
#16029 = AXIS2_PLACEMENT_2D('',#16030,#16031);
#16030 = CARTESIAN_POINT('',(2.4575,-1.8225));
#16031 = DIRECTION('',(1.,0.));
#16032 = ( GEOMETRIC_REPRESENTATION_CONTEXT(2) 
PARAMETRIC_REPRESENTATION_CONTEXT() REPRESENTATION_CONTEXT('2D SPACE',''
  ) );
#16033 = ADVANCED_FACE('',(#16034),#16000,.F.);
#16034 = FACE_BOUND('',#16035,.F.);
#16035 = EDGE_LOOP('',(#16036,#16037,#16060,#16088));
#16036 = ORIENTED_EDGE('',*,*,#15984,.T.);
#16037 = ORIENTED_EDGE('',*,*,#16038,.T.);
#16038 = EDGE_CURVE('',#15961,#16039,#16041,.T.);
#16039 = VERTEX_POINT('',#16040);
#16040 = CARTESIAN_POINT('',(46.8575,1.8225,20.85));
#16041 = SURFACE_CURVE('',#16042,(#16046,#16053),.PCURVE_S1.);
#16042 = LINE('',#16043,#16044);
#16043 = CARTESIAN_POINT('',(46.8575,0.,20.85));
#16044 = VECTOR('',#16045,1.);
#16045 = DIRECTION('',(0.,1.,0.));
#16046 = PCURVE('',#16000,#16047);
#16047 = DEFINITIONAL_REPRESENTATION('',(#16048),#16052);
#16048 = LINE('',#16049,#16050);
#16049 = CARTESIAN_POINT('',(1.8225,-1.5));
#16050 = VECTOR('',#16051,1.);
#16051 = DIRECTION('',(1.,0.));
#16052 = ( GEOMETRIC_REPRESENTATION_CONTEXT(2) 
PARAMETRIC_REPRESENTATION_CONTEXT() REPRESENTATION_CONTEXT('2D SPACE',''
  ) );
#16053 = PCURVE('',#15658,#16054);
#16054 = DEFINITIONAL_REPRESENTATION('',(#16055),#16059);
#16055 = LINE('',#16056,#16057);
#16056 = CARTESIAN_POINT('',(2.8575,0.));
#16057 = VECTOR('',#16058,1.);
#16058 = DIRECTION('',(0.,1.));
#16059 = ( GEOMETRIC_REPRESENTATION_CONTEXT(2) 
PARAMETRIC_REPRESENTATION_CONTEXT() REPRESENTATION_CONTEXT('2D SPACE',''
  ) );
#16060 = ORIENTED_EDGE('',*,*,#16061,.F.);
#16061 = EDGE_CURVE('',#16062,#16039,#16064,.T.);
#16062 = VERTEX_POINT('',#16063);
#16063 = CARTESIAN_POINT('',(46.8575,1.8225,19.35));
#16064 = SURFACE_CURVE('',#16065,(#16069,#16076),.PCURVE_S1.);
#16065 = LINE('',#16066,#16067);
#16066 = CARTESIAN_POINT('',(46.8575,1.8225,19.35));
#16067 = VECTOR('',#16068,1.);
#16068 = DIRECTION('',(0.,0.,1.));
#16069 = PCURVE('',#16000,#16070);
#16070 = DEFINITIONAL_REPRESENTATION('',(#16071),#16075);
#16071 = LINE('',#16072,#16073);
#16072 = CARTESIAN_POINT('',(3.645,0.));
#16073 = VECTOR('',#16074,1.);
#16074 = DIRECTION('',(0.,-1.));
#16075 = ( GEOMETRIC_REPRESENTATION_CONTEXT(2) 
PARAMETRIC_REPRESENTATION_CONTEXT() REPRESENTATION_CONTEXT('2D SPACE',''
  ) );
#16076 = PCURVE('',#16077,#16082);
#16077 = CYLINDRICAL_SURFACE('',#16078,0.4);
#16078 = AXIS2_PLACEMENT_3D('',#16079,#16080,#16081);
#16079 = CARTESIAN_POINT('',(46.4575,1.8225,19.35));
#16080 = DIRECTION('',(-0.,-0.,-1.));
#16081 = DIRECTION('',(1.,0.,0.));
#16082 = DEFINITIONAL_REPRESENTATION('',(#16083),#16087);
#16083 = LINE('',#16084,#16085);
#16084 = CARTESIAN_POINT('',(-0.,0.));
#16085 = VECTOR('',#16086,1.);
#16086 = DIRECTION('',(-0.,-1.));
#16087 = ( GEOMETRIC_REPRESENTATION_CONTEXT(2) 
PARAMETRIC_REPRESENTATION_CONTEXT() REPRESENTATION_CONTEXT('2D SPACE',''
  ) );
#16088 = ORIENTED_EDGE('',*,*,#16089,.F.);
#16089 = EDGE_CURVE('',#15985,#16062,#16090,.T.);
#16090 = SURFACE_CURVE('',#16091,(#16095,#16102),.PCURVE_S1.);
#16091 = LINE('',#16092,#16093);
#16092 = CARTESIAN_POINT('',(46.8575,0.,19.35));
#16093 = VECTOR('',#16094,1.);
#16094 = DIRECTION('',(0.,1.,0.));
#16095 = PCURVE('',#16000,#16096);
#16096 = DEFINITIONAL_REPRESENTATION('',(#16097),#16101);
#16097 = LINE('',#16098,#16099);
#16098 = CARTESIAN_POINT('',(1.8225,0.));
#16099 = VECTOR('',#16100,1.);
#16100 = DIRECTION('',(1.,0.));
#16101 = ( GEOMETRIC_REPRESENTATION_CONTEXT(2) 
PARAMETRIC_REPRESENTATION_CONTEXT() REPRESENTATION_CONTEXT('2D SPACE',''
  ) );
#16102 = PCURVE('',#15712,#16103);
#16103 = DEFINITIONAL_REPRESENTATION('',(#16104),#16108);
#16104 = LINE('',#16105,#16106);
#16105 = CARTESIAN_POINT('',(2.8575,0.));
#16106 = VECTOR('',#16107,1.);
#16107 = DIRECTION('',(0.,1.));
#16108 = ( GEOMETRIC_REPRESENTATION_CONTEXT(2) 
PARAMETRIC_REPRESENTATION_CONTEXT() REPRESENTATION_CONTEXT('2D SPACE',''
  ) );
#16109 = ADVANCED_FACE('',(#16110),#16077,.T.);
#16110 = FACE_BOUND('',#16111,.F.);
#16111 = EDGE_LOOP('',(#16112,#16113,#16137,#16160));
#16112 = ORIENTED_EDGE('',*,*,#16061,.T.);
#16113 = ORIENTED_EDGE('',*,*,#16114,.T.);
#16114 = EDGE_CURVE('',#16039,#16115,#16117,.T.);
#16115 = VERTEX_POINT('',#16116);
#16116 = CARTESIAN_POINT('',(46.4575,2.2225,20.85));
#16117 = SURFACE_CURVE('',#16118,(#16123,#16130),.PCURVE_S1.);
#16118 = CIRCLE('',#16119,0.4);
#16119 = AXIS2_PLACEMENT_3D('',#16120,#16121,#16122);
#16120 = CARTESIAN_POINT('',(46.4575,1.8225,20.85));
#16121 = DIRECTION('',(0.,0.,1.));
#16122 = DIRECTION('',(1.,0.,0.));
#16123 = PCURVE('',#16077,#16124);
#16124 = DEFINITIONAL_REPRESENTATION('',(#16125),#16129);
#16125 = LINE('',#16126,#16127);
#16126 = CARTESIAN_POINT('',(-0.,-1.5));
#16127 = VECTOR('',#16128,1.);
#16128 = DIRECTION('',(-1.,0.));
#16129 = ( GEOMETRIC_REPRESENTATION_CONTEXT(2) 
PARAMETRIC_REPRESENTATION_CONTEXT() REPRESENTATION_CONTEXT('2D SPACE',''
  ) );
#16130 = PCURVE('',#15658,#16131);
#16131 = DEFINITIONAL_REPRESENTATION('',(#16132),#16136);
#16132 = CIRCLE('',#16133,0.4);
#16133 = AXIS2_PLACEMENT_2D('',#16134,#16135);
#16134 = CARTESIAN_POINT('',(2.4575,1.8225));
#16135 = DIRECTION('',(1.,0.));
#16136 = ( GEOMETRIC_REPRESENTATION_CONTEXT(2) 
PARAMETRIC_REPRESENTATION_CONTEXT() REPRESENTATION_CONTEXT('2D SPACE',''
  ) );
#16137 = ORIENTED_EDGE('',*,*,#16138,.F.);
#16138 = EDGE_CURVE('',#16139,#16115,#16141,.T.);
#16139 = VERTEX_POINT('',#16140);
#16140 = CARTESIAN_POINT('',(46.4575,2.2225,19.35));
#16141 = SURFACE_CURVE('',#16142,(#16146,#16153),.PCURVE_S1.);
#16142 = LINE('',#16143,#16144);
#16143 = CARTESIAN_POINT('',(46.4575,2.2225,19.35));
#16144 = VECTOR('',#16145,1.);
#16145 = DIRECTION('',(0.,0.,1.));
#16146 = PCURVE('',#16077,#16147);
#16147 = DEFINITIONAL_REPRESENTATION('',(#16148),#16152);
#16148 = LINE('',#16149,#16150);
#16149 = CARTESIAN_POINT('',(-1.570796326795,0.));
#16150 = VECTOR('',#16151,1.);
#16151 = DIRECTION('',(-0.,-1.));
#16152 = ( GEOMETRIC_REPRESENTATION_CONTEXT(2) 
PARAMETRIC_REPRESENTATION_CONTEXT() REPRESENTATION_CONTEXT('2D SPACE',''
  ) );
#16153 = PCURVE('',#15745,#16154);
#16154 = DEFINITIONAL_REPRESENTATION('',(#16155),#16159);
#16155 = LINE('',#16156,#16157);
#16156 = CARTESIAN_POINT('',(4.915,0.));
#16157 = VECTOR('',#16158,1.);
#16158 = DIRECTION('',(0.,-1.));
#16159 = ( GEOMETRIC_REPRESENTATION_CONTEXT(2) 
PARAMETRIC_REPRESENTATION_CONTEXT() REPRESENTATION_CONTEXT('2D SPACE',''
  ) );
#16160 = ORIENTED_EDGE('',*,*,#16161,.F.);
#16161 = EDGE_CURVE('',#16062,#16139,#16162,.T.);
#16162 = SURFACE_CURVE('',#16163,(#16168,#16175),.PCURVE_S1.);
#16163 = CIRCLE('',#16164,0.4);
#16164 = AXIS2_PLACEMENT_3D('',#16165,#16166,#16167);
#16165 = CARTESIAN_POINT('',(46.4575,1.8225,19.35));
#16166 = DIRECTION('',(0.,0.,1.));
#16167 = DIRECTION('',(1.,0.,0.));
#16168 = PCURVE('',#16077,#16169);
#16169 = DEFINITIONAL_REPRESENTATION('',(#16170),#16174);
#16170 = LINE('',#16171,#16172);
#16171 = CARTESIAN_POINT('',(-0.,0.));
#16172 = VECTOR('',#16173,1.);
#16173 = DIRECTION('',(-1.,0.));
#16174 = ( GEOMETRIC_REPRESENTATION_CONTEXT(2) 
PARAMETRIC_REPRESENTATION_CONTEXT() REPRESENTATION_CONTEXT('2D SPACE',''
  ) );
#16175 = PCURVE('',#15712,#16176);
#16176 = DEFINITIONAL_REPRESENTATION('',(#16177),#16181);
#16177 = CIRCLE('',#16178,0.4);
#16178 = AXIS2_PLACEMENT_2D('',#16179,#16180);
#16179 = CARTESIAN_POINT('',(2.4575,1.8225));
#16180 = DIRECTION('',(1.,0.));
#16181 = ( GEOMETRIC_REPRESENTATION_CONTEXT(2) 
PARAMETRIC_REPRESENTATION_CONTEXT() REPRESENTATION_CONTEXT('2D SPACE',''
  ) );
#16182 = ADVANCED_FACE('',(#16183),#15745,.T.);
#16183 = FACE_BOUND('',#16184,.T.);
#16184 = EDGE_LOOP('',(#16185,#16186,#16207,#16208));
#16185 = ORIENTED_EDGE('',*,*,#15727,.T.);
#16186 = ORIENTED_EDGE('',*,*,#16187,.T.);
#16187 = EDGE_CURVE('',#15730,#16115,#16188,.T.);
#16188 = SURFACE_CURVE('',#16189,(#16193,#16200),.PCURVE_S1.);
#16189 = LINE('',#16190,#16191);
#16190 = CARTESIAN_POINT('',(44.,2.2225,20.85));
#16191 = VECTOR('',#16192,1.);
#16192 = DIRECTION('',(1.,0.,0.));
#16193 = PCURVE('',#15745,#16194);
#16194 = DEFINITIONAL_REPRESENTATION('',(#16195),#16199);
#16195 = LINE('',#16196,#16197);
#16196 = CARTESIAN_POINT('',(2.4575,-1.5));
#16197 = VECTOR('',#16198,1.);
#16198 = DIRECTION('',(1.,0.));
#16199 = ( GEOMETRIC_REPRESENTATION_CONTEXT(2) 
PARAMETRIC_REPRESENTATION_CONTEXT() REPRESENTATION_CONTEXT('2D SPACE',''
  ) );
#16200 = PCURVE('',#15658,#16201);
#16201 = DEFINITIONAL_REPRESENTATION('',(#16202),#16206);
#16202 = LINE('',#16203,#16204);
#16203 = CARTESIAN_POINT('',(0.,2.2225));
#16204 = VECTOR('',#16205,1.);
#16205 = DIRECTION('',(1.,0.));
#16206 = ( GEOMETRIC_REPRESENTATION_CONTEXT(2) 
PARAMETRIC_REPRESENTATION_CONTEXT() REPRESENTATION_CONTEXT('2D SPACE',''
  ) );
#16207 = ORIENTED_EDGE('',*,*,#16138,.F.);
#16208 = ORIENTED_EDGE('',*,*,#16209,.F.);
#16209 = EDGE_CURVE('',#15728,#16139,#16210,.T.);
#16210 = SURFACE_CURVE('',#16211,(#16215,#16222),.PCURVE_S1.);
#16211 = LINE('',#16212,#16213);
#16212 = CARTESIAN_POINT('',(44.,2.2225,19.35));
#16213 = VECTOR('',#16214,1.);
#16214 = DIRECTION('',(1.,0.,0.));
#16215 = PCURVE('',#15745,#16216);
#16216 = DEFINITIONAL_REPRESENTATION('',(#16217),#16221);
#16217 = LINE('',#16218,#16219);
#16218 = CARTESIAN_POINT('',(2.4575,0.));
#16219 = VECTOR('',#16220,1.);
#16220 = DIRECTION('',(1.,0.));
#16221 = ( GEOMETRIC_REPRESENTATION_CONTEXT(2) 
PARAMETRIC_REPRESENTATION_CONTEXT() REPRESENTATION_CONTEXT('2D SPACE',''
  ) );
#16222 = PCURVE('',#15712,#16223);
#16223 = DEFINITIONAL_REPRESENTATION('',(#16224),#16228);
#16224 = LINE('',#16225,#16226);
#16225 = CARTESIAN_POINT('',(0.,2.2225));
#16226 = VECTOR('',#16227,1.);
#16227 = DIRECTION('',(1.,0.));
#16228 = ( GEOMETRIC_REPRESENTATION_CONTEXT(2) 
PARAMETRIC_REPRESENTATION_CONTEXT() REPRESENTATION_CONTEXT('2D SPACE',''
  ) );
#16229 = ADVANCED_FACE('',(#16230),#15712,.F.);
#16230 = FACE_BOUND('',#16231,.F.);
#16231 = EDGE_LOOP('',(#16232,#16233,#16234,#16235,#16236,#16237,#16238,
    #16239));
#16232 = ORIENTED_EDGE('',*,*,#15698,.F.);
#16233 = ORIENTED_EDGE('',*,*,#15858,.T.);
#16234 = ORIENTED_EDGE('',*,*,#15935,.T.);
#16235 = ORIENTED_EDGE('',*,*,#16012,.T.);
#16236 = ORIENTED_EDGE('',*,*,#16089,.T.);
#16237 = ORIENTED_EDGE('',*,*,#16161,.T.);
#16238 = ORIENTED_EDGE('',*,*,#16209,.F.);
#16239 = ORIENTED_EDGE('',*,*,#15780,.T.);
#16240 = ADVANCED_FACE('',(#16241),#15658,.T.);
#16241 = FACE_BOUND('',#16242,.T.);
#16242 = EDGE_LOOP('',(#16243,#16244,#16245,#16246,#16247,#16248,#16249,
    #16250));
#16243 = ORIENTED_EDGE('',*,*,#15642,.F.);
#16244 = ORIENTED_EDGE('',*,*,#15806,.T.);
#16245 = ORIENTED_EDGE('',*,*,#15884,.T.);
#16246 = ORIENTED_EDGE('',*,*,#15960,.T.);
#16247 = ORIENTED_EDGE('',*,*,#16038,.T.);
#16248 = ORIENTED_EDGE('',*,*,#16114,.T.);
#16249 = ORIENTED_EDGE('',*,*,#16187,.F.);
#16250 = ORIENTED_EDGE('',*,*,#15757,.T.);
#16251 = ( GEOMETRIC_REPRESENTATION_CONTEXT(3) 
GLOBAL_UNCERTAINTY_ASSIGNED_CONTEXT((#16255)) 
GLOBAL_UNIT_ASSIGNED_CONTEXT((#16252,#16253,#16254)) 
REPRESENTATION_CONTEXT('Context #1',
  '3D Context with UNIT and UNCERTAINTY') );
#16252 = ( LENGTH_UNIT() NAMED_UNIT(*) SI_UNIT(.MILLI.,.METRE.) );
#16253 = ( NAMED_UNIT(*) PLANE_ANGLE_UNIT() SI_UNIT($,.RADIAN.) );
#16254 = ( NAMED_UNIT(*) SI_UNIT($,.STERADIAN.) SOLID_ANGLE_UNIT() );
#16255 = UNCERTAINTY_MEASURE_WITH_UNIT(LENGTH_MEASURE(1.E-07),#16252,
  'distance_accuracy_value','confusion accuracy');
#16256 = CONTEXT_DEPENDENT_SHAPE_REPRESENTATION(#16257,#16259);
#16257 = ( REPRESENTATION_RELATIONSHIP('','',#15600,#10) 
REPRESENTATION_RELATIONSHIP_WITH_TRANSFORMATION(#16258) 
SHAPE_REPRESENTATION_RELATIONSHIP() );
#16258 = ITEM_DEFINED_TRANSFORMATION('','',#11,#135);
#16259 = PRODUCT_DEFINITION_SHAPE('Placement','Placement of an item',
  #16260);
#16260 = NEXT_ASSEMBLY_USAGE_OCCURRENCE('179','stub 10 sample','',#5,
  #15595,$);
#16261 = PRODUCT_RELATED_PRODUCT_CATEGORY('part',$,(#15597));
#16262 = SHAPE_DEFINITION_REPRESENTATION(#16263,#16269);
#16263 = PRODUCT_DEFINITION_SHAPE('','',#16264);
#16264 = PRODUCT_DEFINITION('design','',#16265,#16268);
#16265 = PRODUCT_DEFINITION_FORMATION('','',#16266);
#16266 = PRODUCT('stub 11 stub','stub 11 stub','',(#16267));
#16267 = PRODUCT_CONTEXT('',#2,'mechanical');
#16268 = PRODUCT_DEFINITION_CONTEXT('part definition',#2,'design');
#16269 = ADVANCED_BREP_SHAPE_REPRESENTATION('',(#11,#16270),#16752);
#16270 = MANIFOLD_SOLID_BREP('',#16271);
#16271 = CLOSED_SHELL('',(#16272,#16364,#16399,#16434,#16489,#16544,
    #16597,#16636,#16640,#16695,#16748));
#16272 = ADVANCED_FACE('',(#16273),#16286,.T.);
#16273 = FACE_BOUND('',#16274,.F.);
#16274 = EDGE_LOOP('',(#16275,#16309,#16332,#16363));
#16275 = ORIENTED_EDGE('',*,*,#16276,.F.);
#16276 = EDGE_CURVE('',#16277,#16277,#16279,.T.);
#16277 = VERTEX_POINT('',#16278);
#16278 = CARTESIAN_POINT('',(-37.65,22.,16.));
#16279 = SURFACE_CURVE('',#16280,(#16285,#16297),.PCURVE_S1.);
#16280 = CIRCLE('',#16281,6.35);
#16281 = AXIS2_PLACEMENT_3D('',#16282,#16283,#16284);
#16282 = CARTESIAN_POINT('',(-44.,22.,16.));
#16283 = DIRECTION('',(0.,0.,1.));
#16284 = DIRECTION('',(1.,0.,0.));
#16285 = PCURVE('',#16286,#16291);
#16286 = CYLINDRICAL_SURFACE('',#16287,6.35);
#16287 = AXIS2_PLACEMENT_3D('',#16288,#16289,#16290);
#16288 = CARTESIAN_POINT('',(-44.,22.,16.));
#16289 = DIRECTION('',(-0.,-0.,-1.));
#16290 = DIRECTION('',(1.,0.,0.));
#16291 = DEFINITIONAL_REPRESENTATION('',(#16292),#16296);
#16292 = LINE('',#16293,#16294);
#16293 = CARTESIAN_POINT('',(-0.,0.));
#16294 = VECTOR('',#16295,1.);
#16295 = DIRECTION('',(-1.,0.));
#16296 = ( GEOMETRIC_REPRESENTATION_CONTEXT(2) 
PARAMETRIC_REPRESENTATION_CONTEXT() REPRESENTATION_CONTEXT('2D SPACE',''
  ) );
#16297 = PCURVE('',#16298,#16303);
#16298 = PLANE('',#16299);
#16299 = AXIS2_PLACEMENT_3D('',#16300,#16301,#16302);
#16300 = CARTESIAN_POINT('',(-44.,22.,16.));
#16301 = DIRECTION('',(0.,0.,1.));
#16302 = DIRECTION('',(1.,0.,0.));
#16303 = DEFINITIONAL_REPRESENTATION('',(#16304),#16308);
#16304 = CIRCLE('',#16305,6.35);
#16305 = AXIS2_PLACEMENT_2D('',#16306,#16307);
#16306 = CARTESIAN_POINT('',(0.,-6.021627052289E-16));
#16307 = DIRECTION('',(1.,0.));
#16308 = ( GEOMETRIC_REPRESENTATION_CONTEXT(2) 
PARAMETRIC_REPRESENTATION_CONTEXT() REPRESENTATION_CONTEXT('2D SPACE',''
  ) );
#16309 = ORIENTED_EDGE('',*,*,#16310,.T.);
#16310 = EDGE_CURVE('',#16277,#16311,#16313,.T.);
#16311 = VERTEX_POINT('',#16312);
#16312 = CARTESIAN_POINT('',(-37.65,22.,17.1));
#16313 = SEAM_CURVE('',#16314,(#16318,#16325),.PCURVE_S1.);
#16314 = LINE('',#16315,#16316);
#16315 = CARTESIAN_POINT('',(-37.65,22.,16.));
#16316 = VECTOR('',#16317,1.);
#16317 = DIRECTION('',(0.,0.,1.));
#16318 = PCURVE('',#16286,#16319);
#16319 = DEFINITIONAL_REPRESENTATION('',(#16320),#16324);
#16320 = LINE('',#16321,#16322);
#16321 = CARTESIAN_POINT('',(-6.28318530718,0.));
#16322 = VECTOR('',#16323,1.);
#16323 = DIRECTION('',(-0.,-1.));
#16324 = ( GEOMETRIC_REPRESENTATION_CONTEXT(2) 
PARAMETRIC_REPRESENTATION_CONTEXT() REPRESENTATION_CONTEXT('2D SPACE',''
  ) );
#16325 = PCURVE('',#16286,#16326);
#16326 = DEFINITIONAL_REPRESENTATION('',(#16327),#16331);
#16327 = LINE('',#16328,#16329);
#16328 = CARTESIAN_POINT('',(-0.,0.));
#16329 = VECTOR('',#16330,1.);
#16330 = DIRECTION('',(-0.,-1.));
#16331 = ( GEOMETRIC_REPRESENTATION_CONTEXT(2) 
PARAMETRIC_REPRESENTATION_CONTEXT() REPRESENTATION_CONTEXT('2D SPACE',''
  ) );
#16332 = ORIENTED_EDGE('',*,*,#16333,.F.);
#16333 = EDGE_CURVE('',#16311,#16311,#16334,.T.);
#16334 = SURFACE_CURVE('',#16335,(#16340,#16347),.PCURVE_S1.);
#16335 = CIRCLE('',#16336,6.35);
#16336 = AXIS2_PLACEMENT_3D('',#16337,#16338,#16339);
#16337 = CARTESIAN_POINT('',(-44.,22.,17.1));
#16338 = DIRECTION('',(0.,0.,-1.));
#16339 = DIRECTION('',(1.,0.,0.));
#16340 = PCURVE('',#16286,#16341);
#16341 = DEFINITIONAL_REPRESENTATION('',(#16342),#16346);
#16342 = LINE('',#16343,#16344);
#16343 = CARTESIAN_POINT('',(-6.28318530718,-1.1));
#16344 = VECTOR('',#16345,1.);
#16345 = DIRECTION('',(1.,-0.));
#16346 = ( GEOMETRIC_REPRESENTATION_CONTEXT(2) 
PARAMETRIC_REPRESENTATION_CONTEXT() REPRESENTATION_CONTEXT('2D SPACE',''
  ) );
#16347 = PCURVE('',#16348,#16353);
#16348 = PLANE('',#16349);
#16349 = AXIS2_PLACEMENT_3D('',#16350,#16351,#16352);
#16350 = CARTESIAN_POINT('',(-44.,22.,17.1));
#16351 = DIRECTION('',(0.,0.,1.));
#16352 = DIRECTION('',(1.,0.,0.));
#16353 = DEFINITIONAL_REPRESENTATION('',(#16354),#16362);
#16354 = ( BOUNDED_CURVE() B_SPLINE_CURVE(2,(#16355,#16356,#16357,#16358
    ,#16359,#16360,#16361),.UNSPECIFIED.,.T.,.F.) 
B_SPLINE_CURVE_WITH_KNOTS((1,2,2,2,2,1),(-2.094395102393,0.,
    2.094395102393,4.188790204786,6.28318530718,8.377580409573),
.UNSPECIFIED.) CURVE() GEOMETRIC_REPRESENTATION_ITEM() 
RATIONAL_B_SPLINE_CURVE((1.,0.5,1.,0.5,1.,0.5,1.)) REPRESENTATION_ITEM(
  '') );
#16355 = CARTESIAN_POINT('',(6.35,-1.196249076369E-16));
#16356 = CARTESIAN_POINT('',(6.35,-10.99852262806));
#16357 = CARTESIAN_POINT('',(-3.175,-5.499261314031));
#16358 = CARTESIAN_POINT('',(-12.7,-1.674926342554E-15));
#16359 = CARTESIAN_POINT('',(-3.175,5.499261314031));
#16360 = CARTESIAN_POINT('',(6.35,10.998522628062));
#16361 = CARTESIAN_POINT('',(6.35,-1.196249076369E-16));
#16362 = ( GEOMETRIC_REPRESENTATION_CONTEXT(2) 
PARAMETRIC_REPRESENTATION_CONTEXT() REPRESENTATION_CONTEXT('2D SPACE',''
  ) );
#16363 = ORIENTED_EDGE('',*,*,#16310,.F.);
#16364 = ADVANCED_FACE('',(#16365,#16368),#16298,.F.);
#16365 = FACE_BOUND('',#16366,.F.);
#16366 = EDGE_LOOP('',(#16367));
#16367 = ORIENTED_EDGE('',*,*,#16276,.T.);
#16368 = FACE_BOUND('',#16369,.F.);
#16369 = EDGE_LOOP('',(#16370));
#16370 = ORIENTED_EDGE('',*,*,#16371,.F.);
#16371 = EDGE_CURVE('',#16372,#16372,#16374,.T.);
#16372 = VERTEX_POINT('',#16373);
#16373 = CARTESIAN_POINT('',(-42.425,22.,16.));
#16374 = SURFACE_CURVE('',#16375,(#16380,#16387),.PCURVE_S1.);
#16375 = CIRCLE('',#16376,1.575);
#16376 = AXIS2_PLACEMENT_3D('',#16377,#16378,#16379);
#16377 = CARTESIAN_POINT('',(-44.,22.,16.));
#16378 = DIRECTION('',(0.,0.,1.));
#16379 = DIRECTION('',(1.,0.,0.));
#16380 = PCURVE('',#16298,#16381);
#16381 = DEFINITIONAL_REPRESENTATION('',(#16382),#16386);
#16382 = CIRCLE('',#16383,1.575);
#16383 = AXIS2_PLACEMENT_2D('',#16384,#16385);
#16384 = CARTESIAN_POINT('',(0.,-6.021627052289E-16));
#16385 = DIRECTION('',(1.,0.));
#16386 = ( GEOMETRIC_REPRESENTATION_CONTEXT(2) 
PARAMETRIC_REPRESENTATION_CONTEXT() REPRESENTATION_CONTEXT('2D SPACE',''
  ) );
#16387 = PCURVE('',#16388,#16393);
#16388 = CYLINDRICAL_SURFACE('',#16389,1.575);
#16389 = AXIS2_PLACEMENT_3D('',#16390,#16391,#16392);
#16390 = CARTESIAN_POINT('',(-44.,22.,8.));
#16391 = DIRECTION('',(-0.,-0.,-1.));
#16392 = DIRECTION('',(1.,0.,0.));
#16393 = DEFINITIONAL_REPRESENTATION('',(#16394),#16398);
#16394 = LINE('',#16395,#16396);
#16395 = CARTESIAN_POINT('',(-0.,-8.));
#16396 = VECTOR('',#16397,1.);
#16397 = DIRECTION('',(-1.,0.));
#16398 = ( GEOMETRIC_REPRESENTATION_CONTEXT(2) 
PARAMETRIC_REPRESENTATION_CONTEXT() REPRESENTATION_CONTEXT('2D SPACE',''
  ) );
#16399 = ADVANCED_FACE('',(#16400,#16403),#16348,.T.);
#16400 = FACE_BOUND('',#16401,.T.);
#16401 = EDGE_LOOP('',(#16402));
#16402 = ORIENTED_EDGE('',*,*,#16333,.F.);
#16403 = FACE_BOUND('',#16404,.T.);
#16404 = EDGE_LOOP('',(#16405));
#16405 = ORIENTED_EDGE('',*,*,#16406,.F.);
#16406 = EDGE_CURVE('',#16407,#16407,#16409,.T.);
#16407 = VERTEX_POINT('',#16408);
#16408 = CARTESIAN_POINT('',(-38.15,22.,17.1));
#16409 = SURFACE_CURVE('',#16410,(#16415,#16422),.PCURVE_S1.);
#16410 = CIRCLE('',#16411,5.85);
#16411 = AXIS2_PLACEMENT_3D('',#16412,#16413,#16414);
#16412 = CARTESIAN_POINT('',(-44.,22.,17.1));
#16413 = DIRECTION('',(0.,0.,1.));
#16414 = DIRECTION('',(1.,0.,0.));
#16415 = PCURVE('',#16348,#16416);
#16416 = DEFINITIONAL_REPRESENTATION('',(#16417),#16421);
#16417 = CIRCLE('',#16418,5.85);
#16418 = AXIS2_PLACEMENT_2D('',#16419,#16420);
#16419 = CARTESIAN_POINT('',(3.321377597886E-14,3.341888834508E-16));
#16420 = DIRECTION('',(1.,0.));
#16421 = ( GEOMETRIC_REPRESENTATION_CONTEXT(2) 
PARAMETRIC_REPRESENTATION_CONTEXT() REPRESENTATION_CONTEXT('2D SPACE',''
  ) );
#16422 = PCURVE('',#16423,#16428);
#16423 = CYLINDRICAL_SURFACE('',#16424,5.85);
#16424 = AXIS2_PLACEMENT_3D('',#16425,#16426,#16427);
#16425 = CARTESIAN_POINT('',(-44.,22.,17.1));
#16426 = DIRECTION('',(-0.,-0.,-1.));
#16427 = DIRECTION('',(1.,0.,0.));
#16428 = DEFINITIONAL_REPRESENTATION('',(#16429),#16433);
#16429 = LINE('',#16430,#16431);
#16430 = CARTESIAN_POINT('',(-0.,0.));
#16431 = VECTOR('',#16432,1.);
#16432 = DIRECTION('',(-1.,0.));
#16433 = ( GEOMETRIC_REPRESENTATION_CONTEXT(2) 
PARAMETRIC_REPRESENTATION_CONTEXT() REPRESENTATION_CONTEXT('2D SPACE',''
  ) );
#16434 = ADVANCED_FACE('',(#16435),#16388,.T.);
#16435 = FACE_BOUND('',#16436,.F.);
#16436 = EDGE_LOOP('',(#16437,#16460,#16461,#16462));
#16437 = ORIENTED_EDGE('',*,*,#16438,.T.);
#16438 = EDGE_CURVE('',#16439,#16372,#16441,.T.);
#16439 = VERTEX_POINT('',#16440);
#16440 = CARTESIAN_POINT('',(-42.425,22.,8.4));
#16441 = SEAM_CURVE('',#16442,(#16446,#16453),.PCURVE_S1.);
#16442 = LINE('',#16443,#16444);
#16443 = CARTESIAN_POINT('',(-42.425,22.,8.));
#16444 = VECTOR('',#16445,1.);
#16445 = DIRECTION('',(0.,0.,1.));
#16446 = PCURVE('',#16388,#16447);
#16447 = DEFINITIONAL_REPRESENTATION('',(#16448),#16452);
#16448 = LINE('',#16449,#16450);
#16449 = CARTESIAN_POINT('',(-0.,0.));
#16450 = VECTOR('',#16451,1.);
#16451 = DIRECTION('',(-0.,-1.));
#16452 = ( GEOMETRIC_REPRESENTATION_CONTEXT(2) 
PARAMETRIC_REPRESENTATION_CONTEXT() REPRESENTATION_CONTEXT('2D SPACE',''
  ) );
#16453 = PCURVE('',#16388,#16454);
#16454 = DEFINITIONAL_REPRESENTATION('',(#16455),#16459);
#16455 = LINE('',#16456,#16457);
#16456 = CARTESIAN_POINT('',(-6.28318530718,0.));
#16457 = VECTOR('',#16458,1.);
#16458 = DIRECTION('',(-0.,-1.));
#16459 = ( GEOMETRIC_REPRESENTATION_CONTEXT(2) 
PARAMETRIC_REPRESENTATION_CONTEXT() REPRESENTATION_CONTEXT('2D SPACE',''
  ) );
#16460 = ORIENTED_EDGE('',*,*,#16371,.T.);
#16461 = ORIENTED_EDGE('',*,*,#16438,.F.);
#16462 = ORIENTED_EDGE('',*,*,#16463,.F.);
#16463 = EDGE_CURVE('',#16439,#16439,#16464,.T.);
#16464 = SURFACE_CURVE('',#16465,(#16470,#16477),.PCURVE_S1.);
#16465 = CIRCLE('',#16466,1.575);
#16466 = AXIS2_PLACEMENT_3D('',#16467,#16468,#16469);
#16467 = CARTESIAN_POINT('',(-44.,22.,8.4));
#16468 = DIRECTION('',(0.,0.,1.));
#16469 = DIRECTION('',(1.,0.,0.));
#16470 = PCURVE('',#16388,#16471);
#16471 = DEFINITIONAL_REPRESENTATION('',(#16472),#16476);
#16472 = LINE('',#16473,#16474);
#16473 = CARTESIAN_POINT('',(-0.,-0.4));
#16474 = VECTOR('',#16475,1.);
#16475 = DIRECTION('',(-1.,0.));
#16476 = ( GEOMETRIC_REPRESENTATION_CONTEXT(2) 
PARAMETRIC_REPRESENTATION_CONTEXT() REPRESENTATION_CONTEXT('2D SPACE',''
  ) );
#16477 = PCURVE('',#16478,#16483);
#16478 = CONICAL_SURFACE('',#16479,1.575,0.785398163397);
#16479 = AXIS2_PLACEMENT_3D('',#16480,#16481,#16482);
#16480 = CARTESIAN_POINT('',(-44.,22.,8.4));
#16481 = DIRECTION('',(0.,0.,1.));
#16482 = DIRECTION('',(1.,0.,0.));
#16483 = DEFINITIONAL_REPRESENTATION('',(#16484),#16488);
#16484 = LINE('',#16485,#16486);
#16485 = CARTESIAN_POINT('',(0.,-0.));
#16486 = VECTOR('',#16487,1.);
#16487 = DIRECTION('',(1.,-0.));
#16488 = ( GEOMETRIC_REPRESENTATION_CONTEXT(2) 
PARAMETRIC_REPRESENTATION_CONTEXT() REPRESENTATION_CONTEXT('2D SPACE',''
  ) );
#16489 = ADVANCED_FACE('',(#16490),#16423,.T.);
#16490 = FACE_BOUND('',#16491,.F.);
#16491 = EDGE_LOOP('',(#16492,#16515,#16542,#16543));
#16492 = ORIENTED_EDGE('',*,*,#16493,.T.);
#16493 = EDGE_CURVE('',#16407,#16494,#16496,.T.);
#16494 = VERTEX_POINT('',#16495);
#16495 = CARTESIAN_POINT('',(-38.15,22.,18.1));
#16496 = SEAM_CURVE('',#16497,(#16501,#16508),.PCURVE_S1.);
#16497 = LINE('',#16498,#16499);
#16498 = CARTESIAN_POINT('',(-38.15,22.,17.1));
#16499 = VECTOR('',#16500,1.);
#16500 = DIRECTION('',(0.,0.,1.));
#16501 = PCURVE('',#16423,#16502);
#16502 = DEFINITIONAL_REPRESENTATION('',(#16503),#16507);
#16503 = LINE('',#16504,#16505);
#16504 = CARTESIAN_POINT('',(-0.,0.));
#16505 = VECTOR('',#16506,1.);
#16506 = DIRECTION('',(-0.,-1.));
#16507 = ( GEOMETRIC_REPRESENTATION_CONTEXT(2) 
PARAMETRIC_REPRESENTATION_CONTEXT() REPRESENTATION_CONTEXT('2D SPACE',''
  ) );
#16508 = PCURVE('',#16423,#16509);
#16509 = DEFINITIONAL_REPRESENTATION('',(#16510),#16514);
#16510 = LINE('',#16511,#16512);
#16511 = CARTESIAN_POINT('',(-6.28318530718,0.));
#16512 = VECTOR('',#16513,1.);
#16513 = DIRECTION('',(-0.,-1.));
#16514 = ( GEOMETRIC_REPRESENTATION_CONTEXT(2) 
PARAMETRIC_REPRESENTATION_CONTEXT() REPRESENTATION_CONTEXT('2D SPACE',''
  ) );
#16515 = ORIENTED_EDGE('',*,*,#16516,.T.);
#16516 = EDGE_CURVE('',#16494,#16494,#16517,.T.);
#16517 = SURFACE_CURVE('',#16518,(#16523,#16530),.PCURVE_S1.);
#16518 = CIRCLE('',#16519,5.85);
#16519 = AXIS2_PLACEMENT_3D('',#16520,#16521,#16522);
#16520 = CARTESIAN_POINT('',(-44.,22.,18.1));
#16521 = DIRECTION('',(0.,0.,1.));
#16522 = DIRECTION('',(1.,0.,0.));
#16523 = PCURVE('',#16423,#16524);
#16524 = DEFINITIONAL_REPRESENTATION('',(#16525),#16529);
#16525 = LINE('',#16526,#16527);
#16526 = CARTESIAN_POINT('',(-0.,-1.));
#16527 = VECTOR('',#16528,1.);
#16528 = DIRECTION('',(-1.,0.));
#16529 = ( GEOMETRIC_REPRESENTATION_CONTEXT(2) 
PARAMETRIC_REPRESENTATION_CONTEXT() REPRESENTATION_CONTEXT('2D SPACE',''
  ) );
#16530 = PCURVE('',#16531,#16536);
#16531 = PLANE('',#16532);
#16532 = AXIS2_PLACEMENT_3D('',#16533,#16534,#16535);
#16533 = CARTESIAN_POINT('',(-44.,22.,18.1));
#16534 = DIRECTION('',(0.,0.,1.));
#16535 = DIRECTION('',(1.,0.,0.));
#16536 = DEFINITIONAL_REPRESENTATION('',(#16537),#16541);
#16537 = CIRCLE('',#16538,5.85);
#16538 = AXIS2_PLACEMENT_2D('',#16539,#16540);
#16539 = CARTESIAN_POINT('',(3.321377597886E-14,3.341888834508E-16));
#16540 = DIRECTION('',(1.,0.));
#16541 = ( GEOMETRIC_REPRESENTATION_CONTEXT(2) 
PARAMETRIC_REPRESENTATION_CONTEXT() REPRESENTATION_CONTEXT('2D SPACE',''
  ) );
#16542 = ORIENTED_EDGE('',*,*,#16493,.F.);
#16543 = ORIENTED_EDGE('',*,*,#16406,.F.);
#16544 = ADVANCED_FACE('',(#16545),#16478,.T.);
#16545 = FACE_BOUND('',#16546,.F.);
#16546 = EDGE_LOOP('',(#16547,#16568,#16569,#16570));
#16547 = ORIENTED_EDGE('',*,*,#16548,.F.);
#16548 = EDGE_CURVE('',#16439,#16549,#16551,.T.);
#16549 = VERTEX_POINT('',#16550);
#16550 = CARTESIAN_POINT('',(-42.825,22.,8.));
#16551 = SEAM_CURVE('',#16552,(#16556,#16562),.PCURVE_S1.);
#16552 = LINE('',#16553,#16554);
#16553 = CARTESIAN_POINT('',(-42.425,22.,8.4));
#16554 = VECTOR('',#16555,1.);
#16555 = DIRECTION('',(-0.707106781187,-0.,-0.707106781187));
#16556 = PCURVE('',#16478,#16557);
#16557 = DEFINITIONAL_REPRESENTATION('',(#16558),#16561);
#16558 = B_SPLINE_CURVE_WITH_KNOTS('',1,(#16559,#16560),.UNSPECIFIED.,
  .F.,.F.,(2,2),(0.,0.565685424949),.PIECEWISE_BEZIER_KNOTS.);
#16559 = CARTESIAN_POINT('',(0.,0.));
#16560 = CARTESIAN_POINT('',(0.,-0.4));
#16561 = ( GEOMETRIC_REPRESENTATION_CONTEXT(2) 
PARAMETRIC_REPRESENTATION_CONTEXT() REPRESENTATION_CONTEXT('2D SPACE',''
  ) );
#16562 = PCURVE('',#16478,#16563);
#16563 = DEFINITIONAL_REPRESENTATION('',(#16564),#16567);
#16564 = B_SPLINE_CURVE_WITH_KNOTS('',1,(#16565,#16566),.UNSPECIFIED.,
  .F.,.F.,(2,2),(0.,0.565685424949),.PIECEWISE_BEZIER_KNOTS.);
#16565 = CARTESIAN_POINT('',(6.28318530718,0.));
#16566 = CARTESIAN_POINT('',(6.28318530718,-0.4));
#16567 = ( GEOMETRIC_REPRESENTATION_CONTEXT(2) 
PARAMETRIC_REPRESENTATION_CONTEXT() REPRESENTATION_CONTEXT('2D SPACE',''
  ) );
#16568 = ORIENTED_EDGE('',*,*,#16463,.T.);
#16569 = ORIENTED_EDGE('',*,*,#16548,.T.);
#16570 = ORIENTED_EDGE('',*,*,#16571,.F.);
#16571 = EDGE_CURVE('',#16549,#16549,#16572,.T.);
#16572 = SURFACE_CURVE('',#16573,(#16578,#16585),.PCURVE_S1.);
#16573 = CIRCLE('',#16574,1.175);
#16574 = AXIS2_PLACEMENT_3D('',#16575,#16576,#16577);
#16575 = CARTESIAN_POINT('',(-44.,22.,8.));
#16576 = DIRECTION('',(0.,0.,1.));
#16577 = DIRECTION('',(1.,0.,0.));
#16578 = PCURVE('',#16478,#16579);
#16579 = DEFINITIONAL_REPRESENTATION('',(#16580),#16584);
#16580 = LINE('',#16581,#16582);
#16581 = CARTESIAN_POINT('',(0.,-0.4));
#16582 = VECTOR('',#16583,1.);
#16583 = DIRECTION('',(1.,-0.));
#16584 = ( GEOMETRIC_REPRESENTATION_CONTEXT(2) 
PARAMETRIC_REPRESENTATION_CONTEXT() REPRESENTATION_CONTEXT('2D SPACE',''
  ) );
#16585 = PCURVE('',#16586,#16591);
#16586 = PLANE('',#16587);
#16587 = AXIS2_PLACEMENT_3D('',#16588,#16589,#16590);
#16588 = CARTESIAN_POINT('',(-44.,22.,8.));
#16589 = DIRECTION('',(0.,0.,1.));
#16590 = DIRECTION('',(1.,0.,0.));
#16591 = DEFINITIONAL_REPRESENTATION('',(#16592),#16596);
#16592 = CIRCLE('',#16593,1.175);
#16593 = AXIS2_PLACEMENT_2D('',#16594,#16595);
#16594 = CARTESIAN_POINT('',(5.426349732299E-17,-4.423303769075E-17));
#16595 = DIRECTION('',(1.,0.));
#16596 = ( GEOMETRIC_REPRESENTATION_CONTEXT(2) 
PARAMETRIC_REPRESENTATION_CONTEXT() REPRESENTATION_CONTEXT('2D SPACE',''
  ) );
#16597 = ADVANCED_FACE('',(#16598,#16633),#16531,.F.);
#16598 = FACE_BOUND('',#16599,.F.);
#16599 = EDGE_LOOP('',(#16600));
#16600 = ORIENTED_EDGE('',*,*,#16601,.F.);
#16601 = EDGE_CURVE('',#16602,#16602,#16604,.T.);
#16602 = VERTEX_POINT('',#16603);
#16603 = CARTESIAN_POINT('',(-37.65,22.,18.1));
#16604 = SURFACE_CURVE('',#16605,(#16610,#16621),.PCURVE_S1.);
#16605 = CIRCLE('',#16606,6.35);
#16606 = AXIS2_PLACEMENT_3D('',#16607,#16608,#16609);
#16607 = CARTESIAN_POINT('',(-44.,22.,18.1));
#16608 = DIRECTION('',(0.,0.,-1.));
#16609 = DIRECTION('',(1.,0.,0.));
#16610 = PCURVE('',#16531,#16611);
#16611 = DEFINITIONAL_REPRESENTATION('',(#16612),#16620);
#16612 = ( BOUNDED_CURVE() B_SPLINE_CURVE(2,(#16613,#16614,#16615,#16616
    ,#16617,#16618,#16619),.UNSPECIFIED.,.T.,.F.) 
B_SPLINE_CURVE_WITH_KNOTS((1,2,2,2,2,1),(-2.094395102393,0.,
    2.094395102393,4.188790204786,6.28318530718,8.377580409573),
.UNSPECIFIED.) CURVE() GEOMETRIC_REPRESENTATION_ITEM() 
RATIONAL_B_SPLINE_CURVE((1.,0.5,1.,0.5,1.,0.5,1.)) REPRESENTATION_ITEM(
  '') );
#16613 = CARTESIAN_POINT('',(6.35,-1.196249076369E-16));
#16614 = CARTESIAN_POINT('',(6.35,-10.99852262806));
#16615 = CARTESIAN_POINT('',(-3.175,-5.499261314031));
#16616 = CARTESIAN_POINT('',(-12.7,-1.674926342554E-15));
#16617 = CARTESIAN_POINT('',(-3.175,5.499261314031));
#16618 = CARTESIAN_POINT('',(6.35,10.998522628062));
#16619 = CARTESIAN_POINT('',(6.35,-1.196249076369E-16));
#16620 = ( GEOMETRIC_REPRESENTATION_CONTEXT(2) 
PARAMETRIC_REPRESENTATION_CONTEXT() REPRESENTATION_CONTEXT('2D SPACE',''
  ) );
#16621 = PCURVE('',#16622,#16627);
#16622 = CYLINDRICAL_SURFACE('',#16623,6.35);
#16623 = AXIS2_PLACEMENT_3D('',#16624,#16625,#16626);
#16624 = CARTESIAN_POINT('',(-44.,22.,16.));
#16625 = DIRECTION('',(-0.,-0.,-1.));
#16626 = DIRECTION('',(1.,0.,0.));
#16627 = DEFINITIONAL_REPRESENTATION('',(#16628),#16632);
#16628 = LINE('',#16629,#16630);
#16629 = CARTESIAN_POINT('',(-6.28318530718,-2.1));
#16630 = VECTOR('',#16631,1.);
#16631 = DIRECTION('',(1.,-0.));
#16632 = ( GEOMETRIC_REPRESENTATION_CONTEXT(2) 
PARAMETRIC_REPRESENTATION_CONTEXT() REPRESENTATION_CONTEXT('2D SPACE',''
  ) );
#16633 = FACE_BOUND('',#16634,.F.);
#16634 = EDGE_LOOP('',(#16635));
#16635 = ORIENTED_EDGE('',*,*,#16516,.F.);
#16636 = ADVANCED_FACE('',(#16637),#16586,.F.);
#16637 = FACE_BOUND('',#16638,.F.);
#16638 = EDGE_LOOP('',(#16639));
#16639 = ORIENTED_EDGE('',*,*,#16571,.T.);
#16640 = ADVANCED_FACE('',(#16641),#16622,.T.);
#16641 = FACE_BOUND('',#16642,.F.);
#16642 = EDGE_LOOP('',(#16643,#16644,#16667,#16694));
#16643 = ORIENTED_EDGE('',*,*,#16601,.T.);
#16644 = ORIENTED_EDGE('',*,*,#16645,.T.);
#16645 = EDGE_CURVE('',#16602,#16646,#16648,.T.);
#16646 = VERTEX_POINT('',#16647);
#16647 = CARTESIAN_POINT('',(-37.65,22.,19.));
#16648 = SEAM_CURVE('',#16649,(#16653,#16660),.PCURVE_S1.);
#16649 = LINE('',#16650,#16651);
#16650 = CARTESIAN_POINT('',(-37.65,22.,16.));
#16651 = VECTOR('',#16652,1.);
#16652 = DIRECTION('',(0.,0.,1.));
#16653 = PCURVE('',#16622,#16654);
#16654 = DEFINITIONAL_REPRESENTATION('',(#16655),#16659);
#16655 = LINE('',#16656,#16657);
#16656 = CARTESIAN_POINT('',(-6.28318530718,0.));
#16657 = VECTOR('',#16658,1.);
#16658 = DIRECTION('',(-0.,-1.));
#16659 = ( GEOMETRIC_REPRESENTATION_CONTEXT(2) 
PARAMETRIC_REPRESENTATION_CONTEXT() REPRESENTATION_CONTEXT('2D SPACE',''
  ) );
#16660 = PCURVE('',#16622,#16661);
#16661 = DEFINITIONAL_REPRESENTATION('',(#16662),#16666);
#16662 = LINE('',#16663,#16664);
#16663 = CARTESIAN_POINT('',(-0.,0.));
#16664 = VECTOR('',#16665,1.);
#16665 = DIRECTION('',(-0.,-1.));
#16666 = ( GEOMETRIC_REPRESENTATION_CONTEXT(2) 
PARAMETRIC_REPRESENTATION_CONTEXT() REPRESENTATION_CONTEXT('2D SPACE',''
  ) );
#16667 = ORIENTED_EDGE('',*,*,#16668,.T.);
#16668 = EDGE_CURVE('',#16646,#16646,#16669,.T.);
#16669 = SURFACE_CURVE('',#16670,(#16675,#16682),.PCURVE_S1.);
#16670 = CIRCLE('',#16671,6.35);
#16671 = AXIS2_PLACEMENT_3D('',#16672,#16673,#16674);
#16672 = CARTESIAN_POINT('',(-44.,22.,19.));
#16673 = DIRECTION('',(0.,0.,1.));
#16674 = DIRECTION('',(1.,0.,0.));
#16675 = PCURVE('',#16622,#16676);
#16676 = DEFINITIONAL_REPRESENTATION('',(#16677),#16681);
#16677 = LINE('',#16678,#16679);
#16678 = CARTESIAN_POINT('',(-0.,-3.));
#16679 = VECTOR('',#16680,1.);
#16680 = DIRECTION('',(-1.,0.));
#16681 = ( GEOMETRIC_REPRESENTATION_CONTEXT(2) 
PARAMETRIC_REPRESENTATION_CONTEXT() REPRESENTATION_CONTEXT('2D SPACE',''
  ) );
#16682 = PCURVE('',#16683,#16688);
#16683 = CONICAL_SURFACE('',#16684,6.35,0.785398163397);
#16684 = AXIS2_PLACEMENT_3D('',#16685,#16686,#16687);
#16685 = CARTESIAN_POINT('',(-44.,22.,19.));
#16686 = DIRECTION('',(-0.,-0.,-1.));
#16687 = DIRECTION('',(1.,0.,0.));
#16688 = DEFINITIONAL_REPRESENTATION('',(#16689),#16693);
#16689 = LINE('',#16690,#16691);
#16690 = CARTESIAN_POINT('',(-0.,-0.));
#16691 = VECTOR('',#16692,1.);
#16692 = DIRECTION('',(-1.,-0.));
#16693 = ( GEOMETRIC_REPRESENTATION_CONTEXT(2) 
PARAMETRIC_REPRESENTATION_CONTEXT() REPRESENTATION_CONTEXT('2D SPACE',''
  ) );
#16694 = ORIENTED_EDGE('',*,*,#16645,.F.);
#16695 = ADVANCED_FACE('',(#16696),#16683,.T.);
#16696 = FACE_BOUND('',#16697,.T.);
#16697 = EDGE_LOOP('',(#16698,#16719,#16720,#16721));
#16698 = ORIENTED_EDGE('',*,*,#16699,.F.);
#16699 = EDGE_CURVE('',#16646,#16700,#16702,.T.);
#16700 = VERTEX_POINT('',#16701);
#16701 = CARTESIAN_POINT('',(-37.85,22.,19.2));
#16702 = SEAM_CURVE('',#16703,(#16707,#16713),.PCURVE_S1.);
#16703 = LINE('',#16704,#16705);
#16704 = CARTESIAN_POINT('',(-37.65,22.,19.));
#16705 = VECTOR('',#16706,1.);
#16706 = DIRECTION('',(-0.707106781187,0.,0.707106781187));
#16707 = PCURVE('',#16683,#16708);
#16708 = DEFINITIONAL_REPRESENTATION('',(#16709),#16712);
#16709 = B_SPLINE_CURVE_WITH_KNOTS('',1,(#16710,#16711),.UNSPECIFIED.,
  .F.,.F.,(2,2),(0.,0.282842712475),.PIECEWISE_BEZIER_KNOTS.);
#16710 = CARTESIAN_POINT('',(0.,0.));
#16711 = CARTESIAN_POINT('',(0.,-0.2));
#16712 = ( GEOMETRIC_REPRESENTATION_CONTEXT(2) 
PARAMETRIC_REPRESENTATION_CONTEXT() REPRESENTATION_CONTEXT('2D SPACE',''
  ) );
#16713 = PCURVE('',#16683,#16714);
#16714 = DEFINITIONAL_REPRESENTATION('',(#16715),#16718);
#16715 = B_SPLINE_CURVE_WITH_KNOTS('',1,(#16716,#16717),.UNSPECIFIED.,
  .F.,.F.,(2,2),(0.,0.282842712475),.PIECEWISE_BEZIER_KNOTS.);
#16716 = CARTESIAN_POINT('',(-6.28318530718,0.));
#16717 = CARTESIAN_POINT('',(-6.28318530718,-0.2));
#16718 = ( GEOMETRIC_REPRESENTATION_CONTEXT(2) 
PARAMETRIC_REPRESENTATION_CONTEXT() REPRESENTATION_CONTEXT('2D SPACE',''
  ) );
#16719 = ORIENTED_EDGE('',*,*,#16668,.T.);
#16720 = ORIENTED_EDGE('',*,*,#16699,.T.);
#16721 = ORIENTED_EDGE('',*,*,#16722,.F.);
#16722 = EDGE_CURVE('',#16700,#16700,#16723,.T.);
#16723 = SURFACE_CURVE('',#16724,(#16729,#16736),.PCURVE_S1.);
#16724 = CIRCLE('',#16725,6.15);
#16725 = AXIS2_PLACEMENT_3D('',#16726,#16727,#16728);
#16726 = CARTESIAN_POINT('',(-44.,22.,19.2));
#16727 = DIRECTION('',(0.,0.,1.));
#16728 = DIRECTION('',(1.,0.,0.));
#16729 = PCURVE('',#16683,#16730);
#16730 = DEFINITIONAL_REPRESENTATION('',(#16731),#16735);
#16731 = LINE('',#16732,#16733);
#16732 = CARTESIAN_POINT('',(-0.,-0.2));
#16733 = VECTOR('',#16734,1.);
#16734 = DIRECTION('',(-1.,-0.));
#16735 = ( GEOMETRIC_REPRESENTATION_CONTEXT(2) 
PARAMETRIC_REPRESENTATION_CONTEXT() REPRESENTATION_CONTEXT('2D SPACE',''
  ) );
#16736 = PCURVE('',#16737,#16742);
#16737 = PLANE('',#16738);
#16738 = AXIS2_PLACEMENT_3D('',#16739,#16740,#16741);
#16739 = CARTESIAN_POINT('',(-44.,22.,19.2));
#16740 = DIRECTION('',(0.,0.,1.));
#16741 = DIRECTION('',(1.,0.,0.));
#16742 = DEFINITIONAL_REPRESENTATION('',(#16743),#16747);
#16743 = CIRCLE('',#16744,6.15);
#16744 = AXIS2_PLACEMENT_2D('',#16745,#16746);
#16745 = CARTESIAN_POINT('',(0.,-6.021627052289E-16));
#16746 = DIRECTION('',(1.,0.));
#16747 = ( GEOMETRIC_REPRESENTATION_CONTEXT(2) 
PARAMETRIC_REPRESENTATION_CONTEXT() REPRESENTATION_CONTEXT('2D SPACE',''
  ) );
#16748 = ADVANCED_FACE('',(#16749),#16737,.T.);
#16749 = FACE_BOUND('',#16750,.T.);
#16750 = EDGE_LOOP('',(#16751));
#16751 = ORIENTED_EDGE('',*,*,#16722,.T.);
#16752 = ( GEOMETRIC_REPRESENTATION_CONTEXT(3) 
GLOBAL_UNCERTAINTY_ASSIGNED_CONTEXT((#16756)) 
GLOBAL_UNIT_ASSIGNED_CONTEXT((#16753,#16754,#16755)) 
REPRESENTATION_CONTEXT('Context #1',
  '3D Context with UNIT and UNCERTAINTY') );
#16753 = ( LENGTH_UNIT() NAMED_UNIT(*) SI_UNIT(.MILLI.,.METRE.) );
#16754 = ( NAMED_UNIT(*) PLANE_ANGLE_UNIT() SI_UNIT($,.RADIAN.) );
#16755 = ( NAMED_UNIT(*) SI_UNIT($,.STERADIAN.) SOLID_ANGLE_UNIT() );
#16756 = UNCERTAINTY_MEASURE_WITH_UNIT(LENGTH_MEASURE(1.E-07),#16753,
  'distance_accuracy_value','confusion accuracy');
#16757 = CONTEXT_DEPENDENT_SHAPE_REPRESENTATION(#16758,#16760);
#16758 = ( REPRESENTATION_RELATIONSHIP('','',#16269,#10) 
REPRESENTATION_RELATIONSHIP_WITH_TRANSFORMATION(#16759) 
SHAPE_REPRESENTATION_RELATIONSHIP() );
#16759 = ITEM_DEFINED_TRANSFORMATION('','',#11,#139);
#16760 = PRODUCT_DEFINITION_SHAPE('Placement','Placement of an item',
  #16761);
#16761 = NEXT_ASSEMBLY_USAGE_OCCURRENCE('180','stub 11 stub','',#5,
  #16264,$);
#16762 = PRODUCT_RELATED_PRODUCT_CATEGORY('part',$,(#16266));
#16763 = SHAPE_DEFINITION_REPRESENTATION(#16764,#16770);
#16764 = PRODUCT_DEFINITION_SHAPE('','',#16765);
#16765 = PRODUCT_DEFINITION('design','',#16766,#16769);
#16766 = PRODUCT_DEFINITION_FORMATION('','',#16767);
#16767 = PRODUCT('stub 11 carbon tab','stub 11 carbon tab','',(#16768));
#16768 = PRODUCT_CONTEXT('',#2,'mechanical');
#16769 = PRODUCT_DEFINITION_CONTEXT('part definition',#2,'design');
#16770 = ADVANCED_BREP_SHAPE_REPRESENTATION('',(#11,#16771),#16869);
#16771 = MANIFOLD_SOLID_BREP('',#16772);
#16772 = CLOSED_SHELL('',(#16773,#16861,#16865));
#16773 = ADVANCED_FACE('',(#16774),#16788,.T.);
#16774 = FACE_BOUND('',#16775,.F.);
#16775 = EDGE_LOOP('',(#16776,#16806,#16833,#16834));
#16776 = ORIENTED_EDGE('',*,*,#16777,.T.);
#16777 = EDGE_CURVE('',#16778,#16780,#16782,.T.);
#16778 = VERTEX_POINT('',#16779);
#16779 = CARTESIAN_POINT('',(-38.15,22.,19.2));
#16780 = VERTEX_POINT('',#16781);
#16781 = CARTESIAN_POINT('',(-38.15,22.,19.35));
#16782 = SEAM_CURVE('',#16783,(#16787,#16799),.PCURVE_S1.);
#16783 = LINE('',#16784,#16785);
#16784 = CARTESIAN_POINT('',(-38.15,22.,19.2));
#16785 = VECTOR('',#16786,1.);
#16786 = DIRECTION('',(0.,0.,1.));
#16787 = PCURVE('',#16788,#16793);
#16788 = CYLINDRICAL_SURFACE('',#16789,5.85);
#16789 = AXIS2_PLACEMENT_3D('',#16790,#16791,#16792);
#16790 = CARTESIAN_POINT('',(-44.,22.,19.2));
#16791 = DIRECTION('',(-0.,-0.,-1.));
#16792 = DIRECTION('',(1.,0.,0.));
#16793 = DEFINITIONAL_REPRESENTATION('',(#16794),#16798);
#16794 = LINE('',#16795,#16796);
#16795 = CARTESIAN_POINT('',(-0.,0.));
#16796 = VECTOR('',#16797,1.);
#16797 = DIRECTION('',(-0.,-1.));
#16798 = ( GEOMETRIC_REPRESENTATION_CONTEXT(2) 
PARAMETRIC_REPRESENTATION_CONTEXT() REPRESENTATION_CONTEXT('2D SPACE',''
  ) );
#16799 = PCURVE('',#16788,#16800);
#16800 = DEFINITIONAL_REPRESENTATION('',(#16801),#16805);
#16801 = LINE('',#16802,#16803);
#16802 = CARTESIAN_POINT('',(-6.28318530718,0.));
#16803 = VECTOR('',#16804,1.);
#16804 = DIRECTION('',(-0.,-1.));
#16805 = ( GEOMETRIC_REPRESENTATION_CONTEXT(2) 
PARAMETRIC_REPRESENTATION_CONTEXT() REPRESENTATION_CONTEXT('2D SPACE',''
  ) );
#16806 = ORIENTED_EDGE('',*,*,#16807,.T.);
#16807 = EDGE_CURVE('',#16780,#16780,#16808,.T.);
#16808 = SURFACE_CURVE('',#16809,(#16814,#16821),.PCURVE_S1.);
#16809 = CIRCLE('',#16810,5.85);
#16810 = AXIS2_PLACEMENT_3D('',#16811,#16812,#16813);
#16811 = CARTESIAN_POINT('',(-44.,22.,19.35));
#16812 = DIRECTION('',(0.,0.,1.));
#16813 = DIRECTION('',(1.,0.,0.));
#16814 = PCURVE('',#16788,#16815);
#16815 = DEFINITIONAL_REPRESENTATION('',(#16816),#16820);
#16816 = LINE('',#16817,#16818);
#16817 = CARTESIAN_POINT('',(-0.,-0.15));
#16818 = VECTOR('',#16819,1.);
#16819 = DIRECTION('',(-1.,0.));
#16820 = ( GEOMETRIC_REPRESENTATION_CONTEXT(2) 
PARAMETRIC_REPRESENTATION_CONTEXT() REPRESENTATION_CONTEXT('2D SPACE',''
  ) );
#16821 = PCURVE('',#16822,#16827);
#16822 = PLANE('',#16823);
#16823 = AXIS2_PLACEMENT_3D('',#16824,#16825,#16826);
#16824 = CARTESIAN_POINT('',(-44.,22.,19.35));
#16825 = DIRECTION('',(0.,0.,1.));
#16826 = DIRECTION('',(1.,0.,0.));
#16827 = DEFINITIONAL_REPRESENTATION('',(#16828),#16832);
#16828 = CIRCLE('',#16829,5.85);
#16829 = AXIS2_PLACEMENT_2D('',#16830,#16831);
#16830 = CARTESIAN_POINT('',(2.337504500067E-16,-2.286947741797E-16));
#16831 = DIRECTION('',(1.,0.));
#16832 = ( GEOMETRIC_REPRESENTATION_CONTEXT(2) 
PARAMETRIC_REPRESENTATION_CONTEXT() REPRESENTATION_CONTEXT('2D SPACE',''
  ) );
#16833 = ORIENTED_EDGE('',*,*,#16777,.F.);
#16834 = ORIENTED_EDGE('',*,*,#16835,.F.);
#16835 = EDGE_CURVE('',#16778,#16778,#16836,.T.);
#16836 = SURFACE_CURVE('',#16837,(#16842,#16849),.PCURVE_S1.);
#16837 = CIRCLE('',#16838,5.85);
#16838 = AXIS2_PLACEMENT_3D('',#16839,#16840,#16841);
#16839 = CARTESIAN_POINT('',(-44.,22.,19.2));
#16840 = DIRECTION('',(0.,0.,1.));
#16841 = DIRECTION('',(1.,0.,0.));
#16842 = PCURVE('',#16788,#16843);
#16843 = DEFINITIONAL_REPRESENTATION('',(#16844),#16848);
#16844 = LINE('',#16845,#16846);
#16845 = CARTESIAN_POINT('',(-0.,0.));
#16846 = VECTOR('',#16847,1.);
#16847 = DIRECTION('',(-1.,0.));
#16848 = ( GEOMETRIC_REPRESENTATION_CONTEXT(2) 
PARAMETRIC_REPRESENTATION_CONTEXT() REPRESENTATION_CONTEXT('2D SPACE',''
  ) );
#16849 = PCURVE('',#16850,#16855);
#16850 = PLANE('',#16851);
#16851 = AXIS2_PLACEMENT_3D('',#16852,#16853,#16854);
#16852 = CARTESIAN_POINT('',(-44.,22.,19.2));
#16853 = DIRECTION('',(0.,0.,1.));
#16854 = DIRECTION('',(1.,0.,0.));
#16855 = DEFINITIONAL_REPRESENTATION('',(#16856),#16860);
#16856 = CIRCLE('',#16857,5.85);
#16857 = AXIS2_PLACEMENT_2D('',#16858,#16859);
#16858 = CARTESIAN_POINT('',(2.337504500067E-16,-2.286947741797E-16));
#16859 = DIRECTION('',(1.,0.));
#16860 = ( GEOMETRIC_REPRESENTATION_CONTEXT(2) 
PARAMETRIC_REPRESENTATION_CONTEXT() REPRESENTATION_CONTEXT('2D SPACE',''
  ) );
#16861 = ADVANCED_FACE('',(#16862),#16850,.F.);
#16862 = FACE_BOUND('',#16863,.F.);
#16863 = EDGE_LOOP('',(#16864));
#16864 = ORIENTED_EDGE('',*,*,#16835,.T.);
#16865 = ADVANCED_FACE('',(#16866),#16822,.T.);
#16866 = FACE_BOUND('',#16867,.T.);
#16867 = EDGE_LOOP('',(#16868));
#16868 = ORIENTED_EDGE('',*,*,#16807,.T.);
#16869 = ( GEOMETRIC_REPRESENTATION_CONTEXT(3) 
GLOBAL_UNCERTAINTY_ASSIGNED_CONTEXT((#16873)) 
GLOBAL_UNIT_ASSIGNED_CONTEXT((#16870,#16871,#16872)) 
REPRESENTATION_CONTEXT('Context #1',
  '3D Context with UNIT and UNCERTAINTY') );
#16870 = ( LENGTH_UNIT() NAMED_UNIT(*) SI_UNIT(.MILLI.,.METRE.) );
#16871 = ( NAMED_UNIT(*) PLANE_ANGLE_UNIT() SI_UNIT($,.RADIAN.) );
#16872 = ( NAMED_UNIT(*) SI_UNIT($,.STERADIAN.) SOLID_ANGLE_UNIT() );
#16873 = UNCERTAINTY_MEASURE_WITH_UNIT(LENGTH_MEASURE(1.E-07),#16870,
  'distance_accuracy_value','confusion accuracy');
#16874 = CONTEXT_DEPENDENT_SHAPE_REPRESENTATION(#16875,#16877);
#16875 = ( REPRESENTATION_RELATIONSHIP('','',#16770,#10) 
REPRESENTATION_RELATIONSHIP_WITH_TRANSFORMATION(#16876) 
SHAPE_REPRESENTATION_RELATIONSHIP() );
#16876 = ITEM_DEFINED_TRANSFORMATION('','',#11,#143);
#16877 = PRODUCT_DEFINITION_SHAPE('Placement','Placement of an item',
  #16878);
#16878 = NEXT_ASSEMBLY_USAGE_OCCURRENCE('181','stub 11 carbon tab','',#5
  ,#16765,$);
#16879 = PRODUCT_RELATED_PRODUCT_CATEGORY('part',$,(#16767));
#16880 = SHAPE_DEFINITION_REPRESENTATION(#16881,#16887);
#16881 = PRODUCT_DEFINITION_SHAPE('','',#16882);
#16882 = PRODUCT_DEFINITION('design','',#16883,#16886);
#16883 = PRODUCT_DEFINITION_FORMATION('','',#16884);
#16884 = PRODUCT('stub 11 sample','stub 11 sample','',(#16885));
#16885 = PRODUCT_CONTEXT('',#2,'mechanical');
#16886 = PRODUCT_DEFINITION_CONTEXT('part definition',#2,'design');
#16887 = ADVANCED_BREP_SHAPE_REPRESENTATION('',(#11,#16888),#17538);
#16888 = MANIFOLD_SOLID_BREP('',#16889);
#16889 = CLOSED_SHELL('',(#16890,#17010,#17088,#17166,#17242,#17320,
    #17396,#17469,#17516,#17527));
#16890 = ADVANCED_FACE('',(#16891),#16905,.T.);
#16891 = FACE_BOUND('',#16892,.T.);
#16892 = EDGE_LOOP('',(#16893,#16928,#16956,#16984));
#16893 = ORIENTED_EDGE('',*,*,#16894,.T.);
#16894 = EDGE_CURVE('',#16895,#16897,#16899,.T.);
#16895 = VERTEX_POINT('',#16896);
#16896 = CARTESIAN_POINT('',(-46.8575,20.1775,19.35));
#16897 = VERTEX_POINT('',#16898);
#16898 = CARTESIAN_POINT('',(-46.8575,20.1775,20.85));
#16899 = SURFACE_CURVE('',#16900,(#16904,#16916),.PCURVE_S1.);
#16900 = LINE('',#16901,#16902);
#16901 = CARTESIAN_POINT('',(-46.8575,20.1775,19.35));
#16902 = VECTOR('',#16903,1.);
#16903 = DIRECTION('',(0.,0.,1.));
#16904 = PCURVE('',#16905,#16910);
#16905 = PLANE('',#16906);
#16906 = AXIS2_PLACEMENT_3D('',#16907,#16908,#16909);
#16907 = CARTESIAN_POINT('',(-46.8575,20.1775,19.35));
#16908 = DIRECTION('',(-1.,0.,0.));
#16909 = DIRECTION('',(0.,1.,0.));
#16910 = DEFINITIONAL_REPRESENTATION('',(#16911),#16915);
#16911 = LINE('',#16912,#16913);
#16912 = CARTESIAN_POINT('',(0.,0.));
#16913 = VECTOR('',#16914,1.);
#16914 = DIRECTION('',(0.,-1.));
#16915 = ( GEOMETRIC_REPRESENTATION_CONTEXT(2) 
PARAMETRIC_REPRESENTATION_CONTEXT() REPRESENTATION_CONTEXT('2D SPACE',''
  ) );
#16916 = PCURVE('',#16917,#16922);
#16917 = CYLINDRICAL_SURFACE('',#16918,0.4);
#16918 = AXIS2_PLACEMENT_3D('',#16919,#16920,#16921);
#16919 = CARTESIAN_POINT('',(-46.4575,20.1775,19.35));
#16920 = DIRECTION('',(-0.,-0.,-1.));
#16921 = DIRECTION('',(1.,0.,0.));
#16922 = DEFINITIONAL_REPRESENTATION('',(#16923),#16927);
#16923 = LINE('',#16924,#16925);
#16924 = CARTESIAN_POINT('',(-3.14159265359,0.));
#16925 = VECTOR('',#16926,1.);
#16926 = DIRECTION('',(-0.,-1.));
#16927 = ( GEOMETRIC_REPRESENTATION_CONTEXT(2) 
PARAMETRIC_REPRESENTATION_CONTEXT() REPRESENTATION_CONTEXT('2D SPACE',''
  ) );
#16928 = ORIENTED_EDGE('',*,*,#16929,.T.);
#16929 = EDGE_CURVE('',#16897,#16930,#16932,.T.);
#16930 = VERTEX_POINT('',#16931);
#16931 = CARTESIAN_POINT('',(-46.8575,23.8225,20.85));
#16932 = SURFACE_CURVE('',#16933,(#16937,#16944),.PCURVE_S1.);
#16933 = LINE('',#16934,#16935);
#16934 = CARTESIAN_POINT('',(-46.8575,22.,20.85));
#16935 = VECTOR('',#16936,1.);
#16936 = DIRECTION('',(0.,1.,0.));
#16937 = PCURVE('',#16905,#16938);
#16938 = DEFINITIONAL_REPRESENTATION('',(#16939),#16943);
#16939 = LINE('',#16940,#16941);
#16940 = CARTESIAN_POINT('',(1.8225,-1.5));
#16941 = VECTOR('',#16942,1.);
#16942 = DIRECTION('',(1.,0.));
#16943 = ( GEOMETRIC_REPRESENTATION_CONTEXT(2) 
PARAMETRIC_REPRESENTATION_CONTEXT() REPRESENTATION_CONTEXT('2D SPACE',''
  ) );
#16944 = PCURVE('',#16945,#16950);
#16945 = PLANE('',#16946);
#16946 = AXIS2_PLACEMENT_3D('',#16947,#16948,#16949);
#16947 = CARTESIAN_POINT('',(-44.,22.,20.85));
#16948 = DIRECTION('',(0.,0.,1.));
#16949 = DIRECTION('',(1.,0.,0.));
#16950 = DEFINITIONAL_REPRESENTATION('',(#16951),#16955);
#16951 = LINE('',#16952,#16953);
#16952 = CARTESIAN_POINT('',(-2.8575,0.));
#16953 = VECTOR('',#16954,1.);
#16954 = DIRECTION('',(0.,1.));
#16955 = ( GEOMETRIC_REPRESENTATION_CONTEXT(2) 
PARAMETRIC_REPRESENTATION_CONTEXT() REPRESENTATION_CONTEXT('2D SPACE',''
  ) );
#16956 = ORIENTED_EDGE('',*,*,#16957,.F.);
#16957 = EDGE_CURVE('',#16958,#16930,#16960,.T.);
#16958 = VERTEX_POINT('',#16959);
#16959 = CARTESIAN_POINT('',(-46.8575,23.8225,19.35));
#16960 = SURFACE_CURVE('',#16961,(#16965,#16972),.PCURVE_S1.);
#16961 = LINE('',#16962,#16963);
#16962 = CARTESIAN_POINT('',(-46.8575,23.8225,19.35));
#16963 = VECTOR('',#16964,1.);
#16964 = DIRECTION('',(0.,0.,1.));
#16965 = PCURVE('',#16905,#16966);
#16966 = DEFINITIONAL_REPRESENTATION('',(#16967),#16971);
#16967 = LINE('',#16968,#16969);
#16968 = CARTESIAN_POINT('',(3.645,0.));
#16969 = VECTOR('',#16970,1.);
#16970 = DIRECTION('',(0.,-1.));
#16971 = ( GEOMETRIC_REPRESENTATION_CONTEXT(2) 
PARAMETRIC_REPRESENTATION_CONTEXT() REPRESENTATION_CONTEXT('2D SPACE',''
  ) );
#16972 = PCURVE('',#16973,#16978);
#16973 = CYLINDRICAL_SURFACE('',#16974,0.4);
#16974 = AXIS2_PLACEMENT_3D('',#16975,#16976,#16977);
#16975 = CARTESIAN_POINT('',(-46.4575,23.8225,19.35));
#16976 = DIRECTION('',(-0.,-0.,-1.));
#16977 = DIRECTION('',(1.,0.,0.));
#16978 = DEFINITIONAL_REPRESENTATION('',(#16979),#16983);
#16979 = LINE('',#16980,#16981);
#16980 = CARTESIAN_POINT('',(-3.14159265359,0.));
#16981 = VECTOR('',#16982,1.);
#16982 = DIRECTION('',(-0.,-1.));
#16983 = ( GEOMETRIC_REPRESENTATION_CONTEXT(2) 
PARAMETRIC_REPRESENTATION_CONTEXT() REPRESENTATION_CONTEXT('2D SPACE',''
  ) );
#16984 = ORIENTED_EDGE('',*,*,#16985,.F.);
#16985 = EDGE_CURVE('',#16895,#16958,#16986,.T.);
#16986 = SURFACE_CURVE('',#16987,(#16991,#16998),.PCURVE_S1.);
#16987 = LINE('',#16988,#16989);
#16988 = CARTESIAN_POINT('',(-46.8575,22.,19.35));
#16989 = VECTOR('',#16990,1.);
#16990 = DIRECTION('',(0.,1.,0.));
#16991 = PCURVE('',#16905,#16992);
#16992 = DEFINITIONAL_REPRESENTATION('',(#16993),#16997);
#16993 = LINE('',#16994,#16995);
#16994 = CARTESIAN_POINT('',(1.8225,0.));
#16995 = VECTOR('',#16996,1.);
#16996 = DIRECTION('',(1.,0.));
#16997 = ( GEOMETRIC_REPRESENTATION_CONTEXT(2) 
PARAMETRIC_REPRESENTATION_CONTEXT() REPRESENTATION_CONTEXT('2D SPACE',''
  ) );
#16998 = PCURVE('',#16999,#17004);
#16999 = PLANE('',#17000);
#17000 = AXIS2_PLACEMENT_3D('',#17001,#17002,#17003);
#17001 = CARTESIAN_POINT('',(-44.,22.,19.35));
#17002 = DIRECTION('',(0.,0.,1.));
#17003 = DIRECTION('',(1.,0.,0.));
#17004 = DEFINITIONAL_REPRESENTATION('',(#17005),#17009);
#17005 = LINE('',#17006,#17007);
#17006 = CARTESIAN_POINT('',(-2.8575,0.));
#17007 = VECTOR('',#17008,1.);
#17008 = DIRECTION('',(0.,1.));
#17009 = ( GEOMETRIC_REPRESENTATION_CONTEXT(2) 
PARAMETRIC_REPRESENTATION_CONTEXT() REPRESENTATION_CONTEXT('2D SPACE',''
  ) );
#17010 = ADVANCED_FACE('',(#17011),#16973,.T.);
#17011 = FACE_BOUND('',#17012,.F.);
#17012 = EDGE_LOOP('',(#17013,#17043,#17065,#17066));
#17013 = ORIENTED_EDGE('',*,*,#17014,.T.);
#17014 = EDGE_CURVE('',#17015,#17017,#17019,.T.);
#17015 = VERTEX_POINT('',#17016);
#17016 = CARTESIAN_POINT('',(-46.4575,24.2225,19.35));
#17017 = VERTEX_POINT('',#17018);
#17018 = CARTESIAN_POINT('',(-46.4575,24.2225,20.85));
#17019 = SURFACE_CURVE('',#17020,(#17024,#17031),.PCURVE_S1.);
#17020 = LINE('',#17021,#17022);
#17021 = CARTESIAN_POINT('',(-46.4575,24.2225,19.35));
#17022 = VECTOR('',#17023,1.);
#17023 = DIRECTION('',(0.,0.,1.));
#17024 = PCURVE('',#16973,#17025);
#17025 = DEFINITIONAL_REPRESENTATION('',(#17026),#17030);
#17026 = LINE('',#17027,#17028);
#17027 = CARTESIAN_POINT('',(-1.570796326795,0.));
#17028 = VECTOR('',#17029,1.);
#17029 = DIRECTION('',(-0.,-1.));
#17030 = ( GEOMETRIC_REPRESENTATION_CONTEXT(2) 
PARAMETRIC_REPRESENTATION_CONTEXT() REPRESENTATION_CONTEXT('2D SPACE',''
  ) );
#17031 = PCURVE('',#17032,#17037);
#17032 = PLANE('',#17033);
#17033 = AXIS2_PLACEMENT_3D('',#17034,#17035,#17036);
#17034 = CARTESIAN_POINT('',(-46.4575,24.2225,19.35));
#17035 = DIRECTION('',(0.,1.,0.));
#17036 = DIRECTION('',(1.,0.,0.));
#17037 = DEFINITIONAL_REPRESENTATION('',(#17038),#17042);
#17038 = LINE('',#17039,#17040);
#17039 = CARTESIAN_POINT('',(0.,0.));
#17040 = VECTOR('',#17041,1.);
#17041 = DIRECTION('',(0.,-1.));
#17042 = ( GEOMETRIC_REPRESENTATION_CONTEXT(2) 
PARAMETRIC_REPRESENTATION_CONTEXT() REPRESENTATION_CONTEXT('2D SPACE',''
  ) );
#17043 = ORIENTED_EDGE('',*,*,#17044,.T.);
#17044 = EDGE_CURVE('',#17017,#16930,#17045,.T.);
#17045 = SURFACE_CURVE('',#17046,(#17051,#17058),.PCURVE_S1.);
#17046 = CIRCLE('',#17047,0.4);
#17047 = AXIS2_PLACEMENT_3D('',#17048,#17049,#17050);
#17048 = CARTESIAN_POINT('',(-46.4575,23.8225,20.85));
#17049 = DIRECTION('',(0.,0.,1.));
#17050 = DIRECTION('',(1.,0.,0.));
#17051 = PCURVE('',#16973,#17052);
#17052 = DEFINITIONAL_REPRESENTATION('',(#17053),#17057);
#17053 = LINE('',#17054,#17055);
#17054 = CARTESIAN_POINT('',(-0.,-1.5));
#17055 = VECTOR('',#17056,1.);
#17056 = DIRECTION('',(-1.,0.));
#17057 = ( GEOMETRIC_REPRESENTATION_CONTEXT(2) 
PARAMETRIC_REPRESENTATION_CONTEXT() REPRESENTATION_CONTEXT('2D SPACE',''
  ) );
#17058 = PCURVE('',#16945,#17059);
#17059 = DEFINITIONAL_REPRESENTATION('',(#17060),#17064);
#17060 = CIRCLE('',#17061,0.4);
#17061 = AXIS2_PLACEMENT_2D('',#17062,#17063);
#17062 = CARTESIAN_POINT('',(-2.4575,1.8225));
#17063 = DIRECTION('',(1.,0.));
#17064 = ( GEOMETRIC_REPRESENTATION_CONTEXT(2) 
PARAMETRIC_REPRESENTATION_CONTEXT() REPRESENTATION_CONTEXT('2D SPACE',''
  ) );
#17065 = ORIENTED_EDGE('',*,*,#16957,.F.);
#17066 = ORIENTED_EDGE('',*,*,#17067,.F.);
#17067 = EDGE_CURVE('',#17015,#16958,#17068,.T.);
#17068 = SURFACE_CURVE('',#17069,(#17074,#17081),.PCURVE_S1.);
#17069 = CIRCLE('',#17070,0.4);
#17070 = AXIS2_PLACEMENT_3D('',#17071,#17072,#17073);
#17071 = CARTESIAN_POINT('',(-46.4575,23.8225,19.35));
#17072 = DIRECTION('',(0.,0.,1.));
#17073 = DIRECTION('',(1.,0.,0.));
#17074 = PCURVE('',#16973,#17075);
#17075 = DEFINITIONAL_REPRESENTATION('',(#17076),#17080);
#17076 = LINE('',#17077,#17078);
#17077 = CARTESIAN_POINT('',(-0.,0.));
#17078 = VECTOR('',#17079,1.);
#17079 = DIRECTION('',(-1.,0.));
#17080 = ( GEOMETRIC_REPRESENTATION_CONTEXT(2) 
PARAMETRIC_REPRESENTATION_CONTEXT() REPRESENTATION_CONTEXT('2D SPACE',''
  ) );
#17081 = PCURVE('',#16999,#17082);
#17082 = DEFINITIONAL_REPRESENTATION('',(#17083),#17087);
#17083 = CIRCLE('',#17084,0.4);
#17084 = AXIS2_PLACEMENT_2D('',#17085,#17086);
#17085 = CARTESIAN_POINT('',(-2.4575,1.8225));
#17086 = DIRECTION('',(1.,0.));
#17087 = ( GEOMETRIC_REPRESENTATION_CONTEXT(2) 
PARAMETRIC_REPRESENTATION_CONTEXT() REPRESENTATION_CONTEXT('2D SPACE',''
  ) );
#17088 = ADVANCED_FACE('',(#17089),#16917,.T.);
#17089 = FACE_BOUND('',#17090,.F.);
#17090 = EDGE_LOOP('',(#17091,#17092,#17116,#17144));
#17091 = ORIENTED_EDGE('',*,*,#16894,.T.);
#17092 = ORIENTED_EDGE('',*,*,#17093,.T.);
#17093 = EDGE_CURVE('',#16897,#17094,#17096,.T.);
#17094 = VERTEX_POINT('',#17095);
#17095 = CARTESIAN_POINT('',(-46.4575,19.7775,20.85));
#17096 = SURFACE_CURVE('',#17097,(#17102,#17109),.PCURVE_S1.);
#17097 = CIRCLE('',#17098,0.4);
#17098 = AXIS2_PLACEMENT_3D('',#17099,#17100,#17101);
#17099 = CARTESIAN_POINT('',(-46.4575,20.1775,20.85));
#17100 = DIRECTION('',(0.,0.,1.));
#17101 = DIRECTION('',(1.,0.,0.));
#17102 = PCURVE('',#16917,#17103);
#17103 = DEFINITIONAL_REPRESENTATION('',(#17104),#17108);
#17104 = LINE('',#17105,#17106);
#17105 = CARTESIAN_POINT('',(-0.,-1.5));
#17106 = VECTOR('',#17107,1.);
#17107 = DIRECTION('',(-1.,0.));
#17108 = ( GEOMETRIC_REPRESENTATION_CONTEXT(2) 
PARAMETRIC_REPRESENTATION_CONTEXT() REPRESENTATION_CONTEXT('2D SPACE',''
  ) );
#17109 = PCURVE('',#16945,#17110);
#17110 = DEFINITIONAL_REPRESENTATION('',(#17111),#17115);
#17111 = CIRCLE('',#17112,0.4);
#17112 = AXIS2_PLACEMENT_2D('',#17113,#17114);
#17113 = CARTESIAN_POINT('',(-2.4575,-1.8225));
#17114 = DIRECTION('',(1.,0.));
#17115 = ( GEOMETRIC_REPRESENTATION_CONTEXT(2) 
PARAMETRIC_REPRESENTATION_CONTEXT() REPRESENTATION_CONTEXT('2D SPACE',''
  ) );
#17116 = ORIENTED_EDGE('',*,*,#17117,.F.);
#17117 = EDGE_CURVE('',#17118,#17094,#17120,.T.);
#17118 = VERTEX_POINT('',#17119);
#17119 = CARTESIAN_POINT('',(-46.4575,19.7775,19.35));
#17120 = SURFACE_CURVE('',#17121,(#17125,#17132),.PCURVE_S1.);
#17121 = LINE('',#17122,#17123);
#17122 = CARTESIAN_POINT('',(-46.4575,19.7775,19.35));
#17123 = VECTOR('',#17124,1.);
#17124 = DIRECTION('',(0.,0.,1.));
#17125 = PCURVE('',#16917,#17126);
#17126 = DEFINITIONAL_REPRESENTATION('',(#17127),#17131);
#17127 = LINE('',#17128,#17129);
#17128 = CARTESIAN_POINT('',(-4.712388980385,0.));
#17129 = VECTOR('',#17130,1.);
#17130 = DIRECTION('',(-0.,-1.));
#17131 = ( GEOMETRIC_REPRESENTATION_CONTEXT(2) 
PARAMETRIC_REPRESENTATION_CONTEXT() REPRESENTATION_CONTEXT('2D SPACE',''
  ) );
#17132 = PCURVE('',#17133,#17138);
#17133 = PLANE('',#17134);
#17134 = AXIS2_PLACEMENT_3D('',#17135,#17136,#17137);
#17135 = CARTESIAN_POINT('',(-46.4575,19.7775,19.35));
#17136 = DIRECTION('',(0.,1.,0.));
#17137 = DIRECTION('',(1.,0.,0.));
#17138 = DEFINITIONAL_REPRESENTATION('',(#17139),#17143);
#17139 = LINE('',#17140,#17141);
#17140 = CARTESIAN_POINT('',(0.,0.));
#17141 = VECTOR('',#17142,1.);
#17142 = DIRECTION('',(0.,-1.));
#17143 = ( GEOMETRIC_REPRESENTATION_CONTEXT(2) 
PARAMETRIC_REPRESENTATION_CONTEXT() REPRESENTATION_CONTEXT('2D SPACE',''
  ) );
#17144 = ORIENTED_EDGE('',*,*,#17145,.F.);
#17145 = EDGE_CURVE('',#16895,#17118,#17146,.T.);
#17146 = SURFACE_CURVE('',#17147,(#17152,#17159),.PCURVE_S1.);
#17147 = CIRCLE('',#17148,0.4);
#17148 = AXIS2_PLACEMENT_3D('',#17149,#17150,#17151);
#17149 = CARTESIAN_POINT('',(-46.4575,20.1775,19.35));
#17150 = DIRECTION('',(0.,0.,1.));
#17151 = DIRECTION('',(1.,0.,0.));
#17152 = PCURVE('',#16917,#17153);
#17153 = DEFINITIONAL_REPRESENTATION('',(#17154),#17158);
#17154 = LINE('',#17155,#17156);
#17155 = CARTESIAN_POINT('',(-0.,0.));
#17156 = VECTOR('',#17157,1.);
#17157 = DIRECTION('',(-1.,0.));
#17158 = ( GEOMETRIC_REPRESENTATION_CONTEXT(2) 
PARAMETRIC_REPRESENTATION_CONTEXT() REPRESENTATION_CONTEXT('2D SPACE',''
  ) );
#17159 = PCURVE('',#16999,#17160);
#17160 = DEFINITIONAL_REPRESENTATION('',(#17161),#17165);
#17161 = CIRCLE('',#17162,0.4);
#17162 = AXIS2_PLACEMENT_2D('',#17163,#17164);
#17163 = CARTESIAN_POINT('',(-2.4575,-1.8225));
#17164 = DIRECTION('',(1.,0.));
#17165 = ( GEOMETRIC_REPRESENTATION_CONTEXT(2) 
PARAMETRIC_REPRESENTATION_CONTEXT() REPRESENTATION_CONTEXT('2D SPACE',''
  ) );
#17166 = ADVANCED_FACE('',(#17167),#17133,.F.);
#17167 = FACE_BOUND('',#17168,.F.);
#17168 = EDGE_LOOP('',(#17169,#17170,#17193,#17221));
#17169 = ORIENTED_EDGE('',*,*,#17117,.T.);
#17170 = ORIENTED_EDGE('',*,*,#17171,.T.);
#17171 = EDGE_CURVE('',#17094,#17172,#17174,.T.);
#17172 = VERTEX_POINT('',#17173);
#17173 = CARTESIAN_POINT('',(-41.5425,19.7775,20.85));
#17174 = SURFACE_CURVE('',#17175,(#17179,#17186),.PCURVE_S1.);
#17175 = LINE('',#17176,#17177);
#17176 = CARTESIAN_POINT('',(-44.,19.7775,20.85));
#17177 = VECTOR('',#17178,1.);
#17178 = DIRECTION('',(1.,0.,0.));
#17179 = PCURVE('',#17133,#17180);
#17180 = DEFINITIONAL_REPRESENTATION('',(#17181),#17185);
#17181 = LINE('',#17182,#17183);
#17182 = CARTESIAN_POINT('',(2.4575,-1.5));
#17183 = VECTOR('',#17184,1.);
#17184 = DIRECTION('',(1.,0.));
#17185 = ( GEOMETRIC_REPRESENTATION_CONTEXT(2) 
PARAMETRIC_REPRESENTATION_CONTEXT() REPRESENTATION_CONTEXT('2D SPACE',''
  ) );
#17186 = PCURVE('',#16945,#17187);
#17187 = DEFINITIONAL_REPRESENTATION('',(#17188),#17192);
#17188 = LINE('',#17189,#17190);
#17189 = CARTESIAN_POINT('',(0.,-2.2225));
#17190 = VECTOR('',#17191,1.);
#17191 = DIRECTION('',(1.,0.));
#17192 = ( GEOMETRIC_REPRESENTATION_CONTEXT(2) 
PARAMETRIC_REPRESENTATION_CONTEXT() REPRESENTATION_CONTEXT('2D SPACE',''
  ) );
#17193 = ORIENTED_EDGE('',*,*,#17194,.F.);
#17194 = EDGE_CURVE('',#17195,#17172,#17197,.T.);
#17195 = VERTEX_POINT('',#17196);
#17196 = CARTESIAN_POINT('',(-41.5425,19.7775,19.35));
#17197 = SURFACE_CURVE('',#17198,(#17202,#17209),.PCURVE_S1.);
#17198 = LINE('',#17199,#17200);
#17199 = CARTESIAN_POINT('',(-41.5425,19.7775,19.35));
#17200 = VECTOR('',#17201,1.);
#17201 = DIRECTION('',(0.,0.,1.));
#17202 = PCURVE('',#17133,#17203);
#17203 = DEFINITIONAL_REPRESENTATION('',(#17204),#17208);
#17204 = LINE('',#17205,#17206);
#17205 = CARTESIAN_POINT('',(4.915,0.));
#17206 = VECTOR('',#17207,1.);
#17207 = DIRECTION('',(0.,-1.));
#17208 = ( GEOMETRIC_REPRESENTATION_CONTEXT(2) 
PARAMETRIC_REPRESENTATION_CONTEXT() REPRESENTATION_CONTEXT('2D SPACE',''
  ) );
#17209 = PCURVE('',#17210,#17215);
#17210 = CYLINDRICAL_SURFACE('',#17211,0.4);
#17211 = AXIS2_PLACEMENT_3D('',#17212,#17213,#17214);
#17212 = CARTESIAN_POINT('',(-41.5425,20.1775,19.35));
#17213 = DIRECTION('',(-0.,-0.,-1.));
#17214 = DIRECTION('',(1.,0.,0.));
#17215 = DEFINITIONAL_REPRESENTATION('',(#17216),#17220);
#17216 = LINE('',#17217,#17218);
#17217 = CARTESIAN_POINT('',(-4.712388980385,0.));
#17218 = VECTOR('',#17219,1.);
#17219 = DIRECTION('',(-0.,-1.));
#17220 = ( GEOMETRIC_REPRESENTATION_CONTEXT(2) 
PARAMETRIC_REPRESENTATION_CONTEXT() REPRESENTATION_CONTEXT('2D SPACE',''
  ) );
#17221 = ORIENTED_EDGE('',*,*,#17222,.F.);
#17222 = EDGE_CURVE('',#17118,#17195,#17223,.T.);
#17223 = SURFACE_CURVE('',#17224,(#17228,#17235),.PCURVE_S1.);
#17224 = LINE('',#17225,#17226);
#17225 = CARTESIAN_POINT('',(-44.,19.7775,19.35));
#17226 = VECTOR('',#17227,1.);
#17227 = DIRECTION('',(1.,0.,0.));
#17228 = PCURVE('',#17133,#17229);
#17229 = DEFINITIONAL_REPRESENTATION('',(#17230),#17234);
#17230 = LINE('',#17231,#17232);
#17231 = CARTESIAN_POINT('',(2.4575,0.));
#17232 = VECTOR('',#17233,1.);
#17233 = DIRECTION('',(1.,0.));
#17234 = ( GEOMETRIC_REPRESENTATION_CONTEXT(2) 
PARAMETRIC_REPRESENTATION_CONTEXT() REPRESENTATION_CONTEXT('2D SPACE',''
  ) );
#17235 = PCURVE('',#16999,#17236);
#17236 = DEFINITIONAL_REPRESENTATION('',(#17237),#17241);
#17237 = LINE('',#17238,#17239);
#17238 = CARTESIAN_POINT('',(0.,-2.2225));
#17239 = VECTOR('',#17240,1.);
#17240 = DIRECTION('',(1.,0.));
#17241 = ( GEOMETRIC_REPRESENTATION_CONTEXT(2) 
PARAMETRIC_REPRESENTATION_CONTEXT() REPRESENTATION_CONTEXT('2D SPACE',''
  ) );
#17242 = ADVANCED_FACE('',(#17243),#17210,.T.);
#17243 = FACE_BOUND('',#17244,.F.);
#17244 = EDGE_LOOP('',(#17245,#17246,#17270,#17298));
#17245 = ORIENTED_EDGE('',*,*,#17194,.T.);
#17246 = ORIENTED_EDGE('',*,*,#17247,.T.);
#17247 = EDGE_CURVE('',#17172,#17248,#17250,.T.);
#17248 = VERTEX_POINT('',#17249);
#17249 = CARTESIAN_POINT('',(-41.1425,20.1775,20.85));
#17250 = SURFACE_CURVE('',#17251,(#17256,#17263),.PCURVE_S1.);
#17251 = CIRCLE('',#17252,0.4);
#17252 = AXIS2_PLACEMENT_3D('',#17253,#17254,#17255);
#17253 = CARTESIAN_POINT('',(-41.5425,20.1775,20.85));
#17254 = DIRECTION('',(0.,0.,1.));
#17255 = DIRECTION('',(1.,0.,0.));
#17256 = PCURVE('',#17210,#17257);
#17257 = DEFINITIONAL_REPRESENTATION('',(#17258),#17262);
#17258 = LINE('',#17259,#17260);
#17259 = CARTESIAN_POINT('',(-0.,-1.5));
#17260 = VECTOR('',#17261,1.);
#17261 = DIRECTION('',(-1.,0.));
#17262 = ( GEOMETRIC_REPRESENTATION_CONTEXT(2) 
PARAMETRIC_REPRESENTATION_CONTEXT() REPRESENTATION_CONTEXT('2D SPACE',''
  ) );
#17263 = PCURVE('',#16945,#17264);
#17264 = DEFINITIONAL_REPRESENTATION('',(#17265),#17269);
#17265 = CIRCLE('',#17266,0.4);
#17266 = AXIS2_PLACEMENT_2D('',#17267,#17268);
#17267 = CARTESIAN_POINT('',(2.4575,-1.8225));
#17268 = DIRECTION('',(1.,0.));
#17269 = ( GEOMETRIC_REPRESENTATION_CONTEXT(2) 
PARAMETRIC_REPRESENTATION_CONTEXT() REPRESENTATION_CONTEXT('2D SPACE',''
  ) );
#17270 = ORIENTED_EDGE('',*,*,#17271,.F.);
#17271 = EDGE_CURVE('',#17272,#17248,#17274,.T.);
#17272 = VERTEX_POINT('',#17273);
#17273 = CARTESIAN_POINT('',(-41.1425,20.1775,19.35));
#17274 = SURFACE_CURVE('',#17275,(#17279,#17286),.PCURVE_S1.);
#17275 = LINE('',#17276,#17277);
#17276 = CARTESIAN_POINT('',(-41.1425,20.1775,19.35));
#17277 = VECTOR('',#17278,1.);
#17278 = DIRECTION('',(0.,0.,1.));
#17279 = PCURVE('',#17210,#17280);
#17280 = DEFINITIONAL_REPRESENTATION('',(#17281),#17285);
#17281 = LINE('',#17282,#17283);
#17282 = CARTESIAN_POINT('',(-6.28318530718,0.));
#17283 = VECTOR('',#17284,1.);
#17284 = DIRECTION('',(-0.,-1.));
#17285 = ( GEOMETRIC_REPRESENTATION_CONTEXT(2) 
PARAMETRIC_REPRESENTATION_CONTEXT() REPRESENTATION_CONTEXT('2D SPACE',''
  ) );
#17286 = PCURVE('',#17287,#17292);
#17287 = PLANE('',#17288);
#17288 = AXIS2_PLACEMENT_3D('',#17289,#17290,#17291);
#17289 = CARTESIAN_POINT('',(-41.1425,20.1775,19.35));
#17290 = DIRECTION('',(-1.,0.,0.));
#17291 = DIRECTION('',(0.,1.,0.));
#17292 = DEFINITIONAL_REPRESENTATION('',(#17293),#17297);
#17293 = LINE('',#17294,#17295);
#17294 = CARTESIAN_POINT('',(0.,0.));
#17295 = VECTOR('',#17296,1.);
#17296 = DIRECTION('',(0.,-1.));
#17297 = ( GEOMETRIC_REPRESENTATION_CONTEXT(2) 
PARAMETRIC_REPRESENTATION_CONTEXT() REPRESENTATION_CONTEXT('2D SPACE',''
  ) );
#17298 = ORIENTED_EDGE('',*,*,#17299,.F.);
#17299 = EDGE_CURVE('',#17195,#17272,#17300,.T.);
#17300 = SURFACE_CURVE('',#17301,(#17306,#17313),.PCURVE_S1.);
#17301 = CIRCLE('',#17302,0.4);
#17302 = AXIS2_PLACEMENT_3D('',#17303,#17304,#17305);
#17303 = CARTESIAN_POINT('',(-41.5425,20.1775,19.35));
#17304 = DIRECTION('',(0.,0.,1.));
#17305 = DIRECTION('',(1.,0.,0.));
#17306 = PCURVE('',#17210,#17307);
#17307 = DEFINITIONAL_REPRESENTATION('',(#17308),#17312);
#17308 = LINE('',#17309,#17310);
#17309 = CARTESIAN_POINT('',(-0.,0.));
#17310 = VECTOR('',#17311,1.);
#17311 = DIRECTION('',(-1.,0.));
#17312 = ( GEOMETRIC_REPRESENTATION_CONTEXT(2) 
PARAMETRIC_REPRESENTATION_CONTEXT() REPRESENTATION_CONTEXT('2D SPACE',''
  ) );
#17313 = PCURVE('',#16999,#17314);
#17314 = DEFINITIONAL_REPRESENTATION('',(#17315),#17319);
#17315 = CIRCLE('',#17316,0.4);
#17316 = AXIS2_PLACEMENT_2D('',#17317,#17318);
#17317 = CARTESIAN_POINT('',(2.4575,-1.8225));
#17318 = DIRECTION('',(1.,0.));
#17319 = ( GEOMETRIC_REPRESENTATION_CONTEXT(2) 
PARAMETRIC_REPRESENTATION_CONTEXT() REPRESENTATION_CONTEXT('2D SPACE',''
  ) );
#17320 = ADVANCED_FACE('',(#17321),#17287,.F.);
#17321 = FACE_BOUND('',#17322,.F.);
#17322 = EDGE_LOOP('',(#17323,#17324,#17347,#17375));
#17323 = ORIENTED_EDGE('',*,*,#17271,.T.);
#17324 = ORIENTED_EDGE('',*,*,#17325,.T.);
#17325 = EDGE_CURVE('',#17248,#17326,#17328,.T.);
#17326 = VERTEX_POINT('',#17327);
#17327 = CARTESIAN_POINT('',(-41.1425,23.8225,20.85));
#17328 = SURFACE_CURVE('',#17329,(#17333,#17340),.PCURVE_S1.);
#17329 = LINE('',#17330,#17331);
#17330 = CARTESIAN_POINT('',(-41.1425,22.,20.85));
#17331 = VECTOR('',#17332,1.);
#17332 = DIRECTION('',(0.,1.,0.));
#17333 = PCURVE('',#17287,#17334);
#17334 = DEFINITIONAL_REPRESENTATION('',(#17335),#17339);
#17335 = LINE('',#17336,#17337);
#17336 = CARTESIAN_POINT('',(1.8225,-1.5));
#17337 = VECTOR('',#17338,1.);
#17338 = DIRECTION('',(1.,0.));
#17339 = ( GEOMETRIC_REPRESENTATION_CONTEXT(2) 
PARAMETRIC_REPRESENTATION_CONTEXT() REPRESENTATION_CONTEXT('2D SPACE',''
  ) );
#17340 = PCURVE('',#16945,#17341);
#17341 = DEFINITIONAL_REPRESENTATION('',(#17342),#17346);
#17342 = LINE('',#17343,#17344);
#17343 = CARTESIAN_POINT('',(2.8575,0.));
#17344 = VECTOR('',#17345,1.);
#17345 = DIRECTION('',(0.,1.));
#17346 = ( GEOMETRIC_REPRESENTATION_CONTEXT(2) 
PARAMETRIC_REPRESENTATION_CONTEXT() REPRESENTATION_CONTEXT('2D SPACE',''
  ) );
#17347 = ORIENTED_EDGE('',*,*,#17348,.F.);
#17348 = EDGE_CURVE('',#17349,#17326,#17351,.T.);
#17349 = VERTEX_POINT('',#17350);
#17350 = CARTESIAN_POINT('',(-41.1425,23.8225,19.35));
#17351 = SURFACE_CURVE('',#17352,(#17356,#17363),.PCURVE_S1.);
#17352 = LINE('',#17353,#17354);
#17353 = CARTESIAN_POINT('',(-41.1425,23.8225,19.35));
#17354 = VECTOR('',#17355,1.);
#17355 = DIRECTION('',(0.,0.,1.));
#17356 = PCURVE('',#17287,#17357);
#17357 = DEFINITIONAL_REPRESENTATION('',(#17358),#17362);
#17358 = LINE('',#17359,#17360);
#17359 = CARTESIAN_POINT('',(3.645,0.));
#17360 = VECTOR('',#17361,1.);
#17361 = DIRECTION('',(0.,-1.));
#17362 = ( GEOMETRIC_REPRESENTATION_CONTEXT(2) 
PARAMETRIC_REPRESENTATION_CONTEXT() REPRESENTATION_CONTEXT('2D SPACE',''
  ) );
#17363 = PCURVE('',#17364,#17369);
#17364 = CYLINDRICAL_SURFACE('',#17365,0.4);
#17365 = AXIS2_PLACEMENT_3D('',#17366,#17367,#17368);
#17366 = CARTESIAN_POINT('',(-41.5425,23.8225,19.35));
#17367 = DIRECTION('',(-0.,-0.,-1.));
#17368 = DIRECTION('',(1.,0.,0.));
#17369 = DEFINITIONAL_REPRESENTATION('',(#17370),#17374);
#17370 = LINE('',#17371,#17372);
#17371 = CARTESIAN_POINT('',(-0.,0.));
#17372 = VECTOR('',#17373,1.);
#17373 = DIRECTION('',(-0.,-1.));
#17374 = ( GEOMETRIC_REPRESENTATION_CONTEXT(2) 
PARAMETRIC_REPRESENTATION_CONTEXT() REPRESENTATION_CONTEXT('2D SPACE',''
  ) );
#17375 = ORIENTED_EDGE('',*,*,#17376,.F.);
#17376 = EDGE_CURVE('',#17272,#17349,#17377,.T.);
#17377 = SURFACE_CURVE('',#17378,(#17382,#17389),.PCURVE_S1.);
#17378 = LINE('',#17379,#17380);
#17379 = CARTESIAN_POINT('',(-41.1425,22.,19.35));
#17380 = VECTOR('',#17381,1.);
#17381 = DIRECTION('',(0.,1.,0.));
#17382 = PCURVE('',#17287,#17383);
#17383 = DEFINITIONAL_REPRESENTATION('',(#17384),#17388);
#17384 = LINE('',#17385,#17386);
#17385 = CARTESIAN_POINT('',(1.8225,0.));
#17386 = VECTOR('',#17387,1.);
#17387 = DIRECTION('',(1.,0.));
#17388 = ( GEOMETRIC_REPRESENTATION_CONTEXT(2) 
PARAMETRIC_REPRESENTATION_CONTEXT() REPRESENTATION_CONTEXT('2D SPACE',''
  ) );
#17389 = PCURVE('',#16999,#17390);
#17390 = DEFINITIONAL_REPRESENTATION('',(#17391),#17395);
#17391 = LINE('',#17392,#17393);
#17392 = CARTESIAN_POINT('',(2.8575,0.));
#17393 = VECTOR('',#17394,1.);
#17394 = DIRECTION('',(0.,1.));
#17395 = ( GEOMETRIC_REPRESENTATION_CONTEXT(2) 
PARAMETRIC_REPRESENTATION_CONTEXT() REPRESENTATION_CONTEXT('2D SPACE',''
  ) );
#17396 = ADVANCED_FACE('',(#17397),#17364,.T.);
#17397 = FACE_BOUND('',#17398,.F.);
#17398 = EDGE_LOOP('',(#17399,#17400,#17424,#17447));
#17399 = ORIENTED_EDGE('',*,*,#17348,.T.);
#17400 = ORIENTED_EDGE('',*,*,#17401,.T.);
#17401 = EDGE_CURVE('',#17326,#17402,#17404,.T.);
#17402 = VERTEX_POINT('',#17403);
#17403 = CARTESIAN_POINT('',(-41.5425,24.2225,20.85));
#17404 = SURFACE_CURVE('',#17405,(#17410,#17417),.PCURVE_S1.);
#17405 = CIRCLE('',#17406,0.4);
#17406 = AXIS2_PLACEMENT_3D('',#17407,#17408,#17409);
#17407 = CARTESIAN_POINT('',(-41.5425,23.8225,20.85));
#17408 = DIRECTION('',(0.,0.,1.));
#17409 = DIRECTION('',(1.,0.,0.));
#17410 = PCURVE('',#17364,#17411);
#17411 = DEFINITIONAL_REPRESENTATION('',(#17412),#17416);
#17412 = LINE('',#17413,#17414);
#17413 = CARTESIAN_POINT('',(-0.,-1.5));
#17414 = VECTOR('',#17415,1.);
#17415 = DIRECTION('',(-1.,0.));
#17416 = ( GEOMETRIC_REPRESENTATION_CONTEXT(2) 
PARAMETRIC_REPRESENTATION_CONTEXT() REPRESENTATION_CONTEXT('2D SPACE',''
  ) );
#17417 = PCURVE('',#16945,#17418);
#17418 = DEFINITIONAL_REPRESENTATION('',(#17419),#17423);
#17419 = CIRCLE('',#17420,0.4);
#17420 = AXIS2_PLACEMENT_2D('',#17421,#17422);
#17421 = CARTESIAN_POINT('',(2.4575,1.8225));
#17422 = DIRECTION('',(1.,0.));
#17423 = ( GEOMETRIC_REPRESENTATION_CONTEXT(2) 
PARAMETRIC_REPRESENTATION_CONTEXT() REPRESENTATION_CONTEXT('2D SPACE',''
  ) );
#17424 = ORIENTED_EDGE('',*,*,#17425,.F.);
#17425 = EDGE_CURVE('',#17426,#17402,#17428,.T.);
#17426 = VERTEX_POINT('',#17427);
#17427 = CARTESIAN_POINT('',(-41.5425,24.2225,19.35));
#17428 = SURFACE_CURVE('',#17429,(#17433,#17440),.PCURVE_S1.);
#17429 = LINE('',#17430,#17431);
#17430 = CARTESIAN_POINT('',(-41.5425,24.2225,19.35));
#17431 = VECTOR('',#17432,1.);
#17432 = DIRECTION('',(0.,0.,1.));
#17433 = PCURVE('',#17364,#17434);
#17434 = DEFINITIONAL_REPRESENTATION('',(#17435),#17439);
#17435 = LINE('',#17436,#17437);
#17436 = CARTESIAN_POINT('',(-1.570796326795,0.));
#17437 = VECTOR('',#17438,1.);
#17438 = DIRECTION('',(-0.,-1.));
#17439 = ( GEOMETRIC_REPRESENTATION_CONTEXT(2) 
PARAMETRIC_REPRESENTATION_CONTEXT() REPRESENTATION_CONTEXT('2D SPACE',''
  ) );
#17440 = PCURVE('',#17032,#17441);
#17441 = DEFINITIONAL_REPRESENTATION('',(#17442),#17446);
#17442 = LINE('',#17443,#17444);
#17443 = CARTESIAN_POINT('',(4.915,0.));
#17444 = VECTOR('',#17445,1.);
#17445 = DIRECTION('',(0.,-1.));
#17446 = ( GEOMETRIC_REPRESENTATION_CONTEXT(2) 
PARAMETRIC_REPRESENTATION_CONTEXT() REPRESENTATION_CONTEXT('2D SPACE',''
  ) );
#17447 = ORIENTED_EDGE('',*,*,#17448,.F.);
#17448 = EDGE_CURVE('',#17349,#17426,#17449,.T.);
#17449 = SURFACE_CURVE('',#17450,(#17455,#17462),.PCURVE_S1.);
#17450 = CIRCLE('',#17451,0.4);
#17451 = AXIS2_PLACEMENT_3D('',#17452,#17453,#17454);
#17452 = CARTESIAN_POINT('',(-41.5425,23.8225,19.35));
#17453 = DIRECTION('',(0.,0.,1.));
#17454 = DIRECTION('',(1.,0.,0.));
#17455 = PCURVE('',#17364,#17456);
#17456 = DEFINITIONAL_REPRESENTATION('',(#17457),#17461);
#17457 = LINE('',#17458,#17459);
#17458 = CARTESIAN_POINT('',(-0.,0.));
#17459 = VECTOR('',#17460,1.);
#17460 = DIRECTION('',(-1.,0.));
#17461 = ( GEOMETRIC_REPRESENTATION_CONTEXT(2) 
PARAMETRIC_REPRESENTATION_CONTEXT() REPRESENTATION_CONTEXT('2D SPACE',''
  ) );
#17462 = PCURVE('',#16999,#17463);
#17463 = DEFINITIONAL_REPRESENTATION('',(#17464),#17468);
#17464 = CIRCLE('',#17465,0.4);
#17465 = AXIS2_PLACEMENT_2D('',#17466,#17467);
#17466 = CARTESIAN_POINT('',(2.4575,1.8225));
#17467 = DIRECTION('',(1.,0.));
#17468 = ( GEOMETRIC_REPRESENTATION_CONTEXT(2) 
PARAMETRIC_REPRESENTATION_CONTEXT() REPRESENTATION_CONTEXT('2D SPACE',''
  ) );
#17469 = ADVANCED_FACE('',(#17470),#17032,.T.);
#17470 = FACE_BOUND('',#17471,.T.);
#17471 = EDGE_LOOP('',(#17472,#17473,#17494,#17495));
#17472 = ORIENTED_EDGE('',*,*,#17014,.T.);
#17473 = ORIENTED_EDGE('',*,*,#17474,.T.);
#17474 = EDGE_CURVE('',#17017,#17402,#17475,.T.);
#17475 = SURFACE_CURVE('',#17476,(#17480,#17487),.PCURVE_S1.);
#17476 = LINE('',#17477,#17478);
#17477 = CARTESIAN_POINT('',(-44.,24.2225,20.85));
#17478 = VECTOR('',#17479,1.);
#17479 = DIRECTION('',(1.,0.,0.));
#17480 = PCURVE('',#17032,#17481);
#17481 = DEFINITIONAL_REPRESENTATION('',(#17482),#17486);
#17482 = LINE('',#17483,#17484);
#17483 = CARTESIAN_POINT('',(2.4575,-1.5));
#17484 = VECTOR('',#17485,1.);
#17485 = DIRECTION('',(1.,0.));
#17486 = ( GEOMETRIC_REPRESENTATION_CONTEXT(2) 
PARAMETRIC_REPRESENTATION_CONTEXT() REPRESENTATION_CONTEXT('2D SPACE',''
  ) );
#17487 = PCURVE('',#16945,#17488);
#17488 = DEFINITIONAL_REPRESENTATION('',(#17489),#17493);
#17489 = LINE('',#17490,#17491);
#17490 = CARTESIAN_POINT('',(0.,2.2225));
#17491 = VECTOR('',#17492,1.);
#17492 = DIRECTION('',(1.,0.));
#17493 = ( GEOMETRIC_REPRESENTATION_CONTEXT(2) 
PARAMETRIC_REPRESENTATION_CONTEXT() REPRESENTATION_CONTEXT('2D SPACE',''
  ) );
#17494 = ORIENTED_EDGE('',*,*,#17425,.F.);
#17495 = ORIENTED_EDGE('',*,*,#17496,.F.);
#17496 = EDGE_CURVE('',#17015,#17426,#17497,.T.);
#17497 = SURFACE_CURVE('',#17498,(#17502,#17509),.PCURVE_S1.);
#17498 = LINE('',#17499,#17500);
#17499 = CARTESIAN_POINT('',(-44.,24.2225,19.35));
#17500 = VECTOR('',#17501,1.);
#17501 = DIRECTION('',(1.,0.,0.));
#17502 = PCURVE('',#17032,#17503);
#17503 = DEFINITIONAL_REPRESENTATION('',(#17504),#17508);
#17504 = LINE('',#17505,#17506);
#17505 = CARTESIAN_POINT('',(2.4575,0.));
#17506 = VECTOR('',#17507,1.);
#17507 = DIRECTION('',(1.,0.));
#17508 = ( GEOMETRIC_REPRESENTATION_CONTEXT(2) 
PARAMETRIC_REPRESENTATION_CONTEXT() REPRESENTATION_CONTEXT('2D SPACE',''
  ) );
#17509 = PCURVE('',#16999,#17510);
#17510 = DEFINITIONAL_REPRESENTATION('',(#17511),#17515);
#17511 = LINE('',#17512,#17513);
#17512 = CARTESIAN_POINT('',(0.,2.2225));
#17513 = VECTOR('',#17514,1.);
#17514 = DIRECTION('',(1.,0.));
#17515 = ( GEOMETRIC_REPRESENTATION_CONTEXT(2) 
PARAMETRIC_REPRESENTATION_CONTEXT() REPRESENTATION_CONTEXT('2D SPACE',''
  ) );
#17516 = ADVANCED_FACE('',(#17517),#16999,.F.);
#17517 = FACE_BOUND('',#17518,.F.);
#17518 = EDGE_LOOP('',(#17519,#17520,#17521,#17522,#17523,#17524,#17525,
    #17526));
#17519 = ORIENTED_EDGE('',*,*,#16985,.F.);
#17520 = ORIENTED_EDGE('',*,*,#17145,.T.);
#17521 = ORIENTED_EDGE('',*,*,#17222,.T.);
#17522 = ORIENTED_EDGE('',*,*,#17299,.T.);
#17523 = ORIENTED_EDGE('',*,*,#17376,.T.);
#17524 = ORIENTED_EDGE('',*,*,#17448,.T.);
#17525 = ORIENTED_EDGE('',*,*,#17496,.F.);
#17526 = ORIENTED_EDGE('',*,*,#17067,.T.);
#17527 = ADVANCED_FACE('',(#17528),#16945,.T.);
#17528 = FACE_BOUND('',#17529,.T.);
#17529 = EDGE_LOOP('',(#17530,#17531,#17532,#17533,#17534,#17535,#17536,
    #17537));
#17530 = ORIENTED_EDGE('',*,*,#16929,.F.);
#17531 = ORIENTED_EDGE('',*,*,#17093,.T.);
#17532 = ORIENTED_EDGE('',*,*,#17171,.T.);
#17533 = ORIENTED_EDGE('',*,*,#17247,.T.);
#17534 = ORIENTED_EDGE('',*,*,#17325,.T.);
#17535 = ORIENTED_EDGE('',*,*,#17401,.T.);
#17536 = ORIENTED_EDGE('',*,*,#17474,.F.);
#17537 = ORIENTED_EDGE('',*,*,#17044,.T.);
#17538 = ( GEOMETRIC_REPRESENTATION_CONTEXT(3) 
GLOBAL_UNCERTAINTY_ASSIGNED_CONTEXT((#17542)) 
GLOBAL_UNIT_ASSIGNED_CONTEXT((#17539,#17540,#17541)) 
REPRESENTATION_CONTEXT('Context #1',
  '3D Context with UNIT and UNCERTAINTY') );
#17539 = ( LENGTH_UNIT() NAMED_UNIT(*) SI_UNIT(.MILLI.,.METRE.) );
#17540 = ( NAMED_UNIT(*) PLANE_ANGLE_UNIT() SI_UNIT($,.RADIAN.) );
#17541 = ( NAMED_UNIT(*) SI_UNIT($,.STERADIAN.) SOLID_ANGLE_UNIT() );
#17542 = UNCERTAINTY_MEASURE_WITH_UNIT(LENGTH_MEASURE(1.E-07),#17539,
  'distance_accuracy_value','confusion accuracy');
#17543 = CONTEXT_DEPENDENT_SHAPE_REPRESENTATION(#17544,#17546);
#17544 = ( REPRESENTATION_RELATIONSHIP('','',#16887,#10) 
REPRESENTATION_RELATIONSHIP_WITH_TRANSFORMATION(#17545) 
SHAPE_REPRESENTATION_RELATIONSHIP() );
#17545 = ITEM_DEFINED_TRANSFORMATION('','',#11,#147);
#17546 = PRODUCT_DEFINITION_SHAPE('Placement','Placement of an item',
  #17547);
#17547 = NEXT_ASSEMBLY_USAGE_OCCURRENCE('182','stub 11 sample','',#5,
  #16882,$);
#17548 = PRODUCT_RELATED_PRODUCT_CATEGORY('part',$,(#16884));
#17549 = MECHANICAL_DESIGN_GEOMETRIC_PRESENTATION_REPRESENTATION('',(
    #17550),#15582);
#17550 = STYLED_ITEM('color',(#17551),#15484);
#17551 = PRESENTATION_STYLE_ASSIGNMENT((#17552));
#17552 = SURFACE_STYLE_USAGE(.BOTH.,#17553);
#17553 = SURFACE_SIDE_STYLE('',(#17554));
#17554 = SURFACE_STYLE_FILL_AREA(#17555);
#17555 = FILL_AREA_STYLE('',(#17556));
#17556 = FILL_AREA_STYLE_COLOUR('',#17557);
#17557 = COLOUR_RGB('',0.199999998682,0.199999998682,0.210000004305);
#17558 = MECHANICAL_DESIGN_GEOMETRIC_PRESENTATION_REPRESENTATION('',(
    #17559),#14178);
#17559 = STYLED_ITEM('color',(#17560),#13696);
#17560 = PRESENTATION_STYLE_ASSIGNMENT((#17561));
#17561 = SURFACE_STYLE_USAGE(.BOTH.,#17562);
#17562 = SURFACE_SIDE_STYLE('',(#17563));
#17563 = SURFACE_STYLE_FILL_AREA(#17564);
#17564 = FILL_AREA_STYLE('',(#17565));
#17565 = FILL_AREA_STYLE_COLOUR('',#17566);
#17566 = COLOUR_RGB('',0.78000000177,0.789999995908,0.810000015885);
#17567 = MECHANICAL_DESIGN_GEOMETRIC_PRESENTATION_REPRESENTATION('',(
    #17568),#7242);
#17568 = STYLED_ITEM('color',(#17569),#6592);
#17569 = PRESENTATION_STYLE_ASSIGNMENT((#17570));
#17570 = SURFACE_STYLE_USAGE(.BOTH.,#17571);
#17571 = SURFACE_SIDE_STYLE('',(#17572));
#17572 = SURFACE_STYLE_FILL_AREA(#17573);
#17573 = FILL_AREA_STYLE('',(#17574));
#17574 = FILL_AREA_STYLE_COLOUR('',#17566);
#17575 = MECHANICAL_DESIGN_GEOMETRIC_PRESENTATION_REPRESENTATION('',(
    #17576),#14295);
#17576 = STYLED_ITEM('color',(#17577),#14197);
#17577 = PRESENTATION_STYLE_ASSIGNMENT((#17578));
#17578 = SURFACE_STYLE_USAGE(.BOTH.,#17579);
#17579 = SURFACE_SIDE_STYLE('',(#17580));
#17580 = SURFACE_STYLE_FILL_AREA(#17581);
#17581 = FILL_AREA_STYLE('',(#17582));
#17582 = FILL_AREA_STYLE_COLOUR('',#17557);
#17583 = MECHANICAL_DESIGN_GEOMETRIC_PRESENTATION_REPRESENTATION('',(
    #17584),#15465);
#17584 = STYLED_ITEM('color',(#17585),#14983);
#17585 = PRESENTATION_STYLE_ASSIGNMENT((#17586));
#17586 = SURFACE_STYLE_USAGE(.BOTH.,#17587);
#17587 = SURFACE_SIDE_STYLE('',(#17588));
#17588 = SURFACE_STYLE_FILL_AREA(#17589);
#17589 = FILL_AREA_STYLE('',(#17590));
#17590 = FILL_AREA_STYLE_COLOUR('',#17566);
#17591 = MECHANICAL_DESIGN_GEOMETRIC_PRESENTATION_REPRESENTATION('',(
    #17592),#8529);
#17592 = STYLED_ITEM('color',(#17593),#7879);
#17593 = PRESENTATION_STYLE_ASSIGNMENT((#17594));
#17594 = SURFACE_STYLE_USAGE(.BOTH.,#17595);
#17595 = SURFACE_SIDE_STYLE('',(#17596));
#17596 = SURFACE_STYLE_FILL_AREA(#17597);
#17597 = FILL_AREA_STYLE('',(#17598));
#17598 = FILL_AREA_STYLE_COLOUR('',#17566);
#17599 = MECHANICAL_DESIGN_GEOMETRIC_PRESENTATION_REPRESENTATION('',(
    #17600),#5286);
#17600 = STYLED_ITEM('color',(#17601),#5188);
#17601 = PRESENTATION_STYLE_ASSIGNMENT((#17602));
#17602 = SURFACE_STYLE_USAGE(.BOTH.,#17603);
#17603 = SURFACE_SIDE_STYLE('',(#17604));
#17604 = SURFACE_STYLE_FILL_AREA(#17605);
#17605 = FILL_AREA_STYLE('',(#17606));
#17606 = FILL_AREA_STYLE_COLOUR('',#17557);
#17607 = MECHANICAL_DESIGN_GEOMETRIC_PRESENTATION_REPRESENTATION('',(
    #17608),#11721);
#17608 = STYLED_ITEM('color',(#17609),#11623);
#17609 = PRESENTATION_STYLE_ASSIGNMENT((#17610));
#17610 = SURFACE_STYLE_USAGE(.BOTH.,#17611);
#17611 = SURFACE_SIDE_STYLE('',(#17612));
#17612 = SURFACE_STYLE_FILL_AREA(#17613);
#17613 = FILL_AREA_STYLE('',(#17614));
#17614 = FILL_AREA_STYLE_COLOUR('',#17557);
#17615 = MECHANICAL_DESIGN_GEOMETRIC_PRESENTATION_REPRESENTATION('',(
    #17616),#14964);
#17616 = STYLED_ITEM('color',(#17617),#14314);
#17617 = PRESENTATION_STYLE_ASSIGNMENT((#17618));
#17618 = SURFACE_STYLE_USAGE(.BOTH.,#17619);
#17619 = SURFACE_SIDE_STYLE('',(#17620));
#17620 = SURFACE_STYLE_FILL_AREA(#17621);
#17621 = FILL_AREA_STYLE('',(#17622));
#17622 = FILL_AREA_STYLE_COLOUR('',#17566);
#17623 = MECHANICAL_DESIGN_GEOMETRIC_PRESENTATION_REPRESENTATION('',(
    #17624),#7743);
#17624 = STYLED_ITEM('color',(#17625),#7261);
#17625 = PRESENTATION_STYLE_ASSIGNMENT((#17626));
#17626 = SURFACE_STYLE_USAGE(.BOTH.,#17627);
#17627 = SURFACE_SIDE_STYLE('',(#17628));
#17628 = SURFACE_STYLE_FILL_AREA(#17629);
#17629 = FILL_AREA_STYLE('',(#17630));
#17630 = FILL_AREA_STYLE_COLOUR('',#17566);
#17631 = MECHANICAL_DESIGN_GEOMETRIC_PRESENTATION_REPRESENTATION('',(
    #17632),#5169);
#17632 = STYLED_ITEM('color',(#17633),#4687);
#17633 = PRESENTATION_STYLE_ASSIGNMENT((#17634));
#17634 = SURFACE_STYLE_USAGE(.BOTH.,#17635);
#17635 = SURFACE_SIDE_STYLE('',(#17636));
#17636 = SURFACE_STYLE_FILL_AREA(#17637);
#17637 = FILL_AREA_STYLE('',(#17638));
#17638 = FILL_AREA_STYLE_COLOUR('',#17566);
#17639 = MECHANICAL_DESIGN_GEOMETRIC_PRESENTATION_REPRESENTATION('',(
    #17640),#6573);
#17640 = STYLED_ITEM('color',(#17641),#6475);
#17641 = PRESENTATION_STYLE_ASSIGNMENT((#17642));
#17642 = SURFACE_STYLE_USAGE(.BOTH.,#17643);
#17643 = SURFACE_SIDE_STYLE('',(#17644));
#17644 = SURFACE_STYLE_FILL_AREA(#17645);
#17645 = FILL_AREA_STYLE('',(#17646));
#17646 = FILL_AREA_STYLE_COLOUR('',#17557);
#17647 = MECHANICAL_DESIGN_GEOMETRIC_PRESENTATION_REPRESENTATION('',(
    #17648),#3882);
#17648 = STYLED_ITEM('color',(#17649),#3400);
#17649 = PRESENTATION_STYLE_ASSIGNMENT((#17650));
#17650 = SURFACE_STYLE_USAGE(.BOTH.,#17651);
#17651 = SURFACE_SIDE_STYLE('',(#17652));
#17652 = SURFACE_STYLE_FILL_AREA(#17653);
#17653 = FILL_AREA_STYLE('',(#17654));
#17654 = FILL_AREA_STYLE_COLOUR('',#17566);
#17655 = MECHANICAL_DESIGN_GEOMETRIC_PRESENTATION_REPRESENTATION('',(
    #17656),#7860);
#17656 = STYLED_ITEM('color',(#17657),#7762);
#17657 = PRESENTATION_STYLE_ASSIGNMENT((#17658));
#17658 = SURFACE_STYLE_USAGE(.BOTH.,#17659);
#17659 = SURFACE_SIDE_STYLE('',(#17660));
#17660 = SURFACE_STYLE_FILL_AREA(#17661);
#17661 = FILL_AREA_STYLE('',(#17662));
#17662 = FILL_AREA_STYLE_COLOUR('',#17557);
#17663 = MECHANICAL_DESIGN_GEOMETRIC_PRESENTATION_REPRESENTATION('',(
    #17664),#3999);
#17664 = STYLED_ITEM('color',(#17665),#3901);
#17665 = PRESENTATION_STYLE_ASSIGNMENT((#17666));
#17666 = SURFACE_STYLE_USAGE(.BOTH.,#17667);
#17667 = SURFACE_SIDE_STYLE('',(#17668));
#17668 = SURFACE_STYLE_FILL_AREA(#17669);
#17669 = FILL_AREA_STYLE('',(#17670));
#17670 = FILL_AREA_STYLE_COLOUR('',#17557);
#17671 = MECHANICAL_DESIGN_GEOMETRIC_PRESENTATION_REPRESENTATION('',(
    #17672),#16251);
#17672 = STYLED_ITEM('color',(#17673),#15601);
#17673 = PRESENTATION_STYLE_ASSIGNMENT((#17674));
#17674 = SURFACE_STYLE_USAGE(.BOTH.,#17675);
#17675 = SURFACE_SIDE_STYLE('',(#17676));
#17676 = SURFACE_STYLE_FILL_AREA(#17677);
#17677 = FILL_AREA_STYLE('',(#17678));
#17678 = FILL_AREA_STYLE_COLOUR('',#17566);
#17679 = MECHANICAL_DESIGN_GEOMETRIC_PRESENTATION_REPRESENTATION('',(
    #17680),#9030);
#17680 = STYLED_ITEM('color',(#17681),#8548);
#17681 = PRESENTATION_STYLE_ASSIGNMENT((#17682));
#17682 = SURFACE_STYLE_USAGE(.BOTH.,#17683);
#17683 = SURFACE_SIDE_STYLE('',(#17684));
#17684 = SURFACE_STYLE_FILL_AREA(#17685);
#17685 = FILL_AREA_STYLE('',(#17686));
#17686 = FILL_AREA_STYLE_COLOUR('',#17566);
#17687 = MECHANICAL_DESIGN_GEOMETRIC_PRESENTATION_REPRESENTATION('',(
    #17688),#17538);
#17688 = STYLED_ITEM('color',(#17689),#16888);
#17689 = PRESENTATION_STYLE_ASSIGNMENT((#17690));
#17690 = SURFACE_STYLE_USAGE(.BOTH.,#17691);
#17691 = SURFACE_SIDE_STYLE('',(#17692));
#17692 = SURFACE_STYLE_FILL_AREA(#17693);
#17693 = FILL_AREA_STYLE('',(#17694));
#17694 = FILL_AREA_STYLE_COLOUR('',#17566);
#17695 = MECHANICAL_DESIGN_GEOMETRIC_PRESENTATION_REPRESENTATION('',(
    #17696),#9147);
#17696 = STYLED_ITEM('color',(#17697),#9049);
#17697 = PRESENTATION_STYLE_ASSIGNMENT((#17698));
#17698 = SURFACE_STYLE_USAGE(.BOTH.,#17699);
#17699 = SURFACE_SIDE_STYLE('',(#17700));
#17700 = SURFACE_STYLE_FILL_AREA(#17701);
#17701 = FILL_AREA_STYLE('',(#17702));
#17702 = FILL_AREA_STYLE_COLOUR('',#17557);
#17703 = MECHANICAL_DESIGN_GEOMETRIC_PRESENTATION_REPRESENTATION('',(
    #17704),#16869);
#17704 = STYLED_ITEM('color',(#17705),#16771);
#17705 = PRESENTATION_STYLE_ASSIGNMENT((#17706));
#17706 = SURFACE_STYLE_USAGE(.BOTH.,#17707);
#17707 = SURFACE_SIDE_STYLE('',(#17708));
#17708 = SURFACE_STYLE_FILL_AREA(#17709);
#17709 = FILL_AREA_STYLE('',(#17710));
#17710 = FILL_AREA_STYLE_COLOUR('',#17557);
#17711 = MECHANICAL_DESIGN_GEOMETRIC_PRESENTATION_REPRESENTATION('',(
    #17712),#11604);
#17712 = STYLED_ITEM('color',(#17713),#11122);
#17713 = PRESENTATION_STYLE_ASSIGNMENT((#17714));
#17714 = SURFACE_STYLE_USAGE(.BOTH.,#17715);
#17715 = SURFACE_SIDE_STYLE('',(#17716));
#17716 = SURFACE_STYLE_FILL_AREA(#17717);
#17717 = FILL_AREA_STYLE('',(#17718));
#17718 = FILL_AREA_STYLE_COLOUR('',#17566);
#17719 = MECHANICAL_DESIGN_GEOMETRIC_PRESENTATION_REPRESENTATION('',(
    #17720),#9816);
#17720 = STYLED_ITEM('color',(#17721),#9166);
#17721 = PRESENTATION_STYLE_ASSIGNMENT((#17722));
#17722 = SURFACE_STYLE_USAGE(.BOTH.,#17723);
#17723 = SURFACE_SIDE_STYLE('',(#17724));
#17724 = SURFACE_STYLE_FILL_AREA(#17725);
#17725 = FILL_AREA_STYLE('',(#17726));
#17726 = FILL_AREA_STYLE_COLOUR('',#17566);
#17727 = MECHANICAL_DESIGN_GEOMETRIC_PRESENTATION_REPRESENTATION('',(
    #17728),#16752);
#17728 = STYLED_ITEM('color',(#17729),#16270);
#17729 = PRESENTATION_STYLE_ASSIGNMENT((#17730));
#17730 = SURFACE_STYLE_USAGE(.BOTH.,#17731);
#17731 = SURFACE_SIDE_STYLE('',(#17732));
#17732 = SURFACE_STYLE_FILL_AREA(#17733);
#17733 = FILL_AREA_STYLE('',(#17734));
#17734 = FILL_AREA_STYLE_COLOUR('',#17566);
#17735 = MECHANICAL_DESIGN_GEOMETRIC_PRESENTATION_REPRESENTATION('',(
    #17736),#13677);
#17736 = STYLED_ITEM('color',(#17737),#13027);
#17737 = PRESENTATION_STYLE_ASSIGNMENT((#17738));
#17738 = SURFACE_STYLE_USAGE(.BOTH.,#17739);
#17739 = SURFACE_SIDE_STYLE('',(#17740));
#17740 = SURFACE_STYLE_FILL_AREA(#17741);
#17741 = FILL_AREA_STYLE('',(#17742));
#17742 = FILL_AREA_STYLE_COLOUR('',#17566);
#17743 = MECHANICAL_DESIGN_GEOMETRIC_PRESENTATION_REPRESENTATION('',(
    #17744),#10317);
#17744 = STYLED_ITEM('color',(#17745),#9835);
#17745 = PRESENTATION_STYLE_ASSIGNMENT((#17746));
#17746 = SURFACE_STYLE_USAGE(.BOTH.,#17747);
#17747 = SURFACE_SIDE_STYLE('',(#17748));
#17748 = SURFACE_STYLE_FILL_AREA(#17749);
#17749 = FILL_AREA_STYLE('',(#17750));
#17750 = FILL_AREA_STYLE_COLOUR('',#17566);
#17751 = MECHANICAL_DESIGN_GEOMETRIC_PRESENTATION_REPRESENTATION('',(
    #17752),#5955);
#17752 = STYLED_ITEM('color',(#17753),#5305);
#17753 = PRESENTATION_STYLE_ASSIGNMENT((#17754));
#17754 = SURFACE_STYLE_USAGE(.BOTH.,#17755);
#17755 = SURFACE_SIDE_STYLE('',(#17756));
#17756 = SURFACE_STYLE_FILL_AREA(#17757);
#17757 = FILL_AREA_STYLE('',(#17758));
#17758 = FILL_AREA_STYLE_COLOUR('',#17566);
#17759 = MECHANICAL_DESIGN_GEOMETRIC_PRESENTATION_REPRESENTATION('',(
    #17760),#6456);
#17760 = STYLED_ITEM('color',(#17761),#5974);
#17761 = PRESENTATION_STYLE_ASSIGNMENT((#17762));
#17762 = SURFACE_STYLE_USAGE(.BOTH.,#17763);
#17763 = SURFACE_SIDE_STYLE('',(#17764));
#17764 = SURFACE_STYLE_FILL_AREA(#17765);
#17765 = FILL_AREA_STYLE('',(#17766));
#17766 = FILL_AREA_STYLE_COLOUR('',#17566);
#17767 = MECHANICAL_DESIGN_GEOMETRIC_PRESENTATION_REPRESENTATION('',(
    #17768),#12390);
#17768 = STYLED_ITEM('color',(#17769),#11740);
#17769 = PRESENTATION_STYLE_ASSIGNMENT((#17770));
#17770 = SURFACE_STYLE_USAGE(.BOTH.,#17771);
#17771 = SURFACE_SIDE_STYLE('',(#17772));
#17772 = SURFACE_STYLE_FILL_AREA(#17773);
#17773 = FILL_AREA_STYLE('',(#17774));
#17774 = FILL_AREA_STYLE_COLOUR('',#17566);
#17775 = MECHANICAL_DESIGN_GEOMETRIC_PRESENTATION_REPRESENTATION('',(
    #17776),#3381);
#17776 = STYLED_ITEM('color',(#17777),#165);
#17777 = PRESENTATION_STYLE_ASSIGNMENT((#17778));
#17778 = SURFACE_STYLE_USAGE(.BOTH.,#17779);
#17779 = SURFACE_SIDE_STYLE('',(#17780));
#17780 = SURFACE_STYLE_FILL_AREA(#17781);
#17781 = FILL_AREA_STYLE('',(#17782));
#17782 = FILL_AREA_STYLE_COLOUR('',#17783);
#17783 = COLOUR_RGB('',9.999999991362E-02,0.55000000909,0.55000000909);
#17784 = MECHANICAL_DESIGN_GEOMETRIC_PRESENTATION_REPRESENTATION('',(
    #17785),#13008);
#17785 = STYLED_ITEM('color',(#17786),#12910);
#17786 = PRESENTATION_STYLE_ASSIGNMENT((#17787));
#17787 = SURFACE_STYLE_USAGE(.BOTH.,#17788);
#17788 = SURFACE_SIDE_STYLE('',(#17789));
#17789 = SURFACE_STYLE_FILL_AREA(#17790);
#17790 = FILL_AREA_STYLE('',(#17791));
#17791 = FILL_AREA_STYLE_COLOUR('',#17557);
#17792 = MECHANICAL_DESIGN_GEOMETRIC_PRESENTATION_REPRESENTATION('',(
    #17793),#11103);
#17793 = STYLED_ITEM('color',(#17794),#10453);
#17794 = PRESENTATION_STYLE_ASSIGNMENT((#17795));
#17795 = SURFACE_STYLE_USAGE(.BOTH.,#17796);
#17796 = SURFACE_SIDE_STYLE('',(#17797));
#17797 = SURFACE_STYLE_FILL_AREA(#17798);
#17798 = FILL_AREA_STYLE('',(#17799));
#17799 = FILL_AREA_STYLE_COLOUR('',#17566);
#17800 = MECHANICAL_DESIGN_GEOMETRIC_PRESENTATION_REPRESENTATION('',(
    #17801),#4668);
#17801 = STYLED_ITEM('color',(#17802),#4018);
#17802 = PRESENTATION_STYLE_ASSIGNMENT((#17803));
#17803 = SURFACE_STYLE_USAGE(.BOTH.,#17804);
#17804 = SURFACE_SIDE_STYLE('',(#17805));
#17805 = SURFACE_STYLE_FILL_AREA(#17806);
#17806 = FILL_AREA_STYLE('',(#17807));
#17807 = FILL_AREA_STYLE_COLOUR('',#17566);
#17808 = MECHANICAL_DESIGN_GEOMETRIC_PRESENTATION_REPRESENTATION('',(
    #17809),#12891);
#17809 = STYLED_ITEM('color',(#17810),#12409);
#17810 = PRESENTATION_STYLE_ASSIGNMENT((#17811));
#17811 = SURFACE_STYLE_USAGE(.BOTH.,#17812);
#17812 = SURFACE_SIDE_STYLE('',(#17813));
#17813 = SURFACE_STYLE_FILL_AREA(#17814);
#17814 = FILL_AREA_STYLE('',(#17815));
#17815 = FILL_AREA_STYLE_COLOUR('',#17566);
#17816 = MECHANICAL_DESIGN_GEOMETRIC_PRESENTATION_REPRESENTATION('',(
    #17817),#10434);
#17817 = STYLED_ITEM('color',(#17818),#10336);
#17818 = PRESENTATION_STYLE_ASSIGNMENT((#17819));
#17819 = SURFACE_STYLE_USAGE(.BOTH.,#17820);
#17820 = SURFACE_SIDE_STYLE('',(#17821));
#17821 = SURFACE_STYLE_FILL_AREA(#17822);
#17822 = FILL_AREA_STYLE('',(#17823));
#17823 = FILL_AREA_STYLE_COLOUR('',#17557);
ENDSEC;
END-ISO-10303-21;
