ISO-10303-21;
HEADER;
FILE_DESCRIPTION(('Open CASCADE Model'),'2;1');
FILE_NAME('Open CASCADE Shape Model','2026-10-03T13:39:14',('Author'),(
    'Open CASCADE'),'Open CASCADE STEP processor 7.9','Open CASCADE 7.9'
  ,'Unknown');
FILE_SCHEMA(('AUTOMOTIVE_DESIGN { 1 0 10303 214 1 1 1 1 }'));
ENDSEC;
DATA;
#1 = APPLICATION_PROTOCOL_DEFINITION('international standard',
  'automotive_design',2000,#2);
#2 = APPLICATION_CONTEXT(
  'core data for automotive mechanical design processes');
#3 = SHAPE_DEFINITION_REPRESENTATION(#4,#10);
#4 = PRODUCT_DEFINITION_SHAPE('','',#5);
#5 = PRODUCT_DEFINITION('design','',#6,#9);
#6 = PRODUCT_DEFINITION_FORMATION('','',#7);
#7 = PRODUCT('lid_autotrickler_v4','lid_autotrickler_v4','',(#8));
#8 = PRODUCT_CONTEXT('',#2,'mechanical');
#9 = PRODUCT_DEFINITION_CONTEXT('part definition',#2,'design');
#10 = SHAPE_REPRESENTATION('',(#11,#15,#19,#23,#27),#31);
#11 = AXIS2_PLACEMENT_3D('',#12,#13,#14);
#12 = CARTESIAN_POINT('',(0.,0.,0.));
#13 = DIRECTION('',(0.,0.,1.));
#14 = DIRECTION('',(1.,0.,-0.));
#15 = AXIS2_PLACEMENT_3D('',#16,#17,#18);
#16 = CARTESIAN_POINT('',(0.,0.,0.));
#17 = DIRECTION('',(0.,0.,1.));
#18 = DIRECTION('',(1.,0.,-0.));
#19 = AXIS2_PLACEMENT_3D('',#20,#21,#22);
#20 = CARTESIAN_POINT('',(0.,0.,0.));
#21 = DIRECTION('',(0.,0.,1.));
#22 = DIRECTION('',(1.,0.,-0.));
#23 = AXIS2_PLACEMENT_3D('',#24,#25,#26);
#24 = CARTESIAN_POINT('',(0.,0.,0.));
#25 = DIRECTION('',(0.,0.,1.));
#26 = DIRECTION('',(1.,0.,-0.));
#27 = AXIS2_PLACEMENT_3D('',#28,#29,#30);
#28 = CARTESIAN_POINT('',(0.,0.,0.));
#29 = DIRECTION('',(0.,0.,1.));
#30 = DIRECTION('',(1.,0.,-0.));
#31 = ( GEOMETRIC_REPRESENTATION_CONTEXT(3) 
GLOBAL_UNCERTAINTY_ASSIGNED_CONTEXT((#35)) GLOBAL_UNIT_ASSIGNED_CONTEXT(
(#32,#33,#34)) REPRESENTATION_CONTEXT('Context #1',
  '3D Context with UNIT and UNCERTAINTY') );
#32 = ( LENGTH_UNIT() NAMED_UNIT(*) SI_UNIT(.MILLI.,.METRE.) );
#33 = ( NAMED_UNIT(*) PLANE_ANGLE_UNIT() SI_UNIT($,.RADIAN.) );
#34 = ( NAMED_UNIT(*) SI_UNIT($,.STERADIAN.) SOLID_ANGLE_UNIT() );
#35 = UNCERTAINTY_MEASURE_WITH_UNIT(LENGTH_MEASURE(1.E-06),#32,
  'distance_accuracy_value','confusion accuracy');
#36 = PRODUCT_RELATED_PRODUCT_CATEGORY('part',$,(#7));
#37 = SHAPE_DEFINITION_REPRESENTATION(#38,#44);
#38 = PRODUCT_DEFINITION_SHAPE('','',#39);
#39 = PRODUCT_DEFINITION('design','',#40,#43);
#40 = PRODUCT_DEFINITION_FORMATION('','',#41);
#41 = PRODUCT('autotrickler v4 panel','autotrickler v4 panel','',(#42));
#42 = PRODUCT_CONTEXT('',#2,'mechanical');
#43 = PRODUCT_DEFINITION_CONTEXT('part definition',#2,'design');
#44 = ADVANCED_BREP_SHAPE_REPRESENTATION('',(#11,#45),#4617);
#45 = MANIFOLD_SOLID_BREP('',#46);
#46 = CLOSED_SHELL('',(#47,#181,#1532,#1581,#2249,#2277,#2305,#2333,
    #2360,#2388,#2415,#2443,#2470,#2498,#2525,#2553,#2560,#2725,#2776,
    #2913,#2964,#3071,#3122,#3259,#3287,#3346,#3907,#4393,#4442,#4470,
    #4498,#4526,#4554,#4582,#4610));
#47 = ADVANCED_FACE('',(#48),#63,.T.);
#48 = FACE_BOUND('',#49,.F.);
#49 = EDGE_LOOP('',(#50,#86,#126,#155));
#50 = ORIENTED_EDGE('',*,*,#51,.F.);
#51 = EDGE_CURVE('',#52,#54,#56,.T.);
#52 = VERTEX_POINT('',#53);
#53 = CARTESIAN_POINT('',(-69.86898065428,-86.48074536017,0.));
#54 = VERTEX_POINT('',#55);
#55 = CARTESIAN_POINT('',(-25.,-91.29719783046,0.));
#56 = SURFACE_CURVE('',#57,(#62,#74),.PCURVE_S1.);
#57 = CIRCLE('',#58,444.99999999999);
#58 = AXIS2_PLACEMENT_3D('',#59,#60,#61);
#59 = CARTESIAN_POINT('',(3.552713678801E-15,352.99999999999,0.));
#60 = DIRECTION('',(0.,0.,1.));
#61 = DIRECTION('',(-0.188764044944,-0.98202247191,0.));
#62 = PCURVE('',#63,#68);
#63 = CYLINDRICAL_SURFACE('',#64,444.99999999999);
#64 = AXIS2_PLACEMENT_3D('',#65,#66,#67);
#65 = CARTESIAN_POINT('',(3.552713678801E-15,352.99999999999,0.));
#66 = DIRECTION('',(-0.,-0.,-1.));
#67 = DIRECTION('',(-0.188764044944,-0.98202247191,0.));
#68 = DEFINITIONAL_REPRESENTATION('',(#69),#73);
#69 = LINE('',#70,#71);
#70 = CARTESIAN_POINT('',(-0.,0.));
#71 = VECTOR('',#72,1.);
#72 = DIRECTION('',(-1.,0.));
#73 = ( GEOMETRIC_REPRESENTATION_CONTEXT(2) 
PARAMETRIC_REPRESENTATION_CONTEXT() REPRESENTATION_CONTEXT('2D SPACE',''
  ) );
#74 = PCURVE('',#75,#80);
#75 = PLANE('',#76);
#76 = AXIS2_PLACEMENT_3D('',#77,#78,#79);
#77 = CARTESIAN_POINT('',(3.500103054784E-14,-1.144264460218E-14,0.));
#78 = DIRECTION('',(0.,0.,1.));
#79 = DIRECTION('',(1.,0.,-0.));
#80 = DEFINITIONAL_REPRESENTATION('',(#81),#85);
#81 = CIRCLE('',#82,444.99999999999);
#82 = AXIS2_PLACEMENT_2D('',#83,#84);
#83 = CARTESIAN_POINT('',(-3.144831686903E-14,352.99999999999));
#84 = DIRECTION('',(-0.188764044944,-0.98202247191));
#85 = ( GEOMETRIC_REPRESENTATION_CONTEXT(2) 
PARAMETRIC_REPRESENTATION_CONTEXT() REPRESENTATION_CONTEXT('2D SPACE',''
  ) );
#86 = ORIENTED_EDGE('',*,*,#87,.T.);
#87 = EDGE_CURVE('',#52,#88,#90,.T.);
#88 = VERTEX_POINT('',#89);
#89 = CARTESIAN_POINT('',(-69.86898065428,-86.48074536017,6.));
#90 = SURFACE_CURVE('',#91,(#97,#103),.PCURVE_S1.);
#91 = B_SPLINE_CURVE_WITH_KNOTS('',2,(#92,#93,#94,#95,#96),
  .UNSPECIFIED.,.F.,.F.,(3,1,1,3),(-0.3672,-1.931083331436E-14,6.,6.3672
    ),.UNSPECIFIED.);
#92 = CARTESIAN_POINT('',(-69.86898065428,-86.48074536017,-0.3672));
#93 = CARTESIAN_POINT('',(-69.86898065428,-86.48074536017,-0.1836));
#94 = CARTESIAN_POINT('',(-69.86898065428,-86.48074536017,3.));
#95 = CARTESIAN_POINT('',(-69.86898065428,-86.48074536017,6.1836));
#96 = CARTESIAN_POINT('',(-69.86898065428,-86.48074536017,6.3672));
#97 = PCURVE('',#63,#98);
#98 = DEFINITIONAL_REPRESENTATION('',(#99),#102);
#99 = B_SPLINE_CURVE_WITH_KNOTS('',1,(#100,#101),.UNSPECIFIED.,.F.,.F.,(
    2,2),(-1.931083331436E-14,6.),.PIECEWISE_BEZIER_KNOTS.);
#100 = CARTESIAN_POINT('',(-3.224211196062E-02,3.010612592558E-14));
#101 = CARTESIAN_POINT('',(-3.224211196062E-02,-6.));
#102 = ( GEOMETRIC_REPRESENTATION_CONTEXT(2) 
PARAMETRIC_REPRESENTATION_CONTEXT() REPRESENTATION_CONTEXT('2D SPACE',''
  ) );
#103 = PCURVE('',#104,#120);
#104 = ( BOUNDED_SURFACE() B_SPLINE_SURFACE(2,2,(
    (#105,#106,#107,#108,#109)
    ,(#110,#111,#112,#113,#114)
    ,(#115,#116,#117,#118,#119
)),.UNSPECIFIED.,.F.,.F.,.F.) B_SPLINE_SURFACE_WITH_KNOTS((3,3),(3,1,1,3
    ),(0.,6.),(-0.3672,-1.931083331436E-14,6.,6.3672),.UNSPECIFIED.) 
GEOMETRIC_REPRESENTATION_ITEM() RATIONAL_B_SPLINE_SURFACE((
    (1.,1.,1.,1.,1.)
    ,(0.809358753394,0.809358753394,0.809358753394,0.809358753394
      ,0.809358753394)
,(1.,1.,1.,1.,1.))) REPRESENTATION_ITEM('') SURFACE() );
#105 = CARTESIAN_POINT('',(-69.86898065428,-86.48074536017,-0.3672));
#106 = CARTESIAN_POINT('',(-69.86898065428,-86.48074536017,-0.1836));
#107 = CARTESIAN_POINT('',(-69.86898065428,-86.48074536017,3.));
#108 = CARTESIAN_POINT('',(-69.86898065428,-86.48074536017,6.1836));
#109 = CARTESIAN_POINT('',(-69.86898065428,-86.48074536017,6.3672));
#110 = CARTESIAN_POINT('',(-84.20206136842,-84.20206136842,-0.3672));
#111 = CARTESIAN_POINT('',(-84.20206136842,-84.20206136842,-0.1836));
#112 = CARTESIAN_POINT('',(-84.20206136842,-84.20206136842,3.));
#113 = CARTESIAN_POINT('',(-84.20206136842,-84.20206136842,6.1836));
#114 = CARTESIAN_POINT('',(-84.20206136842,-84.20206136842,6.3672));
#115 = CARTESIAN_POINT('',(-86.48074536017,-69.86898065428,-0.3672));
#116 = CARTESIAN_POINT('',(-86.48074536017,-69.86898065428,-0.1836));
#117 = CARTESIAN_POINT('',(-86.48074536017,-69.86898065428,3.));
#118 = CARTESIAN_POINT('',(-86.48074536017,-69.86898065428,6.1836));
#119 = CARTESIAN_POINT('',(-86.48074536017,-69.86898065428,6.3672));
#120 = DEFINITIONAL_REPRESENTATION('',(#121),#125);
#121 = LINE('',#122,#123);
#122 = CARTESIAN_POINT('',(0.,0.));
#123 = VECTOR('',#124,1.);
#124 = DIRECTION('',(0.,1.));
#125 = ( GEOMETRIC_REPRESENTATION_CONTEXT(2) 
PARAMETRIC_REPRESENTATION_CONTEXT() REPRESENTATION_CONTEXT('2D SPACE',''
  ) );
#126 = ORIENTED_EDGE('',*,*,#127,.T.);
#127 = EDGE_CURVE('',#88,#128,#130,.T.);
#128 = VERTEX_POINT('',#129);
#129 = CARTESIAN_POINT('',(-25.,-91.29719783046,6.));
#130 = SURFACE_CURVE('',#131,(#136,#143),.PCURVE_S1.);
#131 = CIRCLE('',#132,444.99999999999);
#132 = AXIS2_PLACEMENT_3D('',#133,#134,#135);
#133 = CARTESIAN_POINT('',(3.552713678801E-15,352.99999999999,6.));
#134 = DIRECTION('',(0.,0.,1.));
#135 = DIRECTION('',(-0.188764044944,-0.98202247191,0.));
#136 = PCURVE('',#63,#137);
#137 = DEFINITIONAL_REPRESENTATION('',(#138),#142);
#138 = LINE('',#139,#140);
#139 = CARTESIAN_POINT('',(-0.,-6.));
#140 = VECTOR('',#141,1.);
#141 = DIRECTION('',(-1.,0.));
#142 = ( GEOMETRIC_REPRESENTATION_CONTEXT(2) 
PARAMETRIC_REPRESENTATION_CONTEXT() REPRESENTATION_CONTEXT('2D SPACE',''
  ) );
#143 = PCURVE('',#144,#149);
#144 = PLANE('',#145);
#145 = AXIS2_PLACEMENT_3D('',#146,#147,#148);
#146 = CARTESIAN_POINT('',(3.500103054784E-14,-1.144264460218E-14,6.));
#147 = DIRECTION('',(0.,0.,1.));
#148 = DIRECTION('',(1.,0.,-0.));
#149 = DEFINITIONAL_REPRESENTATION('',(#150),#154);
#150 = CIRCLE('',#151,444.99999999999);
#151 = AXIS2_PLACEMENT_2D('',#152,#153);
#152 = CARTESIAN_POINT('',(-3.144831686903E-14,352.99999999999));
#153 = DIRECTION('',(-0.188764044944,-0.98202247191));
#154 = ( GEOMETRIC_REPRESENTATION_CONTEXT(2) 
PARAMETRIC_REPRESENTATION_CONTEXT() REPRESENTATION_CONTEXT('2D SPACE',''
  ) );
#155 = ORIENTED_EDGE('',*,*,#156,.T.);
#156 = EDGE_CURVE('',#128,#54,#157,.T.);
#157 = SURFACE_CURVE('',#158,(#162,#169),.PCURVE_S1.);
#158 = LINE('',#159,#160);
#159 = CARTESIAN_POINT('',(-25.,-91.29719783046,0.));
#160 = VECTOR('',#161,1.);
#161 = DIRECTION('',(-0.,-0.,-1.));
#162 = PCURVE('',#63,#163);
#163 = DEFINITIONAL_REPRESENTATION('',(#164),#168);
#164 = LINE('',#165,#166);
#165 = CARTESIAN_POINT('',(-0.133694043227,0.));
#166 = VECTOR('',#167,1.);
#167 = DIRECTION('',(-0.,1.));
#168 = ( GEOMETRIC_REPRESENTATION_CONTEXT(2) 
PARAMETRIC_REPRESENTATION_CONTEXT() REPRESENTATION_CONTEXT('2D SPACE',''
  ) );
#169 = PCURVE('',#170,#175);
#170 = PLANE('',#171);
#171 = AXIS2_PLACEMENT_3D('',#172,#173,#174);
#172 = CARTESIAN_POINT('',(-25.,-100.,0.));
#173 = DIRECTION('',(-1.,0.,0.));
#174 = DIRECTION('',(0.,1.,0.));
#175 = DEFINITIONAL_REPRESENTATION('',(#176),#180);
#176 = LINE('',#177,#178);
#177 = CARTESIAN_POINT('',(8.702802169539,0.));
#178 = VECTOR('',#179,1.);
#179 = DIRECTION('',(0.,1.));
#180 = ( GEOMETRIC_REPRESENTATION_CONTEXT(2) 
PARAMETRIC_REPRESENTATION_CONTEXT() REPRESENTATION_CONTEXT('2D SPACE',''
  ) );
#181 = ADVANCED_FACE('',(#182,#924),#75,.F.);
#182 = FACE_BOUND('',#183,.F.);
#183 = EDGE_LOOP('',(#184,#294,#295,#318,#347,#375,#404,#432,#461,#587,
    #616,#742,#771,#897));
#184 = ORIENTED_EDGE('',*,*,#185,.F.);
#185 = EDGE_CURVE('',#52,#186,#188,.T.);
#186 = VERTEX_POINT('',#187);
#187 = CARTESIAN_POINT('',(-86.48074536017,-69.86898065428,0.));
#188 = SURFACE_CURVE('',#189,(#222,#258),.PCURVE_S1.);
#189 = B_SPLINE_CURVE_WITH_KNOTS('',6,(#190,#191,#192,#193,#194,#195,
    #196,#197,#198,#199,#200,#201,#202,#203,#204,#205,#206,#207,#208,
    #209,#210,#211,#212,#213,#214,#215,#216,#217,#218,#219,#220,#221),
  .UNSPECIFIED.,.F.,.F.,(7,5,5,5,5,5,7),(0.,0.142434168826,
    0.245039253267,0.5,0.754960746733,0.857565831174,1.),.UNSPECIFIED.);
#190 = CARTESIAN_POINT('',(-69.86898065428,-86.48074536017,0.));
#191 = CARTESIAN_POINT('',(-70.45542231588,-86.38751242211,0.));
#192 = CARTESIAN_POINT('',(-71.03895925372,-86.27331900785,0.));
#193 = CARTESIAN_POINT('',(-71.61860632588,-86.13826538431,0.));
#194 = CARTESIAN_POINT('',(-72.19339209539,-85.98251554485,0.));
#195 = CARTESIAN_POINT('',(-72.76235883031,-85.8062972093,0.));
#196 = CARTESIAN_POINT('',(-73.7295563044,-85.46842478044,0.));
#197 = CARTESIAN_POINT('',(-74.13104180211,-85.31647676559,0.));
#198 = CARTESIAN_POINT('',(-74.52866683485,-85.15416647018,0.));
#199 = CARTESIAN_POINT('',(-74.92208556327,-84.98161862987,0.));
#200 = CARTESIAN_POINT('',(-75.31095847067,-84.79897402522,0.));
#201 = CARTESIAN_POINT('',(-76.64912895221,-84.12784108132,0.));
#202 = CARTESIAN_POINT('',(-77.57321023549,-83.58790211655,0.));
#203 = CARTESIAN_POINT('',(-78.46202785162,-82.98899821472,0.));
#204 = CARTESIAN_POINT('',(-79.31080745938,-82.3341213516,0.));
#205 = CARTESIAN_POINT('',(-80.11512042099,-81.62675432342,0.));
#206 = CARTESIAN_POINT('',(-81.62675432341,-80.11512042099,0.));
#207 = CARTESIAN_POINT('',(-82.3341213516,-79.31080745939,0.));
#208 = CARTESIAN_POINT('',(-82.98899821472,-78.46202785162,0.));
#209 = CARTESIAN_POINT('',(-83.58790211655,-77.57321023549,0.));
#210 = CARTESIAN_POINT('',(-84.12784108132,-76.64912895221,0.));
#211 = CARTESIAN_POINT('',(-84.79897402522,-75.31095847067,0.));
#212 = CARTESIAN_POINT('',(-84.98161862987,-74.92208556327,0.));
#213 = CARTESIAN_POINT('',(-85.15416647018,-74.52866683485,0.));
#214 = CARTESIAN_POINT('',(-85.31647676559,-74.13104180211,0.));
#215 = CARTESIAN_POINT('',(-85.46842478044,-73.7295563044,0.));
#216 = CARTESIAN_POINT('',(-85.8062972093,-72.76235883031,0.));
#217 = CARTESIAN_POINT('',(-85.98251554485,-72.19339209539,0.));
#218 = CARTESIAN_POINT('',(-86.13826538431,-71.61860632588,0.));
#219 = CARTESIAN_POINT('',(-86.27331900785,-71.03895925372,0.));
#220 = CARTESIAN_POINT('',(-86.38751242211,-70.45542231588,0.));
#221 = CARTESIAN_POINT('',(-86.48074536017,-69.86898065428,0.));
#222 = PCURVE('',#75,#223);
#223 = DEFINITIONAL_REPRESENTATION('',(#224),#257);
#224 = B_SPLINE_CURVE_WITH_KNOTS('',6,(#225,#226,#227,#228,#229,#230,
    #231,#232,#233,#234,#235,#236,#237,#238,#239,#240,#241,#242,#243,
    #244,#245,#246,#247,#248,#249,#250,#251,#252,#253,#254,#255,#256),
  .UNSPECIFIED.,.F.,.F.,(7,5,5,5,5,5,7),(0.,0.142434168826,
    0.245039253267,0.5,0.754960746733,0.857565831174,1.),.UNSPECIFIED.);
#225 = CARTESIAN_POINT('',(-69.86898065428,-86.48074536017));
#226 = CARTESIAN_POINT('',(-70.45542231588,-86.38751242211));
#227 = CARTESIAN_POINT('',(-71.03895925372,-86.27331900785));
#228 = CARTESIAN_POINT('',(-71.61860632588,-86.13826538431));
#229 = CARTESIAN_POINT('',(-72.19339209539,-85.98251554485));
#230 = CARTESIAN_POINT('',(-72.76235883031,-85.8062972093));
#231 = CARTESIAN_POINT('',(-73.7295563044,-85.46842478044));
#232 = CARTESIAN_POINT('',(-74.13104180211,-85.31647676559));
#233 = CARTESIAN_POINT('',(-74.52866683485,-85.15416647018));
#234 = CARTESIAN_POINT('',(-74.92208556327,-84.98161862987));
#235 = CARTESIAN_POINT('',(-75.31095847067,-84.79897402522));
#236 = CARTESIAN_POINT('',(-76.64912895221,-84.12784108132));
#237 = CARTESIAN_POINT('',(-77.57321023549,-83.58790211655));
#238 = CARTESIAN_POINT('',(-78.46202785162,-82.98899821472));
#239 = CARTESIAN_POINT('',(-79.31080745938,-82.3341213516));
#240 = CARTESIAN_POINT('',(-80.11512042099,-81.62675432342));
#241 = CARTESIAN_POINT('',(-81.62675432341,-80.11512042099));
#242 = CARTESIAN_POINT('',(-82.3341213516,-79.31080745939));
#243 = CARTESIAN_POINT('',(-82.98899821472,-78.46202785162));
#244 = CARTESIAN_POINT('',(-83.58790211655,-77.57321023549));
#245 = CARTESIAN_POINT('',(-84.12784108132,-76.64912895221));
#246 = CARTESIAN_POINT('',(-84.79897402522,-75.31095847067));
#247 = CARTESIAN_POINT('',(-84.98161862987,-74.92208556327));
#248 = CARTESIAN_POINT('',(-85.15416647018,-74.52866683485));
#249 = CARTESIAN_POINT('',(-85.31647676559,-74.13104180211));
#250 = CARTESIAN_POINT('',(-85.46842478044,-73.7295563044));
#251 = CARTESIAN_POINT('',(-85.8062972093,-72.76235883031));
#252 = CARTESIAN_POINT('',(-85.98251554485,-72.19339209539));
#253 = CARTESIAN_POINT('',(-86.13826538431,-71.61860632588));
#254 = CARTESIAN_POINT('',(-86.27331900785,-71.03895925372));
#255 = CARTESIAN_POINT('',(-86.38751242211,-70.45542231588));
#256 = CARTESIAN_POINT('',(-86.48074536017,-69.86898065428));
#257 = ( GEOMETRIC_REPRESENTATION_CONTEXT(2) 
PARAMETRIC_REPRESENTATION_CONTEXT() REPRESENTATION_CONTEXT('2D SPACE',''
  ) );
#258 = PCURVE('',#104,#259);
#259 = DEFINITIONAL_REPRESENTATION('',(#260),#293);
#260 = B_SPLINE_CURVE_WITH_KNOTS('',6,(#261,#262,#263,#264,#265,#266,
    #267,#268,#269,#270,#271,#272,#273,#274,#275,#276,#277,#278,#279,
    #280,#281,#282,#283,#284,#285,#286,#287,#288,#289,#290,#291,#292),
  .UNSPECIFIED.,.F.,.F.,(7,5,5,5,5,5,7),(0.,0.142434168826,
    0.245039253267,0.5,0.754960746733,0.857565831174,1.),.UNSPECIFIED.);
#261 = CARTESIAN_POINT('',(0.,1.075138242324E-14));
#262 = CARTESIAN_POINT('',(0.151658045853,1.03319073837E-14));
#263 = CARTESIAN_POINT('',(0.301669982505,9.852950027664E-15));
#264 = CARTESIAN_POINT('',(0.450177776011,9.24893815776E-15));
#265 = CARTESIAN_POINT('',(0.597316995211,8.519934770342E-15));
#266 = CARTESIAN_POINT('',(0.743216811734,7.731638055492E-15));
#267 = CARTESIAN_POINT('',(0.992297243984,6.499412682972E-15));
#268 = CARTESIAN_POINT('',(1.096015325263,6.003175526762E-15));
#269 = CARTESIAN_POINT('',(1.199200312871,5.525297224717E-15));
#270 = CARTESIAN_POINT('',(1.301897115575,5.042112619804E-15));
#271 = CARTESIAN_POINT('',(1.404149481874,4.507664101623E-15));
#272 = CARTESIAN_POINT('',(1.759085744217,2.22868694926E-15));
#273 = CARTESIAN_POINT('',(2.009698223488,4.639613824044E-17));
#274 = CARTESIAN_POINT('',(2.258476489206,-1.710639128916E-15));
#275 = CARTESIAN_POINT('',(2.506049586325,-3.672376913353E-15));
#276 = CARTESIAN_POINT('',(2.753028523907,-5.981037873639E-15));
#277 = CARTESIAN_POINT('',(3.246971476092,-1.070914094467E-14));
#278 = CARTESIAN_POINT('',(3.493950413675,-1.340748860964E-14));
#279 = CARTESIAN_POINT('',(3.741523510794,-1.575096039514E-14));
#280 = CARTESIAN_POINT('',(3.990301776512,-1.846448572872E-14));
#281 = CARTESIAN_POINT('',(4.240914255783,-2.103201248486E-14));
#282 = CARTESIAN_POINT('',(4.595850518125,-2.504680376077E-14));
#283 = CARTESIAN_POINT('',(4.698102884425,-2.621004990568E-14));
#284 = CARTESIAN_POINT('',(4.800799687129,-2.73837009425E-14));
#285 = CARTESIAN_POINT('',(4.903984674737,-2.856685454941E-14));
#286 = CARTESIAN_POINT('',(5.007702756016,-2.975848536018E-14));
#287 = CARTESIAN_POINT('',(5.256783188266,-3.262181486913E-14));
#288 = CARTESIAN_POINT('',(5.402683004789,-3.430171284641E-14));
#289 = CARTESIAN_POINT('',(5.549822223989,-3.599133693065E-14));
#290 = CARTESIAN_POINT('',(5.698330017495,-3.768749307198E-14));
#291 = CARTESIAN_POINT('',(5.848341954147,-3.938959513607E-14));
#292 = CARTESIAN_POINT('',(6.,-4.109966490404E-14));
#293 = ( GEOMETRIC_REPRESENTATION_CONTEXT(2) 
PARAMETRIC_REPRESENTATION_CONTEXT() REPRESENTATION_CONTEXT('2D SPACE',''
  ) );
#294 = ORIENTED_EDGE('',*,*,#51,.T.);
#295 = ORIENTED_EDGE('',*,*,#296,.F.);
#296 = EDGE_CURVE('',#297,#54,#299,.T.);
#297 = VERTEX_POINT('',#298);
#298 = CARTESIAN_POINT('',(-25.,-100.,0.));
#299 = SURFACE_CURVE('',#300,(#304,#311),.PCURVE_S1.);
#300 = LINE('',#301,#302);
#301 = CARTESIAN_POINT('',(-25.,-85.,0.));
#302 = VECTOR('',#303,1.);
#303 = DIRECTION('',(0.,1.,0.));
#304 = PCURVE('',#75,#305);
#305 = DEFINITIONAL_REPRESENTATION('',(#306),#310);
#306 = LINE('',#307,#308);
#307 = CARTESIAN_POINT('',(-25.,-85.));
#308 = VECTOR('',#309,1.);
#309 = DIRECTION('',(0.,1.));
#310 = ( GEOMETRIC_REPRESENTATION_CONTEXT(2) 
PARAMETRIC_REPRESENTATION_CONTEXT() REPRESENTATION_CONTEXT('2D SPACE',''
  ) );
#311 = PCURVE('',#170,#312);
#312 = DEFINITIONAL_REPRESENTATION('',(#313),#317);
#313 = LINE('',#314,#315);
#314 = CARTESIAN_POINT('',(15.,0.));
#315 = VECTOR('',#316,1.);
#316 = DIRECTION('',(1.,0.));
#317 = ( GEOMETRIC_REPRESENTATION_CONTEXT(2) 
PARAMETRIC_REPRESENTATION_CONTEXT() REPRESENTATION_CONTEXT('2D SPACE',''
  ) );
#318 = ORIENTED_EDGE('',*,*,#319,.T.);
#319 = EDGE_CURVE('',#297,#320,#322,.T.);
#320 = VERTEX_POINT('',#321);
#321 = CARTESIAN_POINT('',(-17.,-108.,0.));
#322 = SURFACE_CURVE('',#323,(#328,#335),.PCURVE_S1.);
#323 = CIRCLE('',#324,8.);
#324 = AXIS2_PLACEMENT_3D('',#325,#326,#327);
#325 = CARTESIAN_POINT('',(-17.,-100.,0.));
#326 = DIRECTION('',(0.,0.,1.));
#327 = DIRECTION('',(1.,0.,0.));
#328 = PCURVE('',#75,#329);
#329 = DEFINITIONAL_REPRESENTATION('',(#330),#334);
#330 = CIRCLE('',#331,8.);
#331 = AXIS2_PLACEMENT_2D('',#332,#333);
#332 = CARTESIAN_POINT('',(-17.,-100.));
#333 = DIRECTION('',(1.,0.));
#334 = ( GEOMETRIC_REPRESENTATION_CONTEXT(2) 
PARAMETRIC_REPRESENTATION_CONTEXT() REPRESENTATION_CONTEXT('2D SPACE',''
  ) );
#335 = PCURVE('',#336,#341);
#336 = CYLINDRICAL_SURFACE('',#337,8.);
#337 = AXIS2_PLACEMENT_3D('',#338,#339,#340);
#338 = CARTESIAN_POINT('',(-17.,-100.,0.));
#339 = DIRECTION('',(-0.,-0.,-1.));
#340 = DIRECTION('',(1.,0.,0.));
#341 = DEFINITIONAL_REPRESENTATION('',(#342),#346);
#342 = LINE('',#343,#344);
#343 = CARTESIAN_POINT('',(-0.,0.));
#344 = VECTOR('',#345,1.);
#345 = DIRECTION('',(-1.,0.));
#346 = ( GEOMETRIC_REPRESENTATION_CONTEXT(2) 
PARAMETRIC_REPRESENTATION_CONTEXT() REPRESENTATION_CONTEXT('2D SPACE',''
  ) );
#347 = ORIENTED_EDGE('',*,*,#348,.T.);
#348 = EDGE_CURVE('',#320,#349,#351,.T.);
#349 = VERTEX_POINT('',#350);
#350 = CARTESIAN_POINT('',(17.,-108.,0.));
#351 = SURFACE_CURVE('',#352,(#356,#363),.PCURVE_S1.);
#352 = LINE('',#353,#354);
#353 = CARTESIAN_POINT('',(0.,-108.,0.));
#354 = VECTOR('',#355,1.);
#355 = DIRECTION('',(1.,0.,0.));
#356 = PCURVE('',#75,#357);
#357 = DEFINITIONAL_REPRESENTATION('',(#358),#362);
#358 = LINE('',#359,#360);
#359 = CARTESIAN_POINT('',(-3.500103054784E-14,-108.));
#360 = VECTOR('',#361,1.);
#361 = DIRECTION('',(1.,0.));
#362 = ( GEOMETRIC_REPRESENTATION_CONTEXT(2) 
PARAMETRIC_REPRESENTATION_CONTEXT() REPRESENTATION_CONTEXT('2D SPACE',''
  ) );
#363 = PCURVE('',#364,#369);
#364 = PLANE('',#365);
#365 = AXIS2_PLACEMENT_3D('',#366,#367,#368);
#366 = CARTESIAN_POINT('',(-17.,-108.,0.));
#367 = DIRECTION('',(0.,1.,0.));
#368 = DIRECTION('',(1.,0.,0.));
#369 = DEFINITIONAL_REPRESENTATION('',(#370),#374);
#370 = LINE('',#371,#372);
#371 = CARTESIAN_POINT('',(17.,0.));
#372 = VECTOR('',#373,1.);
#373 = DIRECTION('',(1.,0.));
#374 = ( GEOMETRIC_REPRESENTATION_CONTEXT(2) 
PARAMETRIC_REPRESENTATION_CONTEXT() REPRESENTATION_CONTEXT('2D SPACE',''
  ) );
#375 = ORIENTED_EDGE('',*,*,#376,.T.);
#376 = EDGE_CURVE('',#349,#377,#379,.T.);
#377 = VERTEX_POINT('',#378);
#378 = CARTESIAN_POINT('',(25.,-100.,0.));
#379 = SURFACE_CURVE('',#380,(#385,#392),.PCURVE_S1.);
#380 = CIRCLE('',#381,8.);
#381 = AXIS2_PLACEMENT_3D('',#382,#383,#384);
#382 = CARTESIAN_POINT('',(17.,-100.,0.));
#383 = DIRECTION('',(0.,0.,1.));
#384 = DIRECTION('',(1.,0.,0.));
#385 = PCURVE('',#75,#386);
#386 = DEFINITIONAL_REPRESENTATION('',(#387),#391);
#387 = CIRCLE('',#388,8.);
#388 = AXIS2_PLACEMENT_2D('',#389,#390);
#389 = CARTESIAN_POINT('',(17.,-100.));
#390 = DIRECTION('',(1.,0.));
#391 = ( GEOMETRIC_REPRESENTATION_CONTEXT(2) 
PARAMETRIC_REPRESENTATION_CONTEXT() REPRESENTATION_CONTEXT('2D SPACE',''
  ) );
#392 = PCURVE('',#393,#398);
#393 = CYLINDRICAL_SURFACE('',#394,8.);
#394 = AXIS2_PLACEMENT_3D('',#395,#396,#397);
#395 = CARTESIAN_POINT('',(17.,-100.,0.));
#396 = DIRECTION('',(-0.,-0.,-1.));
#397 = DIRECTION('',(1.,0.,0.));
#398 = DEFINITIONAL_REPRESENTATION('',(#399),#403);
#399 = LINE('',#400,#401);
#400 = CARTESIAN_POINT('',(-0.,0.));
#401 = VECTOR('',#402,1.);
#402 = DIRECTION('',(-1.,0.));
#403 = ( GEOMETRIC_REPRESENTATION_CONTEXT(2) 
PARAMETRIC_REPRESENTATION_CONTEXT() REPRESENTATION_CONTEXT('2D SPACE',''
  ) );
#404 = ORIENTED_EDGE('',*,*,#405,.T.);
#405 = EDGE_CURVE('',#377,#406,#408,.T.);
#406 = VERTEX_POINT('',#407);
#407 = CARTESIAN_POINT('',(25.000000000007,-91.29719783046,0.));
#408 = SURFACE_CURVE('',#409,(#413,#420),.PCURVE_S1.);
#409 = LINE('',#410,#411);
#410 = CARTESIAN_POINT('',(25.,-85.,0.));
#411 = VECTOR('',#412,1.);
#412 = DIRECTION('',(0.,1.,0.));
#413 = PCURVE('',#75,#414);
#414 = DEFINITIONAL_REPRESENTATION('',(#415),#419);
#415 = LINE('',#416,#417);
#416 = CARTESIAN_POINT('',(25.,-85.));
#417 = VECTOR('',#418,1.);
#418 = DIRECTION('',(0.,1.));
#419 = ( GEOMETRIC_REPRESENTATION_CONTEXT(2) 
PARAMETRIC_REPRESENTATION_CONTEXT() REPRESENTATION_CONTEXT('2D SPACE',''
  ) );
#420 = PCURVE('',#421,#426);
#421 = PLANE('',#422);
#422 = AXIS2_PLACEMENT_3D('',#423,#424,#425);
#423 = CARTESIAN_POINT('',(25.,-100.,0.));
#424 = DIRECTION('',(-1.,0.,0.));
#425 = DIRECTION('',(0.,1.,0.));
#426 = DEFINITIONAL_REPRESENTATION('',(#427),#431);
#427 = LINE('',#428,#429);
#428 = CARTESIAN_POINT('',(15.,0.));
#429 = VECTOR('',#430,1.);
#430 = DIRECTION('',(1.,0.));
#431 = ( GEOMETRIC_REPRESENTATION_CONTEXT(2) 
PARAMETRIC_REPRESENTATION_CONTEXT() REPRESENTATION_CONTEXT('2D SPACE',''
  ) );
#432 = ORIENTED_EDGE('',*,*,#433,.T.);
#433 = EDGE_CURVE('',#406,#434,#436,.T.);
#434 = VERTEX_POINT('',#435);
#435 = CARTESIAN_POINT('',(69.868980654288,-86.48074536017,0.));
#436 = SURFACE_CURVE('',#437,(#442,#449),.PCURVE_S1.);
#437 = CIRCLE('',#438,444.99999999999);
#438 = AXIS2_PLACEMENT_3D('',#439,#440,#441);
#439 = CARTESIAN_POINT('',(3.552713678801E-15,352.99999999999,0.));
#440 = DIRECTION('',(0.,0.,1.));
#441 = DIRECTION('',(-0.188764044944,-0.98202247191,0.));
#442 = PCURVE('',#75,#443);
#443 = DEFINITIONAL_REPRESENTATION('',(#444),#448);
#444 = CIRCLE('',#445,444.99999999999);
#445 = AXIS2_PLACEMENT_2D('',#446,#447);
#446 = CARTESIAN_POINT('',(-3.144831686903E-14,352.99999999999));
#447 = DIRECTION('',(-0.188764044944,-0.98202247191));
#448 = ( GEOMETRIC_REPRESENTATION_CONTEXT(2) 
PARAMETRIC_REPRESENTATION_CONTEXT() REPRESENTATION_CONTEXT('2D SPACE',''
  ) );
#449 = PCURVE('',#450,#455);
#450 = CYLINDRICAL_SURFACE('',#451,444.99999999999);
#451 = AXIS2_PLACEMENT_3D('',#452,#453,#454);
#452 = CARTESIAN_POINT('',(3.552713678801E-15,352.99999999999,0.));
#453 = DIRECTION('',(-0.,-0.,-1.));
#454 = DIRECTION('',(-0.188764044944,-0.98202247191,0.));
#455 = DEFINITIONAL_REPRESENTATION('',(#456),#460);
#456 = LINE('',#457,#458);
#457 = CARTESIAN_POINT('',(-0.,0.));
#458 = VECTOR('',#459,1.);
#459 = DIRECTION('',(-1.,0.));
#460 = ( GEOMETRIC_REPRESENTATION_CONTEXT(2) 
PARAMETRIC_REPRESENTATION_CONTEXT() REPRESENTATION_CONTEXT('2D SPACE',''
  ) );
#461 = ORIENTED_EDGE('',*,*,#462,.T.);
#462 = EDGE_CURVE('',#434,#463,#465,.T.);
#463 = VERTEX_POINT('',#464);
#464 = CARTESIAN_POINT('',(86.48074536017,-69.86898065428,0.));
#465 = SURFACE_CURVE('',#466,(#499,#535),.PCURVE_S1.);
#466 = B_SPLINE_CURVE_WITH_KNOTS('',6,(#467,#468,#469,#470,#471,#472,
    #473,#474,#475,#476,#477,#478,#479,#480,#481,#482,#483,#484,#485,
    #486,#487,#488,#489,#490,#491,#492,#493,#494,#495,#496,#497,#498),
  .UNSPECIFIED.,.F.,.F.,(7,5,5,5,5,5,7),(0.,0.142434168826,
    0.245039253267,0.5,0.754960746733,0.857565831174,1.),.UNSPECIFIED.);
#467 = CARTESIAN_POINT('',(69.868980654288,-86.48074536017,0.));
#468 = CARTESIAN_POINT('',(70.45542231588,-86.38751242211,0.));
#469 = CARTESIAN_POINT('',(71.038959253728,-86.27331900785,0.));
#470 = CARTESIAN_POINT('',(71.618606325882,-86.13826538431,0.));
#471 = CARTESIAN_POINT('',(72.193392095393,-85.98251554485,0.));
#472 = CARTESIAN_POINT('',(72.762358830316,-85.8062972093,0.));
#473 = CARTESIAN_POINT('',(73.729556304404,-85.46842478044,0.));
#474 = CARTESIAN_POINT('',(74.131041802113,-85.31647676559,0.));
#475 = CARTESIAN_POINT('',(74.528666834854,-85.15416647018,0.));
#476 = CARTESIAN_POINT('',(74.922085563279,-84.98161862987,0.));
#477 = CARTESIAN_POINT('',(75.31095847067,-84.79897402522,0.));
#478 = CARTESIAN_POINT('',(76.649128952212,-84.12784108132,0.));
#479 = CARTESIAN_POINT('',(77.573210235488,-83.58790211655,0.));
#480 = CARTESIAN_POINT('',(78.462027851628,-82.98899821472,0.));
#481 = CARTESIAN_POINT('',(79.310807459388,-82.3341213516,0.));
#482 = CARTESIAN_POINT('',(80.115120420997,-81.62675432342,0.));
#483 = CARTESIAN_POINT('',(81.62675432342,-80.11512042099,0.));
#484 = CARTESIAN_POINT('',(82.3341213516,-79.31080745939,0.));
#485 = CARTESIAN_POINT('',(82.988998214727,-78.46202785162,0.));
#486 = CARTESIAN_POINT('',(83.587902116553,-77.57321023549,0.));
#487 = CARTESIAN_POINT('',(84.127841081321,-76.64912895221,0.));
#488 = CARTESIAN_POINT('',(84.798974025227,-75.31095847067,0.));
#489 = CARTESIAN_POINT('',(84.981618629876,-74.92208556327,0.));
#490 = CARTESIAN_POINT('',(85.154166470186,-74.52866683485,0.));
#491 = CARTESIAN_POINT('',(85.316476765597,-74.13104180211,0.));
#492 = CARTESIAN_POINT('',(85.468424780441,-73.7295563044,0.));
#493 = CARTESIAN_POINT('',(85.806297209306,-72.76235883031,0.));
#494 = CARTESIAN_POINT('',(85.982515544854,-72.19339209539,0.));
#495 = CARTESIAN_POINT('',(86.138265384311,-71.61860632588,0.));
#496 = CARTESIAN_POINT('',(86.273319007855,-71.03895925372,0.));
#497 = CARTESIAN_POINT('',(86.387512422115,-70.45542231588,0.));
#498 = CARTESIAN_POINT('',(86.48074536017,-69.86898065428,0.));
#499 = PCURVE('',#75,#500);
#500 = DEFINITIONAL_REPRESENTATION('',(#501),#534);
#501 = B_SPLINE_CURVE_WITH_KNOTS('',6,(#502,#503,#504,#505,#506,#507,
    #508,#509,#510,#511,#512,#513,#514,#515,#516,#517,#518,#519,#520,
    #521,#522,#523,#524,#525,#526,#527,#528,#529,#530,#531,#532,#533),
  .UNSPECIFIED.,.F.,.F.,(7,5,5,5,5,5,7),(0.,0.142434168826,
    0.245039253267,0.5,0.754960746733,0.857565831174,1.),.UNSPECIFIED.);
#502 = CARTESIAN_POINT('',(69.868980654288,-86.48074536017));
#503 = CARTESIAN_POINT('',(70.45542231588,-86.38751242211));
#504 = CARTESIAN_POINT('',(71.038959253728,-86.27331900785));
#505 = CARTESIAN_POINT('',(71.618606325882,-86.13826538431));
#506 = CARTESIAN_POINT('',(72.193392095393,-85.98251554485));
#507 = CARTESIAN_POINT('',(72.762358830316,-85.8062972093));
#508 = CARTESIAN_POINT('',(73.729556304404,-85.46842478044));
#509 = CARTESIAN_POINT('',(74.131041802113,-85.31647676559));
#510 = CARTESIAN_POINT('',(74.528666834854,-85.15416647018));
#511 = CARTESIAN_POINT('',(74.922085563279,-84.98161862987));
#512 = CARTESIAN_POINT('',(75.31095847067,-84.79897402522));
#513 = CARTESIAN_POINT('',(76.649128952212,-84.12784108132));
#514 = CARTESIAN_POINT('',(77.573210235488,-83.58790211655));
#515 = CARTESIAN_POINT('',(78.462027851627,-82.98899821472));
#516 = CARTESIAN_POINT('',(79.310807459388,-82.3341213516));
#517 = CARTESIAN_POINT('',(80.115120420997,-81.62675432342));
#518 = CARTESIAN_POINT('',(81.626754323419,-80.11512042099));
#519 = CARTESIAN_POINT('',(82.3341213516,-79.31080745939));
#520 = CARTESIAN_POINT('',(82.988998214727,-78.46202785162));
#521 = CARTESIAN_POINT('',(83.587902116553,-77.57321023549));
#522 = CARTESIAN_POINT('',(84.127841081321,-76.64912895221));
#523 = CARTESIAN_POINT('',(84.798974025227,-75.31095847067));
#524 = CARTESIAN_POINT('',(84.981618629876,-74.92208556327));
#525 = CARTESIAN_POINT('',(85.154166470186,-74.52866683485));
#526 = CARTESIAN_POINT('',(85.316476765597,-74.13104180211));
#527 = CARTESIAN_POINT('',(85.468424780441,-73.7295563044));
#528 = CARTESIAN_POINT('',(85.806297209306,-72.76235883031));
#529 = CARTESIAN_POINT('',(85.982515544854,-72.19339209539));
#530 = CARTESIAN_POINT('',(86.138265384311,-71.61860632588));
#531 = CARTESIAN_POINT('',(86.273319007855,-71.03895925372));
#532 = CARTESIAN_POINT('',(86.387512422115,-70.45542231588));
#533 = CARTESIAN_POINT('',(86.48074536017,-69.86898065428));
#534 = ( GEOMETRIC_REPRESENTATION_CONTEXT(2) 
PARAMETRIC_REPRESENTATION_CONTEXT() REPRESENTATION_CONTEXT('2D SPACE',''
  ) );
#535 = PCURVE('',#536,#552);
#536 = ( BOUNDED_SURFACE() B_SPLINE_SURFACE(2,2,(
    (#537,#538,#539,#540,#541)
    ,(#542,#543,#544,#545,#546)
    ,(#547,#548,#549,#550,#551
)),.UNSPECIFIED.,.F.,.F.,.F.) B_SPLINE_SURFACE_WITH_KNOTS((3,3),(3,1,1,3
    ),(0.,6.),(-0.3672,-1.658834375557E-15,6.,6.3672),.UNSPECIFIED.) 
GEOMETRIC_REPRESENTATION_ITEM() RATIONAL_B_SPLINE_SURFACE((
    (1.,1.,1.,1.,1.)
    ,(0.809358753394,0.809358753394,0.809358753394,0.809358753394
      ,0.809358753394)
,(1.,1.,1.,1.,1.))) REPRESENTATION_ITEM('') SURFACE() );
#537 = CARTESIAN_POINT('',(69.868980654288,-86.48074536017,-0.3672));
#538 = CARTESIAN_POINT('',(69.868980654288,-86.48074536017,-0.1836));
#539 = CARTESIAN_POINT('',(69.868980654288,-86.48074536017,3.));
#540 = CARTESIAN_POINT('',(69.868980654288,-86.48074536017,6.1836));
#541 = CARTESIAN_POINT('',(69.868980654288,-86.48074536017,6.3672));
#542 = CARTESIAN_POINT('',(84.202061368425,-84.20206136842,-0.3672));
#543 = CARTESIAN_POINT('',(84.202061368425,-84.20206136842,-0.1836));
#544 = CARTESIAN_POINT('',(84.202061368425,-84.20206136842,3.));
#545 = CARTESIAN_POINT('',(84.202061368425,-84.20206136842,6.1836));
#546 = CARTESIAN_POINT('',(84.202061368425,-84.20206136842,6.3672));
#547 = CARTESIAN_POINT('',(86.48074536017,-69.86898065428,-0.3672));
#548 = CARTESIAN_POINT('',(86.48074536017,-69.86898065428,-0.1836));
#549 = CARTESIAN_POINT('',(86.48074536017,-69.86898065428,3.));
#550 = CARTESIAN_POINT('',(86.48074536017,-69.86898065428,6.1836));
#551 = CARTESIAN_POINT('',(86.48074536017,-69.86898065428,6.3672));
#552 = DEFINITIONAL_REPRESENTATION('',(#553),#586);
#553 = B_SPLINE_CURVE_WITH_KNOTS('',6,(#554,#555,#556,#557,#558,#559,
    #560,#561,#562,#563,#564,#565,#566,#567,#568,#569,#570,#571,#572,
    #573,#574,#575,#576,#577,#578,#579,#580,#581,#582,#583,#584,#585),
  .UNSPECIFIED.,.F.,.F.,(7,5,5,5,5,5,7),(0.,0.142434168826,
    0.245039253267,0.5,0.754960746733,0.857565831174,1.),.UNSPECIFIED.);
#554 = CARTESIAN_POINT('',(0.,4.631277999989E-15));
#555 = CARTESIAN_POINT('',(0.151658045853,4.373579829521E-15));
#556 = CARTESIAN_POINT('',(0.301669982505,4.228475009242E-15));
#557 = CARTESIAN_POINT('',(0.450177776011,4.08686407544E-15));
#558 = CARTESIAN_POINT('',(0.597316995211,3.895404482587E-15));
#559 = CARTESIAN_POINT('',(0.743216811734,3.656510603336E-15));
#560 = CARTESIAN_POINT('',(0.992297243984,3.263996709425E-15));
#561 = CARTESIAN_POINT('',(1.096015325263,3.085364371508E-15));
#562 = CARTESIAN_POINT('',(1.199200312871,2.937929735916E-15));
#563 = CARTESIAN_POINT('',(1.301897115575,2.830365187997E-15));
#564 = CARTESIAN_POINT('',(1.404149481874,2.734542477309E-15));
#565 = CARTESIAN_POINT('',(1.759085744217,2.215262181739E-15));
#566 = CARTESIAN_POINT('',(2.009698223488,2.265670770223E-15));
#567 = CARTESIAN_POINT('',(2.258476489207,7.315862413402E-16));
#568 = CARTESIAN_POINT('',(2.506049586325,2.136846947702E-15));
#569 = CARTESIAN_POINT('',(2.753028523907,9.367030861108E-16));
#570 = CARTESIAN_POINT('',(3.246971476093,4.485221142616E-16));
#571 = CARTESIAN_POINT('',(3.493950413675,1.857781558456E-16));
#572 = CARTESIAN_POINT('',(3.741523510794,2.587293568638E-16));
#573 = CARTESIAN_POINT('',(3.990301776512,-7.655245058916E-17));
#574 = CARTESIAN_POINT('',(4.240914255783,-1.637095330926E-16));
#575 = CARTESIAN_POINT('',(4.595850518125,-2.937268441463E-16));
#576 = CARTESIAN_POINT('',(4.698102884425,-3.257421706318E-16));
#577 = CARTESIAN_POINT('',(4.800799687129,-3.525174494301E-16));
#578 = CARTESIAN_POINT('',(4.903984674737,-3.741115228712E-16));
#579 = CARTESIAN_POINT('',(5.007702756016,-3.905884117972E-16));
#580 = CARTESIAN_POINT('',(5.256783188266,-4.178826736698E-16));
#581 = CARTESIAN_POINT('',(5.402683004789,-2.989826607734E-16));
#582 = CARTESIAN_POINT('',(5.549822223989,-2.911766880607E-16));
#583 = CARTESIAN_POINT('',(5.698330017495,-4.562256482098E-16));
#584 = CARTESIAN_POINT('',(5.848341954147,-6.717919153886E-16));
#585 = CARTESIAN_POINT('',(6.,-6.314393452556E-16));
#586 = ( GEOMETRIC_REPRESENTATION_CONTEXT(2) 
PARAMETRIC_REPRESENTATION_CONTEXT() REPRESENTATION_CONTEXT('2D SPACE',''
  ) );
#587 = ORIENTED_EDGE('',*,*,#588,.T.);
#588 = EDGE_CURVE('',#463,#589,#591,.T.);
#589 = VERTEX_POINT('',#590);
#590 = CARTESIAN_POINT('',(86.48074536017,69.868980654288,0.));
#591 = SURFACE_CURVE('',#592,(#597,#604),.PCURVE_S1.);
#592 = CIRCLE('',#593,445.);
#593 = AXIS2_PLACEMENT_3D('',#594,#595,#596);
#594 = CARTESIAN_POINT('',(-353.,-9.592326932761E-14,0.));
#595 = DIRECTION('',(0.,-0.,1.));
#596 = DIRECTION('',(0.98202247191,-0.188764044944,-0.));
#597 = PCURVE('',#75,#598);
#598 = DEFINITIONAL_REPRESENTATION('',(#599),#603);
#599 = CIRCLE('',#600,445.);
#600 = AXIS2_PLACEMENT_2D('',#601,#602);
#601 = CARTESIAN_POINT('',(-353.,-8.448062472544E-14));
#602 = DIRECTION('',(0.98202247191,-0.188764044944));
#603 = ( GEOMETRIC_REPRESENTATION_CONTEXT(2) 
PARAMETRIC_REPRESENTATION_CONTEXT() REPRESENTATION_CONTEXT('2D SPACE',''
  ) );
#604 = PCURVE('',#605,#610);
#605 = CYLINDRICAL_SURFACE('',#606,445.);
#606 = AXIS2_PLACEMENT_3D('',#607,#608,#609);
#607 = CARTESIAN_POINT('',(-353.,-9.592326932761E-14,0.));
#608 = DIRECTION('',(-0.,0.,-1.));
#609 = DIRECTION('',(0.98202247191,-0.188764044944,-0.));
#610 = DEFINITIONAL_REPRESENTATION('',(#611),#615);
#611 = LINE('',#612,#613);
#612 = CARTESIAN_POINT('',(-0.,0.));
#613 = VECTOR('',#614,1.);
#614 = DIRECTION('',(-1.,0.));
#615 = ( GEOMETRIC_REPRESENTATION_CONTEXT(2) 
PARAMETRIC_REPRESENTATION_CONTEXT() REPRESENTATION_CONTEXT('2D SPACE',''
  ) );
#616 = ORIENTED_EDGE('',*,*,#617,.T.);
#617 = EDGE_CURVE('',#589,#618,#620,.T.);
#618 = VERTEX_POINT('',#619);
#619 = CARTESIAN_POINT('',(69.868980654288,86.48074536017,0.));
#620 = SURFACE_CURVE('',#621,(#654,#690),.PCURVE_S1.);
#621 = B_SPLINE_CURVE_WITH_KNOTS('',6,(#622,#623,#624,#625,#626,#627,
    #628,#629,#630,#631,#632,#633,#634,#635,#636,#637,#638,#639,#640,
    #641,#642,#643,#644,#645,#646,#647,#648,#649,#650,#651,#652,#653),
  .UNSPECIFIED.,.F.,.F.,(7,5,5,5,5,5,7),(0.,0.142434168826,
    0.245039253267,0.5,0.754960746733,0.857565831174,1.),.UNSPECIFIED.);
#622 = CARTESIAN_POINT('',(86.48074536017,69.868980654288,0.));
#623 = CARTESIAN_POINT('',(86.387512422115,70.45542231588,0.));
#624 = CARTESIAN_POINT('',(86.273319007855,71.038959253728,0.));
#625 = CARTESIAN_POINT('',(86.138265384311,71.618606325882,0.));
#626 = CARTESIAN_POINT('',(85.982515544854,72.193392095393,0.));
#627 = CARTESIAN_POINT('',(85.806297209306,72.762358830316,0.));
#628 = CARTESIAN_POINT('',(85.468424780441,73.729556304404,0.));
#629 = CARTESIAN_POINT('',(85.316476765597,74.131041802113,0.));
#630 = CARTESIAN_POINT('',(85.154166470186,74.528666834854,0.));
#631 = CARTESIAN_POINT('',(84.981618629876,74.922085563279,0.));
#632 = CARTESIAN_POINT('',(84.798974025227,75.31095847067,0.));
#633 = CARTESIAN_POINT('',(84.127841081322,76.649128952211,0.));
#634 = CARTESIAN_POINT('',(83.587902116553,77.57321023549,0.));
#635 = CARTESIAN_POINT('',(82.988998214727,78.462027851626,0.));
#636 = CARTESIAN_POINT('',(82.3341213516,79.310807459389,0.));
#637 = CARTESIAN_POINT('',(81.62675432342,80.115120420997,0.));
#638 = CARTESIAN_POINT('',(80.115120420997,81.626754323419,0.));
#639 = CARTESIAN_POINT('',(79.31080745939,82.3341213516,0.));
#640 = CARTESIAN_POINT('',(78.462027851626,82.988998214727,0.));
#641 = CARTESIAN_POINT('',(77.57321023549,83.587902116553,0.));
#642 = CARTESIAN_POINT('',(76.649128952211,84.127841081321,0.));
#643 = CARTESIAN_POINT('',(75.31095847067,84.798974025227,0.));
#644 = CARTESIAN_POINT('',(74.922085563279,84.981618629876,0.));
#645 = CARTESIAN_POINT('',(74.528666834855,85.154166470186,0.));
#646 = CARTESIAN_POINT('',(74.131041802113,85.316476765597,0.));
#647 = CARTESIAN_POINT('',(73.729556304404,85.468424780441,0.));
#648 = CARTESIAN_POINT('',(72.762358830316,85.806297209306,0.));
#649 = CARTESIAN_POINT('',(72.193392095393,85.982515544854,0.));
#650 = CARTESIAN_POINT('',(71.618606325882,86.138265384311,0.));
#651 = CARTESIAN_POINT('',(71.038959253728,86.273319007855,0.));
#652 = CARTESIAN_POINT('',(70.45542231588,86.387512422115,0.));
#653 = CARTESIAN_POINT('',(69.868980654288,86.48074536017,0.));
#654 = PCURVE('',#75,#655);
#655 = DEFINITIONAL_REPRESENTATION('',(#656),#689);
#656 = B_SPLINE_CURVE_WITH_KNOTS('',6,(#657,#658,#659,#660,#661,#662,
    #663,#664,#665,#666,#667,#668,#669,#670,#671,#672,#673,#674,#675,
    #676,#677,#678,#679,#680,#681,#682,#683,#684,#685,#686,#687,#688),
  .UNSPECIFIED.,.F.,.F.,(7,5,5,5,5,5,7),(0.,0.142434168826,
    0.245039253267,0.5,0.754960746733,0.857565831174,1.),.UNSPECIFIED.);
#657 = CARTESIAN_POINT('',(86.48074536017,69.868980654288));
#658 = CARTESIAN_POINT('',(86.387512422115,70.45542231588));
#659 = CARTESIAN_POINT('',(86.273319007855,71.038959253728));
#660 = CARTESIAN_POINT('',(86.138265384311,71.618606325882));
#661 = CARTESIAN_POINT('',(85.982515544854,72.193392095393));
#662 = CARTESIAN_POINT('',(85.806297209306,72.762358830316));
#663 = CARTESIAN_POINT('',(85.468424780441,73.729556304404));
#664 = CARTESIAN_POINT('',(85.316476765597,74.131041802113));
#665 = CARTESIAN_POINT('',(85.154166470186,74.528666834854));
#666 = CARTESIAN_POINT('',(84.981618629876,74.922085563279));
#667 = CARTESIAN_POINT('',(84.798974025227,75.31095847067));
#668 = CARTESIAN_POINT('',(84.127841081322,76.649128952211));
#669 = CARTESIAN_POINT('',(83.587902116552,77.57321023549));
#670 = CARTESIAN_POINT('',(82.988998214727,78.462027851626));
#671 = CARTESIAN_POINT('',(82.3341213516,79.310807459389));
#672 = CARTESIAN_POINT('',(81.62675432342,80.115120420997));
#673 = CARTESIAN_POINT('',(80.115120420997,81.62675432342));
#674 = CARTESIAN_POINT('',(79.31080745939,82.3341213516));
#675 = CARTESIAN_POINT('',(78.462027851626,82.988998214727));
#676 = CARTESIAN_POINT('',(77.57321023549,83.587902116553));
#677 = CARTESIAN_POINT('',(76.649128952211,84.127841081321));
#678 = CARTESIAN_POINT('',(75.31095847067,84.798974025227));
#679 = CARTESIAN_POINT('',(74.922085563279,84.981618629876));
#680 = CARTESIAN_POINT('',(74.528666834854,85.154166470186));
#681 = CARTESIAN_POINT('',(74.131041802113,85.316476765597));
#682 = CARTESIAN_POINT('',(73.729556304404,85.468424780441));
#683 = CARTESIAN_POINT('',(72.762358830316,85.806297209306));
#684 = CARTESIAN_POINT('',(72.193392095393,85.982515544854));
#685 = CARTESIAN_POINT('',(71.618606325882,86.138265384311));
#686 = CARTESIAN_POINT('',(71.038959253728,86.273319007855));
#687 = CARTESIAN_POINT('',(70.45542231588,86.387512422115));
#688 = CARTESIAN_POINT('',(69.868980654288,86.48074536017));
#689 = ( GEOMETRIC_REPRESENTATION_CONTEXT(2) 
PARAMETRIC_REPRESENTATION_CONTEXT() REPRESENTATION_CONTEXT('2D SPACE',''
  ) );
#690 = PCURVE('',#691,#707);
#691 = ( BOUNDED_SURFACE() B_SPLINE_SURFACE(2,2,(
    (#692,#693,#694,#695,#696)
    ,(#697,#698,#699,#700,#701)
    ,(#702,#703,#704,#705,#706
)),.UNSPECIFIED.,.F.,.F.,.F.) B_SPLINE_SURFACE_WITH_KNOTS((3,3),(3,1,1,3
    ),(0.,6.),(-0.3672,-1.931083331436E-14,6.,6.3672),.UNSPECIFIED.) 
GEOMETRIC_REPRESENTATION_ITEM() RATIONAL_B_SPLINE_SURFACE((
    (1.,1.,1.,1.,1.)
    ,(0.809358753394,0.809358753394,0.809358753394,0.809358753394
      ,0.809358753394)
,(1.,1.,1.,1.,1.))) REPRESENTATION_ITEM('') SURFACE() );
#692 = CARTESIAN_POINT('',(86.48074536017,69.868980654288,-0.3672));
#693 = CARTESIAN_POINT('',(86.48074536017,69.868980654288,-0.1836));
#694 = CARTESIAN_POINT('',(86.48074536017,69.868980654288,3.));
#695 = CARTESIAN_POINT('',(86.48074536017,69.868980654288,6.1836));
#696 = CARTESIAN_POINT('',(86.48074536017,69.868980654288,6.3672));
#697 = CARTESIAN_POINT('',(84.202061368425,84.202061368425,-0.3672));
#698 = CARTESIAN_POINT('',(84.202061368425,84.202061368425,-0.1836));
#699 = CARTESIAN_POINT('',(84.202061368425,84.202061368425,3.));
#700 = CARTESIAN_POINT('',(84.202061368425,84.202061368425,6.1836));
#701 = CARTESIAN_POINT('',(84.202061368425,84.202061368425,6.3672));
#702 = CARTESIAN_POINT('',(69.868980654288,86.48074536017,-0.3672));
#703 = CARTESIAN_POINT('',(69.868980654288,86.48074536017,-0.1836));
#704 = CARTESIAN_POINT('',(69.868980654288,86.48074536017,3.));
#705 = CARTESIAN_POINT('',(69.868980654288,86.48074536017,6.1836));
#706 = CARTESIAN_POINT('',(69.868980654288,86.48074536017,6.3672));
#707 = DEFINITIONAL_REPRESENTATION('',(#708),#741);
#708 = B_SPLINE_CURVE_WITH_KNOTS('',6,(#709,#710,#711,#712,#713,#714,
    #715,#716,#717,#718,#719,#720,#721,#722,#723,#724,#725,#726,#727,
    #728,#729,#730,#731,#732,#733,#734,#735,#736,#737,#738,#739,#740),
  .UNSPECIFIED.,.F.,.F.,(7,5,5,5,5,5,7),(0.,0.142434168826,
    0.245039253267,0.5,0.754960746733,0.857565831174,1.),.UNSPECIFIED.);
#709 = CARTESIAN_POINT('',(0.,-1.095651347427E-14));
#710 = CARTESIAN_POINT('',(0.151658045853,-9.972202843374E-15));
#711 = CARTESIAN_POINT('',(0.301669982505,-9.17079554987E-15));
#712 = CARTESIAN_POINT('',(0.450177776011,-8.360253640424E-15));
#713 = CARTESIAN_POINT('',(0.597316995211,-7.479360564518E-15));
#714 = CARTESIAN_POINT('',(0.743216811734,-6.597721174455E-15));
#715 = CARTESIAN_POINT('',(0.992297243984,-5.424499639592E-15));
#716 = CARTESIAN_POINT('',(1.096015325263,-4.958542269422E-15));
#717 = CARTESIAN_POINT('',(1.199200312871,-4.575295690682E-15));
#718 = CARTESIAN_POINT('',(1.301897115575,-4.278950671362E-15));
#719 = CARTESIAN_POINT('',(1.404149481874,-4.020482671605E-15));
#720 = CARTESIAN_POINT('',(1.759085744217,-2.895457786772E-15));
#721 = CARTESIAN_POINT('',(2.009698223488,-2.446090880399E-15));
#722 = CARTESIAN_POINT('',(2.258476489206,-2.020077957508E-15));
#723 = CARTESIAN_POINT('',(2.506049586325,-1.279847276425E-15));
#724 = CARTESIAN_POINT('',(2.753028523907,-1.907930608865E-15));
#725 = CARTESIAN_POINT('',(3.246971476092,-2.47309771055E-15));
#726 = CARTESIAN_POINT('',(3.493950413675,-2.842842256417E-15));
#727 = CARTESIAN_POINT('',(3.741523510794,-3.931547959274E-15));
#728 = CARTESIAN_POINT('',(3.990301776512,-4.014630655241E-15));
#729 = CARTESIAN_POINT('',(4.240914255783,-5.517563670775E-15));
#730 = CARTESIAN_POINT('',(4.595850518125,-7.395872297364E-15));
#731 = CARTESIAN_POINT('',(4.698102884425,-8.039835576637E-15));
#732 = CARTESIAN_POINT('',(4.800799687129,-8.689480012583E-15));
#733 = CARTESIAN_POINT('',(4.903984674737,-9.307864838003E-15));
#734 = CARTESIAN_POINT('',(5.007702756016,-9.920401737693E-15));
#735 = CARTESIAN_POINT('',(5.256783188266,-1.157887970313E-14));
#736 = CARTESIAN_POINT('',(5.402683004789,-1.268694646117E-14));
#737 = CARTESIAN_POINT('',(5.549822223989,-1.377451594252E-14));
#738 = CARTESIAN_POINT('',(5.698330017495,-1.479695974533E-14));
#739 = CARTESIAN_POINT('',(5.848341954147,-1.582956024603E-14));
#740 = CARTESIAN_POINT('',(6.,-1.706751059927E-14));
#741 = ( GEOMETRIC_REPRESENTATION_CONTEXT(2) 
PARAMETRIC_REPRESENTATION_CONTEXT() REPRESENTATION_CONTEXT('2D SPACE',''
  ) );
#742 = ORIENTED_EDGE('',*,*,#743,.T.);
#743 = EDGE_CURVE('',#618,#744,#746,.T.);
#744 = VERTEX_POINT('',#745);
#745 = CARTESIAN_POINT('',(-69.86898065428,86.48074536017,0.));
#746 = SURFACE_CURVE('',#747,(#752,#759),.PCURVE_S1.);
#747 = CIRCLE('',#748,445.);
#748 = AXIS2_PLACEMENT_3D('',#749,#750,#751);
#749 = CARTESIAN_POINT('',(6.394884621841E-14,-353.,0.));
#750 = DIRECTION('',(0.,0.,1.));
#751 = DIRECTION('',(0.188764044944,0.98202247191,-0.));
#752 = PCURVE('',#75,#753);
#753 = DEFINITIONAL_REPRESENTATION('',(#754),#758);
#754 = CIRCLE('',#755,445.);
#755 = AXIS2_PLACEMENT_2D('',#756,#757);
#756 = CARTESIAN_POINT('',(2.894781567057E-14,-353.));
#757 = DIRECTION('',(0.188764044944,0.98202247191));
#758 = ( GEOMETRIC_REPRESENTATION_CONTEXT(2) 
PARAMETRIC_REPRESENTATION_CONTEXT() REPRESENTATION_CONTEXT('2D SPACE',''
  ) );
#759 = PCURVE('',#760,#765);
#760 = CYLINDRICAL_SURFACE('',#761,445.);
#761 = AXIS2_PLACEMENT_3D('',#762,#763,#764);
#762 = CARTESIAN_POINT('',(6.394884621841E-14,-353.,0.));
#763 = DIRECTION('',(-0.,-0.,-1.));
#764 = DIRECTION('',(0.188764044944,0.98202247191,-0.));
#765 = DEFINITIONAL_REPRESENTATION('',(#766),#770);
#766 = LINE('',#767,#768);
#767 = CARTESIAN_POINT('',(-0.,0.));
#768 = VECTOR('',#769,1.);
#769 = DIRECTION('',(-1.,0.));
#770 = ( GEOMETRIC_REPRESENTATION_CONTEXT(2) 
PARAMETRIC_REPRESENTATION_CONTEXT() REPRESENTATION_CONTEXT('2D SPACE',''
  ) );
#771 = ORIENTED_EDGE('',*,*,#772,.T.);
#772 = EDGE_CURVE('',#744,#773,#775,.T.);
#773 = VERTEX_POINT('',#774);
#774 = CARTESIAN_POINT('',(-86.48074536017,69.868980654288,0.));
#775 = SURFACE_CURVE('',#776,(#809,#845),.PCURVE_S1.);
#776 = B_SPLINE_CURVE_WITH_KNOTS('',6,(#777,#778,#779,#780,#781,#782,
    #783,#784,#785,#786,#787,#788,#789,#790,#791,#792,#793,#794,#795,
    #796,#797,#798,#799,#800,#801,#802,#803,#804,#805,#806,#807,#808),
  .UNSPECIFIED.,.F.,.F.,(7,5,5,5,5,5,7),(0.,0.142434168826,
    0.245039253268,0.5,0.754960746733,0.857565831174,1.),.UNSPECIFIED.);
#777 = CARTESIAN_POINT('',(-69.86898065428,86.48074536017,0.));
#778 = CARTESIAN_POINT('',(-70.45542231588,86.387512422115,0.));
#779 = CARTESIAN_POINT('',(-71.03895925372,86.273319007855,0.));
#780 = CARTESIAN_POINT('',(-71.61860632588,86.138265384311,0.));
#781 = CARTESIAN_POINT('',(-72.19339209539,85.982515544854,0.));
#782 = CARTESIAN_POINT('',(-72.76235883031,85.806297209306,0.));
#783 = CARTESIAN_POINT('',(-73.7295563044,85.468424780441,0.));
#784 = CARTESIAN_POINT('',(-74.13104180211,85.316476765597,0.));
#785 = CARTESIAN_POINT('',(-74.52866683485,85.154166470186,0.));
#786 = CARTESIAN_POINT('',(-74.92208556327,84.981618629876,0.));
#787 = CARTESIAN_POINT('',(-75.31095847067,84.798974025227,0.));
#788 = CARTESIAN_POINT('',(-76.64912895221,84.127841081322,0.));
#789 = CARTESIAN_POINT('',(-77.57321023549,83.587902116551,0.));
#790 = CARTESIAN_POINT('',(-78.46202785162,82.988998214729,0.));
#791 = CARTESIAN_POINT('',(-79.31080745939,82.334121351599,0.));
#792 = CARTESIAN_POINT('',(-80.11512042099,81.62675432342,0.));
#793 = CARTESIAN_POINT('',(-81.62675432341,80.115120420997,0.));
#794 = CARTESIAN_POINT('',(-82.3341213516,79.310807459389,0.));
#795 = CARTESIAN_POINT('',(-82.98899821472,78.462027851627,0.));
#796 = CARTESIAN_POINT('',(-83.58790211655,77.573210235489,0.));
#797 = CARTESIAN_POINT('',(-84.12784108132,76.649128952212,0.));
#798 = CARTESIAN_POINT('',(-84.79897402522,75.31095847067,0.));
#799 = CARTESIAN_POINT('',(-84.98161862987,74.922085563279,0.));
#800 = CARTESIAN_POINT('',(-85.15416647018,74.528666834854,0.));
#801 = CARTESIAN_POINT('',(-85.31647676559,74.131041802113,0.));
#802 = CARTESIAN_POINT('',(-85.46842478044,73.729556304404,0.));
#803 = CARTESIAN_POINT('',(-85.8062972093,72.762358830316,0.));
#804 = CARTESIAN_POINT('',(-85.98251554485,72.193392095393,0.));
#805 = CARTESIAN_POINT('',(-86.13826538431,71.618606325882,0.));
#806 = CARTESIAN_POINT('',(-86.27331900785,71.038959253728,0.));
#807 = CARTESIAN_POINT('',(-86.38751242211,70.45542231588,0.));
#808 = CARTESIAN_POINT('',(-86.48074536017,69.868980654288,0.));
#809 = PCURVE('',#75,#810);
#810 = DEFINITIONAL_REPRESENTATION('',(#811),#844);
#811 = B_SPLINE_CURVE_WITH_KNOTS('',6,(#812,#813,#814,#815,#816,#817,
    #818,#819,#820,#821,#822,#823,#824,#825,#826,#827,#828,#829,#830,
    #831,#832,#833,#834,#835,#836,#837,#838,#839,#840,#841,#842,#843),
  .UNSPECIFIED.,.F.,.F.,(7,5,5,5,5,5,7),(0.,0.142434168826,
    0.245039253268,0.5,0.754960746733,0.857565831174,1.),.UNSPECIFIED.);
#812 = CARTESIAN_POINT('',(-69.86898065428,86.48074536017));
#813 = CARTESIAN_POINT('',(-70.45542231588,86.387512422115));
#814 = CARTESIAN_POINT('',(-71.03895925372,86.273319007855));
#815 = CARTESIAN_POINT('',(-71.61860632588,86.138265384311));
#816 = CARTESIAN_POINT('',(-72.19339209539,85.982515544854));
#817 = CARTESIAN_POINT('',(-72.76235883031,85.806297209306));
#818 = CARTESIAN_POINT('',(-73.7295563044,85.468424780441));
#819 = CARTESIAN_POINT('',(-74.13104180211,85.316476765597));
#820 = CARTESIAN_POINT('',(-74.52866683485,85.154166470186));
#821 = CARTESIAN_POINT('',(-74.92208556327,84.981618629876));
#822 = CARTESIAN_POINT('',(-75.31095847067,84.798974025227));
#823 = CARTESIAN_POINT('',(-76.64912895221,84.127841081322));
#824 = CARTESIAN_POINT('',(-77.57321023549,83.587902116551));
#825 = CARTESIAN_POINT('',(-78.46202785162,82.988998214729));
#826 = CARTESIAN_POINT('',(-79.31080745939,82.334121351599));
#827 = CARTESIAN_POINT('',(-80.11512042099,81.62675432342));
#828 = CARTESIAN_POINT('',(-81.62675432341,80.115120420997));
#829 = CARTESIAN_POINT('',(-82.3341213516,79.310807459389));
#830 = CARTESIAN_POINT('',(-82.98899821472,78.462027851627));
#831 = CARTESIAN_POINT('',(-83.58790211655,77.573210235489));
#832 = CARTESIAN_POINT('',(-84.12784108132,76.649128952212));
#833 = CARTESIAN_POINT('',(-84.79897402522,75.31095847067));
#834 = CARTESIAN_POINT('',(-84.98161862987,74.922085563279));
#835 = CARTESIAN_POINT('',(-85.15416647018,74.528666834854));
#836 = CARTESIAN_POINT('',(-85.31647676559,74.131041802113));
#837 = CARTESIAN_POINT('',(-85.46842478044,73.729556304404));
#838 = CARTESIAN_POINT('',(-85.8062972093,72.762358830316));
#839 = CARTESIAN_POINT('',(-85.98251554485,72.193392095393));
#840 = CARTESIAN_POINT('',(-86.13826538431,71.618606325882));
#841 = CARTESIAN_POINT('',(-86.27331900785,71.038959253728));
#842 = CARTESIAN_POINT('',(-86.38751242211,70.45542231588));
#843 = CARTESIAN_POINT('',(-86.48074536017,69.868980654288));
#844 = ( GEOMETRIC_REPRESENTATION_CONTEXT(2) 
PARAMETRIC_REPRESENTATION_CONTEXT() REPRESENTATION_CONTEXT('2D SPACE',''
  ) );
#845 = PCURVE('',#846,#862);
#846 = ( BOUNDED_SURFACE() B_SPLINE_SURFACE(2,2,(
    (#847,#848,#849,#850,#851)
    ,(#852,#853,#854,#855,#856)
    ,(#857,#858,#859,#860,#861
)),.UNSPECIFIED.,.F.,.F.,.F.) B_SPLINE_SURFACE_WITH_KNOTS((3,3),(3,1,1,3
    ),(0.,6.),(-0.3672,-1.61060621119E-14,6.,6.3672),.UNSPECIFIED.) 
GEOMETRIC_REPRESENTATION_ITEM() RATIONAL_B_SPLINE_SURFACE((
    (1.,1.,1.,1.,1.)
    ,(0.809358753394,0.809358753394,0.809358753394,0.809358753394
      ,0.809358753394)
,(1.,1.,1.,1.,1.))) REPRESENTATION_ITEM('') SURFACE() );
#847 = CARTESIAN_POINT('',(-69.86898065428,86.48074536017,-0.3672));
#848 = CARTESIAN_POINT('',(-69.86898065428,86.48074536017,-0.1836));
#849 = CARTESIAN_POINT('',(-69.86898065428,86.48074536017,3.));
#850 = CARTESIAN_POINT('',(-69.86898065428,86.48074536017,6.1836));
#851 = CARTESIAN_POINT('',(-69.86898065428,86.48074536017,6.3672));
#852 = CARTESIAN_POINT('',(-84.20206136842,84.202061368425,-0.3672));
#853 = CARTESIAN_POINT('',(-84.20206136842,84.202061368425,-0.1836));
#854 = CARTESIAN_POINT('',(-84.20206136842,84.202061368425,3.));
#855 = CARTESIAN_POINT('',(-84.20206136842,84.202061368425,6.1836));
#856 = CARTESIAN_POINT('',(-84.20206136842,84.202061368425,6.3672));
#857 = CARTESIAN_POINT('',(-86.48074536017,69.868980654288,-0.3672));
#858 = CARTESIAN_POINT('',(-86.48074536017,69.868980654288,-0.1836));
#859 = CARTESIAN_POINT('',(-86.48074536017,69.868980654288,3.));
#860 = CARTESIAN_POINT('',(-86.48074536017,69.868980654288,6.1836));
#861 = CARTESIAN_POINT('',(-86.48074536017,69.868980654288,6.3672));
#862 = DEFINITIONAL_REPRESENTATION('',(#863),#896);
#863 = B_SPLINE_CURVE_WITH_KNOTS('',6,(#864,#865,#866,#867,#868,#869,
    #870,#871,#872,#873,#874,#875,#876,#877,#878,#879,#880,#881,#882,
    #883,#884,#885,#886,#887,#888,#889,#890,#891,#892,#893,#894,#895),
  .UNSPECIFIED.,.F.,.F.,(7,5,5,5,5,5,7),(0.,0.142434168826,
    0.245039253268,0.5,0.754960746733,0.857565831174,1.),.UNSPECIFIED.);
#864 = CARTESIAN_POINT('',(0.,-3.74084553973E-14));
#865 = CARTESIAN_POINT('',(0.151658045853,-3.588238865756E-14));
#866 = CARTESIAN_POINT('',(0.301669982505,-3.43409457786E-14));
#867 = CARTESIAN_POINT('',(0.450177776011,-3.281287848678E-14));
#868 = CARTESIAN_POINT('',(0.597316995211,-3.131076484179E-14));
#869 = CARTESIAN_POINT('',(0.743216811734,-2.98310092366E-14));
#870 = CARTESIAN_POINT('',(0.992297243984,-2.728973797991E-14));
#871 = CARTESIAN_POINT('',(1.096015325263,-2.623311183928E-14));
#872 = CARTESIAN_POINT('',(1.199200312871,-2.518510397977E-14));
#873 = CARTESIAN_POINT('',(1.301897115575,-2.414660907309E-14));
#874 = CARTESIAN_POINT('',(1.404149481875,-2.311827645855E-14));
#875 = CARTESIAN_POINT('',(1.759085744217,-1.957148868928E-14));
#876 = CARTESIAN_POINT('',(2.009698223489,-1.66651226255E-14));
#877 = CARTESIAN_POINT('',(2.258476489206,-1.581237182149E-14));
#878 = CARTESIAN_POINT('',(2.506049586326,-1.170413996414E-14));
#879 = CARTESIAN_POINT('',(2.753028523907,-1.057021593757E-14));
#880 = CARTESIAN_POINT('',(3.246971476092,-6.452294098635E-15));
#881 = CARTESIAN_POINT('',(3.493950413675,-3.319338133771E-15));
#882 = CARTESIAN_POINT('',(3.741523510794,-4.285501116852E-15));
#883 = CARTESIAN_POINT('',(3.990301776512,7.262394453421E-16));
#884 = CARTESIAN_POINT('',(4.240914255783,3.163548410117E-16));
#885 = CARTESIAN_POINT('',(4.595850518125,2.256154216064E-15));
#886 = CARTESIAN_POINT('',(4.698102884425,3.256874394676E-15));
#887 = CARTESIAN_POINT('',(4.800799687129,4.058062046301E-15));
#888 = CARTESIAN_POINT('',(4.903984674737,4.424909562341E-15));
#889 = CARTESIAN_POINT('',(5.007702756016,4.531420487667E-15));
#890 = CARTESIAN_POINT('',(5.256783188266,5.555922858747E-15));
#891 = CARTESIAN_POINT('',(5.402683004789,6.134237127971E-15));
#892 = CARTESIAN_POINT('',(5.549822223989,6.69797904825E-15));
#893 = CARTESIAN_POINT('',(5.698330017495,7.228925466589E-15));
#894 = CARTESIAN_POINT('',(5.848341954147,7.688003357052E-15));
#895 = CARTESIAN_POINT('',(6.,8.015289820751E-15));
#896 = ( GEOMETRIC_REPRESENTATION_CONTEXT(2) 
PARAMETRIC_REPRESENTATION_CONTEXT() REPRESENTATION_CONTEXT('2D SPACE',''
  ) );
#897 = ORIENTED_EDGE('',*,*,#898,.T.);
#898 = EDGE_CURVE('',#773,#186,#899,.T.);
#899 = SURFACE_CURVE('',#900,(#905,#912),.PCURVE_S1.);
#900 = CIRCLE('',#901,445.);
#901 = AXIS2_PLACEMENT_3D('',#902,#903,#904);
#902 = CARTESIAN_POINT('',(353.,1.278976924368E-13,0.));
#903 = DIRECTION('',(0.,0.,1.));
#904 = DIRECTION('',(-0.98202247191,0.188764044944,0.));
#905 = PCURVE('',#75,#906);
#906 = DEFINITIONAL_REPRESENTATION('',(#907),#911);
#907 = CIRCLE('',#908,445.);
#908 = AXIS2_PLACEMENT_2D('',#909,#910);
#909 = CARTESIAN_POINT('',(353.,1.39340337039E-13));
#910 = DIRECTION('',(-0.98202247191,0.188764044944));
#911 = ( GEOMETRIC_REPRESENTATION_CONTEXT(2) 
PARAMETRIC_REPRESENTATION_CONTEXT() REPRESENTATION_CONTEXT('2D SPACE',''
  ) );
#912 = PCURVE('',#913,#918);
#913 = CYLINDRICAL_SURFACE('',#914,445.);
#914 = AXIS2_PLACEMENT_3D('',#915,#916,#917);
#915 = CARTESIAN_POINT('',(353.,1.278976924368E-13,0.));
#916 = DIRECTION('',(-0.,-0.,-1.));
#917 = DIRECTION('',(-0.98202247191,0.188764044944,0.));
#918 = DEFINITIONAL_REPRESENTATION('',(#919),#923);
#919 = LINE('',#920,#921);
#920 = CARTESIAN_POINT('',(-0.,0.));
#921 = VECTOR('',#922,1.);
#922 = DIRECTION('',(-1.,0.));
#923 = ( GEOMETRIC_REPRESENTATION_CONTEXT(2) 
PARAMETRIC_REPRESENTATION_CONTEXT() REPRESENTATION_CONTEXT('2D SPACE',''
  ) );
#924 = FACE_BOUND('',#925,.F.);
#925 = EDGE_LOOP('',(#926,#1054,#1087,#1213,#1246,#1342,#1375,#1501));
#926 = ORIENTED_EDGE('',*,*,#927,.T.);
#927 = EDGE_CURVE('',#928,#930,#932,.T.);
#928 = VERTEX_POINT('',#929);
#929 = CARTESIAN_POINT('',(77.600662388446,-68.04825445643,
    -1.040834085586E-17));
#930 = VERTEX_POINT('',#931);
#931 = CARTESIAN_POINT('',(68.048254456435,-77.60066238844,
    1.908195823574E-16));
#932 = SURFACE_CURVE('',#933,(#966,#1002),.PCURVE_S1.);
#933 = B_SPLINE_CURVE_WITH_KNOTS('',6,(#934,#935,#936,#937,#938,#939,
    #940,#941,#942,#943,#944,#945,#946,#947,#948,#949,#950,#951,#952,
    #953,#954,#955,#956,#957,#958,#959,#960,#961,#962,#963,#964,#965),
  .UNSPECIFIED.,.F.,.F.,(7,5,5,5,5,5,7),(0.,0.142823030683,
    0.245464678723,0.5,0.754535321278,0.857176969318,1.),.UNSPECIFIED.);
#934 = CARTESIAN_POINT('',(77.600662388446,-68.04825445643,0.));
#935 = CARTESIAN_POINT('',(77.537104150585,-68.38319363127,0.));
#936 = CARTESIAN_POINT('',(77.462104966447,-68.71608328207,0.));
#937 = CARTESIAN_POINT('',(77.37574498156,-69.04642064733,0.));
#938 = CARTESIAN_POINT('',(77.278133968982,-69.37371068689,0.));
#939 = CARTESIAN_POINT('',(77.169411329301,-69.69746608193,0.));
#940 = CARTESIAN_POINT('',(76.963747094178,-70.24699341675,0.));
#941 = CARTESIAN_POINT('',(76.872096290277,-70.47470687777,0.));
#942 = CARTESIAN_POINT('',(76.774856311066,-70.70016991672,0.));
#943 = CARTESIAN_POINT('',(76.672097214439,-70.9232080299,0.));
#944 = CARTESIAN_POINT('',(76.563896484043,-71.14364991115,0.));
#945 = CARTESIAN_POINT('',(76.168734205284,-71.90113389327,0.));
#946 = CARTESIAN_POINT('',(75.854180569132,-72.42395398452,0.));
#947 = CARTESIAN_POINT('',(75.507982124839,-72.92719969254,0.));
#948 = CARTESIAN_POINT('',(75.131702829396,-73.40846987347,0.));
#949 = CARTESIAN_POINT('',(74.727136159595,-73.86552972927,0.));
#950 = CARTESIAN_POINT('',(73.865529729274,-74.72713615959,0.));
#951 = CARTESIAN_POINT('',(73.408469873469,-75.13170282939,0.));
#952 = CARTESIAN_POINT('',(72.927199692548,-75.50798212483,0.));
#953 = CARTESIAN_POINT('',(72.423953984524,-75.85418056913,0.));
#954 = CARTESIAN_POINT('',(71.901133893274,-76.16873420528,0.));
#955 = CARTESIAN_POINT('',(71.143649911157,-76.56389648404,0.));
#956 = CARTESIAN_POINT('',(70.923208029905,-76.67209721443,0.));
#957 = CARTESIAN_POINT('',(70.700169916726,-76.77485631106,0.));
#958 = CARTESIAN_POINT('',(70.474706877772,-76.87209629027,0.));
#959 = CARTESIAN_POINT('',(70.246993416758,-76.96374709417,0.));
#960 = CARTESIAN_POINT('',(69.69746608193,-77.1694113293,0.));
#961 = CARTESIAN_POINT('',(69.373710686893,-77.27813396898,0.));
#962 = CARTESIAN_POINT('',(69.046420647334,-77.37574498156,0.));
#963 = CARTESIAN_POINT('',(68.716083282077,-77.46210496644,0.));
#964 = CARTESIAN_POINT('',(68.383193631279,-77.53710415058,0.));
#965 = CARTESIAN_POINT('',(68.048254456435,-77.60066238844,0.));
#966 = PCURVE('',#75,#967);
#967 = DEFINITIONAL_REPRESENTATION('',(#968),#1001);
#968 = B_SPLINE_CURVE_WITH_KNOTS('',6,(#969,#970,#971,#972,#973,#974,
    #975,#976,#977,#978,#979,#980,#981,#982,#983,#984,#985,#986,#987,
    #988,#989,#990,#991,#992,#993,#994,#995,#996,#997,#998,#999,#1000),
  .UNSPECIFIED.,.F.,.F.,(7,5,5,5,5,5,7),(0.,0.142823030683,
    0.245464678723,0.5,0.754535321278,0.857176969318,1.),.UNSPECIFIED.);
#969 = CARTESIAN_POINT('',(77.600662388446,-68.04825445643));
#970 = CARTESIAN_POINT('',(77.537104150585,-68.38319363127));
#971 = CARTESIAN_POINT('',(77.462104966447,-68.71608328207));
#972 = CARTESIAN_POINT('',(77.37574498156,-69.04642064733));
#973 = CARTESIAN_POINT('',(77.278133968982,-69.37371068689));
#974 = CARTESIAN_POINT('',(77.169411329301,-69.69746608193));
#975 = CARTESIAN_POINT('',(76.963747094178,-70.24699341675));
#976 = CARTESIAN_POINT('',(76.872096290277,-70.47470687777));
#977 = CARTESIAN_POINT('',(76.774856311066,-70.70016991672));
#978 = CARTESIAN_POINT('',(76.672097214439,-70.9232080299));
#979 = CARTESIAN_POINT('',(76.563896484043,-71.14364991115));
#980 = CARTESIAN_POINT('',(76.168734205284,-71.90113389327));
#981 = CARTESIAN_POINT('',(75.854180569132,-72.42395398452));
#982 = CARTESIAN_POINT('',(75.507982124839,-72.92719969254));
#983 = CARTESIAN_POINT('',(75.131702829396,-73.40846987347));
#984 = CARTESIAN_POINT('',(74.727136159595,-73.86552972927));
#985 = CARTESIAN_POINT('',(73.865529729274,-74.72713615959));
#986 = CARTESIAN_POINT('',(73.408469873469,-75.13170282939));
#987 = CARTESIAN_POINT('',(72.927199692548,-75.50798212483));
#988 = CARTESIAN_POINT('',(72.423953984524,-75.85418056913));
#989 = CARTESIAN_POINT('',(71.901133893274,-76.16873420528));
#990 = CARTESIAN_POINT('',(71.143649911157,-76.56389648404));
#991 = CARTESIAN_POINT('',(70.923208029905,-76.67209721443));
#992 = CARTESIAN_POINT('',(70.700169916726,-76.77485631106));
#993 = CARTESIAN_POINT('',(70.474706877772,-76.87209629027));
#994 = CARTESIAN_POINT('',(70.246993416758,-76.96374709417));
#995 = CARTESIAN_POINT('',(69.69746608193,-77.1694113293));
#996 = CARTESIAN_POINT('',(69.373710686893,-77.27813396898));
#997 = CARTESIAN_POINT('',(69.046420647334,-77.37574498156));
#998 = CARTESIAN_POINT('',(68.716083282077,-77.46210496644));
#999 = CARTESIAN_POINT('',(68.383193631279,-77.53710415058));
#1000 = CARTESIAN_POINT('',(68.048254456435,-77.60066238844));
#1001 = ( GEOMETRIC_REPRESENTATION_CONTEXT(2) 
PARAMETRIC_REPRESENTATION_CONTEXT() REPRESENTATION_CONTEXT('2D SPACE',''
  ) );
#1002 = PCURVE('',#1003,#1019);
#1003 = ( BOUNDED_SURFACE() B_SPLINE_SURFACE(2,2,(
    (#1004,#1005,#1006,#1007,#1008)
    ,(#1009,#1010,#1011,#1012,#1013)
    ,(#1014,#1015,#1016,#1017,#1018
)),.UNSPECIFIED.,.F.,.F.,.F.) B_SPLINE_SURFACE_WITH_KNOTS((3,3),(3,1,1,3
    ),(0.,2.5),(-0.153,8.766858766718E-15,2.5,2.653),.UNSPECIFIED.) 
GEOMETRIC_REPRESENTATION_ITEM() RATIONAL_B_SPLINE_SURFACE((
    (1.,1.,1.,1.,1.)
    ,(0.826537924074,0.826537924074,0.826537924074,0.826537924074
      ,0.826537924074)
,(1.,1.,1.,1.,1.))) REPRESENTATION_ITEM('') SURFACE() );
#1004 = CARTESIAN_POINT('',(68.048254456435,-77.60066238844,-0.163));
#1005 = CARTESIAN_POINT('',(68.048254456435,-77.60066238844,
    -8.649999999996E-02));
#1006 = CARTESIAN_POINT('',(68.048254456435,-77.60066238844,1.24));
#1007 = CARTESIAN_POINT('',(68.048254456435,-77.60066238844,2.5665));
#1008 = CARTESIAN_POINT('',(68.048254456435,-77.60066238844,2.643));
#1009 = CARTESIAN_POINT('',(76.077103649715,-76.07710364971,-0.163));
#1010 = CARTESIAN_POINT('',(76.077103649715,-76.07710364971,-8.65E-02));
#1011 = CARTESIAN_POINT('',(76.077103649715,-76.07710364971,1.24));
#1012 = CARTESIAN_POINT('',(76.077103649715,-76.07710364971,2.5665));
#1013 = CARTESIAN_POINT('',(76.077103649715,-76.07710364971,2.643));
#1014 = CARTESIAN_POINT('',(77.600662388446,-68.04825445643,-0.163));
#1015 = CARTESIAN_POINT('',(77.600662388446,-68.04825445643,
    -8.650000000001E-02));
#1016 = CARTESIAN_POINT('',(77.600662388446,-68.04825445643,1.24));
#1017 = CARTESIAN_POINT('',(77.600662388446,-68.04825445643,2.5665));
#1018 = CARTESIAN_POINT('',(77.600662388446,-68.04825445643,2.643));
#1019 = DEFINITIONAL_REPRESENTATION('',(#1020),#1053);
#1020 = B_SPLINE_CURVE_WITH_KNOTS('',6,(#1021,#1022,#1023,#1024,#1025,
    #1026,#1027,#1028,#1029,#1030,#1031,#1032,#1033,#1034,#1035,#1036,
    #1037,#1038,#1039,#1040,#1041,#1042,#1043,#1044,#1045,#1046,#1047,
    #1048,#1049,#1050,#1051,#1052),.UNSPECIFIED.,.F.,.F.,(7,5,5,5,5,5,7)
  ,(0.,0.142823030683,0.245464678723,0.5,0.754535321278,0.857176969318,
    1.),.UNSPECIFIED.);
#1021 = CARTESIAN_POINT('',(2.5,1.000000000002E-02));
#1022 = CARTESIAN_POINT('',(2.436910095014,1.000000000002E-02));
#1023 = CARTESIAN_POINT('',(2.374460905007,1.000000000002E-02));
#1024 = CARTESIAN_POINT('',(2.312596966717,1.000000000002E-02));
#1025 = CARTESIAN_POINT('',(2.251265348248,1.000000000002E-02));
#1026 = CARTESIAN_POINT('',(2.190415649065,1.000000000002E-02));
#1027 = CARTESIAN_POINT('',(2.086581499792,1.000000000002E-02));
#1028 = CARTESIAN_POINT('',(2.043387068651,1.000000000002E-02));
#1029 = CARTESIAN_POINT('',(2.000398868642,1.000000000001E-02));
#1030 = CARTESIAN_POINT('',(1.957599510094,1.000000000001E-02));
#1031 = CARTESIAN_POINT('',(1.914972051596,1.000000000001E-02));
#1032 = CARTESIAN_POINT('',(1.767175918552,1.000000000001E-02));
#1033 = CARTESIAN_POINT('',(1.662804956833,1.000000000001E-02));
#1034 = CARTESIAN_POINT('',(1.559140047587,1.000000000001E-02));
#1035 = CARTESIAN_POINT('',(1.45593957042,1.000000000001E-02));
#1036 = CARTESIAN_POINT('',(1.352968593875,1.E-02));
#1037 = CARTESIAN_POINT('',(1.147031406125,1.E-02));
#1038 = CARTESIAN_POINT('',(1.04406042958,9.999999999999E-03));
#1039 = CARTESIAN_POINT('',(0.940859952414,9.999999999995E-03));
#1040 = CARTESIAN_POINT('',(0.837195043167,9.999999999995E-03));
#1041 = CARTESIAN_POINT('',(0.732824081449,9.999999999992E-03));
#1042 = CARTESIAN_POINT('',(0.585027948404,9.999999999989E-03));
#1043 = CARTESIAN_POINT('',(0.542400489906,9.999999999988E-03));
#1044 = CARTESIAN_POINT('',(0.499601131358,9.999999999987E-03));
#1045 = CARTESIAN_POINT('',(0.456612931349,9.999999999986E-03));
#1046 = CARTESIAN_POINT('',(0.413418500208,9.999999999985E-03));
#1047 = CARTESIAN_POINT('',(0.309584350935,9.999999999983E-03));
#1048 = CARTESIAN_POINT('',(0.248734651752,9.999999999982E-03));
#1049 = CARTESIAN_POINT('',(0.187403033283,9.99999999998E-03));
#1050 = CARTESIAN_POINT('',(0.125539094993,9.999999999979E-03));
#1051 = CARTESIAN_POINT('',(6.308990498624E-02,9.999999999978E-03));
#1052 = CARTESIAN_POINT('',(0.,9.999999999977E-03));
#1053 = ( GEOMETRIC_REPRESENTATION_CONTEXT(2) 
PARAMETRIC_REPRESENTATION_CONTEXT() REPRESENTATION_CONTEXT('2D SPACE',''
  ) );
#1054 = ORIENTED_EDGE('',*,*,#1055,.T.);
#1055 = EDGE_CURVE('',#930,#1056,#1058,.T.);
#1056 = VERTEX_POINT('',#1057);
#1057 = CARTESIAN_POINT('',(-68.04825445643,-77.60066238844,
    1.387778780781E-17));
#1058 = SURFACE_CURVE('',#1059,(#1064,#1075),.PCURVE_S1.);
#1059 = CIRCLE('',#1060,365.);
#1060 = AXIS2_PLACEMENT_3D('',#1061,#1062,#1063);
#1061 = CARTESIAN_POINT('',(0.,281.,0.));
#1062 = DIRECTION('',(-0.,0.,-1.));
#1063 = DIRECTION('',(-0.208219178082,-0.978082191781,0.));
#1064 = PCURVE('',#75,#1065);
#1065 = DEFINITIONAL_REPRESENTATION('',(#1066),#1074);
#1066 = ( BOUNDED_CURVE() B_SPLINE_CURVE(2,(#1067,#1068,#1069,#1070,
#1071,#1072,#1073),.UNSPECIFIED.,.T.,.F.) B_SPLINE_CURVE_WITH_KNOTS((1,2
    ,2,2,2,1),(-2.094395102393,0.,2.094395102393,4.188790204786,
6.28318530718,8.377580409573),.UNSPECIFIED.) CURVE() 
GEOMETRIC_REPRESENTATION_ITEM() RATIONAL_B_SPLINE_CURVE((1.,0.5,1.,0.5,
1.,0.5,1.)) REPRESENTATION_ITEM('') );
#1067 = CARTESIAN_POINT('',(-76.,-76.));
#1068 = CARTESIAN_POINT('',(-694.342138302,55.635861375235));
#1069 = CARTESIAN_POINT('',(-271.171069151,525.31793068762));
#1070 = CARTESIAN_POINT('',(152.,995.00000000001));
#1071 = CARTESIAN_POINT('',(347.17106915104,393.68206931238));
#1072 = CARTESIAN_POINT('',(542.34213830209,-207.6358613752));
#1073 = CARTESIAN_POINT('',(-76.,-76.));
#1074 = ( GEOMETRIC_REPRESENTATION_CONTEXT(2) 
PARAMETRIC_REPRESENTATION_CONTEXT() REPRESENTATION_CONTEXT('2D SPACE',''
  ) );
#1075 = PCURVE('',#1076,#1081);
#1076 = CYLINDRICAL_SURFACE('',#1077,365.);
#1077 = AXIS2_PLACEMENT_3D('',#1078,#1079,#1080);
#1078 = CARTESIAN_POINT('',(0.,281.,-1.E-02));
#1079 = DIRECTION('',(-0.,-0.,-1.));
#1080 = DIRECTION('',(-0.208219178082,-0.978082191781,0.));
#1081 = DEFINITIONAL_REPRESENTATION('',(#1082),#1086);
#1082 = LINE('',#1083,#1084);
#1083 = CARTESIAN_POINT('',(-6.28318530718,-1.E-02));
#1084 = VECTOR('',#1085,1.);
#1085 = DIRECTION('',(1.,-0.));
#1086 = ( GEOMETRIC_REPRESENTATION_CONTEXT(2) 
PARAMETRIC_REPRESENTATION_CONTEXT() REPRESENTATION_CONTEXT('2D SPACE',''
  ) );
#1087 = ORIENTED_EDGE('',*,*,#1088,.F.);
#1088 = EDGE_CURVE('',#1089,#1056,#1091,.T.);
#1089 = VERTEX_POINT('',#1090);
#1090 = CARTESIAN_POINT('',(-77.60066238844,-68.04825445643,
    2.498001805407E-16));
#1091 = SURFACE_CURVE('',#1092,(#1125,#1161),.PCURVE_S1.);
#1092 = B_SPLINE_CURVE_WITH_KNOTS('',6,(#1093,#1094,#1095,#1096,#1097,
    #1098,#1099,#1100,#1101,#1102,#1103,#1104,#1105,#1106,#1107,#1108,
    #1109,#1110,#1111,#1112,#1113,#1114,#1115,#1116,#1117,#1118,#1119,
    #1120,#1121,#1122,#1123,#1124),.UNSPECIFIED.,.F.,.F.,(7,5,5,5,5,5,7)
  ,(0.,0.142823030682,0.245464678723,0.5,0.754535321277,0.857176969317,
    1.),.UNSPECIFIED.);
#1093 = CARTESIAN_POINT('',(-77.60066238844,-68.04825445643,0.));
#1094 = CARTESIAN_POINT('',(-77.53710415058,-68.38319363127,0.));
#1095 = CARTESIAN_POINT('',(-77.46210496644,-68.71608328207,0.));
#1096 = CARTESIAN_POINT('',(-77.37574498156,-69.04642064733,0.));
#1097 = CARTESIAN_POINT('',(-77.27813396898,-69.37371068689,0.));
#1098 = CARTESIAN_POINT('',(-77.1694113293,-69.69746608193,0.));
#1099 = CARTESIAN_POINT('',(-76.96374709417,-70.24699341675,0.));
#1100 = CARTESIAN_POINT('',(-76.87209629027,-70.47470687777,0.));
#1101 = CARTESIAN_POINT('',(-76.77485631106,-70.70016991672,0.));
#1102 = CARTESIAN_POINT('',(-76.67209721443,-70.9232080299,0.));
#1103 = CARTESIAN_POINT('',(-76.56389648404,-71.14364991115,0.));
#1104 = CARTESIAN_POINT('',(-76.16873420528,-71.90113389327,0.));
#1105 = CARTESIAN_POINT('',(-75.85418056913,-72.42395398452,0.));
#1106 = CARTESIAN_POINT('',(-75.50798212483,-72.92719969254,0.));
#1107 = CARTESIAN_POINT('',(-75.13170282939,-73.40846987346,0.));
#1108 = CARTESIAN_POINT('',(-74.72713615959,-73.86552972927,0.));
#1109 = CARTESIAN_POINT('',(-73.86552972927,-74.72713615959,0.));
#1110 = CARTESIAN_POINT('',(-73.40846987347,-75.13170282939,0.));
#1111 = CARTESIAN_POINT('',(-72.92719969254,-75.50798212483,0.));
#1112 = CARTESIAN_POINT('',(-72.42395398452,-75.85418056913,0.));
#1113 = CARTESIAN_POINT('',(-71.90113389327,-76.16873420528,0.));
#1114 = CARTESIAN_POINT('',(-71.14364991115,-76.56389648404,0.));
#1115 = CARTESIAN_POINT('',(-70.9232080299,-76.67209721443,0.));
#1116 = CARTESIAN_POINT('',(-70.70016991672,-76.77485631106,0.));
#1117 = CARTESIAN_POINT('',(-70.47470687777,-76.87209629027,0.));
#1118 = CARTESIAN_POINT('',(-70.24699341675,-76.96374709417,0.));
#1119 = CARTESIAN_POINT('',(-69.69746608193,-77.1694113293,0.));
#1120 = CARTESIAN_POINT('',(-69.37371068689,-77.27813396898,0.));
#1121 = CARTESIAN_POINT('',(-69.04642064733,-77.37574498156,0.));
#1122 = CARTESIAN_POINT('',(-68.71608328207,-77.46210496644,0.));
#1123 = CARTESIAN_POINT('',(-68.38319363127,-77.53710415058,0.));
#1124 = CARTESIAN_POINT('',(-68.04825445643,-77.60066238844,0.));
#1125 = PCURVE('',#75,#1126);
#1126 = DEFINITIONAL_REPRESENTATION('',(#1127),#1160);
#1127 = B_SPLINE_CURVE_WITH_KNOTS('',6,(#1128,#1129,#1130,#1131,#1132,
    #1133,#1134,#1135,#1136,#1137,#1138,#1139,#1140,#1141,#1142,#1143,
    #1144,#1145,#1146,#1147,#1148,#1149,#1150,#1151,#1152,#1153,#1154,
    #1155,#1156,#1157,#1158,#1159),.UNSPECIFIED.,.F.,.F.,(7,5,5,5,5,5,7)
  ,(0.,0.142823030682,0.245464678723,0.5,0.754535321277,0.857176969317,
    1.),.UNSPECIFIED.);
#1128 = CARTESIAN_POINT('',(-77.60066238844,-68.04825445643));
#1129 = CARTESIAN_POINT('',(-77.53710415058,-68.38319363127));
#1130 = CARTESIAN_POINT('',(-77.46210496644,-68.71608328207));
#1131 = CARTESIAN_POINT('',(-77.37574498156,-69.04642064733));
#1132 = CARTESIAN_POINT('',(-77.27813396898,-69.37371068689));
#1133 = CARTESIAN_POINT('',(-77.1694113293,-69.69746608193));
#1134 = CARTESIAN_POINT('',(-76.96374709417,-70.24699341675));
#1135 = CARTESIAN_POINT('',(-76.87209629027,-70.47470687777));
#1136 = CARTESIAN_POINT('',(-76.77485631106,-70.70016991672));
#1137 = CARTESIAN_POINT('',(-76.67209721443,-70.9232080299));
#1138 = CARTESIAN_POINT('',(-76.56389648404,-71.14364991115));
#1139 = CARTESIAN_POINT('',(-76.16873420528,-71.90113389327));
#1140 = CARTESIAN_POINT('',(-75.85418056913,-72.42395398452));
#1141 = CARTESIAN_POINT('',(-75.50798212483,-72.92719969254));
#1142 = CARTESIAN_POINT('',(-75.13170282939,-73.40846987346));
#1143 = CARTESIAN_POINT('',(-74.72713615959,-73.86552972927));
#1144 = CARTESIAN_POINT('',(-73.86552972927,-74.72713615959));
#1145 = CARTESIAN_POINT('',(-73.40846987347,-75.13170282939));
#1146 = CARTESIAN_POINT('',(-72.92719969254,-75.50798212483));
#1147 = CARTESIAN_POINT('',(-72.42395398452,-75.85418056913));
#1148 = CARTESIAN_POINT('',(-71.90113389327,-76.16873420528));
#1149 = CARTESIAN_POINT('',(-71.14364991115,-76.56389648404));
#1150 = CARTESIAN_POINT('',(-70.9232080299,-76.67209721443));
#1151 = CARTESIAN_POINT('',(-70.70016991672,-76.77485631106));
#1152 = CARTESIAN_POINT('',(-70.47470687777,-76.87209629027));
#1153 = CARTESIAN_POINT('',(-70.24699341675,-76.96374709417));
#1154 = CARTESIAN_POINT('',(-69.69746608193,-77.1694113293));
#1155 = CARTESIAN_POINT('',(-69.37371068689,-77.27813396898));
#1156 = CARTESIAN_POINT('',(-69.04642064733,-77.37574498156));
#1157 = CARTESIAN_POINT('',(-68.71608328207,-77.46210496644));
#1158 = CARTESIAN_POINT('',(-68.38319363127,-77.53710415058));
#1159 = CARTESIAN_POINT('',(-68.04825445643,-77.60066238844));
#1160 = ( GEOMETRIC_REPRESENTATION_CONTEXT(2) 
PARAMETRIC_REPRESENTATION_CONTEXT() REPRESENTATION_CONTEXT('2D SPACE',''
  ) );
#1161 = PCURVE('',#1162,#1178);
#1162 = ( BOUNDED_SURFACE() B_SPLINE_SURFACE(2,2,(
    (#1163,#1164,#1165,#1166,#1167)
    ,(#1168,#1169,#1170,#1171,#1172)
    ,(#1173,#1174,#1175,#1176,#1177
)),.UNSPECIFIED.,.F.,.F.,.F.) B_SPLINE_SURFACE_WITH_KNOTS((3,3),(3,1,1,3
    ),(0.,2.5),(-0.153,4.649221545944E-14,2.5,2.653),.UNSPECIFIED.) 
GEOMETRIC_REPRESENTATION_ITEM() RATIONAL_B_SPLINE_SURFACE((
    (1.,1.,1.,1.,1.)
    ,(0.826537924074,0.826537924074,0.826537924074,0.826537924074
      ,0.826537924074)
,(1.,1.,1.,1.,1.))) REPRESENTATION_ITEM('') SURFACE() );
#1163 = CARTESIAN_POINT('',(-68.04825445643,-77.60066238844,-0.163));
#1164 = CARTESIAN_POINT('',(-68.04825445643,-77.60066238844,
    -8.650000000002E-02));
#1165 = CARTESIAN_POINT('',(-68.04825445643,-77.60066238844,1.24));
#1166 = CARTESIAN_POINT('',(-68.04825445643,-77.60066238844,2.5665));
#1167 = CARTESIAN_POINT('',(-68.04825445643,-77.60066238844,2.643));
#1168 = CARTESIAN_POINT('',(-76.07710364971,-76.07710364971,-0.163));
#1169 = CARTESIAN_POINT('',(-76.07710364971,-76.07710364971,
    -8.649999999995E-02));
#1170 = CARTESIAN_POINT('',(-76.07710364971,-76.07710364971,1.24));
#1171 = CARTESIAN_POINT('',(-76.07710364971,-76.07710364971,2.5665));
#1172 = CARTESIAN_POINT('',(-76.07710364971,-76.07710364971,2.643));
#1173 = CARTESIAN_POINT('',(-77.60066238844,-68.04825445643,-0.163));
#1174 = CARTESIAN_POINT('',(-77.60066238844,-68.04825445643,
    -8.649999999994E-02));
#1175 = CARTESIAN_POINT('',(-77.60066238844,-68.04825445643,1.24));
#1176 = CARTESIAN_POINT('',(-77.60066238844,-68.04825445643,2.5665));
#1177 = CARTESIAN_POINT('',(-77.60066238844,-68.04825445643,2.643));
#1178 = DEFINITIONAL_REPRESENTATION('',(#1179),#1212);
#1179 = B_SPLINE_CURVE_WITH_KNOTS('',6,(#1180,#1181,#1182,#1183,#1184,
    #1185,#1186,#1187,#1188,#1189,#1190,#1191,#1192,#1193,#1194,#1195,
    #1196,#1197,#1198,#1199,#1200,#1201,#1202,#1203,#1204,#1205,#1206,
    #1207,#1208,#1209,#1210,#1211),.UNSPECIFIED.,.F.,.F.,(7,5,5,5,5,5,7)
  ,(0.,0.142823030682,0.245464678723,0.5,0.754535321277,0.857176969317,
    1.),.UNSPECIFIED.);
#1180 = CARTESIAN_POINT('',(2.5,9.999999999992E-03));
#1181 = CARTESIAN_POINT('',(2.436910095014,9.999999999992E-03));
#1182 = CARTESIAN_POINT('',(2.374460905007,9.999999999992E-03));
#1183 = CARTESIAN_POINT('',(2.312596966717,9.999999999992E-03));
#1184 = CARTESIAN_POINT('',(2.251265348248,9.999999999993E-03));
#1185 = CARTESIAN_POINT('',(2.190415649065,9.999999999993E-03));
#1186 = CARTESIAN_POINT('',(2.086581499792,9.999999999994E-03));
#1187 = CARTESIAN_POINT('',(2.043387068651,9.999999999994E-03));
#1188 = CARTESIAN_POINT('',(2.000398868642,9.999999999995E-03));
#1189 = CARTESIAN_POINT('',(1.957599510094,9.999999999996E-03));
#1190 = CARTESIAN_POINT('',(1.914972051596,9.999999999996E-03));
#1191 = CARTESIAN_POINT('',(1.767175918551,9.999999999999E-03));
#1192 = CARTESIAN_POINT('',(1.662804956833,1.E-02));
#1193 = CARTESIAN_POINT('',(1.559140047587,1.E-02));
#1194 = CARTESIAN_POINT('',(1.45593957042,1.E-02));
#1195 = CARTESIAN_POINT('',(1.352968593875,1.000000000001E-02));
#1196 = CARTESIAN_POINT('',(1.147031406125,1.000000000002E-02));
#1197 = CARTESIAN_POINT('',(1.044060429581,1.000000000002E-02));
#1198 = CARTESIAN_POINT('',(0.940859952413,1.000000000002E-02));
#1199 = CARTESIAN_POINT('',(0.837195043167,1.000000000003E-02));
#1200 = CARTESIAN_POINT('',(0.732824081449,1.000000000003E-02));
#1201 = CARTESIAN_POINT('',(0.585027948404,1.000000000004E-02));
#1202 = CARTESIAN_POINT('',(0.542400489906,1.000000000004E-02));
#1203 = CARTESIAN_POINT('',(0.499601131358,1.000000000004E-02));
#1204 = CARTESIAN_POINT('',(0.456612931349,1.000000000004E-02));
#1205 = CARTESIAN_POINT('',(0.413418500208,1.000000000004E-02));
#1206 = CARTESIAN_POINT('',(0.309584350935,1.000000000005E-02));
#1207 = CARTESIAN_POINT('',(0.248734651752,1.000000000005E-02));
#1208 = CARTESIAN_POINT('',(0.187403033283,1.000000000006E-02));
#1209 = CARTESIAN_POINT('',(0.125539094993,1.000000000006E-02));
#1210 = CARTESIAN_POINT('',(6.308990498624E-02,1.000000000006E-02));
#1211 = CARTESIAN_POINT('',(0.,1.000000000006E-02));
#1212 = ( GEOMETRIC_REPRESENTATION_CONTEXT(2) 
PARAMETRIC_REPRESENTATION_CONTEXT() REPRESENTATION_CONTEXT('2D SPACE',''
  ) );
#1213 = ORIENTED_EDGE('',*,*,#1214,.T.);
#1214 = EDGE_CURVE('',#1089,#1215,#1217,.T.);
#1215 = VERTEX_POINT('',#1216);
#1216 = CARTESIAN_POINT('',(-77.60066238844,68.048254456435,
    1.838806884535E-16));
#1217 = SURFACE_CURVE('',#1218,(#1223,#1234),.PCURVE_S1.);
#1218 = CIRCLE('',#1219,365.);
#1219 = AXIS2_PLACEMENT_3D('',#1220,#1221,#1222);
#1220 = CARTESIAN_POINT('',(281.,-3.552713678801E-15,0.));
#1221 = DIRECTION('',(-0.,0.,-1.));
#1222 = DIRECTION('',(-0.978082191781,0.208219178082,0.));
#1223 = PCURVE('',#75,#1224);
#1224 = DEFINITIONAL_REPRESENTATION('',(#1225),#1233);
#1225 = ( BOUNDED_CURVE() B_SPLINE_CURVE(2,(#1226,#1227,#1228,#1229,
#1230,#1231,#1232),.UNSPECIFIED.,.T.,.F.) B_SPLINE_CURVE_WITH_KNOTS((1,2
    ,2,2,2,1),(-2.094395102393,0.,2.094395102393,4.188790204786,
6.28318530718,8.377580409573),.UNSPECIFIED.) CURVE() 
GEOMETRIC_REPRESENTATION_ITEM() RATIONAL_B_SPLINE_CURVE((1.,0.5,1.,0.5,
1.,0.5,1.)) REPRESENTATION_ITEM('') );
#1226 = CARTESIAN_POINT('',(-76.,76.));
#1227 = CARTESIAN_POINT('',(55.635861375235,694.34213830209));
#1228 = CARTESIAN_POINT('',(525.31793068762,271.17106915104));
#1229 = CARTESIAN_POINT('',(995.,-152.));
#1230 = CARTESIAN_POINT('',(393.68206931238,-347.171069151));
#1231 = CARTESIAN_POINT('',(-207.6358613752,-542.342138302));
#1232 = CARTESIAN_POINT('',(-76.,76.));
#1233 = ( GEOMETRIC_REPRESENTATION_CONTEXT(2) 
PARAMETRIC_REPRESENTATION_CONTEXT() REPRESENTATION_CONTEXT('2D SPACE',''
  ) );
#1234 = PCURVE('',#1235,#1240);
#1235 = CYLINDRICAL_SURFACE('',#1236,365.);
#1236 = AXIS2_PLACEMENT_3D('',#1237,#1238,#1239);
#1237 = CARTESIAN_POINT('',(281.,-3.552713678801E-15,-1.E-02));
#1238 = DIRECTION('',(-0.,-0.,-1.));
#1239 = DIRECTION('',(-0.978082191781,0.208219178082,0.));
#1240 = DEFINITIONAL_REPRESENTATION('',(#1241),#1245);
#1241 = LINE('',#1242,#1243);
#1242 = CARTESIAN_POINT('',(-6.28318530718,-1.E-02));
#1243 = VECTOR('',#1244,1.);
#1244 = DIRECTION('',(1.,-0.));
#1245 = ( GEOMETRIC_REPRESENTATION_CONTEXT(2) 
PARAMETRIC_REPRESENTATION_CONTEXT() REPRESENTATION_CONTEXT('2D SPACE',''
  ) );
#1246 = ORIENTED_EDGE('',*,*,#1247,.T.);
#1247 = EDGE_CURVE('',#1215,#1248,#1250,.T.);
#1248 = VERTEX_POINT('',#1249);
#1249 = CARTESIAN_POINT('',(-68.04825445643,77.600662388446,
    2.27248775353E-16));
#1250 = SURFACE_CURVE('',#1251,(#1274,#1300),.PCURVE_S1.);
#1251 = B_SPLINE_CURVE_WITH_KNOTS('',6,(#1252,#1253,#1254,#1255,#1256,
    #1257,#1258,#1259,#1260,#1261,#1262,#1263,#1264,#1265,#1266,#1267,
    #1268,#1269,#1270,#1271,#1272,#1273),.UNSPECIFIED.,.F.,.F.,(7,5,5,5,
    7),(0.,0.244457179108,0.5,0.755542820892,1.),.UNSPECIFIED.);
#1252 = CARTESIAN_POINT('',(-77.60066238844,68.048254456435,0.));
#1253 = CARTESIAN_POINT('',(-77.49187579529,68.621537998745,0.));
#1254 = CARTESIAN_POINT('',(-77.34957037667,69.188826362741,0.));
#1255 = CARTESIAN_POINT('',(-77.17414789151,69.747581366481,0.));
#1256 = CARTESIAN_POINT('',(-76.96627293974,70.295350434312,0.));
#1257 = CARTESIAN_POINT('',(-76.72684317508,70.82975727887,0.));
#1258 = CARTESIAN_POINT('',(-76.17495053908,71.890790446626,0.));
#1259 = CARTESIAN_POINT('',(-75.8596554978,72.415989250266,0.));
#1260 = CARTESIAN_POINT('',(-75.5124461397,72.921487265896,0.));
#1261 = CARTESIAN_POINT('',(-75.13490311485,73.404853486575,0.));
#1262 = CARTESIAN_POINT('',(-74.72884022762,73.863825661241,0.));
#1263 = CARTESIAN_POINT('',(-73.86382566124,74.728840227628,0.));
#1264 = CARTESIAN_POINT('',(-73.40485348657,75.134903114852,0.));
#1265 = CARTESIAN_POINT('',(-72.92148726589,75.5124461397,0.));
#1266 = CARTESIAN_POINT('',(-72.41598925026,75.859655497806,0.));
#1267 = CARTESIAN_POINT('',(-71.89079044662,76.17495053908,0.));
#1268 = CARTESIAN_POINT('',(-70.82975727886,76.72684317509,0.));
#1269 = CARTESIAN_POINT('',(-70.29535043431,76.96627293974,0.));
#1270 = CARTESIAN_POINT('',(-69.74758136648,77.174147891515,0.));
#1271 = CARTESIAN_POINT('',(-69.18882636274,77.349570376673,0.));
#1272 = CARTESIAN_POINT('',(-68.62153799874,77.491875795295,0.));
#1273 = CARTESIAN_POINT('',(-68.04825445643,77.600662388446,0.));
#1274 = PCURVE('',#75,#1275);
#1275 = DEFINITIONAL_REPRESENTATION('',(#1276),#1299);
#1276 = B_SPLINE_CURVE_WITH_KNOTS('',6,(#1277,#1278,#1279,#1280,#1281,
    #1282,#1283,#1284,#1285,#1286,#1287,#1288,#1289,#1290,#1291,#1292,
    #1293,#1294,#1295,#1296,#1297,#1298),.UNSPECIFIED.,.F.,.F.,(7,5,5,5,
    7),(0.,0.244457179108,0.5,0.755542820892,1.),.UNSPECIFIED.);
#1277 = CARTESIAN_POINT('',(-77.60066238844,68.048254456435));
#1278 = CARTESIAN_POINT('',(-77.49187579529,68.621537998745));
#1279 = CARTESIAN_POINT('',(-77.34957037667,69.188826362741));
#1280 = CARTESIAN_POINT('',(-77.17414789151,69.747581366481));
#1281 = CARTESIAN_POINT('',(-76.96627293974,70.295350434312));
#1282 = CARTESIAN_POINT('',(-76.72684317508,70.82975727887));
#1283 = CARTESIAN_POINT('',(-76.17495053908,71.890790446626));
#1284 = CARTESIAN_POINT('',(-75.8596554978,72.415989250266));
#1285 = CARTESIAN_POINT('',(-75.5124461397,72.921487265896));
#1286 = CARTESIAN_POINT('',(-75.13490311485,73.404853486575));
#1287 = CARTESIAN_POINT('',(-74.72884022762,73.863825661241));
#1288 = CARTESIAN_POINT('',(-73.86382566124,74.728840227628));
#1289 = CARTESIAN_POINT('',(-73.40485348657,75.134903114852));
#1290 = CARTESIAN_POINT('',(-72.92148726589,75.5124461397));
#1291 = CARTESIAN_POINT('',(-72.41598925026,75.859655497806));
#1292 = CARTESIAN_POINT('',(-71.89079044662,76.17495053908));
#1293 = CARTESIAN_POINT('',(-70.82975727886,76.72684317509));
#1294 = CARTESIAN_POINT('',(-70.29535043431,76.96627293974));
#1295 = CARTESIAN_POINT('',(-69.74758136648,77.174147891515));
#1296 = CARTESIAN_POINT('',(-69.18882636274,77.349570376673));
#1297 = CARTESIAN_POINT('',(-68.62153799874,77.491875795295));
#1298 = CARTESIAN_POINT('',(-68.04825445643,77.600662388446));
#1299 = ( GEOMETRIC_REPRESENTATION_CONTEXT(2) 
PARAMETRIC_REPRESENTATION_CONTEXT() REPRESENTATION_CONTEXT('2D SPACE',''
  ) );
#1300 = PCURVE('',#1301,#1317);
#1301 = ( BOUNDED_SURFACE() B_SPLINE_SURFACE(2,2,(
    (#1302,#1303,#1304,#1305,#1306)
    ,(#1307,#1308,#1309,#1310,#1311)
    ,(#1312,#1313,#1314,#1315,#1316
)),.UNSPECIFIED.,.F.,.F.,.F.) B_SPLINE_SURFACE_WITH_KNOTS((3,3),(3,1,1,3
    ),(0.,2.5),(-0.153,1.391138792577E-14,2.5,2.653),.UNSPECIFIED.) 
GEOMETRIC_REPRESENTATION_ITEM() RATIONAL_B_SPLINE_SURFACE((
    (1.,1.,1.,1.,1.)
    ,(0.826537924074,0.826537924074,0.826537924074,0.826537924074
      ,0.826537924074)
,(1.,1.,1.,1.,1.))) REPRESENTATION_ITEM('') SURFACE() );
#1302 = CARTESIAN_POINT('',(-68.04825445643,77.600662388446,-0.163));
#1303 = CARTESIAN_POINT('',(-68.04825445643,77.600662388446,
    -8.650000000002E-02));
#1304 = CARTESIAN_POINT('',(-68.04825445643,77.600662388446,1.24));
#1305 = CARTESIAN_POINT('',(-68.04825445643,77.600662388446,2.5665));
#1306 = CARTESIAN_POINT('',(-68.04825445643,77.600662388446,2.643));
#1307 = CARTESIAN_POINT('',(-76.07710364971,76.077103649715,-0.163));
#1308 = CARTESIAN_POINT('',(-76.07710364971,76.077103649715,
    -8.649999999998E-02));
#1309 = CARTESIAN_POINT('',(-76.07710364971,76.077103649715,1.24));
#1310 = CARTESIAN_POINT('',(-76.07710364971,76.077103649715,2.5665));
#1311 = CARTESIAN_POINT('',(-76.07710364971,76.077103649715,2.643));
#1312 = CARTESIAN_POINT('',(-77.60066238844,68.048254456435,-0.163));
#1313 = CARTESIAN_POINT('',(-77.60066238844,68.048254456435,
    -8.649999999996E-02));
#1314 = CARTESIAN_POINT('',(-77.60066238844,68.048254456435,1.24));
#1315 = CARTESIAN_POINT('',(-77.60066238844,68.048254456435,2.5665));
#1316 = CARTESIAN_POINT('',(-77.60066238844,68.048254456435,2.643));
#1317 = DEFINITIONAL_REPRESENTATION('',(#1318),#1341);
#1318 = B_SPLINE_CURVE_WITH_KNOTS('',6,(#1319,#1320,#1321,#1322,#1323,
    #1324,#1325,#1326,#1327,#1328,#1329,#1330,#1331,#1332,#1333,#1334,
    #1335,#1336,#1337,#1338,#1339,#1340),.UNSPECIFIED.,.F.,.F.,(7,5,5,5,
    7),(0.,0.244457179108,0.5,0.755542820892,1.),.UNSPECIFIED.);
#1319 = CARTESIAN_POINT('',(2.5,9.999999999975E-03));
#1320 = CARTESIAN_POINT('',(2.392015007706,9.999999999976E-03));
#1321 = CARTESIAN_POINT('',(2.285905392616,9.999999999978E-03));
#1322 = CARTESIAN_POINT('',(2.181396000008,9.99999999998E-03));
#1323 = CARTESIAN_POINT('',(2.078230641093,9.999999999981E-03));
#1324 = CARTESIAN_POINT('',(1.9761717742,9.999999999983E-03));
#1325 = CARTESIAN_POINT('',(1.769240289166,9.999999999987E-03));
#1326 = CARTESIAN_POINT('',(1.664445250348,9.999999999989E-03));
#1327 = CARTESIAN_POINT('',(1.560364750329,9.999999999991E-03));
#1328 = CARTESIAN_POINT('',(1.456754214656,9.999999999995E-03));
#1329 = CARTESIAN_POINT('',(1.353375892342,9.999999999997E-03));
#1330 = CARTESIAN_POINT('',(1.146624107658,1.E-02));
#1331 = CARTESIAN_POINT('',(1.043245785344,1.000000000001E-02));
#1332 = CARTESIAN_POINT('',(0.939635249671,1.000000000001E-02));
#1333 = CARTESIAN_POINT('',(0.835554749652,1.000000000001E-02));
#1334 = CARTESIAN_POINT('',(0.730759710834,1.000000000002E-02));
#1335 = CARTESIAN_POINT('',(0.5238282258,1.000000000002E-02));
#1336 = CARTESIAN_POINT('',(0.421769358907,1.000000000002E-02));
#1337 = CARTESIAN_POINT('',(0.318603999992,1.000000000003E-02));
#1338 = CARTESIAN_POINT('',(0.214094607384,1.000000000003E-02));
#1339 = CARTESIAN_POINT('',(0.107984992294,1.000000000003E-02));
#1340 = CARTESIAN_POINT('',(0.,1.000000000004E-02));
#1341 = ( GEOMETRIC_REPRESENTATION_CONTEXT(2) 
PARAMETRIC_REPRESENTATION_CONTEXT() REPRESENTATION_CONTEXT('2D SPACE',''
  ) );
#1342 = ORIENTED_EDGE('',*,*,#1343,.T.);
#1343 = EDGE_CURVE('',#1248,#1344,#1346,.T.);
#1344 = VERTEX_POINT('',#1345);
#1345 = CARTESIAN_POINT('',(68.048254456435,77.600662388446,
    -3.816391647149E-17));
#1346 = SURFACE_CURVE('',#1347,(#1352,#1363),.PCURVE_S1.);
#1347 = CIRCLE('',#1348,365.);
#1348 = AXIS2_PLACEMENT_3D('',#1349,#1350,#1351);
#1349 = CARTESIAN_POINT('',(2.84217094304E-14,-281.,0.));
#1350 = DIRECTION('',(0.,-0.,-1.));
#1351 = DIRECTION('',(0.208219178082,0.978082191781,-0.));
#1352 = PCURVE('',#75,#1353);
#1353 = DEFINITIONAL_REPRESENTATION('',(#1354),#1362);
#1354 = ( BOUNDED_CURVE() B_SPLINE_CURVE(2,(#1355,#1356,#1357,#1358,
#1359,#1360,#1361),.UNSPECIFIED.,.T.,.F.) B_SPLINE_CURVE_WITH_KNOTS((1,2
    ,2,2,2,1),(-2.094395102393,0.,2.094395102393,4.188790204786,
6.28318530718,8.377580409573),.UNSPECIFIED.) CURVE() 
GEOMETRIC_REPRESENTATION_ITEM() RATIONAL_B_SPLINE_CURVE((1.,0.5,1.,0.5,
1.,0.5,1.)) REPRESENTATION_ITEM('') );
#1355 = CARTESIAN_POINT('',(76.,76.));
#1356 = CARTESIAN_POINT('',(694.34213830209,-55.63586137523));
#1357 = CARTESIAN_POINT('',(271.17106915104,-525.3179306876));
#1358 = CARTESIAN_POINT('',(-152.,-995.));
#1359 = CARTESIAN_POINT('',(-347.171069151,-393.6820693123));
#1360 = CARTESIAN_POINT('',(-542.342138302,207.63586137523));
#1361 = CARTESIAN_POINT('',(76.,76.));
#1362 = ( GEOMETRIC_REPRESENTATION_CONTEXT(2) 
PARAMETRIC_REPRESENTATION_CONTEXT() REPRESENTATION_CONTEXT('2D SPACE',''
  ) );
#1363 = PCURVE('',#1364,#1369);
#1364 = CYLINDRICAL_SURFACE('',#1365,365.);
#1365 = AXIS2_PLACEMENT_3D('',#1366,#1367,#1368);
#1366 = CARTESIAN_POINT('',(2.84217094304E-14,-281.,-1.E-02));
#1367 = DIRECTION('',(-0.,-0.,-1.));
#1368 = DIRECTION('',(0.208219178082,0.978082191781,-0.));
#1369 = DEFINITIONAL_REPRESENTATION('',(#1370),#1374);
#1370 = LINE('',#1371,#1372);
#1371 = CARTESIAN_POINT('',(-6.28318530718,-1.E-02));
#1372 = VECTOR('',#1373,1.);
#1373 = DIRECTION('',(1.,-0.));
#1374 = ( GEOMETRIC_REPRESENTATION_CONTEXT(2) 
PARAMETRIC_REPRESENTATION_CONTEXT() REPRESENTATION_CONTEXT('2D SPACE',''
  ) );
#1375 = ORIENTED_EDGE('',*,*,#1376,.T.);
#1376 = EDGE_CURVE('',#1344,#1377,#1379,.T.);
#1377 = VERTEX_POINT('',#1378);
#1378 = CARTESIAN_POINT('',(77.600662388446,68.048254456435,
    -7.806255641896E-18));
#1379 = SURFACE_CURVE('',#1380,(#1413,#1449),.PCURVE_S1.);
#1380 = B_SPLINE_CURVE_WITH_KNOTS('',6,(#1381,#1382,#1383,#1384,#1385,
    #1386,#1387,#1388,#1389,#1390,#1391,#1392,#1393,#1394,#1395,#1396,
    #1397,#1398,#1399,#1400,#1401,#1402,#1403,#1404,#1405,#1406,#1407,
    #1408,#1409,#1410,#1411,#1412),.UNSPECIFIED.,.F.,.F.,(7,5,5,5,5,5,7)
  ,(0.,0.142823030682,0.245464678723,0.5,0.754535321277,0.857176969317,
    1.),.UNSPECIFIED.);
#1381 = CARTESIAN_POINT('',(68.048254456435,77.600662388446,0.));
#1382 = CARTESIAN_POINT('',(68.383193631279,77.537104150585,0.));
#1383 = CARTESIAN_POINT('',(68.716083282077,77.462104966447,0.));
#1384 = CARTESIAN_POINT('',(69.046420647334,77.37574498156,0.));
#1385 = CARTESIAN_POINT('',(69.373710686893,77.278133968982,0.));
#1386 = CARTESIAN_POINT('',(69.69746608193,77.169411329301,0.));
#1387 = CARTESIAN_POINT('',(70.246993416758,76.963747094178,0.));
#1388 = CARTESIAN_POINT('',(70.474706877772,76.872096290277,0.));
#1389 = CARTESIAN_POINT('',(70.700169916726,76.774856311066,0.));
#1390 = CARTESIAN_POINT('',(70.923208029905,76.672097214439,0.));
#1391 = CARTESIAN_POINT('',(71.143649911157,76.563896484043,0.));
#1392 = CARTESIAN_POINT('',(71.901133893273,76.168734205283,0.));
#1393 = CARTESIAN_POINT('',(72.423953984525,75.854180569133,0.));
#1394 = CARTESIAN_POINT('',(72.927199692547,75.507982124838,0.));
#1395 = CARTESIAN_POINT('',(73.408469873469,75.131702829396,0.));
#1396 = CARTESIAN_POINT('',(73.865529729274,74.727136159595,0.));
#1397 = CARTESIAN_POINT('',(74.727136159595,73.865529729274,0.));
#1398 = CARTESIAN_POINT('',(75.131702829396,73.40846987347,0.));
#1399 = CARTESIAN_POINT('',(75.507982124838,72.927199692547,0.));
#1400 = CARTESIAN_POINT('',(75.854180569133,72.423953984525,0.));
#1401 = CARTESIAN_POINT('',(76.168734205283,71.901133893274,0.));
#1402 = CARTESIAN_POINT('',(76.563896484043,71.143649911158,0.));
#1403 = CARTESIAN_POINT('',(76.672097214439,70.923208029906,0.));
#1404 = CARTESIAN_POINT('',(76.774856311066,70.700169916727,0.));
#1405 = CARTESIAN_POINT('',(76.872096290276,70.474706877773,0.));
#1406 = CARTESIAN_POINT('',(76.963747094178,70.246993416758,0.));
#1407 = CARTESIAN_POINT('',(77.169411329301,69.69746608193,0.));
#1408 = CARTESIAN_POINT('',(77.278133968982,69.373710686893,0.));
#1409 = CARTESIAN_POINT('',(77.37574498156,69.046420647334,0.));
#1410 = CARTESIAN_POINT('',(77.462104966447,68.716083282077,0.));
#1411 = CARTESIAN_POINT('',(77.537104150585,68.383193631279,0.));
#1412 = CARTESIAN_POINT('',(77.600662388446,68.048254456435,0.));
#1413 = PCURVE('',#75,#1414);
#1414 = DEFINITIONAL_REPRESENTATION('',(#1415),#1448);
#1415 = B_SPLINE_CURVE_WITH_KNOTS('',6,(#1416,#1417,#1418,#1419,#1420,
    #1421,#1422,#1423,#1424,#1425,#1426,#1427,#1428,#1429,#1430,#1431,
    #1432,#1433,#1434,#1435,#1436,#1437,#1438,#1439,#1440,#1441,#1442,
    #1443,#1444,#1445,#1446,#1447),.UNSPECIFIED.,.F.,.F.,(7,5,5,5,5,5,7)
  ,(0.,0.142823030682,0.245464678723,0.5,0.754535321277,0.857176969317,
    1.),.UNSPECIFIED.);
#1416 = CARTESIAN_POINT('',(68.048254456435,77.600662388446));
#1417 = CARTESIAN_POINT('',(68.383193631279,77.537104150585));
#1418 = CARTESIAN_POINT('',(68.716083282077,77.462104966447));
#1419 = CARTESIAN_POINT('',(69.046420647334,77.37574498156));
#1420 = CARTESIAN_POINT('',(69.373710686892,77.278133968982));
#1421 = CARTESIAN_POINT('',(69.69746608193,77.169411329301));
#1422 = CARTESIAN_POINT('',(70.246993416758,76.963747094178));
#1423 = CARTESIAN_POINT('',(70.474706877772,76.872096290277));
#1424 = CARTESIAN_POINT('',(70.700169916726,76.774856311066));
#1425 = CARTESIAN_POINT('',(70.923208029905,76.672097214439));
#1426 = CARTESIAN_POINT('',(71.143649911157,76.563896484043));
#1427 = CARTESIAN_POINT('',(71.901133893273,76.168734205283));
#1428 = CARTESIAN_POINT('',(72.423953984525,75.854180569133));
#1429 = CARTESIAN_POINT('',(72.927199692547,75.507982124838));
#1430 = CARTESIAN_POINT('',(73.408469873469,75.131702829396));
#1431 = CARTESIAN_POINT('',(73.865529729273,74.727136159595));
#1432 = CARTESIAN_POINT('',(74.727136159595,73.865529729274));
#1433 = CARTESIAN_POINT('',(75.131702829395,73.40846987347));
#1434 = CARTESIAN_POINT('',(75.507982124838,72.927199692547));
#1435 = CARTESIAN_POINT('',(75.854180569133,72.423953984525));
#1436 = CARTESIAN_POINT('',(76.168734205283,71.901133893274));
#1437 = CARTESIAN_POINT('',(76.563896484043,71.143649911158));
#1438 = CARTESIAN_POINT('',(76.672097214439,70.923208029906));
#1439 = CARTESIAN_POINT('',(76.774856311066,70.700169916727));
#1440 = CARTESIAN_POINT('',(76.872096290276,70.474706877773));
#1441 = CARTESIAN_POINT('',(76.963747094178,70.246993416758));
#1442 = CARTESIAN_POINT('',(77.169411329301,69.69746608193));
#1443 = CARTESIAN_POINT('',(77.278133968982,69.373710686893));
#1444 = CARTESIAN_POINT('',(77.37574498156,69.046420647334));
#1445 = CARTESIAN_POINT('',(77.462104966447,68.716083282077));
#1446 = CARTESIAN_POINT('',(77.537104150585,68.383193631279));
#1447 = CARTESIAN_POINT('',(77.600662388446,68.048254456435));
#1448 = ( GEOMETRIC_REPRESENTATION_CONTEXT(2) 
PARAMETRIC_REPRESENTATION_CONTEXT() REPRESENTATION_CONTEXT('2D SPACE',''
  ) );
#1449 = PCURVE('',#1450,#1466);
#1450 = ( BOUNDED_SURFACE() B_SPLINE_SURFACE(2,2,(
    (#1451,#1452,#1453,#1454,#1455)
    ,(#1456,#1457,#1458,#1459,#1460)
    ,(#1461,#1462,#1463,#1464,#1465
)),.UNSPECIFIED.,.F.,.F.,.F.) B_SPLINE_SURFACE_WITH_KNOTS((3,3),(3,1,1,3
    ),(0.,2.5),(-0.153,1.387697465619E-14,2.5,2.653),.UNSPECIFIED.) 
GEOMETRIC_REPRESENTATION_ITEM() RATIONAL_B_SPLINE_SURFACE((
    (1.,1.,1.,1.,1.)
    ,(0.826537924074,0.826537924074,0.826537924074,0.826537924074
      ,0.826537924074)
,(1.,1.,1.,1.,1.))) REPRESENTATION_ITEM('') SURFACE() );
#1451 = CARTESIAN_POINT('',(77.600662388446,68.048254456435,-0.163));
#1452 = CARTESIAN_POINT('',(77.600662388446,68.048254456435,
    -8.650000000002E-02));
#1453 = CARTESIAN_POINT('',(77.600662388446,68.048254456435,1.24));
#1454 = CARTESIAN_POINT('',(77.600662388446,68.048254456435,2.5665));
#1455 = CARTESIAN_POINT('',(77.600662388446,68.048254456435,2.643));
#1456 = CARTESIAN_POINT('',(76.077103649715,76.077103649715,-0.163));
#1457 = CARTESIAN_POINT('',(76.077103649715,76.077103649715,
    -8.649999999998E-02));
#1458 = CARTESIAN_POINT('',(76.077103649715,76.077103649715,1.24));
#1459 = CARTESIAN_POINT('',(76.077103649715,76.077103649715,2.5665));
#1460 = CARTESIAN_POINT('',(76.077103649715,76.077103649715,2.643));
#1461 = CARTESIAN_POINT('',(68.048254456435,77.600662388446,-0.163));
#1462 = CARTESIAN_POINT('',(68.048254456435,77.600662388446,
    -8.649999999996E-02));
#1463 = CARTESIAN_POINT('',(68.048254456435,77.600662388446,1.24));
#1464 = CARTESIAN_POINT('',(68.048254456435,77.600662388446,2.5665));
#1465 = CARTESIAN_POINT('',(68.048254456435,77.600662388446,2.643));
#1466 = DEFINITIONAL_REPRESENTATION('',(#1467),#1500);
#1467 = B_SPLINE_CURVE_WITH_KNOTS('',6,(#1468,#1469,#1470,#1471,#1472,
    #1473,#1474,#1475,#1476,#1477,#1478,#1479,#1480,#1481,#1482,#1483,
    #1484,#1485,#1486,#1487,#1488,#1489,#1490,#1491,#1492,#1493,#1494,
    #1495,#1496,#1497,#1498,#1499),.UNSPECIFIED.,.F.,.F.,(7,5,5,5,5,5,7)
  ,(0.,0.142823030682,0.245464678723,0.5,0.754535321277,0.857176969317,
    1.),.UNSPECIFIED.);
#1468 = CARTESIAN_POINT('',(2.5,9.999999999976E-03));
#1469 = CARTESIAN_POINT('',(2.436910095014,9.999999999976E-03));
#1470 = CARTESIAN_POINT('',(2.374460905007,9.999999999977E-03));
#1471 = CARTESIAN_POINT('',(2.312596966717,9.999999999978E-03));
#1472 = CARTESIAN_POINT('',(2.251265348248,9.999999999979E-03));
#1473 = CARTESIAN_POINT('',(2.190415649065,9.99999999998E-03));
#1474 = CARTESIAN_POINT('',(2.086581499792,9.999999999981E-03));
#1475 = CARTESIAN_POINT('',(2.043387068651,9.999999999982E-03));
#1476 = CARTESIAN_POINT('',(2.000398868642,9.999999999982E-03));
#1477 = CARTESIAN_POINT('',(1.957599510094,9.999999999983E-03));
#1478 = CARTESIAN_POINT('',(1.914972051596,9.999999999984E-03));
#1479 = CARTESIAN_POINT('',(1.767175918551,9.999999999987E-03));
#1480 = CARTESIAN_POINT('',(1.662804956833,9.999999999989E-03));
#1481 = CARTESIAN_POINT('',(1.559140047587,9.999999999993E-03));
#1482 = CARTESIAN_POINT('',(1.45593957042,9.999999999994E-03));
#1483 = CARTESIAN_POINT('',(1.352968593875,9.999999999997E-03));
#1484 = CARTESIAN_POINT('',(1.147031406125,1.E-02));
#1485 = CARTESIAN_POINT('',(1.04406042958,1.000000000001E-02));
#1486 = CARTESIAN_POINT('',(0.940859952413,1.000000000001E-02));
#1487 = CARTESIAN_POINT('',(0.837195043167,1.000000000001E-02));
#1488 = CARTESIAN_POINT('',(0.732824081449,1.000000000002E-02));
#1489 = CARTESIAN_POINT('',(0.585027948404,1.000000000002E-02));
#1490 = CARTESIAN_POINT('',(0.542400489906,1.000000000002E-02));
#1491 = CARTESIAN_POINT('',(0.499601131358,1.000000000002E-02));
#1492 = CARTESIAN_POINT('',(0.456612931349,1.000000000002E-02));
#1493 = CARTESIAN_POINT('',(0.413418500208,1.000000000003E-02));
#1494 = CARTESIAN_POINT('',(0.309584350935,1.000000000003E-02));
#1495 = CARTESIAN_POINT('',(0.248734651752,1.000000000003E-02));
#1496 = CARTESIAN_POINT('',(0.187403033283,1.000000000003E-02));
#1497 = CARTESIAN_POINT('',(0.125539094993,1.000000000004E-02));
#1498 = CARTESIAN_POINT('',(6.308990498624E-02,1.000000000004E-02));
#1499 = CARTESIAN_POINT('',(0.,1.000000000004E-02));
#1500 = ( GEOMETRIC_REPRESENTATION_CONTEXT(2) 
PARAMETRIC_REPRESENTATION_CONTEXT() REPRESENTATION_CONTEXT('2D SPACE',''
  ) );
#1501 = ORIENTED_EDGE('',*,*,#1502,.T.);
#1502 = EDGE_CURVE('',#1377,#928,#1503,.T.);
#1503 = SURFACE_CURVE('',#1504,(#1509,#1520),.PCURVE_S1.);
#1504 = CIRCLE('',#1505,365.);
#1505 = AXIS2_PLACEMENT_3D('',#1506,#1507,#1508);
#1506 = CARTESIAN_POINT('',(-281.,3.907985046681E-14,0.));
#1507 = DIRECTION('',(-0.,0.,-1.));
#1508 = DIRECTION('',(0.978082191781,-0.208219178082,-0.));
#1509 = PCURVE('',#75,#1510);
#1510 = DEFINITIONAL_REPRESENTATION('',(#1511),#1519);
#1511 = ( BOUNDED_CURVE() B_SPLINE_CURVE(2,(#1512,#1513,#1514,#1515,
#1516,#1517,#1518),.UNSPECIFIED.,.T.,.F.) B_SPLINE_CURVE_WITH_KNOTS((1,2
    ,2,2,2,1),(-2.094395102393,0.,2.094395102393,4.188790204786,
6.28318530718,8.377580409573),.UNSPECIFIED.) CURVE() 
GEOMETRIC_REPRESENTATION_ITEM() RATIONAL_B_SPLINE_CURVE((1.,0.5,1.,0.5,
1.,0.5,1.)) REPRESENTATION_ITEM('') );
#1512 = CARTESIAN_POINT('',(76.,-76.));
#1513 = CARTESIAN_POINT('',(-55.63586137523,-694.342138302));
#1514 = CARTESIAN_POINT('',(-525.3179306876,-271.171069151));
#1515 = CARTESIAN_POINT('',(-995.,152.));
#1516 = CARTESIAN_POINT('',(-393.6820693123,347.17106915104));
#1517 = CARTESIAN_POINT('',(207.63586137523,542.34213830209));
#1518 = CARTESIAN_POINT('',(76.,-76.));
#1519 = ( GEOMETRIC_REPRESENTATION_CONTEXT(2) 
PARAMETRIC_REPRESENTATION_CONTEXT() REPRESENTATION_CONTEXT('2D SPACE',''
  ) );
#1520 = PCURVE('',#1521,#1526);
#1521 = CYLINDRICAL_SURFACE('',#1522,365.);
#1522 = AXIS2_PLACEMENT_3D('',#1523,#1524,#1525);
#1523 = CARTESIAN_POINT('',(-281.,3.907985046681E-14,-1.E-02));
#1524 = DIRECTION('',(-0.,0.,-1.));
#1525 = DIRECTION('',(0.978082191781,-0.208219178082,-0.));
#1526 = DEFINITIONAL_REPRESENTATION('',(#1527),#1531);
#1527 = LINE('',#1528,#1529);
#1528 = CARTESIAN_POINT('',(-6.28318530718,-1.E-02));
#1529 = VECTOR('',#1530,1.);
#1530 = DIRECTION('',(1.,-0.));
#1531 = ( GEOMETRIC_REPRESENTATION_CONTEXT(2) 
PARAMETRIC_REPRESENTATION_CONTEXT() REPRESENTATION_CONTEXT('2D SPACE',''
  ) );
#1532 = ADVANCED_FACE('',(#1533),#170,.T.);
#1533 = FACE_BOUND('',#1534,.T.);
#1534 = EDGE_LOOP('',(#1535,#1536,#1559,#1580));
#1535 = ORIENTED_EDGE('',*,*,#296,.F.);
#1536 = ORIENTED_EDGE('',*,*,#1537,.T.);
#1537 = EDGE_CURVE('',#297,#1538,#1540,.T.);
#1538 = VERTEX_POINT('',#1539);
#1539 = CARTESIAN_POINT('',(-25.,-100.,6.));
#1540 = SURFACE_CURVE('',#1541,(#1545,#1552),.PCURVE_S1.);
#1541 = LINE('',#1542,#1543);
#1542 = CARTESIAN_POINT('',(-25.,-100.,0.));
#1543 = VECTOR('',#1544,1.);
#1544 = DIRECTION('',(0.,0.,1.));
#1545 = PCURVE('',#170,#1546);
#1546 = DEFINITIONAL_REPRESENTATION('',(#1547),#1551);
#1547 = LINE('',#1548,#1549);
#1548 = CARTESIAN_POINT('',(0.,0.));
#1549 = VECTOR('',#1550,1.);
#1550 = DIRECTION('',(0.,-1.));
#1551 = ( GEOMETRIC_REPRESENTATION_CONTEXT(2) 
PARAMETRIC_REPRESENTATION_CONTEXT() REPRESENTATION_CONTEXT('2D SPACE',''
  ) );
#1552 = PCURVE('',#336,#1553);
#1553 = DEFINITIONAL_REPRESENTATION('',(#1554),#1558);
#1554 = LINE('',#1555,#1556);
#1555 = CARTESIAN_POINT('',(-3.14159265359,0.));
#1556 = VECTOR('',#1557,1.);
#1557 = DIRECTION('',(-0.,-1.));
#1558 = ( GEOMETRIC_REPRESENTATION_CONTEXT(2) 
PARAMETRIC_REPRESENTATION_CONTEXT() REPRESENTATION_CONTEXT('2D SPACE',''
  ) );
#1559 = ORIENTED_EDGE('',*,*,#1560,.T.);
#1560 = EDGE_CURVE('',#1538,#128,#1561,.T.);
#1561 = SURFACE_CURVE('',#1562,(#1566,#1573),.PCURVE_S1.);
#1562 = LINE('',#1563,#1564);
#1563 = CARTESIAN_POINT('',(-25.,-85.,6.));
#1564 = VECTOR('',#1565,1.);
#1565 = DIRECTION('',(0.,1.,0.));
#1566 = PCURVE('',#170,#1567);
#1567 = DEFINITIONAL_REPRESENTATION('',(#1568),#1572);
#1568 = LINE('',#1569,#1570);
#1569 = CARTESIAN_POINT('',(15.,-6.));
#1570 = VECTOR('',#1571,1.);
#1571 = DIRECTION('',(1.,0.));
#1572 = ( GEOMETRIC_REPRESENTATION_CONTEXT(2) 
PARAMETRIC_REPRESENTATION_CONTEXT() REPRESENTATION_CONTEXT('2D SPACE',''
  ) );
#1573 = PCURVE('',#144,#1574);
#1574 = DEFINITIONAL_REPRESENTATION('',(#1575),#1579);
#1575 = LINE('',#1576,#1577);
#1576 = CARTESIAN_POINT('',(-25.,-85.));
#1577 = VECTOR('',#1578,1.);
#1578 = DIRECTION('',(0.,1.));
#1579 = ( GEOMETRIC_REPRESENTATION_CONTEXT(2) 
PARAMETRIC_REPRESENTATION_CONTEXT() REPRESENTATION_CONTEXT('2D SPACE',''
  ) );
#1580 = ORIENTED_EDGE('',*,*,#156,.T.);
#1581 = ADVANCED_FACE('',(#1582,#2214),#144,.T.);
#1582 = FACE_BOUND('',#1583,.T.);
#1583 = EDGE_LOOP('',(#1584,#1694,#1695,#1696,#1720,#1743,#1767,#1790,
    #1814,#1924,#1948,#2058,#2082,#2192));
#1584 = ORIENTED_EDGE('',*,*,#1585,.F.);
#1585 = EDGE_CURVE('',#88,#1586,#1588,.T.);
#1586 = VERTEX_POINT('',#1587);
#1587 = CARTESIAN_POINT('',(-86.48074536017,-69.86898065428,6.));
#1588 = SURFACE_CURVE('',#1589,(#1622,#1658),.PCURVE_S1.);
#1589 = B_SPLINE_CURVE_WITH_KNOTS('',6,(#1590,#1591,#1592,#1593,#1594,
    #1595,#1596,#1597,#1598,#1599,#1600,#1601,#1602,#1603,#1604,#1605,
    #1606,#1607,#1608,#1609,#1610,#1611,#1612,#1613,#1614,#1615,#1616,
    #1617,#1618,#1619,#1620,#1621),.UNSPECIFIED.,.F.,.F.,(7,5,5,5,5,5,7)
  ,(0.,0.142434168826,0.245039253267,0.5,0.754960746733,0.857565831174,
    1.),.UNSPECIFIED.);
#1590 = CARTESIAN_POINT('',(-69.86898065428,-86.48074536017,6.));
#1591 = CARTESIAN_POINT('',(-70.45542231588,-86.38751242211,6.));
#1592 = CARTESIAN_POINT('',(-71.03895925372,-86.27331900785,6.));
#1593 = CARTESIAN_POINT('',(-71.61860632588,-86.13826538431,6.));
#1594 = CARTESIAN_POINT('',(-72.19339209539,-85.98251554485,6.));
#1595 = CARTESIAN_POINT('',(-72.76235883031,-85.8062972093,6.));
#1596 = CARTESIAN_POINT('',(-73.7295563044,-85.46842478044,6.));
#1597 = CARTESIAN_POINT('',(-74.13104180211,-85.31647676559,6.));
#1598 = CARTESIAN_POINT('',(-74.52866683485,-85.15416647018,6.));
#1599 = CARTESIAN_POINT('',(-74.92208556327,-84.98161862987,6.));
#1600 = CARTESIAN_POINT('',(-75.31095847067,-84.79897402522,6.));
#1601 = CARTESIAN_POINT('',(-76.64912895221,-84.12784108132,6.));
#1602 = CARTESIAN_POINT('',(-77.57321023549,-83.58790211655,6.));
#1603 = CARTESIAN_POINT('',(-78.46202785162,-82.98899821472,6.));
#1604 = CARTESIAN_POINT('',(-79.31080745938,-82.3341213516,6.));
#1605 = CARTESIAN_POINT('',(-80.11512042099,-81.62675432342,6.));
#1606 = CARTESIAN_POINT('',(-81.62675432341,-80.11512042099,6.));
#1607 = CARTESIAN_POINT('',(-82.33412135159,-79.31080745939,6.));
#1608 = CARTESIAN_POINT('',(-82.98899821472,-78.46202785162,6.));
#1609 = CARTESIAN_POINT('',(-83.58790211655,-77.57321023549,6.));
#1610 = CARTESIAN_POINT('',(-84.12784108132,-76.64912895221,6.));
#1611 = CARTESIAN_POINT('',(-84.79897402522,-75.31095847067,6.));
#1612 = CARTESIAN_POINT('',(-84.98161862987,-74.92208556327,6.));
#1613 = CARTESIAN_POINT('',(-85.15416647018,-74.52866683485,6.));
#1614 = CARTESIAN_POINT('',(-85.31647676559,-74.13104180211,6.));
#1615 = CARTESIAN_POINT('',(-85.46842478044,-73.7295563044,6.));
#1616 = CARTESIAN_POINT('',(-85.8062972093,-72.76235883031,6.));
#1617 = CARTESIAN_POINT('',(-85.98251554485,-72.19339209539,6.));
#1618 = CARTESIAN_POINT('',(-86.13826538431,-71.61860632588,6.));
#1619 = CARTESIAN_POINT('',(-86.27331900785,-71.03895925372,6.));
#1620 = CARTESIAN_POINT('',(-86.38751242211,-70.45542231588,6.));
#1621 = CARTESIAN_POINT('',(-86.48074536017,-69.86898065428,6.));
#1622 = PCURVE('',#144,#1623);
#1623 = DEFINITIONAL_REPRESENTATION('',(#1624),#1657);
#1624 = B_SPLINE_CURVE_WITH_KNOTS('',6,(#1625,#1626,#1627,#1628,#1629,
    #1630,#1631,#1632,#1633,#1634,#1635,#1636,#1637,#1638,#1639,#1640,
    #1641,#1642,#1643,#1644,#1645,#1646,#1647,#1648,#1649,#1650,#1651,
    #1652,#1653,#1654,#1655,#1656),.UNSPECIFIED.,.F.,.F.,(7,5,5,5,5,5,7)
  ,(0.,0.142434168826,0.245039253267,0.5,0.754960746733,0.857565831174,
    1.),.UNSPECIFIED.);
#1625 = CARTESIAN_POINT('',(-69.86898065428,-86.48074536017));
#1626 = CARTESIAN_POINT('',(-70.45542231588,-86.38751242211));
#1627 = CARTESIAN_POINT('',(-71.03895925372,-86.27331900785));
#1628 = CARTESIAN_POINT('',(-71.61860632588,-86.13826538431));
#1629 = CARTESIAN_POINT('',(-72.19339209539,-85.98251554485));
#1630 = CARTESIAN_POINT('',(-72.76235883031,-85.8062972093));
#1631 = CARTESIAN_POINT('',(-73.7295563044,-85.46842478044));
#1632 = CARTESIAN_POINT('',(-74.13104180211,-85.31647676559));
#1633 = CARTESIAN_POINT('',(-74.52866683485,-85.15416647018));
#1634 = CARTESIAN_POINT('',(-74.92208556327,-84.98161862987));
#1635 = CARTESIAN_POINT('',(-75.31095847067,-84.79897402522));
#1636 = CARTESIAN_POINT('',(-76.64912895221,-84.12784108132));
#1637 = CARTESIAN_POINT('',(-77.57321023549,-83.58790211655));
#1638 = CARTESIAN_POINT('',(-78.46202785162,-82.98899821472));
#1639 = CARTESIAN_POINT('',(-79.31080745938,-82.3341213516));
#1640 = CARTESIAN_POINT('',(-80.11512042099,-81.62675432342));
#1641 = CARTESIAN_POINT('',(-81.62675432341,-80.11512042099));
#1642 = CARTESIAN_POINT('',(-82.33412135159,-79.31080745939));
#1643 = CARTESIAN_POINT('',(-82.98899821472,-78.46202785162));
#1644 = CARTESIAN_POINT('',(-83.58790211655,-77.57321023549));
#1645 = CARTESIAN_POINT('',(-84.12784108132,-76.64912895221));
#1646 = CARTESIAN_POINT('',(-84.79897402522,-75.31095847067));
#1647 = CARTESIAN_POINT('',(-84.98161862987,-74.92208556327));
#1648 = CARTESIAN_POINT('',(-85.15416647018,-74.52866683485));
#1649 = CARTESIAN_POINT('',(-85.31647676559,-74.13104180211));
#1650 = CARTESIAN_POINT('',(-85.46842478044,-73.7295563044));
#1651 = CARTESIAN_POINT('',(-85.8062972093,-72.76235883031));
#1652 = CARTESIAN_POINT('',(-85.98251554485,-72.19339209539));
#1653 = CARTESIAN_POINT('',(-86.13826538431,-71.61860632588));
#1654 = CARTESIAN_POINT('',(-86.27331900785,-71.03895925372));
#1655 = CARTESIAN_POINT('',(-86.38751242211,-70.45542231588));
#1656 = CARTESIAN_POINT('',(-86.48074536017,-69.86898065428));
#1657 = ( GEOMETRIC_REPRESENTATION_CONTEXT(2) 
PARAMETRIC_REPRESENTATION_CONTEXT() REPRESENTATION_CONTEXT('2D SPACE',''
  ) );
#1658 = PCURVE('',#104,#1659);
#1659 = DEFINITIONAL_REPRESENTATION('',(#1660),#1693);
#1660 = B_SPLINE_CURVE_WITH_KNOTS('',6,(#1661,#1662,#1663,#1664,#1665,
    #1666,#1667,#1668,#1669,#1670,#1671,#1672,#1673,#1674,#1675,#1676,
    #1677,#1678,#1679,#1680,#1681,#1682,#1683,#1684,#1685,#1686,#1687,
    #1688,#1689,#1690,#1691,#1692),.UNSPECIFIED.,.F.,.F.,(7,5,5,5,5,5,7)
  ,(0.,0.142434168826,0.245039253267,0.5,0.754960746733,0.857565831174,
    1.),.UNSPECIFIED.);
#1661 = CARTESIAN_POINT('',(0.,6.));
#1662 = CARTESIAN_POINT('',(0.151658045853,6.));
#1663 = CARTESIAN_POINT('',(0.301669982505,6.));
#1664 = CARTESIAN_POINT('',(0.450177776011,6.));
#1665 = CARTESIAN_POINT('',(0.597316995211,6.));
#1666 = CARTESIAN_POINT('',(0.743216811734,6.));
#1667 = CARTESIAN_POINT('',(0.992297243984,6.));
#1668 = CARTESIAN_POINT('',(1.096015325263,6.));
#1669 = CARTESIAN_POINT('',(1.199200312871,6.));
#1670 = CARTESIAN_POINT('',(1.301897115575,6.));
#1671 = CARTESIAN_POINT('',(1.404149481874,6.));
#1672 = CARTESIAN_POINT('',(1.759085744217,6.));
#1673 = CARTESIAN_POINT('',(2.009698223488,6.));
#1674 = CARTESIAN_POINT('',(2.258476489206,6.));
#1675 = CARTESIAN_POINT('',(2.506049586325,6.));
#1676 = CARTESIAN_POINT('',(2.753028523907,6.));
#1677 = CARTESIAN_POINT('',(3.246971476092,6.));
#1678 = CARTESIAN_POINT('',(3.493950413674,6.));
#1679 = CARTESIAN_POINT('',(3.741523510794,6.));
#1680 = CARTESIAN_POINT('',(3.990301776511,6.));
#1681 = CARTESIAN_POINT('',(4.240914255783,6.));
#1682 = CARTESIAN_POINT('',(4.595850518125,6.));
#1683 = CARTESIAN_POINT('',(4.698102884425,6.));
#1684 = CARTESIAN_POINT('',(4.800799687129,6.));
#1685 = CARTESIAN_POINT('',(4.903984674737,6.));
#1686 = CARTESIAN_POINT('',(5.007702756016,6.));
#1687 = CARTESIAN_POINT('',(5.256783188266,6.));
#1688 = CARTESIAN_POINT('',(5.402683004789,6.));
#1689 = CARTESIAN_POINT('',(5.549822223989,6.));
#1690 = CARTESIAN_POINT('',(5.698330017495,6.));
#1691 = CARTESIAN_POINT('',(5.848341954147,6.));
#1692 = CARTESIAN_POINT('',(6.,6.));
#1693 = ( GEOMETRIC_REPRESENTATION_CONTEXT(2) 
PARAMETRIC_REPRESENTATION_CONTEXT() REPRESENTATION_CONTEXT('2D SPACE',''
  ) );
#1694 = ORIENTED_EDGE('',*,*,#127,.T.);
#1695 = ORIENTED_EDGE('',*,*,#1560,.F.);
#1696 = ORIENTED_EDGE('',*,*,#1697,.T.);
#1697 = EDGE_CURVE('',#1538,#1698,#1700,.T.);
#1698 = VERTEX_POINT('',#1699);
#1699 = CARTESIAN_POINT('',(-17.,-108.,6.));
#1700 = SURFACE_CURVE('',#1701,(#1706,#1713),.PCURVE_S1.);
#1701 = CIRCLE('',#1702,8.);
#1702 = AXIS2_PLACEMENT_3D('',#1703,#1704,#1705);
#1703 = CARTESIAN_POINT('',(-17.,-100.,6.));
#1704 = DIRECTION('',(0.,0.,1.));
#1705 = DIRECTION('',(1.,0.,0.));
#1706 = PCURVE('',#144,#1707);
#1707 = DEFINITIONAL_REPRESENTATION('',(#1708),#1712);
#1708 = CIRCLE('',#1709,8.);
#1709 = AXIS2_PLACEMENT_2D('',#1710,#1711);
#1710 = CARTESIAN_POINT('',(-17.,-100.));
#1711 = DIRECTION('',(1.,0.));
#1712 = ( GEOMETRIC_REPRESENTATION_CONTEXT(2) 
PARAMETRIC_REPRESENTATION_CONTEXT() REPRESENTATION_CONTEXT('2D SPACE',''
  ) );
#1713 = PCURVE('',#336,#1714);
#1714 = DEFINITIONAL_REPRESENTATION('',(#1715),#1719);
#1715 = LINE('',#1716,#1717);
#1716 = CARTESIAN_POINT('',(-0.,-6.));
#1717 = VECTOR('',#1718,1.);
#1718 = DIRECTION('',(-1.,0.));
#1719 = ( GEOMETRIC_REPRESENTATION_CONTEXT(2) 
PARAMETRIC_REPRESENTATION_CONTEXT() REPRESENTATION_CONTEXT('2D SPACE',''
  ) );
#1720 = ORIENTED_EDGE('',*,*,#1721,.T.);
#1721 = EDGE_CURVE('',#1698,#1722,#1724,.T.);
#1722 = VERTEX_POINT('',#1723);
#1723 = CARTESIAN_POINT('',(17.,-108.,6.));
#1724 = SURFACE_CURVE('',#1725,(#1729,#1736),.PCURVE_S1.);
#1725 = LINE('',#1726,#1727);
#1726 = CARTESIAN_POINT('',(0.,-108.,6.));
#1727 = VECTOR('',#1728,1.);
#1728 = DIRECTION('',(1.,0.,0.));
#1729 = PCURVE('',#144,#1730);
#1730 = DEFINITIONAL_REPRESENTATION('',(#1731),#1735);
#1731 = LINE('',#1732,#1733);
#1732 = CARTESIAN_POINT('',(-3.500103054784E-14,-108.));
#1733 = VECTOR('',#1734,1.);
#1734 = DIRECTION('',(1.,0.));
#1735 = ( GEOMETRIC_REPRESENTATION_CONTEXT(2) 
PARAMETRIC_REPRESENTATION_CONTEXT() REPRESENTATION_CONTEXT('2D SPACE',''
  ) );
#1736 = PCURVE('',#364,#1737);
#1737 = DEFINITIONAL_REPRESENTATION('',(#1738),#1742);
#1738 = LINE('',#1739,#1740);
#1739 = CARTESIAN_POINT('',(17.,-6.));
#1740 = VECTOR('',#1741,1.);
#1741 = DIRECTION('',(1.,0.));
#1742 = ( GEOMETRIC_REPRESENTATION_CONTEXT(2) 
PARAMETRIC_REPRESENTATION_CONTEXT() REPRESENTATION_CONTEXT('2D SPACE',''
  ) );
#1743 = ORIENTED_EDGE('',*,*,#1744,.T.);
#1744 = EDGE_CURVE('',#1722,#1745,#1747,.T.);
#1745 = VERTEX_POINT('',#1746);
#1746 = CARTESIAN_POINT('',(25.,-100.,6.));
#1747 = SURFACE_CURVE('',#1748,(#1753,#1760),.PCURVE_S1.);
#1748 = CIRCLE('',#1749,8.);
#1749 = AXIS2_PLACEMENT_3D('',#1750,#1751,#1752);
#1750 = CARTESIAN_POINT('',(17.,-100.,6.));
#1751 = DIRECTION('',(0.,0.,1.));
#1752 = DIRECTION('',(1.,0.,0.));
#1753 = PCURVE('',#144,#1754);
#1754 = DEFINITIONAL_REPRESENTATION('',(#1755),#1759);
#1755 = CIRCLE('',#1756,8.);
#1756 = AXIS2_PLACEMENT_2D('',#1757,#1758);
#1757 = CARTESIAN_POINT('',(17.,-100.));
#1758 = DIRECTION('',(1.,0.));
#1759 = ( GEOMETRIC_REPRESENTATION_CONTEXT(2) 
PARAMETRIC_REPRESENTATION_CONTEXT() REPRESENTATION_CONTEXT('2D SPACE',''
  ) );
#1760 = PCURVE('',#393,#1761);
#1761 = DEFINITIONAL_REPRESENTATION('',(#1762),#1766);
#1762 = LINE('',#1763,#1764);
#1763 = CARTESIAN_POINT('',(-0.,-6.));
#1764 = VECTOR('',#1765,1.);
#1765 = DIRECTION('',(-1.,0.));
#1766 = ( GEOMETRIC_REPRESENTATION_CONTEXT(2) 
PARAMETRIC_REPRESENTATION_CONTEXT() REPRESENTATION_CONTEXT('2D SPACE',''
  ) );
#1767 = ORIENTED_EDGE('',*,*,#1768,.T.);
#1768 = EDGE_CURVE('',#1745,#1769,#1771,.T.);
#1769 = VERTEX_POINT('',#1770);
#1770 = CARTESIAN_POINT('',(25.000000000007,-91.29719783046,6.));
#1771 = SURFACE_CURVE('',#1772,(#1776,#1783),.PCURVE_S1.);
#1772 = LINE('',#1773,#1774);
#1773 = CARTESIAN_POINT('',(25.,-85.,6.));
#1774 = VECTOR('',#1775,1.);
#1775 = DIRECTION('',(0.,1.,0.));
#1776 = PCURVE('',#144,#1777);
#1777 = DEFINITIONAL_REPRESENTATION('',(#1778),#1782);
#1778 = LINE('',#1779,#1780);
#1779 = CARTESIAN_POINT('',(25.,-85.));
#1780 = VECTOR('',#1781,1.);
#1781 = DIRECTION('',(0.,1.));
#1782 = ( GEOMETRIC_REPRESENTATION_CONTEXT(2) 
PARAMETRIC_REPRESENTATION_CONTEXT() REPRESENTATION_CONTEXT('2D SPACE',''
  ) );
#1783 = PCURVE('',#421,#1784);
#1784 = DEFINITIONAL_REPRESENTATION('',(#1785),#1789);
#1785 = LINE('',#1786,#1787);
#1786 = CARTESIAN_POINT('',(15.,-6.));
#1787 = VECTOR('',#1788,1.);
#1788 = DIRECTION('',(1.,0.));
#1789 = ( GEOMETRIC_REPRESENTATION_CONTEXT(2) 
PARAMETRIC_REPRESENTATION_CONTEXT() REPRESENTATION_CONTEXT('2D SPACE',''
  ) );
#1790 = ORIENTED_EDGE('',*,*,#1791,.T.);
#1791 = EDGE_CURVE('',#1769,#1792,#1794,.T.);
#1792 = VERTEX_POINT('',#1793);
#1793 = CARTESIAN_POINT('',(69.868980654288,-86.48074536017,6.));
#1794 = SURFACE_CURVE('',#1795,(#1800,#1807),.PCURVE_S1.);
#1795 = CIRCLE('',#1796,444.99999999999);
#1796 = AXIS2_PLACEMENT_3D('',#1797,#1798,#1799);
#1797 = CARTESIAN_POINT('',(3.552713678801E-15,352.99999999999,6.));
#1798 = DIRECTION('',(0.,0.,1.));
#1799 = DIRECTION('',(-0.188764044944,-0.98202247191,0.));
#1800 = PCURVE('',#144,#1801);
#1801 = DEFINITIONAL_REPRESENTATION('',(#1802),#1806);
#1802 = CIRCLE('',#1803,444.99999999999);
#1803 = AXIS2_PLACEMENT_2D('',#1804,#1805);
#1804 = CARTESIAN_POINT('',(-3.144831686903E-14,352.99999999999));
#1805 = DIRECTION('',(-0.188764044944,-0.98202247191));
#1806 = ( GEOMETRIC_REPRESENTATION_CONTEXT(2) 
PARAMETRIC_REPRESENTATION_CONTEXT() REPRESENTATION_CONTEXT('2D SPACE',''
  ) );
#1807 = PCURVE('',#450,#1808);
#1808 = DEFINITIONAL_REPRESENTATION('',(#1809),#1813);
#1809 = LINE('',#1810,#1811);
#1810 = CARTESIAN_POINT('',(-0.,-6.));
#1811 = VECTOR('',#1812,1.);
#1812 = DIRECTION('',(-1.,0.));
#1813 = ( GEOMETRIC_REPRESENTATION_CONTEXT(2) 
PARAMETRIC_REPRESENTATION_CONTEXT() REPRESENTATION_CONTEXT('2D SPACE',''
  ) );
#1814 = ORIENTED_EDGE('',*,*,#1815,.T.);
#1815 = EDGE_CURVE('',#1792,#1816,#1818,.T.);
#1816 = VERTEX_POINT('',#1817);
#1817 = CARTESIAN_POINT('',(86.48074536017,-69.86898065428,6.));
#1818 = SURFACE_CURVE('',#1819,(#1852,#1888),.PCURVE_S1.);
#1819 = B_SPLINE_CURVE_WITH_KNOTS('',6,(#1820,#1821,#1822,#1823,#1824,
    #1825,#1826,#1827,#1828,#1829,#1830,#1831,#1832,#1833,#1834,#1835,
    #1836,#1837,#1838,#1839,#1840,#1841,#1842,#1843,#1844,#1845,#1846,
    #1847,#1848,#1849,#1850,#1851),.UNSPECIFIED.,.F.,.F.,(7,5,5,5,5,5,7)
  ,(0.,0.142434168826,0.245039253267,0.5,0.754960746733,0.857565831174,
    1.),.UNSPECIFIED.);
#1820 = CARTESIAN_POINT('',(69.868980654288,-86.48074536017,6.));
#1821 = CARTESIAN_POINT('',(70.45542231588,-86.38751242211,6.));
#1822 = CARTESIAN_POINT('',(71.038959253728,-86.27331900785,6.));
#1823 = CARTESIAN_POINT('',(71.618606325882,-86.13826538431,6.));
#1824 = CARTESIAN_POINT('',(72.193392095393,-85.98251554485,6.));
#1825 = CARTESIAN_POINT('',(72.762358830316,-85.8062972093,6.));
#1826 = CARTESIAN_POINT('',(73.729556304404,-85.46842478044,6.));
#1827 = CARTESIAN_POINT('',(74.131041802113,-85.31647676559,6.));
#1828 = CARTESIAN_POINT('',(74.528666834854,-85.15416647018,6.));
#1829 = CARTESIAN_POINT('',(74.922085563279,-84.98161862987,6.));
#1830 = CARTESIAN_POINT('',(75.31095847067,-84.79897402522,6.));
#1831 = CARTESIAN_POINT('',(76.649128952211,-84.12784108132,6.));
#1832 = CARTESIAN_POINT('',(77.57321023549,-83.58790211655,6.));
#1833 = CARTESIAN_POINT('',(78.462027851626,-82.98899821472,6.));
#1834 = CARTESIAN_POINT('',(79.310807459389,-82.3341213516,6.));
#1835 = CARTESIAN_POINT('',(80.115120420997,-81.62675432342,6.));
#1836 = CARTESIAN_POINT('',(81.62675432342,-80.11512042099,6.));
#1837 = CARTESIAN_POINT('',(82.334121351599,-79.31080745939,6.));
#1838 = CARTESIAN_POINT('',(82.988998214728,-78.46202785162,6.));
#1839 = CARTESIAN_POINT('',(83.587902116552,-77.57321023549,6.));
#1840 = CARTESIAN_POINT('',(84.127841081322,-76.64912895221,6.));
#1841 = CARTESIAN_POINT('',(84.798974025227,-75.31095847067,6.));
#1842 = CARTESIAN_POINT('',(84.981618629876,-74.92208556327,6.));
#1843 = CARTESIAN_POINT('',(85.154166470186,-74.52866683485,6.));
#1844 = CARTESIAN_POINT('',(85.316476765597,-74.13104180211,6.));
#1845 = CARTESIAN_POINT('',(85.468424780441,-73.7295563044,6.));
#1846 = CARTESIAN_POINT('',(85.806297209306,-72.76235883031,6.));
#1847 = CARTESIAN_POINT('',(85.982515544854,-72.19339209539,6.));
#1848 = CARTESIAN_POINT('',(86.138265384311,-71.61860632588,6.));
#1849 = CARTESIAN_POINT('',(86.273319007855,-71.03895925372,6.));
#1850 = CARTESIAN_POINT('',(86.387512422115,-70.45542231588,6.));
#1851 = CARTESIAN_POINT('',(86.48074536017,-69.86898065428,6.));
#1852 = PCURVE('',#144,#1853);
#1853 = DEFINITIONAL_REPRESENTATION('',(#1854),#1887);
#1854 = B_SPLINE_CURVE_WITH_KNOTS('',6,(#1855,#1856,#1857,#1858,#1859,
    #1860,#1861,#1862,#1863,#1864,#1865,#1866,#1867,#1868,#1869,#1870,
    #1871,#1872,#1873,#1874,#1875,#1876,#1877,#1878,#1879,#1880,#1881,
    #1882,#1883,#1884,#1885,#1886),.UNSPECIFIED.,.F.,.F.,(7,5,5,5,5,5,7)
  ,(0.,0.142434168826,0.245039253267,0.5,0.754960746733,0.857565831174,
    1.),.UNSPECIFIED.);
#1855 = CARTESIAN_POINT('',(69.868980654288,-86.48074536017));
#1856 = CARTESIAN_POINT('',(70.45542231588,-86.38751242211));
#1857 = CARTESIAN_POINT('',(71.038959253728,-86.27331900785));
#1858 = CARTESIAN_POINT('',(71.618606325882,-86.13826538431));
#1859 = CARTESIAN_POINT('',(72.193392095393,-85.98251554485));
#1860 = CARTESIAN_POINT('',(72.762358830316,-85.8062972093));
#1861 = CARTESIAN_POINT('',(73.729556304404,-85.46842478044));
#1862 = CARTESIAN_POINT('',(74.131041802113,-85.31647676559));
#1863 = CARTESIAN_POINT('',(74.528666834854,-85.15416647018));
#1864 = CARTESIAN_POINT('',(74.922085563279,-84.98161862987));
#1865 = CARTESIAN_POINT('',(75.31095847067,-84.79897402522));
#1866 = CARTESIAN_POINT('',(76.649128952211,-84.12784108132));
#1867 = CARTESIAN_POINT('',(77.57321023549,-83.58790211655));
#1868 = CARTESIAN_POINT('',(78.462027851626,-82.98899821472));
#1869 = CARTESIAN_POINT('',(79.310807459389,-82.3341213516));
#1870 = CARTESIAN_POINT('',(80.115120420997,-81.62675432342));
#1871 = CARTESIAN_POINT('',(81.62675432342,-80.11512042099));
#1872 = CARTESIAN_POINT('',(82.334121351599,-79.31080745939));
#1873 = CARTESIAN_POINT('',(82.988998214728,-78.46202785162));
#1874 = CARTESIAN_POINT('',(83.587902116552,-77.57321023549));
#1875 = CARTESIAN_POINT('',(84.127841081322,-76.64912895221));
#1876 = CARTESIAN_POINT('',(84.798974025227,-75.31095847067));
#1877 = CARTESIAN_POINT('',(84.981618629876,-74.92208556327));
#1878 = CARTESIAN_POINT('',(85.154166470186,-74.52866683485));
#1879 = CARTESIAN_POINT('',(85.316476765597,-74.13104180211));
#1880 = CARTESIAN_POINT('',(85.468424780441,-73.7295563044));
#1881 = CARTESIAN_POINT('',(85.806297209306,-72.76235883031));
#1882 = CARTESIAN_POINT('',(85.982515544854,-72.19339209539));
#1883 = CARTESIAN_POINT('',(86.138265384311,-71.61860632588));
#1884 = CARTESIAN_POINT('',(86.273319007855,-71.03895925372));
#1885 = CARTESIAN_POINT('',(86.387512422115,-70.45542231588));
#1886 = CARTESIAN_POINT('',(86.48074536017,-69.86898065428));
#1887 = ( GEOMETRIC_REPRESENTATION_CONTEXT(2) 
PARAMETRIC_REPRESENTATION_CONTEXT() REPRESENTATION_CONTEXT('2D SPACE',''
  ) );
#1888 = PCURVE('',#536,#1889);
#1889 = DEFINITIONAL_REPRESENTATION('',(#1890),#1923);
#1890 = B_SPLINE_CURVE_WITH_KNOTS('',6,(#1891,#1892,#1893,#1894,#1895,
    #1896,#1897,#1898,#1899,#1900,#1901,#1902,#1903,#1904,#1905,#1906,
    #1907,#1908,#1909,#1910,#1911,#1912,#1913,#1914,#1915,#1916,#1917,
    #1918,#1919,#1920,#1921,#1922),.UNSPECIFIED.,.F.,.F.,(7,5,5,5,5,5,7)
  ,(0.,0.142434168826,0.245039253267,0.5,0.754960746733,0.857565831174,
    1.),.UNSPECIFIED.);
#1891 = CARTESIAN_POINT('',(0.,6.));
#1892 = CARTESIAN_POINT('',(0.151658045853,6.));
#1893 = CARTESIAN_POINT('',(0.301669982505,6.));
#1894 = CARTESIAN_POINT('',(0.450177776011,6.));
#1895 = CARTESIAN_POINT('',(0.597316995211,6.));
#1896 = CARTESIAN_POINT('',(0.743216811734,6.));
#1897 = CARTESIAN_POINT('',(0.992297243984,6.));
#1898 = CARTESIAN_POINT('',(1.096015325263,6.));
#1899 = CARTESIAN_POINT('',(1.199200312871,6.));
#1900 = CARTESIAN_POINT('',(1.301897115575,6.));
#1901 = CARTESIAN_POINT('',(1.404149481874,6.));
#1902 = CARTESIAN_POINT('',(1.759085744217,6.));
#1903 = CARTESIAN_POINT('',(2.009698223488,6.));
#1904 = CARTESIAN_POINT('',(2.258476489206,6.));
#1905 = CARTESIAN_POINT('',(2.506049586325,6.));
#1906 = CARTESIAN_POINT('',(2.753028523907,6.));
#1907 = CARTESIAN_POINT('',(3.246971476093,6.));
#1908 = CARTESIAN_POINT('',(3.493950413674,6.));
#1909 = CARTESIAN_POINT('',(3.741523510794,6.));
#1910 = CARTESIAN_POINT('',(3.990301776512,6.));
#1911 = CARTESIAN_POINT('',(4.240914255783,6.));
#1912 = CARTESIAN_POINT('',(4.595850518125,6.));
#1913 = CARTESIAN_POINT('',(4.698102884425,6.));
#1914 = CARTESIAN_POINT('',(4.800799687129,6.));
#1915 = CARTESIAN_POINT('',(4.903984674737,6.));
#1916 = CARTESIAN_POINT('',(5.007702756016,6.));
#1917 = CARTESIAN_POINT('',(5.256783188266,6.));
#1918 = CARTESIAN_POINT('',(5.402683004789,6.));
#1919 = CARTESIAN_POINT('',(5.549822223989,6.));
#1920 = CARTESIAN_POINT('',(5.698330017495,6.));
#1921 = CARTESIAN_POINT('',(5.848341954147,6.));
#1922 = CARTESIAN_POINT('',(6.,6.));
#1923 = ( GEOMETRIC_REPRESENTATION_CONTEXT(2) 
PARAMETRIC_REPRESENTATION_CONTEXT() REPRESENTATION_CONTEXT('2D SPACE',''
  ) );
#1924 = ORIENTED_EDGE('',*,*,#1925,.T.);
#1925 = EDGE_CURVE('',#1816,#1926,#1928,.T.);
#1926 = VERTEX_POINT('',#1927);
#1927 = CARTESIAN_POINT('',(86.48074536017,69.868980654288,6.));
#1928 = SURFACE_CURVE('',#1929,(#1934,#1941),.PCURVE_S1.);
#1929 = CIRCLE('',#1930,445.);
#1930 = AXIS2_PLACEMENT_3D('',#1931,#1932,#1933);
#1931 = CARTESIAN_POINT('',(-353.,-9.592326932761E-14,6.));
#1932 = DIRECTION('',(0.,-0.,1.));
#1933 = DIRECTION('',(0.98202247191,-0.188764044944,-0.));
#1934 = PCURVE('',#144,#1935);
#1935 = DEFINITIONAL_REPRESENTATION('',(#1936),#1940);
#1936 = CIRCLE('',#1937,445.);
#1937 = AXIS2_PLACEMENT_2D('',#1938,#1939);
#1938 = CARTESIAN_POINT('',(-353.,-8.448062472544E-14));
#1939 = DIRECTION('',(0.98202247191,-0.188764044944));
#1940 = ( GEOMETRIC_REPRESENTATION_CONTEXT(2) 
PARAMETRIC_REPRESENTATION_CONTEXT() REPRESENTATION_CONTEXT('2D SPACE',''
  ) );
#1941 = PCURVE('',#605,#1942);
#1942 = DEFINITIONAL_REPRESENTATION('',(#1943),#1947);
#1943 = LINE('',#1944,#1945);
#1944 = CARTESIAN_POINT('',(-0.,-6.));
#1945 = VECTOR('',#1946,1.);
#1946 = DIRECTION('',(-1.,0.));
#1947 = ( GEOMETRIC_REPRESENTATION_CONTEXT(2) 
PARAMETRIC_REPRESENTATION_CONTEXT() REPRESENTATION_CONTEXT('2D SPACE',''
  ) );
#1948 = ORIENTED_EDGE('',*,*,#1949,.T.);
#1949 = EDGE_CURVE('',#1926,#1950,#1952,.T.);
#1950 = VERTEX_POINT('',#1951);
#1951 = CARTESIAN_POINT('',(69.868980654288,86.48074536017,6.));
#1952 = SURFACE_CURVE('',#1953,(#1986,#2022),.PCURVE_S1.);
#1953 = B_SPLINE_CURVE_WITH_KNOTS('',6,(#1954,#1955,#1956,#1957,#1958,
    #1959,#1960,#1961,#1962,#1963,#1964,#1965,#1966,#1967,#1968,#1969,
    #1970,#1971,#1972,#1973,#1974,#1975,#1976,#1977,#1978,#1979,#1980,
    #1981,#1982,#1983,#1984,#1985),.UNSPECIFIED.,.F.,.F.,(7,5,5,5,5,5,7)
  ,(0.,0.142434168826,0.245039253267,0.5,0.754960746733,0.857565831174,
    1.),.UNSPECIFIED.);
#1954 = CARTESIAN_POINT('',(86.48074536017,69.868980654288,6.));
#1955 = CARTESIAN_POINT('',(86.387512422115,70.45542231588,6.));
#1956 = CARTESIAN_POINT('',(86.273319007855,71.038959253728,6.));
#1957 = CARTESIAN_POINT('',(86.138265384311,71.618606325882,6.));
#1958 = CARTESIAN_POINT('',(85.982515544854,72.193392095393,6.));
#1959 = CARTESIAN_POINT('',(85.806297209306,72.762358830316,6.));
#1960 = CARTESIAN_POINT('',(85.468424780441,73.729556304404,6.));
#1961 = CARTESIAN_POINT('',(85.316476765597,74.131041802113,6.));
#1962 = CARTESIAN_POINT('',(85.154166470186,74.528666834854,6.));
#1963 = CARTESIAN_POINT('',(84.981618629876,74.922085563279,6.));
#1964 = CARTESIAN_POINT('',(84.798974025227,75.31095847067,6.));
#1965 = CARTESIAN_POINT('',(84.127841081322,76.649128952211,6.));
#1966 = CARTESIAN_POINT('',(83.587902116553,77.57321023549,6.));
#1967 = CARTESIAN_POINT('',(82.988998214727,78.462027851626,6.));
#1968 = CARTESIAN_POINT('',(82.3341213516,79.310807459389,6.));
#1969 = CARTESIAN_POINT('',(81.62675432342,80.115120420997,6.));
#1970 = CARTESIAN_POINT('',(80.115120420997,81.626754323419,6.));
#1971 = CARTESIAN_POINT('',(79.310807459389,82.334121351601,6.));
#1972 = CARTESIAN_POINT('',(78.462027851628,82.988998214726,6.));
#1973 = CARTESIAN_POINT('',(77.573210235488,83.587902116553,6.));
#1974 = CARTESIAN_POINT('',(76.649128952212,84.127841081321,6.));
#1975 = CARTESIAN_POINT('',(75.31095847067,84.798974025227,6.));
#1976 = CARTESIAN_POINT('',(74.922085563279,84.981618629876,6.));
#1977 = CARTESIAN_POINT('',(74.528666834855,85.154166470186,6.));
#1978 = CARTESIAN_POINT('',(74.131041802113,85.316476765597,6.));
#1979 = CARTESIAN_POINT('',(73.729556304404,85.468424780441,6.));
#1980 = CARTESIAN_POINT('',(72.762358830316,85.806297209306,6.));
#1981 = CARTESIAN_POINT('',(72.193392095393,85.982515544854,6.));
#1982 = CARTESIAN_POINT('',(71.618606325882,86.138265384311,6.));
#1983 = CARTESIAN_POINT('',(71.038959253728,86.273319007855,6.));
#1984 = CARTESIAN_POINT('',(70.45542231588,86.387512422115,6.));
#1985 = CARTESIAN_POINT('',(69.868980654288,86.48074536017,6.));
#1986 = PCURVE('',#144,#1987);
#1987 = DEFINITIONAL_REPRESENTATION('',(#1988),#2021);
#1988 = B_SPLINE_CURVE_WITH_KNOTS('',6,(#1989,#1990,#1991,#1992,#1993,
    #1994,#1995,#1996,#1997,#1998,#1999,#2000,#2001,#2002,#2003,#2004,
    #2005,#2006,#2007,#2008,#2009,#2010,#2011,#2012,#2013,#2014,#2015,
    #2016,#2017,#2018,#2019,#2020),.UNSPECIFIED.,.F.,.F.,(7,5,5,5,5,5,7)
  ,(0.,0.142434168826,0.245039253267,0.5,0.754960746733,0.857565831174,
    1.),.UNSPECIFIED.);
#1989 = CARTESIAN_POINT('',(86.48074536017,69.868980654288));
#1990 = CARTESIAN_POINT('',(86.387512422115,70.45542231588));
#1991 = CARTESIAN_POINT('',(86.273319007855,71.038959253728));
#1992 = CARTESIAN_POINT('',(86.138265384311,71.618606325882));
#1993 = CARTESIAN_POINT('',(85.982515544854,72.193392095393));
#1994 = CARTESIAN_POINT('',(85.806297209306,72.762358830316));
#1995 = CARTESIAN_POINT('',(85.468424780441,73.729556304404));
#1996 = CARTESIAN_POINT('',(85.316476765597,74.131041802113));
#1997 = CARTESIAN_POINT('',(85.154166470186,74.528666834854));
#1998 = CARTESIAN_POINT('',(84.981618629876,74.922085563279));
#1999 = CARTESIAN_POINT('',(84.798974025227,75.31095847067));
#2000 = CARTESIAN_POINT('',(84.127841081322,76.649128952211));
#2001 = CARTESIAN_POINT('',(83.587902116552,77.57321023549));
#2002 = CARTESIAN_POINT('',(82.988998214727,78.462027851626));
#2003 = CARTESIAN_POINT('',(82.3341213516,79.310807459389));
#2004 = CARTESIAN_POINT('',(81.62675432342,80.115120420997));
#2005 = CARTESIAN_POINT('',(80.115120420997,81.626754323419));
#2006 = CARTESIAN_POINT('',(79.310807459388,82.334121351601));
#2007 = CARTESIAN_POINT('',(78.462027851628,82.988998214726));
#2008 = CARTESIAN_POINT('',(77.573210235488,83.587902116553));
#2009 = CARTESIAN_POINT('',(76.649128952212,84.127841081321));
#2010 = CARTESIAN_POINT('',(75.31095847067,84.798974025227));
#2011 = CARTESIAN_POINT('',(74.922085563279,84.981618629876));
#2012 = CARTESIAN_POINT('',(74.528666834854,85.154166470186));
#2013 = CARTESIAN_POINT('',(74.131041802113,85.316476765597));
#2014 = CARTESIAN_POINT('',(73.729556304404,85.468424780441));
#2015 = CARTESIAN_POINT('',(72.762358830316,85.806297209306));
#2016 = CARTESIAN_POINT('',(72.193392095393,85.982515544854));
#2017 = CARTESIAN_POINT('',(71.618606325882,86.138265384311));
#2018 = CARTESIAN_POINT('',(71.038959253728,86.273319007855));
#2019 = CARTESIAN_POINT('',(70.45542231588,86.387512422115));
#2020 = CARTESIAN_POINT('',(69.868980654288,86.48074536017));
#2021 = ( GEOMETRIC_REPRESENTATION_CONTEXT(2) 
PARAMETRIC_REPRESENTATION_CONTEXT() REPRESENTATION_CONTEXT('2D SPACE',''
  ) );
#2022 = PCURVE('',#691,#2023);
#2023 = DEFINITIONAL_REPRESENTATION('',(#2024),#2057);
#2024 = B_SPLINE_CURVE_WITH_KNOTS('',6,(#2025,#2026,#2027,#2028,#2029,
    #2030,#2031,#2032,#2033,#2034,#2035,#2036,#2037,#2038,#2039,#2040,
    #2041,#2042,#2043,#2044,#2045,#2046,#2047,#2048,#2049,#2050,#2051,
    #2052,#2053,#2054,#2055,#2056),.UNSPECIFIED.,.F.,.F.,(7,5,5,5,5,5,7)
  ,(0.,0.142434168826,0.245039253267,0.5,0.754960746733,0.857565831174,
    1.),.UNSPECIFIED.);
#2025 = CARTESIAN_POINT('',(0.,6.));
#2026 = CARTESIAN_POINT('',(0.151658045853,6.));
#2027 = CARTESIAN_POINT('',(0.301669982505,6.));
#2028 = CARTESIAN_POINT('',(0.450177776011,6.));
#2029 = CARTESIAN_POINT('',(0.597316995211,6.));
#2030 = CARTESIAN_POINT('',(0.743216811734,6.));
#2031 = CARTESIAN_POINT('',(0.992297243984,6.));
#2032 = CARTESIAN_POINT('',(1.096015325263,6.));
#2033 = CARTESIAN_POINT('',(1.199200312871,6.));
#2034 = CARTESIAN_POINT('',(1.301897115575,6.));
#2035 = CARTESIAN_POINT('',(1.404149481874,6.));
#2036 = CARTESIAN_POINT('',(1.759085744217,6.));
#2037 = CARTESIAN_POINT('',(2.009698223488,6.));
#2038 = CARTESIAN_POINT('',(2.258476489206,6.));
#2039 = CARTESIAN_POINT('',(2.506049586325,6.));
#2040 = CARTESIAN_POINT('',(2.753028523907,6.));
#2041 = CARTESIAN_POINT('',(3.246971476092,6.));
#2042 = CARTESIAN_POINT('',(3.493950413675,6.));
#2043 = CARTESIAN_POINT('',(3.741523510793,6.));
#2044 = CARTESIAN_POINT('',(3.990301776512,6.));
#2045 = CARTESIAN_POINT('',(4.240914255782,6.));
#2046 = CARTESIAN_POINT('',(4.595850518125,6.));
#2047 = CARTESIAN_POINT('',(4.698102884425,6.));
#2048 = CARTESIAN_POINT('',(4.800799687129,6.));
#2049 = CARTESIAN_POINT('',(4.903984674737,6.));
#2050 = CARTESIAN_POINT('',(5.007702756016,6.));
#2051 = CARTESIAN_POINT('',(5.256783188266,6.));
#2052 = CARTESIAN_POINT('',(5.402683004789,6.));
#2053 = CARTESIAN_POINT('',(5.549822223989,6.));
#2054 = CARTESIAN_POINT('',(5.698330017495,6.));
#2055 = CARTESIAN_POINT('',(5.848341954147,6.));
#2056 = CARTESIAN_POINT('',(6.,6.));
#2057 = ( GEOMETRIC_REPRESENTATION_CONTEXT(2) 
PARAMETRIC_REPRESENTATION_CONTEXT() REPRESENTATION_CONTEXT('2D SPACE',''
  ) );
#2058 = ORIENTED_EDGE('',*,*,#2059,.T.);
#2059 = EDGE_CURVE('',#1950,#2060,#2062,.T.);
#2060 = VERTEX_POINT('',#2061);
#2061 = CARTESIAN_POINT('',(-69.86898065428,86.48074536017,6.));
#2062 = SURFACE_CURVE('',#2063,(#2068,#2075),.PCURVE_S1.);
#2063 = CIRCLE('',#2064,445.);
#2064 = AXIS2_PLACEMENT_3D('',#2065,#2066,#2067);
#2065 = CARTESIAN_POINT('',(6.394884621841E-14,-353.,6.));
#2066 = DIRECTION('',(0.,0.,1.));
#2067 = DIRECTION('',(0.188764044944,0.98202247191,-0.));
#2068 = PCURVE('',#144,#2069);
#2069 = DEFINITIONAL_REPRESENTATION('',(#2070),#2074);
#2070 = CIRCLE('',#2071,445.);
#2071 = AXIS2_PLACEMENT_2D('',#2072,#2073);
#2072 = CARTESIAN_POINT('',(2.894781567057E-14,-353.));
#2073 = DIRECTION('',(0.188764044944,0.98202247191));
#2074 = ( GEOMETRIC_REPRESENTATION_CONTEXT(2) 
PARAMETRIC_REPRESENTATION_CONTEXT() REPRESENTATION_CONTEXT('2D SPACE',''
  ) );
#2075 = PCURVE('',#760,#2076);
#2076 = DEFINITIONAL_REPRESENTATION('',(#2077),#2081);
#2077 = LINE('',#2078,#2079);
#2078 = CARTESIAN_POINT('',(-0.,-6.));
#2079 = VECTOR('',#2080,1.);
#2080 = DIRECTION('',(-1.,0.));
#2081 = ( GEOMETRIC_REPRESENTATION_CONTEXT(2) 
PARAMETRIC_REPRESENTATION_CONTEXT() REPRESENTATION_CONTEXT('2D SPACE',''
  ) );
#2082 = ORIENTED_EDGE('',*,*,#2083,.T.);
#2083 = EDGE_CURVE('',#2060,#2084,#2086,.T.);
#2084 = VERTEX_POINT('',#2085);
#2085 = CARTESIAN_POINT('',(-86.48074536017,69.868980654288,6.));
#2086 = SURFACE_CURVE('',#2087,(#2120,#2156),.PCURVE_S1.);
#2087 = B_SPLINE_CURVE_WITH_KNOTS('',6,(#2088,#2089,#2090,#2091,#2092,
    #2093,#2094,#2095,#2096,#2097,#2098,#2099,#2100,#2101,#2102,#2103,
    #2104,#2105,#2106,#2107,#2108,#2109,#2110,#2111,#2112,#2113,#2114,
    #2115,#2116,#2117,#2118,#2119),.UNSPECIFIED.,.F.,.F.,(7,5,5,5,5,5,7)
  ,(0.,0.142434168826,0.245039253267,0.5,0.754960746732,0.857565831174,
    1.),.UNSPECIFIED.);
#2088 = CARTESIAN_POINT('',(-69.86898065428,86.48074536017,6.));
#2089 = CARTESIAN_POINT('',(-70.45542231588,86.387512422115,6.));
#2090 = CARTESIAN_POINT('',(-71.03895925372,86.273319007855,6.));
#2091 = CARTESIAN_POINT('',(-71.61860632588,86.138265384311,6.));
#2092 = CARTESIAN_POINT('',(-72.19339209539,85.982515544854,6.));
#2093 = CARTESIAN_POINT('',(-72.76235883031,85.806297209306,6.));
#2094 = CARTESIAN_POINT('',(-73.7295563044,85.468424780441,6.));
#2095 = CARTESIAN_POINT('',(-74.13104180211,85.316476765597,6.));
#2096 = CARTESIAN_POINT('',(-74.52866683485,85.154166470186,6.));
#2097 = CARTESIAN_POINT('',(-74.92208556327,84.981618629876,6.));
#2098 = CARTESIAN_POINT('',(-75.31095847067,84.798974025227,6.));
#2099 = CARTESIAN_POINT('',(-76.64912895221,84.127841081321,6.));
#2100 = CARTESIAN_POINT('',(-77.57321023548,83.587902116554,6.));
#2101 = CARTESIAN_POINT('',(-78.46202785162,82.988998214725,6.));
#2102 = CARTESIAN_POINT('',(-79.31080745938,82.334121351602,6.));
#2103 = CARTESIAN_POINT('',(-80.11512042099,81.626754323419,6.));
#2104 = CARTESIAN_POINT('',(-81.62675432342,80.115120420997,6.));
#2105 = CARTESIAN_POINT('',(-82.33412135159,79.31080745939,6.));
#2106 = CARTESIAN_POINT('',(-82.98899821472,78.462027851625,6.));
#2107 = CARTESIAN_POINT('',(-83.58790211655,77.573210235491,6.));
#2108 = CARTESIAN_POINT('',(-84.12784108132,76.649128952211,6.));
#2109 = CARTESIAN_POINT('',(-84.79897402522,75.31095847067,6.));
#2110 = CARTESIAN_POINT('',(-84.98161862987,74.922085563279,6.));
#2111 = CARTESIAN_POINT('',(-85.15416647018,74.528666834854,6.));
#2112 = CARTESIAN_POINT('',(-85.31647676559,74.131041802113,6.));
#2113 = CARTESIAN_POINT('',(-85.46842478044,73.729556304404,6.));
#2114 = CARTESIAN_POINT('',(-85.8062972093,72.762358830316,6.));
#2115 = CARTESIAN_POINT('',(-85.98251554485,72.193392095393,6.));
#2116 = CARTESIAN_POINT('',(-86.13826538431,71.618606325882,6.));
#2117 = CARTESIAN_POINT('',(-86.27331900785,71.038959253728,6.));
#2118 = CARTESIAN_POINT('',(-86.38751242211,70.45542231588,6.));
#2119 = CARTESIAN_POINT('',(-86.48074536017,69.868980654288,6.));
#2120 = PCURVE('',#144,#2121);
#2121 = DEFINITIONAL_REPRESENTATION('',(#2122),#2155);
#2122 = B_SPLINE_CURVE_WITH_KNOTS('',6,(#2123,#2124,#2125,#2126,#2127,
    #2128,#2129,#2130,#2131,#2132,#2133,#2134,#2135,#2136,#2137,#2138,
    #2139,#2140,#2141,#2142,#2143,#2144,#2145,#2146,#2147,#2148,#2149,
    #2150,#2151,#2152,#2153,#2154),.UNSPECIFIED.,.F.,.F.,(7,5,5,5,5,5,7)
  ,(0.,0.142434168826,0.245039253267,0.5,0.754960746732,0.857565831174,
    1.),.UNSPECIFIED.);
#2123 = CARTESIAN_POINT('',(-69.86898065428,86.48074536017));
#2124 = CARTESIAN_POINT('',(-70.45542231588,86.387512422115));
#2125 = CARTESIAN_POINT('',(-71.03895925372,86.273319007855));
#2126 = CARTESIAN_POINT('',(-71.61860632588,86.138265384311));
#2127 = CARTESIAN_POINT('',(-72.19339209539,85.982515544854));
#2128 = CARTESIAN_POINT('',(-72.76235883031,85.806297209306));
#2129 = CARTESIAN_POINT('',(-73.7295563044,85.468424780441));
#2130 = CARTESIAN_POINT('',(-74.13104180211,85.316476765597));
#2131 = CARTESIAN_POINT('',(-74.52866683485,85.154166470186));
#2132 = CARTESIAN_POINT('',(-74.92208556327,84.981618629876));
#2133 = CARTESIAN_POINT('',(-75.31095847067,84.798974025227));
#2134 = CARTESIAN_POINT('',(-76.64912895221,84.127841081321));
#2135 = CARTESIAN_POINT('',(-77.57321023548,83.587902116554));
#2136 = CARTESIAN_POINT('',(-78.46202785162,82.988998214725));
#2137 = CARTESIAN_POINT('',(-79.31080745938,82.334121351602));
#2138 = CARTESIAN_POINT('',(-80.11512042099,81.626754323419));
#2139 = CARTESIAN_POINT('',(-81.62675432342,80.115120420997));
#2140 = CARTESIAN_POINT('',(-82.33412135159,79.31080745939));
#2141 = CARTESIAN_POINT('',(-82.98899821472,78.462027851625));
#2142 = CARTESIAN_POINT('',(-83.58790211655,77.573210235491));
#2143 = CARTESIAN_POINT('',(-84.12784108132,76.649128952211));
#2144 = CARTESIAN_POINT('',(-84.79897402522,75.31095847067));
#2145 = CARTESIAN_POINT('',(-84.98161862987,74.922085563279));
#2146 = CARTESIAN_POINT('',(-85.15416647018,74.528666834854));
#2147 = CARTESIAN_POINT('',(-85.31647676559,74.131041802113));
#2148 = CARTESIAN_POINT('',(-85.46842478044,73.729556304404));
#2149 = CARTESIAN_POINT('',(-85.8062972093,72.762358830316));
#2150 = CARTESIAN_POINT('',(-85.98251554485,72.193392095393));
#2151 = CARTESIAN_POINT('',(-86.13826538431,71.618606325882));
#2152 = CARTESIAN_POINT('',(-86.27331900785,71.038959253728));
#2153 = CARTESIAN_POINT('',(-86.38751242211,70.45542231588));
#2154 = CARTESIAN_POINT('',(-86.48074536017,69.868980654288));
#2155 = ( GEOMETRIC_REPRESENTATION_CONTEXT(2) 
PARAMETRIC_REPRESENTATION_CONTEXT() REPRESENTATION_CONTEXT('2D SPACE',''
  ) );
#2156 = PCURVE('',#846,#2157);
#2157 = DEFINITIONAL_REPRESENTATION('',(#2158),#2191);
#2158 = B_SPLINE_CURVE_WITH_KNOTS('',6,(#2159,#2160,#2161,#2162,#2163,
    #2164,#2165,#2166,#2167,#2168,#2169,#2170,#2171,#2172,#2173,#2174,
    #2175,#2176,#2177,#2178,#2179,#2180,#2181,#2182,#2183,#2184,#2185,
    #2186,#2187,#2188,#2189,#2190),.UNSPECIFIED.,.F.,.F.,(7,5,5,5,5,5,7)
  ,(0.,0.142434168826,0.245039253267,0.5,0.754960746732,0.857565831174,
    1.),.UNSPECIFIED.);
#2159 = CARTESIAN_POINT('',(0.,6.));
#2160 = CARTESIAN_POINT('',(0.151658045853,6.));
#2161 = CARTESIAN_POINT('',(0.301669982505,6.));
#2162 = CARTESIAN_POINT('',(0.450177776011,6.));
#2163 = CARTESIAN_POINT('',(0.597316995211,6.));
#2164 = CARTESIAN_POINT('',(0.743216811734,6.));
#2165 = CARTESIAN_POINT('',(0.992297243984,6.));
#2166 = CARTESIAN_POINT('',(1.096015325263,6.));
#2167 = CARTESIAN_POINT('',(1.199200312871,6.));
#2168 = CARTESIAN_POINT('',(1.301897115575,6.));
#2169 = CARTESIAN_POINT('',(1.404149481874,6.));
#2170 = CARTESIAN_POINT('',(1.759085744217,6.));
#2171 = CARTESIAN_POINT('',(2.009698223488,6.));
#2172 = CARTESIAN_POINT('',(2.258476489207,6.));
#2173 = CARTESIAN_POINT('',(2.506049586325,6.));
#2174 = CARTESIAN_POINT('',(2.753028523908,6.));
#2175 = CARTESIAN_POINT('',(3.246971476093,6.));
#2176 = CARTESIAN_POINT('',(3.493950413674,6.));
#2177 = CARTESIAN_POINT('',(3.741523510794,6.));
#2178 = CARTESIAN_POINT('',(3.990301776512,6.));
#2179 = CARTESIAN_POINT('',(4.240914255783,6.));
#2180 = CARTESIAN_POINT('',(4.595850518125,6.));
#2181 = CARTESIAN_POINT('',(4.698102884425,6.));
#2182 = CARTESIAN_POINT('',(4.800799687129,6.));
#2183 = CARTESIAN_POINT('',(4.903984674737,6.));
#2184 = CARTESIAN_POINT('',(5.007702756016,6.));
#2185 = CARTESIAN_POINT('',(5.256783188266,6.));
#2186 = CARTESIAN_POINT('',(5.402683004789,6.));
#2187 = CARTESIAN_POINT('',(5.549822223989,6.));
#2188 = CARTESIAN_POINT('',(5.698330017495,6.));
#2189 = CARTESIAN_POINT('',(5.848341954147,6.));
#2190 = CARTESIAN_POINT('',(6.,6.));
#2191 = ( GEOMETRIC_REPRESENTATION_CONTEXT(2) 
PARAMETRIC_REPRESENTATION_CONTEXT() REPRESENTATION_CONTEXT('2D SPACE',''
  ) );
#2192 = ORIENTED_EDGE('',*,*,#2193,.T.);
#2193 = EDGE_CURVE('',#2084,#1586,#2194,.T.);
#2194 = SURFACE_CURVE('',#2195,(#2200,#2207),.PCURVE_S1.);
#2195 = CIRCLE('',#2196,445.);
#2196 = AXIS2_PLACEMENT_3D('',#2197,#2198,#2199);
#2197 = CARTESIAN_POINT('',(353.,1.278976924368E-13,6.));
#2198 = DIRECTION('',(0.,0.,1.));
#2199 = DIRECTION('',(-0.98202247191,0.188764044944,0.));
#2200 = PCURVE('',#144,#2201);
#2201 = DEFINITIONAL_REPRESENTATION('',(#2202),#2206);
#2202 = CIRCLE('',#2203,445.);
#2203 = AXIS2_PLACEMENT_2D('',#2204,#2205);
#2204 = CARTESIAN_POINT('',(353.,1.39340337039E-13));
#2205 = DIRECTION('',(-0.98202247191,0.188764044944));
#2206 = ( GEOMETRIC_REPRESENTATION_CONTEXT(2) 
PARAMETRIC_REPRESENTATION_CONTEXT() REPRESENTATION_CONTEXT('2D SPACE',''
  ) );
#2207 = PCURVE('',#913,#2208);
#2208 = DEFINITIONAL_REPRESENTATION('',(#2209),#2213);
#2209 = LINE('',#2210,#2211);
#2210 = CARTESIAN_POINT('',(-0.,-6.));
#2211 = VECTOR('',#2212,1.);
#2212 = DIRECTION('',(-1.,0.));
#2213 = ( GEOMETRIC_REPRESENTATION_CONTEXT(2) 
PARAMETRIC_REPRESENTATION_CONTEXT() REPRESENTATION_CONTEXT('2D SPACE',''
  ) );
#2214 = FACE_BOUND('',#2215,.T.);
#2215 = EDGE_LOOP('',(#2216));
#2216 = ORIENTED_EDGE('',*,*,#2217,.T.);
#2217 = EDGE_CURVE('',#2218,#2218,#2220,.T.);
#2218 = VERTEX_POINT('',#2219);
#2219 = CARTESIAN_POINT('',(23.,24.,6.));
#2220 = SURFACE_CURVE('',#2221,(#2226,#2237),.PCURVE_S1.);
#2221 = CIRCLE('',#2222,23.);
#2222 = AXIS2_PLACEMENT_3D('',#2223,#2224,#2225);
#2223 = CARTESIAN_POINT('',(0.,24.,6.));
#2224 = DIRECTION('',(0.,0.,-1.));
#2225 = DIRECTION('',(1.,0.,0.));
#2226 = PCURVE('',#144,#2227);
#2227 = DEFINITIONAL_REPRESENTATION('',(#2228),#2236);
#2228 = ( BOUNDED_CURVE() B_SPLINE_CURVE(2,(#2229,#2230,#2231,#2232,
#2233,#2234,#2235),.UNSPECIFIED.,.T.,.F.) B_SPLINE_CURVE_WITH_KNOTS((1,2
    ,2,2,2,1),(-2.094395102393,0.,2.094395102393,4.188790204786,
6.28318530718,8.377580409573),.UNSPECIFIED.) CURVE() 
GEOMETRIC_REPRESENTATION_ITEM() RATIONAL_B_SPLINE_CURVE((1.,0.5,1.,0.5,
1.,0.5,1.)) REPRESENTATION_ITEM('') );
#2229 = CARTESIAN_POINT('',(23.,24.));
#2230 = CARTESIAN_POINT('',(23.,-15.83716857408));
#2231 = CARTESIAN_POINT('',(-11.5,4.081415712958));
#2232 = CARTESIAN_POINT('',(-46.,24.));
#2233 = CARTESIAN_POINT('',(-11.5,43.918584287042));
#2234 = CARTESIAN_POINT('',(23.,63.837168574084));
#2235 = CARTESIAN_POINT('',(23.,24.));
#2236 = ( GEOMETRIC_REPRESENTATION_CONTEXT(2) 
PARAMETRIC_REPRESENTATION_CONTEXT() REPRESENTATION_CONTEXT('2D SPACE',''
  ) );
#2237 = PCURVE('',#2238,#2243);
#2238 = CYLINDRICAL_SURFACE('',#2239,23.);
#2239 = AXIS2_PLACEMENT_3D('',#2240,#2241,#2242);
#2240 = CARTESIAN_POINT('',(0.,24.,-1.));
#2241 = DIRECTION('',(-0.,-0.,-1.));
#2242 = DIRECTION('',(1.,0.,0.));
#2243 = DEFINITIONAL_REPRESENTATION('',(#2244),#2248);
#2244 = LINE('',#2245,#2246);
#2245 = CARTESIAN_POINT('',(-6.28318530718,-7.));
#2246 = VECTOR('',#2247,1.);
#2247 = DIRECTION('',(1.,-0.));
#2248 = ( GEOMETRIC_REPRESENTATION_CONTEXT(2) 
PARAMETRIC_REPRESENTATION_CONTEXT() REPRESENTATION_CONTEXT('2D SPACE',''
  ) );
#2249 = ADVANCED_FACE('',(#2250),#104,.F.);
#2250 = FACE_BOUND('',#2251,.F.);
#2251 = EDGE_LOOP('',(#2252,#2253,#2275,#2276));
#2252 = ORIENTED_EDGE('',*,*,#185,.T.);
#2253 = ORIENTED_EDGE('',*,*,#2254,.T.);
#2254 = EDGE_CURVE('',#186,#1586,#2255,.T.);
#2255 = SURFACE_CURVE('',#2256,(#2262,#2269),.PCURVE_S1.);
#2256 = B_SPLINE_CURVE_WITH_KNOTS('',2,(#2257,#2258,#2259,#2260,#2261),
  .UNSPECIFIED.,.F.,.F.,(3,1,1,3),(-0.3672,-1.931083331436E-14,6.,6.3672
    ),.UNSPECIFIED.);
#2257 = CARTESIAN_POINT('',(-86.48074536017,-69.86898065428,-0.3672));
#2258 = CARTESIAN_POINT('',(-86.48074536017,-69.86898065428,-0.1836));
#2259 = CARTESIAN_POINT('',(-86.48074536017,-69.86898065428,3.));
#2260 = CARTESIAN_POINT('',(-86.48074536017,-69.86898065428,6.1836));
#2261 = CARTESIAN_POINT('',(-86.48074536017,-69.86898065428,6.3672));
#2262 = PCURVE('',#104,#2263);
#2263 = DEFINITIONAL_REPRESENTATION('',(#2264),#2268);
#2264 = LINE('',#2265,#2266);
#2265 = CARTESIAN_POINT('',(6.,0.));
#2266 = VECTOR('',#2267,1.);
#2267 = DIRECTION('',(0.,1.));
#2268 = ( GEOMETRIC_REPRESENTATION_CONTEXT(2) 
PARAMETRIC_REPRESENTATION_CONTEXT() REPRESENTATION_CONTEXT('2D SPACE',''
  ) );
#2269 = PCURVE('',#913,#2270);
#2270 = DEFINITIONAL_REPRESENTATION('',(#2271),#2274);
#2271 = B_SPLINE_CURVE_WITH_KNOTS('',1,(#2272,#2273),.UNSPECIFIED.,.F.,
  .F.,(2,2),(-1.931083331436E-14,6.),.PIECEWISE_BEZIER_KNOTS.);
#2272 = CARTESIAN_POINT('',(-0.34756471341,-2.200063048408E-14));
#2273 = CARTESIAN_POINT('',(-0.34756471341,-6.));
#2274 = ( GEOMETRIC_REPRESENTATION_CONTEXT(2) 
PARAMETRIC_REPRESENTATION_CONTEXT() REPRESENTATION_CONTEXT('2D SPACE',''
  ) );
#2275 = ORIENTED_EDGE('',*,*,#1585,.F.);
#2276 = ORIENTED_EDGE('',*,*,#87,.F.);
#2277 = ADVANCED_FACE('',(#2278),#913,.T.);
#2278 = FACE_BOUND('',#2279,.F.);
#2279 = EDGE_LOOP('',(#2280,#2281,#2303,#2304));
#2280 = ORIENTED_EDGE('',*,*,#898,.F.);
#2281 = ORIENTED_EDGE('',*,*,#2282,.T.);
#2282 = EDGE_CURVE('',#773,#2084,#2283,.T.);
#2283 = SURFACE_CURVE('',#2284,(#2290,#2296),.PCURVE_S1.);
#2284 = B_SPLINE_CURVE_WITH_KNOTS('',2,(#2285,#2286,#2287,#2288,#2289),
  .UNSPECIFIED.,.F.,.F.,(3,1,1,3),(-0.3672,-1.61060621119E-14,6.,6.3672)
  ,.UNSPECIFIED.);
#2285 = CARTESIAN_POINT('',(-86.48074536017,69.868980654288,-0.3672));
#2286 = CARTESIAN_POINT('',(-86.48074536017,69.868980654288,-0.1836));
#2287 = CARTESIAN_POINT('',(-86.48074536017,69.868980654288,3.));
#2288 = CARTESIAN_POINT('',(-86.48074536017,69.868980654288,6.1836));
#2289 = CARTESIAN_POINT('',(-86.48074536017,69.868980654288,6.3672));
#2290 = PCURVE('',#913,#2291);
#2291 = DEFINITIONAL_REPRESENTATION('',(#2292),#2295);
#2292 = B_SPLINE_CURVE_WITH_KNOTS('',1,(#2293,#2294),.UNSPECIFIED.,.F.,
  .F.,(2,2),(-1.61060621119E-14,6.),.PIECEWISE_BEZIER_KNOTS.);
#2293 = CARTESIAN_POINT('',(-3.224211196062E-02,2.39305103511E-14));
#2294 = CARTESIAN_POINT('',(-3.224211196062E-02,-6.));
#2295 = ( GEOMETRIC_REPRESENTATION_CONTEXT(2) 
PARAMETRIC_REPRESENTATION_CONTEXT() REPRESENTATION_CONTEXT('2D SPACE',''
  ) );
#2296 = PCURVE('',#846,#2297);
#2297 = DEFINITIONAL_REPRESENTATION('',(#2298),#2302);
#2298 = LINE('',#2299,#2300);
#2299 = CARTESIAN_POINT('',(6.,0.));
#2300 = VECTOR('',#2301,1.);
#2301 = DIRECTION('',(0.,1.));
#2302 = ( GEOMETRIC_REPRESENTATION_CONTEXT(2) 
PARAMETRIC_REPRESENTATION_CONTEXT() REPRESENTATION_CONTEXT('2D SPACE',''
  ) );
#2303 = ORIENTED_EDGE('',*,*,#2193,.T.);
#2304 = ORIENTED_EDGE('',*,*,#2254,.F.);
#2305 = ADVANCED_FACE('',(#2306),#846,.T.);
#2306 = FACE_BOUND('',#2307,.T.);
#2307 = EDGE_LOOP('',(#2308,#2309,#2310,#2311));
#2308 = ORIENTED_EDGE('',*,*,#772,.T.);
#2309 = ORIENTED_EDGE('',*,*,#2282,.T.);
#2310 = ORIENTED_EDGE('',*,*,#2083,.F.);
#2311 = ORIENTED_EDGE('',*,*,#2312,.F.);
#2312 = EDGE_CURVE('',#744,#2060,#2313,.T.);
#2313 = SURFACE_CURVE('',#2314,(#2320,#2327),.PCURVE_S1.);
#2314 = B_SPLINE_CURVE_WITH_KNOTS('',2,(#2315,#2316,#2317,#2318,#2319),
  .UNSPECIFIED.,.F.,.F.,(3,1,1,3),(-0.3672,-1.61060621119E-14,6.,6.3672)
  ,.UNSPECIFIED.);
#2315 = CARTESIAN_POINT('',(-69.86898065428,86.48074536017,-0.3672));
#2316 = CARTESIAN_POINT('',(-69.86898065428,86.48074536017,-0.1836));
#2317 = CARTESIAN_POINT('',(-69.86898065428,86.48074536017,3.));
#2318 = CARTESIAN_POINT('',(-69.86898065428,86.48074536017,6.1836));
#2319 = CARTESIAN_POINT('',(-69.86898065428,86.48074536017,6.3672));
#2320 = PCURVE('',#846,#2321);
#2321 = DEFINITIONAL_REPRESENTATION('',(#2322),#2326);
#2322 = LINE('',#2323,#2324);
#2323 = CARTESIAN_POINT('',(0.,0.));
#2324 = VECTOR('',#2325,1.);
#2325 = DIRECTION('',(0.,1.));
#2326 = ( GEOMETRIC_REPRESENTATION_CONTEXT(2) 
PARAMETRIC_REPRESENTATION_CONTEXT() REPRESENTATION_CONTEXT('2D SPACE',''
  ) );
#2327 = PCURVE('',#760,#2328);
#2328 = DEFINITIONAL_REPRESENTATION('',(#2329),#2332);
#2329 = B_SPLINE_CURVE_WITH_KNOTS('',1,(#2330,#2331),.UNSPECIFIED.,.F.,
  .F.,(2,2),(-1.61060621119E-14,6.),.PIECEWISE_BEZIER_KNOTS.);
#2330 = CARTESIAN_POINT('',(-0.34756471341,-2.315855840429E-14));
#2331 = CARTESIAN_POINT('',(-0.34756471341,-6.));
#2332 = ( GEOMETRIC_REPRESENTATION_CONTEXT(2) 
PARAMETRIC_REPRESENTATION_CONTEXT() REPRESENTATION_CONTEXT('2D SPACE',''
  ) );
#2333 = ADVANCED_FACE('',(#2334),#336,.T.);
#2334 = FACE_BOUND('',#2335,.F.);
#2335 = EDGE_LOOP('',(#2336,#2337,#2338,#2359));
#2336 = ORIENTED_EDGE('',*,*,#1537,.T.);
#2337 = ORIENTED_EDGE('',*,*,#1697,.T.);
#2338 = ORIENTED_EDGE('',*,*,#2339,.F.);
#2339 = EDGE_CURVE('',#320,#1698,#2340,.T.);
#2340 = SURFACE_CURVE('',#2341,(#2345,#2352),.PCURVE_S1.);
#2341 = LINE('',#2342,#2343);
#2342 = CARTESIAN_POINT('',(-17.,-108.,0.));
#2343 = VECTOR('',#2344,1.);
#2344 = DIRECTION('',(0.,0.,1.));
#2345 = PCURVE('',#336,#2346);
#2346 = DEFINITIONAL_REPRESENTATION('',(#2347),#2351);
#2347 = LINE('',#2348,#2349);
#2348 = CARTESIAN_POINT('',(-4.712388980385,0.));
#2349 = VECTOR('',#2350,1.);
#2350 = DIRECTION('',(-0.,-1.));
#2351 = ( GEOMETRIC_REPRESENTATION_CONTEXT(2) 
PARAMETRIC_REPRESENTATION_CONTEXT() REPRESENTATION_CONTEXT('2D SPACE',''
  ) );
#2352 = PCURVE('',#364,#2353);
#2353 = DEFINITIONAL_REPRESENTATION('',(#2354),#2358);
#2354 = LINE('',#2355,#2356);
#2355 = CARTESIAN_POINT('',(0.,0.));
#2356 = VECTOR('',#2357,1.);
#2357 = DIRECTION('',(0.,-1.));
#2358 = ( GEOMETRIC_REPRESENTATION_CONTEXT(2) 
PARAMETRIC_REPRESENTATION_CONTEXT() REPRESENTATION_CONTEXT('2D SPACE',''
  ) );
#2359 = ORIENTED_EDGE('',*,*,#319,.F.);
#2360 = ADVANCED_FACE('',(#2361),#760,.T.);
#2361 = FACE_BOUND('',#2362,.F.);
#2362 = EDGE_LOOP('',(#2363,#2364,#2386,#2387));
#2363 = ORIENTED_EDGE('',*,*,#743,.F.);
#2364 = ORIENTED_EDGE('',*,*,#2365,.T.);
#2365 = EDGE_CURVE('',#618,#1950,#2366,.T.);
#2366 = SURFACE_CURVE('',#2367,(#2373,#2379),.PCURVE_S1.);
#2367 = B_SPLINE_CURVE_WITH_KNOTS('',2,(#2368,#2369,#2370,#2371,#2372),
  .UNSPECIFIED.,.F.,.F.,(3,1,1,3),(-0.3672,-1.931083331436E-14,6.,6.3672
    ),.UNSPECIFIED.);
#2368 = CARTESIAN_POINT('',(69.868980654288,86.48074536017,-0.3672));
#2369 = CARTESIAN_POINT('',(69.868980654288,86.48074536017,-0.1836));
#2370 = CARTESIAN_POINT('',(69.868980654288,86.48074536017,3.));
#2371 = CARTESIAN_POINT('',(69.868980654288,86.48074536017,6.1836));
#2372 = CARTESIAN_POINT('',(69.868980654288,86.48074536017,6.3672));
#2373 = PCURVE('',#760,#2374);
#2374 = DEFINITIONAL_REPRESENTATION('',(#2375),#2378);
#2375 = B_SPLINE_CURVE_WITH_KNOTS('',1,(#2376,#2377),.UNSPECIFIED.,.F.,
  .F.,(2,2),(-1.931083331436E-14,6.),.PIECEWISE_BEZIER_KNOTS.);
#2376 = CARTESIAN_POINT('',(-3.224211196062E-02,1.543903893619E-15));
#2377 = CARTESIAN_POINT('',(-3.224211196062E-02,-6.));
#2378 = ( GEOMETRIC_REPRESENTATION_CONTEXT(2) 
PARAMETRIC_REPRESENTATION_CONTEXT() REPRESENTATION_CONTEXT('2D SPACE',''
  ) );
#2379 = PCURVE('',#691,#2380);
#2380 = DEFINITIONAL_REPRESENTATION('',(#2381),#2385);
#2381 = LINE('',#2382,#2383);
#2382 = CARTESIAN_POINT('',(6.,0.));
#2383 = VECTOR('',#2384,1.);
#2384 = DIRECTION('',(0.,1.));
#2385 = ( GEOMETRIC_REPRESENTATION_CONTEXT(2) 
PARAMETRIC_REPRESENTATION_CONTEXT() REPRESENTATION_CONTEXT('2D SPACE',''
  ) );
#2386 = ORIENTED_EDGE('',*,*,#2059,.T.);
#2387 = ORIENTED_EDGE('',*,*,#2312,.F.);
#2388 = ADVANCED_FACE('',(#2389),#364,.F.);
#2389 = FACE_BOUND('',#2390,.F.);
#2390 = EDGE_LOOP('',(#2391,#2392,#2393,#2414));
#2391 = ORIENTED_EDGE('',*,*,#2339,.T.);
#2392 = ORIENTED_EDGE('',*,*,#1721,.T.);
#2393 = ORIENTED_EDGE('',*,*,#2394,.F.);
#2394 = EDGE_CURVE('',#349,#1722,#2395,.T.);
#2395 = SURFACE_CURVE('',#2396,(#2400,#2407),.PCURVE_S1.);
#2396 = LINE('',#2397,#2398);
#2397 = CARTESIAN_POINT('',(17.,-108.,0.));
#2398 = VECTOR('',#2399,1.);
#2399 = DIRECTION('',(0.,0.,1.));
#2400 = PCURVE('',#364,#2401);
#2401 = DEFINITIONAL_REPRESENTATION('',(#2402),#2406);
#2402 = LINE('',#2403,#2404);
#2403 = CARTESIAN_POINT('',(34.,0.));
#2404 = VECTOR('',#2405,1.);
#2405 = DIRECTION('',(0.,-1.));
#2406 = ( GEOMETRIC_REPRESENTATION_CONTEXT(2) 
PARAMETRIC_REPRESENTATION_CONTEXT() REPRESENTATION_CONTEXT('2D SPACE',''
  ) );
#2407 = PCURVE('',#393,#2408);
#2408 = DEFINITIONAL_REPRESENTATION('',(#2409),#2413);
#2409 = LINE('',#2410,#2411);
#2410 = CARTESIAN_POINT('',(-4.712388980385,0.));
#2411 = VECTOR('',#2412,1.);
#2412 = DIRECTION('',(-0.,-1.));
#2413 = ( GEOMETRIC_REPRESENTATION_CONTEXT(2) 
PARAMETRIC_REPRESENTATION_CONTEXT() REPRESENTATION_CONTEXT('2D SPACE',''
  ) );
#2414 = ORIENTED_EDGE('',*,*,#348,.F.);
#2415 = ADVANCED_FACE('',(#2416),#691,.T.);
#2416 = FACE_BOUND('',#2417,.T.);
#2417 = EDGE_LOOP('',(#2418,#2419,#2420,#2421));
#2418 = ORIENTED_EDGE('',*,*,#617,.T.);
#2419 = ORIENTED_EDGE('',*,*,#2365,.T.);
#2420 = ORIENTED_EDGE('',*,*,#1949,.F.);
#2421 = ORIENTED_EDGE('',*,*,#2422,.F.);
#2422 = EDGE_CURVE('',#589,#1926,#2423,.T.);
#2423 = SURFACE_CURVE('',#2424,(#2430,#2437),.PCURVE_S1.);
#2424 = B_SPLINE_CURVE_WITH_KNOTS('',2,(#2425,#2426,#2427,#2428,#2429),
  .UNSPECIFIED.,.F.,.F.,(3,1,1,3),(-0.3672,-1.931083331436E-14,6.,6.3672
    ),.UNSPECIFIED.);
#2425 = CARTESIAN_POINT('',(86.48074536017,69.868980654288,-0.3672));
#2426 = CARTESIAN_POINT('',(86.48074536017,69.868980654288,-0.1836));
#2427 = CARTESIAN_POINT('',(86.48074536017,69.868980654288,3.));
#2428 = CARTESIAN_POINT('',(86.48074536017,69.868980654288,6.1836));
#2429 = CARTESIAN_POINT('',(86.48074536017,69.868980654288,6.3672));
#2430 = PCURVE('',#691,#2431);
#2431 = DEFINITIONAL_REPRESENTATION('',(#2432),#2436);
#2432 = LINE('',#2433,#2434);
#2433 = CARTESIAN_POINT('',(0.,0.));
#2434 = VECTOR('',#2435,1.);
#2435 = DIRECTION('',(0.,1.));
#2436 = ( GEOMETRIC_REPRESENTATION_CONTEXT(2) 
PARAMETRIC_REPRESENTATION_CONTEXT() REPRESENTATION_CONTEXT('2D SPACE',''
  ) );
#2437 = PCURVE('',#605,#2438);
#2438 = DEFINITIONAL_REPRESENTATION('',(#2439),#2442);
#2439 = B_SPLINE_CURVE_WITH_KNOTS('',1,(#2440,#2441),.UNSPECIFIED.,.F.,
  .F.,(2,2),(-1.931083331436E-14,6.),.PIECEWISE_BEZIER_KNOTS.);
#2440 = CARTESIAN_POINT('',(-0.34756471341,7.333543494692E-15));
#2441 = CARTESIAN_POINT('',(-0.34756471341,-6.));
#2442 = ( GEOMETRIC_REPRESENTATION_CONTEXT(2) 
PARAMETRIC_REPRESENTATION_CONTEXT() REPRESENTATION_CONTEXT('2D SPACE',''
  ) );
#2443 = ADVANCED_FACE('',(#2444),#393,.T.);
#2444 = FACE_BOUND('',#2445,.F.);
#2445 = EDGE_LOOP('',(#2446,#2447,#2448,#2469));
#2446 = ORIENTED_EDGE('',*,*,#2394,.T.);
#2447 = ORIENTED_EDGE('',*,*,#1744,.T.);
#2448 = ORIENTED_EDGE('',*,*,#2449,.F.);
#2449 = EDGE_CURVE('',#377,#1745,#2450,.T.);
#2450 = SURFACE_CURVE('',#2451,(#2455,#2462),.PCURVE_S1.);
#2451 = LINE('',#2452,#2453);
#2452 = CARTESIAN_POINT('',(25.,-100.,0.));
#2453 = VECTOR('',#2454,1.);
#2454 = DIRECTION('',(0.,0.,1.));
#2455 = PCURVE('',#393,#2456);
#2456 = DEFINITIONAL_REPRESENTATION('',(#2457),#2461);
#2457 = LINE('',#2458,#2459);
#2458 = CARTESIAN_POINT('',(-6.28318530718,0.));
#2459 = VECTOR('',#2460,1.);
#2460 = DIRECTION('',(-0.,-1.));
#2461 = ( GEOMETRIC_REPRESENTATION_CONTEXT(2) 
PARAMETRIC_REPRESENTATION_CONTEXT() REPRESENTATION_CONTEXT('2D SPACE',''
  ) );
#2462 = PCURVE('',#421,#2463);
#2463 = DEFINITIONAL_REPRESENTATION('',(#2464),#2468);
#2464 = LINE('',#2465,#2466);
#2465 = CARTESIAN_POINT('',(0.,0.));
#2466 = VECTOR('',#2467,1.);
#2467 = DIRECTION('',(0.,-1.));
#2468 = ( GEOMETRIC_REPRESENTATION_CONTEXT(2) 
PARAMETRIC_REPRESENTATION_CONTEXT() REPRESENTATION_CONTEXT('2D SPACE',''
  ) );
#2469 = ORIENTED_EDGE('',*,*,#376,.F.);
#2470 = ADVANCED_FACE('',(#2471),#605,.T.);
#2471 = FACE_BOUND('',#2472,.F.);
#2472 = EDGE_LOOP('',(#2473,#2474,#2496,#2497));
#2473 = ORIENTED_EDGE('',*,*,#588,.F.);
#2474 = ORIENTED_EDGE('',*,*,#2475,.T.);
#2475 = EDGE_CURVE('',#463,#1816,#2476,.T.);
#2476 = SURFACE_CURVE('',#2477,(#2483,#2489),.PCURVE_S1.);
#2477 = B_SPLINE_CURVE_WITH_KNOTS('',2,(#2478,#2479,#2480,#2481,#2482),
  .UNSPECIFIED.,.F.,.F.,(3,1,1,3),(-0.3672,-1.658834375557E-15,6.,6.3672
    ),.UNSPECIFIED.);
#2478 = CARTESIAN_POINT('',(86.48074536017,-69.86898065428,-0.3672));
#2479 = CARTESIAN_POINT('',(86.48074536017,-69.86898065428,-0.1836));
#2480 = CARTESIAN_POINT('',(86.48074536017,-69.86898065428,3.));
#2481 = CARTESIAN_POINT('',(86.48074536017,-69.86898065428,6.1836));
#2482 = CARTESIAN_POINT('',(86.48074536017,-69.86898065428,6.3672));
#2483 = PCURVE('',#605,#2484);
#2484 = DEFINITIONAL_REPRESENTATION('',(#2485),#2488);
#2485 = B_SPLINE_CURVE_WITH_KNOTS('',1,(#2486,#2487),.UNSPECIFIED.,.F.,
  .F.,(2,2),(-1.658834375557E-15,6.),.PIECEWISE_BEZIER_KNOTS.);
#2486 = CARTESIAN_POINT('',(-3.224211196062E-02,7.719519468097E-16));
#2487 = CARTESIAN_POINT('',(-3.224211196062E-02,-6.));
#2488 = ( GEOMETRIC_REPRESENTATION_CONTEXT(2) 
PARAMETRIC_REPRESENTATION_CONTEXT() REPRESENTATION_CONTEXT('2D SPACE',''
  ) );
#2489 = PCURVE('',#536,#2490);
#2490 = DEFINITIONAL_REPRESENTATION('',(#2491),#2495);
#2491 = LINE('',#2492,#2493);
#2492 = CARTESIAN_POINT('',(6.,0.));
#2493 = VECTOR('',#2494,1.);
#2494 = DIRECTION('',(0.,1.));
#2495 = ( GEOMETRIC_REPRESENTATION_CONTEXT(2) 
PARAMETRIC_REPRESENTATION_CONTEXT() REPRESENTATION_CONTEXT('2D SPACE',''
  ) );
#2496 = ORIENTED_EDGE('',*,*,#1925,.T.);
#2497 = ORIENTED_EDGE('',*,*,#2422,.F.);
#2498 = ADVANCED_FACE('',(#2499),#421,.F.);
#2499 = FACE_BOUND('',#2500,.F.);
#2500 = EDGE_LOOP('',(#2501,#2502,#2503,#2504));
#2501 = ORIENTED_EDGE('',*,*,#405,.F.);
#2502 = ORIENTED_EDGE('',*,*,#2449,.T.);
#2503 = ORIENTED_EDGE('',*,*,#1768,.T.);
#2504 = ORIENTED_EDGE('',*,*,#2505,.T.);
#2505 = EDGE_CURVE('',#1769,#406,#2506,.T.);
#2506 = SURFACE_CURVE('',#2507,(#2511,#2518),.PCURVE_S1.);
#2507 = LINE('',#2508,#2509);
#2508 = CARTESIAN_POINT('',(25.,-91.29719783046,0.));
#2509 = VECTOR('',#2510,1.);
#2510 = DIRECTION('',(-0.,-0.,-1.));
#2511 = PCURVE('',#421,#2512);
#2512 = DEFINITIONAL_REPRESENTATION('',(#2513),#2517);
#2513 = LINE('',#2514,#2515);
#2514 = CARTESIAN_POINT('',(8.702802169539,0.));
#2515 = VECTOR('',#2516,1.);
#2516 = DIRECTION('',(0.,1.));
#2517 = ( GEOMETRIC_REPRESENTATION_CONTEXT(2) 
PARAMETRIC_REPRESENTATION_CONTEXT() REPRESENTATION_CONTEXT('2D SPACE',''
  ) );
#2518 = PCURVE('',#450,#2519);
#2519 = DEFINITIONAL_REPRESENTATION('',(#2520),#2524);
#2520 = LINE('',#2521,#2522);
#2521 = CARTESIAN_POINT('',(-0.246112782144,0.));
#2522 = VECTOR('',#2523,1.);
#2523 = DIRECTION('',(-0.,1.));
#2524 = ( GEOMETRIC_REPRESENTATION_CONTEXT(2) 
PARAMETRIC_REPRESENTATION_CONTEXT() REPRESENTATION_CONTEXT('2D SPACE',''
  ) );
#2525 = ADVANCED_FACE('',(#2526),#536,.T.);
#2526 = FACE_BOUND('',#2527,.T.);
#2527 = EDGE_LOOP('',(#2528,#2529,#2530,#2531));
#2528 = ORIENTED_EDGE('',*,*,#462,.T.);
#2529 = ORIENTED_EDGE('',*,*,#2475,.T.);
#2530 = ORIENTED_EDGE('',*,*,#1815,.F.);
#2531 = ORIENTED_EDGE('',*,*,#2532,.F.);
#2532 = EDGE_CURVE('',#434,#1792,#2533,.T.);
#2533 = SURFACE_CURVE('',#2534,(#2540,#2547),.PCURVE_S1.);
#2534 = B_SPLINE_CURVE_WITH_KNOTS('',2,(#2535,#2536,#2537,#2538,#2539),
  .UNSPECIFIED.,.F.,.F.,(3,1,1,3),(-0.3672,-1.658834375557E-15,6.,6.3672
    ),.UNSPECIFIED.);
#2535 = CARTESIAN_POINT('',(69.868980654288,-86.48074536017,-0.3672));
#2536 = CARTESIAN_POINT('',(69.868980654288,-86.48074536017,-0.1836));
#2537 = CARTESIAN_POINT('',(69.868980654288,-86.48074536017,3.));
#2538 = CARTESIAN_POINT('',(69.868980654288,-86.48074536017,6.1836));
#2539 = CARTESIAN_POINT('',(69.868980654288,-86.48074536017,6.3672));
#2540 = PCURVE('',#536,#2541);
#2541 = DEFINITIONAL_REPRESENTATION('',(#2542),#2546);
#2542 = LINE('',#2543,#2544);
#2543 = CARTESIAN_POINT('',(0.,0.));
#2544 = VECTOR('',#2545,1.);
#2545 = DIRECTION('',(0.,1.));
#2546 = ( GEOMETRIC_REPRESENTATION_CONTEXT(2) 
PARAMETRIC_REPRESENTATION_CONTEXT() REPRESENTATION_CONTEXT('2D SPACE',''
  ) );
#2547 = PCURVE('',#450,#2548);
#2548 = DEFINITIONAL_REPRESENTATION('',(#2549),#2552);
#2549 = B_SPLINE_CURVE_WITH_KNOTS('',1,(#2550,#2551),.UNSPECIFIED.,.F.,
  .F.,(2,2),(-1.658834375557E-15,6.),.PIECEWISE_BEZIER_KNOTS.);
#2550 = CARTESIAN_POINT('',(-0.34756471341,6.561591547882E-15));
#2551 = CARTESIAN_POINT('',(-0.34756471341,-6.));
#2552 = ( GEOMETRIC_REPRESENTATION_CONTEXT(2) 
PARAMETRIC_REPRESENTATION_CONTEXT() REPRESENTATION_CONTEXT('2D SPACE',''
  ) );
#2553 = ADVANCED_FACE('',(#2554),#450,.T.);
#2554 = FACE_BOUND('',#2555,.F.);
#2555 = EDGE_LOOP('',(#2556,#2557,#2558,#2559));
#2556 = ORIENTED_EDGE('',*,*,#433,.F.);
#2557 = ORIENTED_EDGE('',*,*,#2505,.F.);
#2558 = ORIENTED_EDGE('',*,*,#1791,.T.);
#2559 = ORIENTED_EDGE('',*,*,#2532,.F.);
#2560 = ADVANCED_FACE('',(#2561),#1003,.F.);
#2561 = FACE_BOUND('',#2562,.F.);
#2562 = EDGE_LOOP('',(#2563,#2587,#2588,#2612));
#2563 = ORIENTED_EDGE('',*,*,#2564,.F.);
#2564 = EDGE_CURVE('',#930,#2565,#2567,.T.);
#2565 = VERTEX_POINT('',#2566);
#2566 = CARTESIAN_POINT('',(68.048254456435,-77.60066238844,2.49));
#2567 = SURFACE_CURVE('',#2568,(#2574,#2581),.PCURVE_S1.);
#2568 = B_SPLINE_CURVE_WITH_KNOTS('',2,(#2569,#2570,#2571,#2572,#2573),
  .UNSPECIFIED.,.F.,.F.,(3,1,1,3),(-0.153,8.766858766718E-15,2.5,2.653),
  .UNSPECIFIED.);
#2569 = CARTESIAN_POINT('',(68.048254456435,-77.60066238844,-0.163));
#2570 = CARTESIAN_POINT('',(68.048254456435,-77.60066238844,
    -8.649999999996E-02));
#2571 = CARTESIAN_POINT('',(68.048254456435,-77.60066238844,1.24));
#2572 = CARTESIAN_POINT('',(68.048254456435,-77.60066238844,2.5665));
#2573 = CARTESIAN_POINT('',(68.048254456435,-77.60066238844,2.643));
#2574 = PCURVE('',#1003,#2575);
#2575 = DEFINITIONAL_REPRESENTATION('',(#2576),#2580);
#2576 = LINE('',#2577,#2578);
#2577 = CARTESIAN_POINT('',(0.,0.));
#2578 = VECTOR('',#2579,1.);
#2579 = DIRECTION('',(0.,1.));
#2580 = ( GEOMETRIC_REPRESENTATION_CONTEXT(2) 
PARAMETRIC_REPRESENTATION_CONTEXT() REPRESENTATION_CONTEXT('2D SPACE',''
  ) );
#2581 = PCURVE('',#1076,#2582);
#2582 = DEFINITIONAL_REPRESENTATION('',(#2583),#2586);
#2583 = B_SPLINE_CURVE_WITH_KNOTS('',1,(#2584,#2585),.UNSPECIFIED.,.F.,
  .F.,(2,2),(8.766858766718E-15,2.5),.PIECEWISE_BEZIER_KNOTS.);
#2584 = CARTESIAN_POINT('',(-0.397284694765,-3.260846453967E-14));
#2585 = CARTESIAN_POINT('',(-0.397284694765,-2.5));
#2586 = ( GEOMETRIC_REPRESENTATION_CONTEXT(2) 
PARAMETRIC_REPRESENTATION_CONTEXT() REPRESENTATION_CONTEXT('2D SPACE',''
  ) );
#2587 = ORIENTED_EDGE('',*,*,#927,.F.);
#2588 = ORIENTED_EDGE('',*,*,#2589,.T.);
#2589 = EDGE_CURVE('',#928,#2590,#2592,.T.);
#2590 = VERTEX_POINT('',#2591);
#2591 = CARTESIAN_POINT('',(77.600662388446,-68.04825445643,2.49));
#2592 = SURFACE_CURVE('',#2593,(#2599,#2606),.PCURVE_S1.);
#2593 = B_SPLINE_CURVE_WITH_KNOTS('',2,(#2594,#2595,#2596,#2597,#2598),
  .UNSPECIFIED.,.F.,.F.,(3,1,1,3),(-0.153,8.766858766718E-15,2.5,2.653),
  .UNSPECIFIED.);
#2594 = CARTESIAN_POINT('',(77.600662388446,-68.04825445643,-0.163));
#2595 = CARTESIAN_POINT('',(77.600662388446,-68.04825445643,
    -8.650000000001E-02));
#2596 = CARTESIAN_POINT('',(77.600662388446,-68.04825445643,1.24));
#2597 = CARTESIAN_POINT('',(77.600662388446,-68.04825445643,2.5665));
#2598 = CARTESIAN_POINT('',(77.600662388446,-68.04825445643,2.643));
#2599 = PCURVE('',#1003,#2600);
#2600 = DEFINITIONAL_REPRESENTATION('',(#2601),#2605);
#2601 = LINE('',#2602,#2603);
#2602 = CARTESIAN_POINT('',(2.5,0.));
#2603 = VECTOR('',#2604,1.);
#2604 = DIRECTION('',(0.,1.));
#2605 = ( GEOMETRIC_REPRESENTATION_CONTEXT(2) 
PARAMETRIC_REPRESENTATION_CONTEXT() REPRESENTATION_CONTEXT('2D SPACE',''
  ) );
#2606 = PCURVE('',#1521,#2607);
#2607 = DEFINITIONAL_REPRESENTATION('',(#2608),#2611);
#2608 = B_SPLINE_CURVE_WITH_KNOTS('',1,(#2609,#2610),.UNSPECIFIED.,.F.,
  .F.,(2,2),(8.766858766718E-15,2.5),.PIECEWISE_BEZIER_KNOTS.);
#2609 = CARTESIAN_POINT('',(-2.222306015572E-02,1.139713323717E-14));
#2610 = CARTESIAN_POINT('',(-2.222306015572E-02,-2.5));
#2611 = ( GEOMETRIC_REPRESENTATION_CONTEXT(2) 
PARAMETRIC_REPRESENTATION_CONTEXT() REPRESENTATION_CONTEXT('2D SPACE',''
  ) );
#2612 = ORIENTED_EDGE('',*,*,#2613,.F.);
#2613 = EDGE_CURVE('',#2565,#2590,#2614,.T.);
#2614 = SURFACE_CURVE('',#2615,(#2648,#2684),.PCURVE_S1.);
#2615 = B_SPLINE_CURVE_WITH_KNOTS('',6,(#2616,#2617,#2618,#2619,#2620,
    #2621,#2622,#2623,#2624,#2625,#2626,#2627,#2628,#2629,#2630,#2631,
    #2632,#2633,#2634,#2635,#2636,#2637,#2638,#2639,#2640,#2641,#2642,
    #2643,#2644,#2645,#2646,#2647),.UNSPECIFIED.,.F.,.F.,(7,5,5,5,5,5,7)
  ,(0.,0.142823030682,0.245464678722,0.499999999999,0.754535321277,
    0.857176969317,1.),.UNSPECIFIED.);
#2616 = CARTESIAN_POINT('',(68.048254456435,-77.60066238844,2.49));
#2617 = CARTESIAN_POINT('',(68.383193631279,-77.53710415058,2.49));
#2618 = CARTESIAN_POINT('',(68.716083282077,-77.46210496644,2.49));
#2619 = CARTESIAN_POINT('',(69.046420647334,-77.37574498156,2.49));
#2620 = CARTESIAN_POINT('',(69.373710686893,-77.27813396898,2.49));
#2621 = CARTESIAN_POINT('',(69.69746608193,-77.1694113293,2.49));
#2622 = CARTESIAN_POINT('',(70.246993416758,-76.96374709417,2.49));
#2623 = CARTESIAN_POINT('',(70.474706877772,-76.87209629027,2.49));
#2624 = CARTESIAN_POINT('',(70.700169916726,-76.77485631106,2.49));
#2625 = CARTESIAN_POINT('',(70.923208029905,-76.67209721443,2.49));
#2626 = CARTESIAN_POINT('',(71.143649911157,-76.56389648404,2.49));
#2627 = CARTESIAN_POINT('',(71.901133893274,-76.16873420528,2.49));
#2628 = CARTESIAN_POINT('',(72.423953984525,-75.85418056913,2.49));
#2629 = CARTESIAN_POINT('',(72.927199692547,-75.50798212483,2.49));
#2630 = CARTESIAN_POINT('',(73.40846987347,-75.13170282939,2.49));
#2631 = CARTESIAN_POINT('',(73.865529729274,-74.72713615959,2.49));
#2632 = CARTESIAN_POINT('',(74.727136159596,-73.86552972927,2.49));
#2633 = CARTESIAN_POINT('',(75.131702829394,-73.40846987347,2.49));
#2634 = CARTESIAN_POINT('',(75.507982124841,-72.92719969254,2.49));
#2635 = CARTESIAN_POINT('',(75.854180569131,-72.42395398452,2.49));
#2636 = CARTESIAN_POINT('',(76.168734205284,-71.90113389327,2.49));
#2637 = CARTESIAN_POINT('',(76.563896484043,-71.14364991115,2.49));
#2638 = CARTESIAN_POINT('',(76.672097214439,-70.9232080299,2.49));
#2639 = CARTESIAN_POINT('',(76.774856311066,-70.70016991672,2.49));
#2640 = CARTESIAN_POINT('',(76.872096290277,-70.47470687777,2.49));
#2641 = CARTESIAN_POINT('',(76.963747094178,-70.24699341675,2.49));
#2642 = CARTESIAN_POINT('',(77.169411329301,-69.69746608193,2.49));
#2643 = CARTESIAN_POINT('',(77.278133968982,-69.37371068689,2.49));
#2644 = CARTESIAN_POINT('',(77.37574498156,-69.04642064733,2.49));
#2645 = CARTESIAN_POINT('',(77.462104966447,-68.71608328207,2.49));
#2646 = CARTESIAN_POINT('',(77.537104150585,-68.38319363127,2.49));
#2647 = CARTESIAN_POINT('',(77.600662388446,-68.04825445643,2.49));
#2648 = PCURVE('',#1003,#2649);
#2649 = DEFINITIONAL_REPRESENTATION('',(#2650),#2683);
#2650 = B_SPLINE_CURVE_WITH_KNOTS('',6,(#2651,#2652,#2653,#2654,#2655,
    #2656,#2657,#2658,#2659,#2660,#2661,#2662,#2663,#2664,#2665,#2666,
    #2667,#2668,#2669,#2670,#2671,#2672,#2673,#2674,#2675,#2676,#2677,
    #2678,#2679,#2680,#2681,#2682),.UNSPECIFIED.,.F.,.F.,(7,5,5,5,5,5,7)
  ,(0.,0.142823030682,0.245464678722,0.499999999999,0.754535321277,
    0.857176969317,1.),.UNSPECIFIED.);
#2651 = CARTESIAN_POINT('',(0.,2.5));
#2652 = CARTESIAN_POINT('',(6.308990498624E-02,2.5));
#2653 = CARTESIAN_POINT('',(0.125539094993,2.5));
#2654 = CARTESIAN_POINT('',(0.187403033283,2.5));
#2655 = CARTESIAN_POINT('',(0.248734651752,2.5));
#2656 = CARTESIAN_POINT('',(0.309584350935,2.5));
#2657 = CARTESIAN_POINT('',(0.413418500208,2.5));
#2658 = CARTESIAN_POINT('',(0.456612931349,2.5));
#2659 = CARTESIAN_POINT('',(0.499601131358,2.5));
#2660 = CARTESIAN_POINT('',(0.542400489906,2.5));
#2661 = CARTESIAN_POINT('',(0.585027948404,2.5));
#2662 = CARTESIAN_POINT('',(0.732824081449,2.5));
#2663 = CARTESIAN_POINT('',(0.837195043167,2.5));
#2664 = CARTESIAN_POINT('',(0.940859952413,2.5));
#2665 = CARTESIAN_POINT('',(1.04406042958,2.5));
#2666 = CARTESIAN_POINT('',(1.147031406125,2.5));
#2667 = CARTESIAN_POINT('',(1.352968593875,2.5));
#2668 = CARTESIAN_POINT('',(1.455939570419,2.5));
#2669 = CARTESIAN_POINT('',(1.559140047587,2.5));
#2670 = CARTESIAN_POINT('',(1.662804956832,2.5));
#2671 = CARTESIAN_POINT('',(1.767175918552,2.5));
#2672 = CARTESIAN_POINT('',(1.914972051596,2.5));
#2673 = CARTESIAN_POINT('',(1.957599510094,2.5));
#2674 = CARTESIAN_POINT('',(2.000398868642,2.5));
#2675 = CARTESIAN_POINT('',(2.043387068651,2.5));
#2676 = CARTESIAN_POINT('',(2.086581499792,2.5));
#2677 = CARTESIAN_POINT('',(2.190415649065,2.5));
#2678 = CARTESIAN_POINT('',(2.251265348248,2.5));
#2679 = CARTESIAN_POINT('',(2.312596966717,2.5));
#2680 = CARTESIAN_POINT('',(2.374460905007,2.5));
#2681 = CARTESIAN_POINT('',(2.436910095014,2.5));
#2682 = CARTESIAN_POINT('',(2.5,2.5));
#2683 = ( GEOMETRIC_REPRESENTATION_CONTEXT(2) 
PARAMETRIC_REPRESENTATION_CONTEXT() REPRESENTATION_CONTEXT('2D SPACE',''
  ) );
#2684 = PCURVE('',#2685,#2690);
#2685 = PLANE('',#2686);
#2686 = AXIS2_PLACEMENT_3D('',#2687,#2688,#2689);
#2687 = CARTESIAN_POINT('',(2.675061247002E-14,3.715362843059E-15,2.49)
  );
#2688 = DIRECTION('',(0.,0.,1.));
#2689 = DIRECTION('',(1.,0.,-0.));
#2690 = DEFINITIONAL_REPRESENTATION('',(#2691),#2724);
#2691 = B_SPLINE_CURVE_WITH_KNOTS('',6,(#2692,#2693,#2694,#2695,#2696,
    #2697,#2698,#2699,#2700,#2701,#2702,#2703,#2704,#2705,#2706,#2707,
    #2708,#2709,#2710,#2711,#2712,#2713,#2714,#2715,#2716,#2717,#2718,
    #2719,#2720,#2721,#2722,#2723),.UNSPECIFIED.,.F.,.F.,(7,5,5,5,5,5,7)
  ,(0.,0.142823030682,0.245464678722,0.499999999999,0.754535321277,
    0.857176969317,1.),.UNSPECIFIED.);
#2692 = CARTESIAN_POINT('',(68.048254456435,-77.60066238844));
#2693 = CARTESIAN_POINT('',(68.383193631279,-77.53710415058));
#2694 = CARTESIAN_POINT('',(68.716083282077,-77.46210496644));
#2695 = CARTESIAN_POINT('',(69.046420647334,-77.37574498156));
#2696 = CARTESIAN_POINT('',(69.373710686893,-77.27813396898));
#2697 = CARTESIAN_POINT('',(69.69746608193,-77.1694113293));
#2698 = CARTESIAN_POINT('',(70.246993416758,-76.96374709417));
#2699 = CARTESIAN_POINT('',(70.474706877772,-76.87209629027));
#2700 = CARTESIAN_POINT('',(70.700169916726,-76.77485631106));
#2701 = CARTESIAN_POINT('',(70.923208029905,-76.67209721443));
#2702 = CARTESIAN_POINT('',(71.143649911157,-76.56389648404));
#2703 = CARTESIAN_POINT('',(71.901133893273,-76.16873420528));
#2704 = CARTESIAN_POINT('',(72.423953984525,-75.85418056913));
#2705 = CARTESIAN_POINT('',(72.927199692547,-75.50798212483));
#2706 = CARTESIAN_POINT('',(73.40846987347,-75.13170282939));
#2707 = CARTESIAN_POINT('',(73.865529729274,-74.72713615959));
#2708 = CARTESIAN_POINT('',(74.727136159596,-73.86552972927));
#2709 = CARTESIAN_POINT('',(75.131702829394,-73.40846987347));
#2710 = CARTESIAN_POINT('',(75.507982124841,-72.92719969254));
#2711 = CARTESIAN_POINT('',(75.854180569131,-72.42395398452));
#2712 = CARTESIAN_POINT('',(76.168734205284,-71.90113389327));
#2713 = CARTESIAN_POINT('',(76.563896484043,-71.14364991115));
#2714 = CARTESIAN_POINT('',(76.672097214439,-70.9232080299));
#2715 = CARTESIAN_POINT('',(76.774856311066,-70.70016991672));
#2716 = CARTESIAN_POINT('',(76.872096290277,-70.47470687777));
#2717 = CARTESIAN_POINT('',(76.963747094178,-70.24699341675));
#2718 = CARTESIAN_POINT('',(77.169411329301,-69.69746608193));
#2719 = CARTESIAN_POINT('',(77.278133968982,-69.37371068689));
#2720 = CARTESIAN_POINT('',(77.37574498156,-69.04642064733));
#2721 = CARTESIAN_POINT('',(77.462104966447,-68.71608328207));
#2722 = CARTESIAN_POINT('',(77.537104150585,-68.38319363127));
#2723 = CARTESIAN_POINT('',(77.600662388446,-68.04825445643));
#2724 = ( GEOMETRIC_REPRESENTATION_CONTEXT(2) 
PARAMETRIC_REPRESENTATION_CONTEXT() REPRESENTATION_CONTEXT('2D SPACE',''
  ) );
#2725 = ADVANCED_FACE('',(#2726),#1521,.F.);
#2726 = FACE_BOUND('',#2727,.T.);
#2727 = EDGE_LOOP('',(#2728,#2729,#2730,#2754));
#2728 = ORIENTED_EDGE('',*,*,#1502,.T.);
#2729 = ORIENTED_EDGE('',*,*,#2589,.T.);
#2730 = ORIENTED_EDGE('',*,*,#2731,.T.);
#2731 = EDGE_CURVE('',#2590,#2732,#2734,.T.);
#2732 = VERTEX_POINT('',#2733);
#2733 = CARTESIAN_POINT('',(77.600662388446,68.048254456435,2.49));
#2734 = SURFACE_CURVE('',#2735,(#2740,#2747),.PCURVE_S1.);
#2735 = CIRCLE('',#2736,365.);
#2736 = AXIS2_PLACEMENT_3D('',#2737,#2738,#2739);
#2737 = CARTESIAN_POINT('',(-281.,3.907985046681E-14,2.49));
#2738 = DIRECTION('',(0.,-0.,1.));
#2739 = DIRECTION('',(0.978082191781,-0.208219178082,-0.));
#2740 = PCURVE('',#1521,#2741);
#2741 = DEFINITIONAL_REPRESENTATION('',(#2742),#2746);
#2742 = LINE('',#2743,#2744);
#2743 = CARTESIAN_POINT('',(-0.,-2.5));
#2744 = VECTOR('',#2745,1.);
#2745 = DIRECTION('',(-1.,0.));
#2746 = ( GEOMETRIC_REPRESENTATION_CONTEXT(2) 
PARAMETRIC_REPRESENTATION_CONTEXT() REPRESENTATION_CONTEXT('2D SPACE',''
  ) );
#2747 = PCURVE('',#2685,#2748);
#2748 = DEFINITIONAL_REPRESENTATION('',(#2749),#2753);
#2749 = CIRCLE('',#2750,365.);
#2750 = AXIS2_PLACEMENT_2D('',#2751,#2752);
#2751 = CARTESIAN_POINT('',(-281.,3.536448762375E-14));
#2752 = DIRECTION('',(0.978082191781,-0.208219178082));
#2753 = ( GEOMETRIC_REPRESENTATION_CONTEXT(2) 
PARAMETRIC_REPRESENTATION_CONTEXT() REPRESENTATION_CONTEXT('2D SPACE',''
  ) );
#2754 = ORIENTED_EDGE('',*,*,#2755,.F.);
#2755 = EDGE_CURVE('',#1377,#2732,#2756,.T.);
#2756 = SURFACE_CURVE('',#2757,(#2763,#2769),.PCURVE_S1.);
#2757 = B_SPLINE_CURVE_WITH_KNOTS('',2,(#2758,#2759,#2760,#2761,#2762),
  .UNSPECIFIED.,.F.,.F.,(3,1,1,3),(-0.153,1.387697465619E-14,2.5,2.653),
  .UNSPECIFIED.);
#2758 = CARTESIAN_POINT('',(77.600662388446,68.048254456435,-0.163));
#2759 = CARTESIAN_POINT('',(77.600662388446,68.048254456435,
    -8.650000000002E-02));
#2760 = CARTESIAN_POINT('',(77.600662388446,68.048254456435,1.24));
#2761 = CARTESIAN_POINT('',(77.600662388446,68.048254456435,2.5665));
#2762 = CARTESIAN_POINT('',(77.600662388446,68.048254456435,2.643));
#2763 = PCURVE('',#1521,#2764);
#2764 = DEFINITIONAL_REPRESENTATION('',(#2765),#2768);
#2765 = B_SPLINE_CURVE_WITH_KNOTS('',1,(#2766,#2767),.UNSPECIFIED.,.F.,
  .F.,(2,2),(1.387697465619E-14,2.5),.PIECEWISE_BEZIER_KNOTS.);
#2766 = CARTESIAN_POINT('',(-0.397284694765,2.516866923208E-14));
#2767 = CARTESIAN_POINT('',(-0.397284694765,-2.5));
#2768 = ( GEOMETRIC_REPRESENTATION_CONTEXT(2) 
PARAMETRIC_REPRESENTATION_CONTEXT() REPRESENTATION_CONTEXT('2D SPACE',''
  ) );
#2769 = PCURVE('',#1450,#2770);
#2770 = DEFINITIONAL_REPRESENTATION('',(#2771),#2775);
#2771 = LINE('',#2772,#2773);
#2772 = CARTESIAN_POINT('',(0.,0.));
#2773 = VECTOR('',#2774,1.);
#2774 = DIRECTION('',(0.,1.));
#2775 = ( GEOMETRIC_REPRESENTATION_CONTEXT(2) 
PARAMETRIC_REPRESENTATION_CONTEXT() REPRESENTATION_CONTEXT('2D SPACE',''
  ) );
#2776 = ADVANCED_FACE('',(#2777),#1450,.F.);
#2777 = FACE_BOUND('',#2778,.F.);
#2778 = EDGE_LOOP('',(#2779,#2780,#2781,#2805));
#2779 = ORIENTED_EDGE('',*,*,#2755,.F.);
#2780 = ORIENTED_EDGE('',*,*,#1376,.F.);
#2781 = ORIENTED_EDGE('',*,*,#2782,.T.);
#2782 = EDGE_CURVE('',#1344,#2783,#2785,.T.);
#2783 = VERTEX_POINT('',#2784);
#2784 = CARTESIAN_POINT('',(68.048254456435,77.600662388446,2.49));
#2785 = SURFACE_CURVE('',#2786,(#2792,#2799),.PCURVE_S1.);
#2786 = B_SPLINE_CURVE_WITH_KNOTS('',2,(#2787,#2788,#2789,#2790,#2791),
  .UNSPECIFIED.,.F.,.F.,(3,1,1,3),(-0.153,1.387697465619E-14,2.5,2.653),
  .UNSPECIFIED.);
#2787 = CARTESIAN_POINT('',(68.048254456435,77.600662388446,-0.163));
#2788 = CARTESIAN_POINT('',(68.048254456435,77.600662388446,
    -8.649999999996E-02));
#2789 = CARTESIAN_POINT('',(68.048254456435,77.600662388446,1.24));
#2790 = CARTESIAN_POINT('',(68.048254456435,77.600662388446,2.5665));
#2791 = CARTESIAN_POINT('',(68.048254456435,77.600662388446,2.643));
#2792 = PCURVE('',#1450,#2793);
#2793 = DEFINITIONAL_REPRESENTATION('',(#2794),#2798);
#2794 = LINE('',#2795,#2796);
#2795 = CARTESIAN_POINT('',(2.5,0.));
#2796 = VECTOR('',#2797,1.);
#2797 = DIRECTION('',(0.,1.));
#2798 = ( GEOMETRIC_REPRESENTATION_CONTEXT(2) 
PARAMETRIC_REPRESENTATION_CONTEXT() REPRESENTATION_CONTEXT('2D SPACE',''
  ) );
#2799 = PCURVE('',#1364,#2800);
#2800 = DEFINITIONAL_REPRESENTATION('',(#2801),#2804);
#2801 = B_SPLINE_CURVE_WITH_KNOTS('',1,(#2802,#2803),.UNSPECIFIED.,.F.,
  .F.,(2,2),(1.387697465619E-14,2.5),.PIECEWISE_BEZIER_KNOTS.);
#2802 = CARTESIAN_POINT('',(-2.222306015572E-02,-3.799044412389E-14));
#2803 = CARTESIAN_POINT('',(-2.222306015572E-02,-2.5));
#2804 = ( GEOMETRIC_REPRESENTATION_CONTEXT(2) 
PARAMETRIC_REPRESENTATION_CONTEXT() REPRESENTATION_CONTEXT('2D SPACE',''
  ) );
#2805 = ORIENTED_EDGE('',*,*,#2806,.F.);
#2806 = EDGE_CURVE('',#2732,#2783,#2807,.T.);
#2807 = SURFACE_CURVE('',#2808,(#2841,#2877),.PCURVE_S1.);
#2808 = B_SPLINE_CURVE_WITH_KNOTS('',6,(#2809,#2810,#2811,#2812,#2813,
    #2814,#2815,#2816,#2817,#2818,#2819,#2820,#2821,#2822,#2823,#2824,
    #2825,#2826,#2827,#2828,#2829,#2830,#2831,#2832,#2833,#2834,#2835,
    #2836,#2837,#2838,#2839,#2840),.UNSPECIFIED.,.F.,.F.,(7,5,5,5,5,5,7)
  ,(0.,0.142823030683,0.245464678723,0.5,0.754535321277,0.857176969318,
    1.),.UNSPECIFIED.);
#2809 = CARTESIAN_POINT('',(77.600662388446,68.048254456435,2.49));
#2810 = CARTESIAN_POINT('',(77.537104150585,68.383193631279,2.49));
#2811 = CARTESIAN_POINT('',(77.462104966447,68.716083282077,2.49));
#2812 = CARTESIAN_POINT('',(77.37574498156,69.046420647334,2.49));
#2813 = CARTESIAN_POINT('',(77.278133968982,69.373710686893,2.49));
#2814 = CARTESIAN_POINT('',(77.169411329301,69.69746608193,2.49));
#2815 = CARTESIAN_POINT('',(76.963747094178,70.246993416758,2.49));
#2816 = CARTESIAN_POINT('',(76.872096290276,70.474706877773,2.49));
#2817 = CARTESIAN_POINT('',(76.774856311066,70.700169916727,2.49));
#2818 = CARTESIAN_POINT('',(76.672097214439,70.923208029906,2.49));
#2819 = CARTESIAN_POINT('',(76.563896484043,71.143649911158,2.49));
#2820 = CARTESIAN_POINT('',(76.168734205283,71.901133893274,2.49));
#2821 = CARTESIAN_POINT('',(75.854180569133,72.423953984525,2.49));
#2822 = CARTESIAN_POINT('',(75.507982124838,72.927199692547,2.49));
#2823 = CARTESIAN_POINT('',(75.131702829396,73.40846987347,2.49));
#2824 = CARTESIAN_POINT('',(74.727136159595,73.865529729274,2.49));
#2825 = CARTESIAN_POINT('',(73.865529729274,74.727136159595,2.49));
#2826 = CARTESIAN_POINT('',(73.408469873469,75.131702829396,2.49));
#2827 = CARTESIAN_POINT('',(72.927199692547,75.507982124838,2.49));
#2828 = CARTESIAN_POINT('',(72.423953984525,75.854180569133,2.49));
#2829 = CARTESIAN_POINT('',(71.901133893273,76.168734205283,2.49));
#2830 = CARTESIAN_POINT('',(71.143649911157,76.563896484043,2.49));
#2831 = CARTESIAN_POINT('',(70.923208029905,76.672097214439,2.49));
#2832 = CARTESIAN_POINT('',(70.700169916726,76.774856311066,2.49));
#2833 = CARTESIAN_POINT('',(70.474706877772,76.872096290277,2.49));
#2834 = CARTESIAN_POINT('',(70.246993416758,76.963747094178,2.49));
#2835 = CARTESIAN_POINT('',(69.69746608193,77.169411329301,2.49));
#2836 = CARTESIAN_POINT('',(69.373710686893,77.278133968982,2.49));
#2837 = CARTESIAN_POINT('',(69.046420647334,77.37574498156,2.49));
#2838 = CARTESIAN_POINT('',(68.716083282077,77.462104966447,2.49));
#2839 = CARTESIAN_POINT('',(68.383193631279,77.537104150585,2.49));
#2840 = CARTESIAN_POINT('',(68.048254456435,77.600662388446,2.49));
#2841 = PCURVE('',#1450,#2842);
#2842 = DEFINITIONAL_REPRESENTATION('',(#2843),#2876);
#2843 = B_SPLINE_CURVE_WITH_KNOTS('',6,(#2844,#2845,#2846,#2847,#2848,
    #2849,#2850,#2851,#2852,#2853,#2854,#2855,#2856,#2857,#2858,#2859,
    #2860,#2861,#2862,#2863,#2864,#2865,#2866,#2867,#2868,#2869,#2870,
    #2871,#2872,#2873,#2874,#2875),.UNSPECIFIED.,.F.,.F.,(7,5,5,5,5,5,7)
  ,(0.,0.142823030683,0.245464678723,0.5,0.754535321277,0.857176969318,
    1.),.UNSPECIFIED.);
#2844 = CARTESIAN_POINT('',(0.,2.5));
#2845 = CARTESIAN_POINT('',(6.308990498624E-02,2.5));
#2846 = CARTESIAN_POINT('',(0.125539094993,2.5));
#2847 = CARTESIAN_POINT('',(0.187403033283,2.5));
#2848 = CARTESIAN_POINT('',(0.248734651752,2.5));
#2849 = CARTESIAN_POINT('',(0.309584350935,2.5));
#2850 = CARTESIAN_POINT('',(0.413418500208,2.5));
#2851 = CARTESIAN_POINT('',(0.456612931349,2.5));
#2852 = CARTESIAN_POINT('',(0.499601131358,2.5));
#2853 = CARTESIAN_POINT('',(0.542400489906,2.5));
#2854 = CARTESIAN_POINT('',(0.585027948404,2.5));
#2855 = CARTESIAN_POINT('',(0.732824081449,2.5));
#2856 = CARTESIAN_POINT('',(0.837195043167,2.5));
#2857 = CARTESIAN_POINT('',(0.940859952413,2.5));
#2858 = CARTESIAN_POINT('',(1.04406042958,2.5));
#2859 = CARTESIAN_POINT('',(1.147031406125,2.5));
#2860 = CARTESIAN_POINT('',(1.352968593875,2.5));
#2861 = CARTESIAN_POINT('',(1.45593957042,2.5));
#2862 = CARTESIAN_POINT('',(1.559140047587,2.5));
#2863 = CARTESIAN_POINT('',(1.662804956833,2.5));
#2864 = CARTESIAN_POINT('',(1.767175918551,2.5));
#2865 = CARTESIAN_POINT('',(1.914972051596,2.5));
#2866 = CARTESIAN_POINT('',(1.957599510094,2.5));
#2867 = CARTESIAN_POINT('',(2.000398868642,2.5));
#2868 = CARTESIAN_POINT('',(2.043387068651,2.5));
#2869 = CARTESIAN_POINT('',(2.086581499792,2.5));
#2870 = CARTESIAN_POINT('',(2.190415649065,2.5));
#2871 = CARTESIAN_POINT('',(2.251265348248,2.5));
#2872 = CARTESIAN_POINT('',(2.312596966717,2.5));
#2873 = CARTESIAN_POINT('',(2.374460905007,2.5));
#2874 = CARTESIAN_POINT('',(2.436910095014,2.5));
#2875 = CARTESIAN_POINT('',(2.5,2.5));
#2876 = ( GEOMETRIC_REPRESENTATION_CONTEXT(2) 
PARAMETRIC_REPRESENTATION_CONTEXT() REPRESENTATION_CONTEXT('2D SPACE',''
  ) );
#2877 = PCURVE('',#2685,#2878);
#2878 = DEFINITIONAL_REPRESENTATION('',(#2879),#2912);
#2879 = B_SPLINE_CURVE_WITH_KNOTS('',6,(#2880,#2881,#2882,#2883,#2884,
    #2885,#2886,#2887,#2888,#2889,#2890,#2891,#2892,#2893,#2894,#2895,
    #2896,#2897,#2898,#2899,#2900,#2901,#2902,#2903,#2904,#2905,#2906,
    #2907,#2908,#2909,#2910,#2911),.UNSPECIFIED.,.F.,.F.,(7,5,5,5,5,5,7)
  ,(0.,0.142823030683,0.245464678723,0.5,0.754535321277,0.857176969318,
    1.),.UNSPECIFIED.);
#2880 = CARTESIAN_POINT('',(77.600662388446,68.048254456435));
#2881 = CARTESIAN_POINT('',(77.537104150585,68.383193631279));
#2882 = CARTESIAN_POINT('',(77.462104966447,68.716083282077));
#2883 = CARTESIAN_POINT('',(77.37574498156,69.046420647334));
#2884 = CARTESIAN_POINT('',(77.278133968982,69.373710686893));
#2885 = CARTESIAN_POINT('',(77.169411329301,69.69746608193));
#2886 = CARTESIAN_POINT('',(76.963747094178,70.246993416758));
#2887 = CARTESIAN_POINT('',(76.872096290276,70.474706877773));
#2888 = CARTESIAN_POINT('',(76.774856311066,70.700169916727));
#2889 = CARTESIAN_POINT('',(76.672097214439,70.923208029906));
#2890 = CARTESIAN_POINT('',(76.563896484043,71.143649911158));
#2891 = CARTESIAN_POINT('',(76.168734205283,71.901133893274));
#2892 = CARTESIAN_POINT('',(75.854180569133,72.423953984525));
#2893 = CARTESIAN_POINT('',(75.507982124838,72.927199692547));
#2894 = CARTESIAN_POINT('',(75.131702829395,73.40846987347));
#2895 = CARTESIAN_POINT('',(74.727136159595,73.865529729274));
#2896 = CARTESIAN_POINT('',(73.865529729273,74.727136159595));
#2897 = CARTESIAN_POINT('',(73.408469873469,75.131702829396));
#2898 = CARTESIAN_POINT('',(72.927199692547,75.507982124838));
#2899 = CARTESIAN_POINT('',(72.423953984525,75.854180569133));
#2900 = CARTESIAN_POINT('',(71.901133893273,76.168734205283));
#2901 = CARTESIAN_POINT('',(71.143649911157,76.563896484043));
#2902 = CARTESIAN_POINT('',(70.923208029905,76.672097214439));
#2903 = CARTESIAN_POINT('',(70.700169916726,76.774856311066));
#2904 = CARTESIAN_POINT('',(70.474706877772,76.872096290277));
#2905 = CARTESIAN_POINT('',(70.246993416758,76.963747094178));
#2906 = CARTESIAN_POINT('',(69.69746608193,77.169411329301));
#2907 = CARTESIAN_POINT('',(69.373710686892,77.278133968982));
#2908 = CARTESIAN_POINT('',(69.046420647334,77.37574498156));
#2909 = CARTESIAN_POINT('',(68.716083282077,77.462104966447));
#2910 = CARTESIAN_POINT('',(68.383193631279,77.537104150585));
#2911 = CARTESIAN_POINT('',(68.048254456435,77.600662388446));
#2912 = ( GEOMETRIC_REPRESENTATION_CONTEXT(2) 
PARAMETRIC_REPRESENTATION_CONTEXT() REPRESENTATION_CONTEXT('2D SPACE',''
  ) );
#2913 = ADVANCED_FACE('',(#2914),#1364,.F.);
#2914 = FACE_BOUND('',#2915,.T.);
#2915 = EDGE_LOOP('',(#2916,#2917,#2918,#2942));
#2916 = ORIENTED_EDGE('',*,*,#1343,.T.);
#2917 = ORIENTED_EDGE('',*,*,#2782,.T.);
#2918 = ORIENTED_EDGE('',*,*,#2919,.T.);
#2919 = EDGE_CURVE('',#2783,#2920,#2922,.T.);
#2920 = VERTEX_POINT('',#2921);
#2921 = CARTESIAN_POINT('',(-68.04825445643,77.600662388446,2.49));
#2922 = SURFACE_CURVE('',#2923,(#2928,#2935),.PCURVE_S1.);
#2923 = CIRCLE('',#2924,365.);
#2924 = AXIS2_PLACEMENT_3D('',#2925,#2926,#2927);
#2925 = CARTESIAN_POINT('',(2.84217094304E-14,-281.,2.49));
#2926 = DIRECTION('',(0.,0.,1.));
#2927 = DIRECTION('',(0.208219178082,0.978082191781,-0.));
#2928 = PCURVE('',#1364,#2929);
#2929 = DEFINITIONAL_REPRESENTATION('',(#2930),#2934);
#2930 = LINE('',#2931,#2932);
#2931 = CARTESIAN_POINT('',(-0.,-2.5));
#2932 = VECTOR('',#2933,1.);
#2933 = DIRECTION('',(-1.,0.));
#2934 = ( GEOMETRIC_REPRESENTATION_CONTEXT(2) 
PARAMETRIC_REPRESENTATION_CONTEXT() REPRESENTATION_CONTEXT('2D SPACE',''
  ) );
#2935 = PCURVE('',#2685,#2936);
#2936 = DEFINITIONAL_REPRESENTATION('',(#2937),#2941);
#2937 = CIRCLE('',#2938,365.);
#2938 = AXIS2_PLACEMENT_2D('',#2939,#2940);
#2939 = CARTESIAN_POINT('',(1.67109696038E-15,-281.));
#2940 = DIRECTION('',(0.208219178082,0.978082191781));
#2941 = ( GEOMETRIC_REPRESENTATION_CONTEXT(2) 
PARAMETRIC_REPRESENTATION_CONTEXT() REPRESENTATION_CONTEXT('2D SPACE',''
  ) );
#2942 = ORIENTED_EDGE('',*,*,#2943,.F.);
#2943 = EDGE_CURVE('',#1248,#2920,#2944,.T.);
#2944 = SURFACE_CURVE('',#2945,(#2951,#2957),.PCURVE_S1.);
#2945 = B_SPLINE_CURVE_WITH_KNOTS('',2,(#2946,#2947,#2948,#2949,#2950),
  .UNSPECIFIED.,.F.,.F.,(3,1,1,3),(-0.153,1.391138792577E-14,2.5,2.653),
  .UNSPECIFIED.);
#2946 = CARTESIAN_POINT('',(-68.04825445643,77.600662388446,-0.163));
#2947 = CARTESIAN_POINT('',(-68.04825445643,77.600662388446,
    -8.650000000002E-02));
#2948 = CARTESIAN_POINT('',(-68.04825445643,77.600662388446,1.24));
#2949 = CARTESIAN_POINT('',(-68.04825445643,77.600662388446,2.5665));
#2950 = CARTESIAN_POINT('',(-68.04825445643,77.600662388446,2.643));
#2951 = PCURVE('',#1364,#2952);
#2952 = DEFINITIONAL_REPRESENTATION('',(#2953),#2956);
#2953 = B_SPLINE_CURVE_WITH_KNOTS('',1,(#2954,#2955),.UNSPECIFIED.,.F.,
  .F.,(2,2),(1.391138792577E-14,2.5),.PIECEWISE_BEZIER_KNOTS.);
#2954 = CARTESIAN_POINT('',(-0.397284694765,2.437720164616E-14));
#2955 = CARTESIAN_POINT('',(-0.397284694765,-2.5));
#2956 = ( GEOMETRIC_REPRESENTATION_CONTEXT(2) 
PARAMETRIC_REPRESENTATION_CONTEXT() REPRESENTATION_CONTEXT('2D SPACE',''
  ) );
#2957 = PCURVE('',#1301,#2958);
#2958 = DEFINITIONAL_REPRESENTATION('',(#2959),#2963);
#2959 = LINE('',#2960,#2961);
#2960 = CARTESIAN_POINT('',(0.,0.));
#2961 = VECTOR('',#2962,1.);
#2962 = DIRECTION('',(0.,1.));
#2963 = ( GEOMETRIC_REPRESENTATION_CONTEXT(2) 
PARAMETRIC_REPRESENTATION_CONTEXT() REPRESENTATION_CONTEXT('2D SPACE',''
  ) );
#2964 = ADVANCED_FACE('',(#2965),#1301,.F.);
#2965 = FACE_BOUND('',#2966,.F.);
#2966 = EDGE_LOOP('',(#2967,#2968,#2969,#2993));
#2967 = ORIENTED_EDGE('',*,*,#2943,.F.);
#2968 = ORIENTED_EDGE('',*,*,#1247,.F.);
#2969 = ORIENTED_EDGE('',*,*,#2970,.T.);
#2970 = EDGE_CURVE('',#1215,#2971,#2973,.T.);
#2971 = VERTEX_POINT('',#2972);
#2972 = CARTESIAN_POINT('',(-77.60066238844,68.048254456435,2.49));
#2973 = SURFACE_CURVE('',#2974,(#2980,#2987),.PCURVE_S1.);
#2974 = B_SPLINE_CURVE_WITH_KNOTS('',2,(#2975,#2976,#2977,#2978,#2979),
  .UNSPECIFIED.,.F.,.F.,(3,1,1,3),(-0.153,1.391138792577E-14,2.5,2.653),
  .UNSPECIFIED.);
#2975 = CARTESIAN_POINT('',(-77.60066238844,68.048254456435,-0.163));
#2976 = CARTESIAN_POINT('',(-77.60066238844,68.048254456435,
    -8.649999999996E-02));
#2977 = CARTESIAN_POINT('',(-77.60066238844,68.048254456435,1.24));
#2978 = CARTESIAN_POINT('',(-77.60066238844,68.048254456435,2.5665));
#2979 = CARTESIAN_POINT('',(-77.60066238844,68.048254456435,2.643));
#2980 = PCURVE('',#1301,#2981);
#2981 = DEFINITIONAL_REPRESENTATION('',(#2982),#2986);
#2982 = LINE('',#2983,#2984);
#2983 = CARTESIAN_POINT('',(2.5,0.));
#2984 = VECTOR('',#2985,1.);
#2985 = DIRECTION('',(0.,1.));
#2986 = ( GEOMETRIC_REPRESENTATION_CONTEXT(2) 
PARAMETRIC_REPRESENTATION_CONTEXT() REPRESENTATION_CONTEXT('2D SPACE',''
  ) );
#2987 = PCURVE('',#1235,#2988);
#2988 = DEFINITIONAL_REPRESENTATION('',(#2989),#2992);
#2989 = B_SPLINE_CURVE_WITH_KNOTS('',1,(#2990,#2991),.UNSPECIFIED.,.F.,
  .F.,(2,2),(1.391138792577E-14,2.5),.PIECEWISE_BEZIER_KNOTS.);
#2990 = CARTESIAN_POINT('',(-2.222306015572E-02,-3.862361819262E-14));
#2991 = CARTESIAN_POINT('',(-2.222306015572E-02,-2.5));
#2992 = ( GEOMETRIC_REPRESENTATION_CONTEXT(2) 
PARAMETRIC_REPRESENTATION_CONTEXT() REPRESENTATION_CONTEXT('2D SPACE',''
  ) );
#2993 = ORIENTED_EDGE('',*,*,#2994,.F.);
#2994 = EDGE_CURVE('',#2920,#2971,#2995,.T.);
#2995 = SURFACE_CURVE('',#2996,(#3019,#3045),.PCURVE_S1.);
#2996 = B_SPLINE_CURVE_WITH_KNOTS('',6,(#2997,#2998,#2999,#3000,#3001,
    #3002,#3003,#3004,#3005,#3006,#3007,#3008,#3009,#3010,#3011,#3012,
    #3013,#3014,#3015,#3016,#3017,#3018),.UNSPECIFIED.,.F.,.F.,(7,5,5,5,
    7),(0.,0.244457179108,0.5,0.755542820892,1.),.UNSPECIFIED.);
#2997 = CARTESIAN_POINT('',(-68.04825445643,77.600662388446,2.49));
#2998 = CARTESIAN_POINT('',(-68.62153799874,77.491875795295,2.49));
#2999 = CARTESIAN_POINT('',(-69.18882636274,77.349570376673,2.49));
#3000 = CARTESIAN_POINT('',(-69.74758136648,77.174147891515,2.49));
#3001 = CARTESIAN_POINT('',(-70.29535043431,76.966272939741,2.49));
#3002 = CARTESIAN_POINT('',(-70.82975727887,76.72684317509,2.49));
#3003 = CARTESIAN_POINT('',(-71.89079044662,76.17495053908,2.49));
#3004 = CARTESIAN_POINT('',(-72.41598925026,75.859655497806,2.49));
#3005 = CARTESIAN_POINT('',(-72.92148726589,75.5124461397,2.49));
#3006 = CARTESIAN_POINT('',(-73.40485348657,75.134903114852,2.49));
#3007 = CARTESIAN_POINT('',(-73.86382566124,74.728840227628,2.49));
#3008 = CARTESIAN_POINT('',(-74.72884022762,73.863825661241,2.49));
#3009 = CARTESIAN_POINT('',(-75.13490311485,73.404853486574,2.49));
#3010 = CARTESIAN_POINT('',(-75.5124461397,72.921487265897,2.49));
#3011 = CARTESIAN_POINT('',(-75.8596554978,72.415989250266,2.49));
#3012 = CARTESIAN_POINT('',(-76.17495053908,71.890790446626,2.49));
#3013 = CARTESIAN_POINT('',(-76.72684317509,70.82975727887,2.49));
#3014 = CARTESIAN_POINT('',(-76.96627293974,70.295350434312,2.49));
#3015 = CARTESIAN_POINT('',(-77.17414789151,69.74758136648,2.49));
#3016 = CARTESIAN_POINT('',(-77.34957037667,69.188826362742,2.49));
#3017 = CARTESIAN_POINT('',(-77.49187579529,68.621537998745,2.49));
#3018 = CARTESIAN_POINT('',(-77.60066238844,68.048254456435,2.49));
#3019 = PCURVE('',#1301,#3020);
#3020 = DEFINITIONAL_REPRESENTATION('',(#3021),#3044);
#3021 = B_SPLINE_CURVE_WITH_KNOTS('',6,(#3022,#3023,#3024,#3025,#3026,
    #3027,#3028,#3029,#3030,#3031,#3032,#3033,#3034,#3035,#3036,#3037,
    #3038,#3039,#3040,#3041,#3042,#3043),.UNSPECIFIED.,.F.,.F.,(7,5,5,5,
    7),(0.,0.244457179108,0.5,0.755542820892,1.),.UNSPECIFIED.);
#3022 = CARTESIAN_POINT('',(0.,2.5));
#3023 = CARTESIAN_POINT('',(0.107984992294,2.5));
#3024 = CARTESIAN_POINT('',(0.214094607384,2.5));
#3025 = CARTESIAN_POINT('',(0.318603999992,2.5));
#3026 = CARTESIAN_POINT('',(0.421769358907,2.5));
#3027 = CARTESIAN_POINT('',(0.5238282258,2.5));
#3028 = CARTESIAN_POINT('',(0.730759710834,2.5));
#3029 = CARTESIAN_POINT('',(0.835554749652,2.5));
#3030 = CARTESIAN_POINT('',(0.939635249671,2.5));
#3031 = CARTESIAN_POINT('',(1.043245785344,2.5));
#3032 = CARTESIAN_POINT('',(1.146624107658,2.5));
#3033 = CARTESIAN_POINT('',(1.353375892342,2.5));
#3034 = CARTESIAN_POINT('',(1.456754214657,2.5));
#3035 = CARTESIAN_POINT('',(1.560364750329,2.5));
#3036 = CARTESIAN_POINT('',(1.664445250348,2.5));
#3037 = CARTESIAN_POINT('',(1.769240289166,2.5));
#3038 = CARTESIAN_POINT('',(1.9761717742,2.5));
#3039 = CARTESIAN_POINT('',(2.078230641093,2.5));
#3040 = CARTESIAN_POINT('',(2.181396000008,2.5));
#3041 = CARTESIAN_POINT('',(2.285905392616,2.5));
#3042 = CARTESIAN_POINT('',(2.392015007706,2.5));
#3043 = CARTESIAN_POINT('',(2.5,2.5));
#3044 = ( GEOMETRIC_REPRESENTATION_CONTEXT(2) 
PARAMETRIC_REPRESENTATION_CONTEXT() REPRESENTATION_CONTEXT('2D SPACE',''
  ) );
#3045 = PCURVE('',#2685,#3046);
#3046 = DEFINITIONAL_REPRESENTATION('',(#3047),#3070);
#3047 = B_SPLINE_CURVE_WITH_KNOTS('',6,(#3048,#3049,#3050,#3051,#3052,
    #3053,#3054,#3055,#3056,#3057,#3058,#3059,#3060,#3061,#3062,#3063,
    #3064,#3065,#3066,#3067,#3068,#3069),.UNSPECIFIED.,.F.,.F.,(7,5,5,5,
    7),(0.,0.244457179108,0.5,0.755542820892,1.),.UNSPECIFIED.);
#3048 = CARTESIAN_POINT('',(-68.04825445643,77.600662388446));
#3049 = CARTESIAN_POINT('',(-68.62153799874,77.491875795295));
#3050 = CARTESIAN_POINT('',(-69.18882636274,77.349570376673));
#3051 = CARTESIAN_POINT('',(-69.74758136648,77.174147891515));
#3052 = CARTESIAN_POINT('',(-70.29535043431,76.966272939741));
#3053 = CARTESIAN_POINT('',(-70.82975727887,76.72684317509));
#3054 = CARTESIAN_POINT('',(-71.89079044662,76.17495053908));
#3055 = CARTESIAN_POINT('',(-72.41598925026,75.859655497806));
#3056 = CARTESIAN_POINT('',(-72.92148726589,75.5124461397));
#3057 = CARTESIAN_POINT('',(-73.40485348657,75.134903114852));
#3058 = CARTESIAN_POINT('',(-73.86382566124,74.728840227628));
#3059 = CARTESIAN_POINT('',(-74.72884022762,73.863825661241));
#3060 = CARTESIAN_POINT('',(-75.13490311485,73.404853486574));
#3061 = CARTESIAN_POINT('',(-75.5124461397,72.921487265897));
#3062 = CARTESIAN_POINT('',(-75.8596554978,72.415989250266));
#3063 = CARTESIAN_POINT('',(-76.17495053908,71.890790446626));
#3064 = CARTESIAN_POINT('',(-76.72684317509,70.82975727887));
#3065 = CARTESIAN_POINT('',(-76.96627293974,70.295350434312));
#3066 = CARTESIAN_POINT('',(-77.17414789151,69.74758136648));
#3067 = CARTESIAN_POINT('',(-77.34957037667,69.188826362742));
#3068 = CARTESIAN_POINT('',(-77.49187579529,68.621537998745));
#3069 = CARTESIAN_POINT('',(-77.60066238844,68.048254456435));
#3070 = ( GEOMETRIC_REPRESENTATION_CONTEXT(2) 
PARAMETRIC_REPRESENTATION_CONTEXT() REPRESENTATION_CONTEXT('2D SPACE',''
  ) );
#3071 = ADVANCED_FACE('',(#3072),#1235,.F.);
#3072 = FACE_BOUND('',#3073,.T.);
#3073 = EDGE_LOOP('',(#3074,#3075,#3076,#3100));
#3074 = ORIENTED_EDGE('',*,*,#1214,.T.);
#3075 = ORIENTED_EDGE('',*,*,#2970,.T.);
#3076 = ORIENTED_EDGE('',*,*,#3077,.T.);
#3077 = EDGE_CURVE('',#2971,#3078,#3080,.T.);
#3078 = VERTEX_POINT('',#3079);
#3079 = CARTESIAN_POINT('',(-77.60066238844,-68.04825445643,2.49));
#3080 = SURFACE_CURVE('',#3081,(#3086,#3093),.PCURVE_S1.);
#3081 = CIRCLE('',#3082,365.);
#3082 = AXIS2_PLACEMENT_3D('',#3083,#3084,#3085);
#3083 = CARTESIAN_POINT('',(281.,-3.552713678801E-15,2.49));
#3084 = DIRECTION('',(0.,0.,1.));
#3085 = DIRECTION('',(-0.978082191781,0.208219178082,0.));
#3086 = PCURVE('',#1235,#3087);
#3087 = DEFINITIONAL_REPRESENTATION('',(#3088),#3092);
#3088 = LINE('',#3089,#3090);
#3089 = CARTESIAN_POINT('',(-0.,-2.5));
#3090 = VECTOR('',#3091,1.);
#3091 = DIRECTION('',(-1.,0.));
#3092 = ( GEOMETRIC_REPRESENTATION_CONTEXT(2) 
PARAMETRIC_REPRESENTATION_CONTEXT() REPRESENTATION_CONTEXT('2D SPACE',''
  ) );
#3093 = PCURVE('',#2685,#3094);
#3094 = DEFINITIONAL_REPRESENTATION('',(#3095),#3099);
#3095 = CIRCLE('',#3096,365.);
#3096 = AXIS2_PLACEMENT_2D('',#3097,#3098);
#3097 = CARTESIAN_POINT('',(281.,-7.268076521859E-15));
#3098 = DIRECTION('',(-0.978082191781,0.208219178082));
#3099 = ( GEOMETRIC_REPRESENTATION_CONTEXT(2) 
PARAMETRIC_REPRESENTATION_CONTEXT() REPRESENTATION_CONTEXT('2D SPACE',''
  ) );
#3100 = ORIENTED_EDGE('',*,*,#3101,.F.);
#3101 = EDGE_CURVE('',#1089,#3078,#3102,.T.);
#3102 = SURFACE_CURVE('',#3103,(#3109,#3115),.PCURVE_S1.);
#3103 = B_SPLINE_CURVE_WITH_KNOTS('',2,(#3104,#3105,#3106,#3107,#3108),
  .UNSPECIFIED.,.F.,.F.,(3,1,1,3),(-0.153,4.649221545944E-14,2.5,2.653),
  .UNSPECIFIED.);
#3104 = CARTESIAN_POINT('',(-77.60066238844,-68.04825445643,-0.163));
#3105 = CARTESIAN_POINT('',(-77.60066238844,-68.04825445643,
    -8.649999999994E-02));
#3106 = CARTESIAN_POINT('',(-77.60066238844,-68.04825445643,1.24));
#3107 = CARTESIAN_POINT('',(-77.60066238844,-68.04825445643,2.5665));
#3108 = CARTESIAN_POINT('',(-77.60066238844,-68.04825445643,2.643));
#3109 = PCURVE('',#1235,#3110);
#3110 = DEFINITIONAL_REPRESENTATION('',(#3111),#3114);
#3111 = B_SPLINE_CURVE_WITH_KNOTS('',1,(#3112,#3113),.UNSPECIFIED.,.F.,
  .F.,(2,2),(4.649221545944E-14,2.5),.PIECEWISE_BEZIER_KNOTS.);
#3112 = CARTESIAN_POINT('',(-0.397284694765,-5.429467639373E-14));
#3113 = CARTESIAN_POINT('',(-0.397284694765,-2.5));
#3114 = ( GEOMETRIC_REPRESENTATION_CONTEXT(2) 
PARAMETRIC_REPRESENTATION_CONTEXT() REPRESENTATION_CONTEXT('2D SPACE',''
  ) );
#3115 = PCURVE('',#1162,#3116);
#3116 = DEFINITIONAL_REPRESENTATION('',(#3117),#3121);
#3117 = LINE('',#3118,#3119);
#3118 = CARTESIAN_POINT('',(2.5,0.));
#3119 = VECTOR('',#3120,1.);
#3120 = DIRECTION('',(0.,1.));
#3121 = ( GEOMETRIC_REPRESENTATION_CONTEXT(2) 
PARAMETRIC_REPRESENTATION_CONTEXT() REPRESENTATION_CONTEXT('2D SPACE',''
  ) );
#3122 = ADVANCED_FACE('',(#3123),#1162,.T.);
#3123 = FACE_BOUND('',#3124,.T.);
#3124 = EDGE_LOOP('',(#3125,#3149,#3150,#3151));
#3125 = ORIENTED_EDGE('',*,*,#3126,.F.);
#3126 = EDGE_CURVE('',#1056,#3127,#3129,.T.);
#3127 = VERTEX_POINT('',#3128);
#3128 = CARTESIAN_POINT('',(-68.04825445643,-77.60066238844,2.49));
#3129 = SURFACE_CURVE('',#3130,(#3136,#3143),.PCURVE_S1.);
#3130 = B_SPLINE_CURVE_WITH_KNOTS('',2,(#3131,#3132,#3133,#3134,#3135),
  .UNSPECIFIED.,.F.,.F.,(3,1,1,3),(-0.153,4.649221545944E-14,2.5,2.653),
  .UNSPECIFIED.);
#3131 = CARTESIAN_POINT('',(-68.04825445643,-77.60066238844,-0.163));
#3132 = CARTESIAN_POINT('',(-68.04825445643,-77.60066238844,
    -8.650000000002E-02));
#3133 = CARTESIAN_POINT('',(-68.04825445643,-77.60066238844,1.24));
#3134 = CARTESIAN_POINT('',(-68.04825445643,-77.60066238844,2.5665));
#3135 = CARTESIAN_POINT('',(-68.04825445643,-77.60066238844,2.643));
#3136 = PCURVE('',#1162,#3137);
#3137 = DEFINITIONAL_REPRESENTATION('',(#3138),#3142);
#3138 = LINE('',#3139,#3140);
#3139 = CARTESIAN_POINT('',(0.,0.));
#3140 = VECTOR('',#3141,1.);
#3141 = DIRECTION('',(0.,1.));
#3142 = ( GEOMETRIC_REPRESENTATION_CONTEXT(2) 
PARAMETRIC_REPRESENTATION_CONTEXT() REPRESENTATION_CONTEXT('2D SPACE',''
  ) );
#3143 = PCURVE('',#1076,#3144);
#3144 = DEFINITIONAL_REPRESENTATION('',(#3145),#3148);
#3145 = B_SPLINE_CURVE_WITH_KNOTS('',1,(#3146,#3147),.UNSPECIFIED.,.F.,
  .F.,(2,2),(4.649221545944E-14,2.5),.PIECEWISE_BEZIER_KNOTS.);
#3146 = CARTESIAN_POINT('',(-2.222306015572E-02,1.772887392448E-14));
#3147 = CARTESIAN_POINT('',(-2.222306015572E-02,-2.5));
#3148 = ( GEOMETRIC_REPRESENTATION_CONTEXT(2) 
PARAMETRIC_REPRESENTATION_CONTEXT() REPRESENTATION_CONTEXT('2D SPACE',''
  ) );
#3149 = ORIENTED_EDGE('',*,*,#1088,.F.);
#3150 = ORIENTED_EDGE('',*,*,#3101,.T.);
#3151 = ORIENTED_EDGE('',*,*,#3152,.F.);
#3152 = EDGE_CURVE('',#3127,#3078,#3153,.T.);
#3153 = SURFACE_CURVE('',#3154,(#3187,#3223),.PCURVE_S1.);
#3154 = B_SPLINE_CURVE_WITH_KNOTS('',6,(#3155,#3156,#3157,#3158,#3159,
    #3160,#3161,#3162,#3163,#3164,#3165,#3166,#3167,#3168,#3169,#3170,
    #3171,#3172,#3173,#3174,#3175,#3176,#3177,#3178,#3179,#3180,#3181,
    #3182,#3183,#3184,#3185,#3186),.UNSPECIFIED.,.F.,.F.,(7,5,5,5,5,5,7)
  ,(0.,0.142823030683,0.245464678723,0.5,0.754535321277,0.857176969318,
    1.),.UNSPECIFIED.);
#3155 = CARTESIAN_POINT('',(-68.04825445643,-77.60066238844,2.49));
#3156 = CARTESIAN_POINT('',(-68.38319363127,-77.53710415058,2.49));
#3157 = CARTESIAN_POINT('',(-68.71608328207,-77.46210496644,2.49));
#3158 = CARTESIAN_POINT('',(-69.04642064733,-77.37574498156,2.49));
#3159 = CARTESIAN_POINT('',(-69.37371068689,-77.27813396898,2.49));
#3160 = CARTESIAN_POINT('',(-69.69746608193,-77.1694113293,2.49));
#3161 = CARTESIAN_POINT('',(-70.24699341675,-76.96374709417,2.49));
#3162 = CARTESIAN_POINT('',(-70.47470687777,-76.87209629027,2.49));
#3163 = CARTESIAN_POINT('',(-70.70016991672,-76.77485631106,2.49));
#3164 = CARTESIAN_POINT('',(-70.9232080299,-76.67209721443,2.49));
#3165 = CARTESIAN_POINT('',(-71.14364991115,-76.56389648404,2.49));
#3166 = CARTESIAN_POINT('',(-71.90113389327,-76.16873420528,2.49));
#3167 = CARTESIAN_POINT('',(-72.42395398452,-75.85418056913,2.49));
#3168 = CARTESIAN_POINT('',(-72.92719969254,-75.50798212483,2.49));
#3169 = CARTESIAN_POINT('',(-73.40846987347,-75.13170282939,2.49));
#3170 = CARTESIAN_POINT('',(-73.86552972927,-74.72713615959,2.49));
#3171 = CARTESIAN_POINT('',(-74.72713615959,-73.86552972927,2.49));
#3172 = CARTESIAN_POINT('',(-75.13170282939,-73.40846987346,2.49));
#3173 = CARTESIAN_POINT('',(-75.50798212483,-72.92719969254,2.49));
#3174 = CARTESIAN_POINT('',(-75.85418056913,-72.42395398452,2.49));
#3175 = CARTESIAN_POINT('',(-76.16873420528,-71.90113389327,2.49));
#3176 = CARTESIAN_POINT('',(-76.56389648404,-71.14364991115,2.49));
#3177 = CARTESIAN_POINT('',(-76.67209721443,-70.9232080299,2.49));
#3178 = CARTESIAN_POINT('',(-76.77485631106,-70.70016991672,2.49));
#3179 = CARTESIAN_POINT('',(-76.87209629027,-70.47470687777,2.49));
#3180 = CARTESIAN_POINT('',(-76.96374709417,-70.24699341675,2.49));
#3181 = CARTESIAN_POINT('',(-77.1694113293,-69.69746608193,2.49));
#3182 = CARTESIAN_POINT('',(-77.27813396898,-69.37371068689,2.49));
#3183 = CARTESIAN_POINT('',(-77.37574498156,-69.04642064733,2.49));
#3184 = CARTESIAN_POINT('',(-77.46210496644,-68.71608328207,2.49));
#3185 = CARTESIAN_POINT('',(-77.53710415058,-68.38319363127,2.49));
#3186 = CARTESIAN_POINT('',(-77.60066238844,-68.04825445643,2.49));
#3187 = PCURVE('',#1162,#3188);
#3188 = DEFINITIONAL_REPRESENTATION('',(#3189),#3222);
#3189 = B_SPLINE_CURVE_WITH_KNOTS('',6,(#3190,#3191,#3192,#3193,#3194,
    #3195,#3196,#3197,#3198,#3199,#3200,#3201,#3202,#3203,#3204,#3205,
    #3206,#3207,#3208,#3209,#3210,#3211,#3212,#3213,#3214,#3215,#3216,
    #3217,#3218,#3219,#3220,#3221),.UNSPECIFIED.,.F.,.F.,(7,5,5,5,5,5,7)
  ,(0.,0.142823030683,0.245464678723,0.5,0.754535321277,0.857176969318,
    1.),.UNSPECIFIED.);
#3190 = CARTESIAN_POINT('',(0.,2.5));
#3191 = CARTESIAN_POINT('',(6.308990498624E-02,2.5));
#3192 = CARTESIAN_POINT('',(0.125539094993,2.5));
#3193 = CARTESIAN_POINT('',(0.187403033283,2.5));
#3194 = CARTESIAN_POINT('',(0.248734651752,2.5));
#3195 = CARTESIAN_POINT('',(0.309584350935,2.5));
#3196 = CARTESIAN_POINT('',(0.413418500208,2.5));
#3197 = CARTESIAN_POINT('',(0.456612931349,2.5));
#3198 = CARTESIAN_POINT('',(0.499601131358,2.5));
#3199 = CARTESIAN_POINT('',(0.542400489906,2.5));
#3200 = CARTESIAN_POINT('',(0.585027948404,2.5));
#3201 = CARTESIAN_POINT('',(0.732824081449,2.5));
#3202 = CARTESIAN_POINT('',(0.837195043167,2.5));
#3203 = CARTESIAN_POINT('',(0.940859952413,2.5));
#3204 = CARTESIAN_POINT('',(1.044060429581,2.5));
#3205 = CARTESIAN_POINT('',(1.147031406125,2.5));
#3206 = CARTESIAN_POINT('',(1.352968593875,2.5));
#3207 = CARTESIAN_POINT('',(1.45593957042,2.5));
#3208 = CARTESIAN_POINT('',(1.559140047587,2.5));
#3209 = CARTESIAN_POINT('',(1.662804956833,2.5));
#3210 = CARTESIAN_POINT('',(1.767175918551,2.5));
#3211 = CARTESIAN_POINT('',(1.914972051596,2.5));
#3212 = CARTESIAN_POINT('',(1.957599510094,2.5));
#3213 = CARTESIAN_POINT('',(2.000398868642,2.5));
#3214 = CARTESIAN_POINT('',(2.043387068651,2.5));
#3215 = CARTESIAN_POINT('',(2.086581499792,2.5));
#3216 = CARTESIAN_POINT('',(2.190415649065,2.5));
#3217 = CARTESIAN_POINT('',(2.251265348248,2.5));
#3218 = CARTESIAN_POINT('',(2.312596966717,2.5));
#3219 = CARTESIAN_POINT('',(2.374460905007,2.5));
#3220 = CARTESIAN_POINT('',(2.436910095014,2.5));
#3221 = CARTESIAN_POINT('',(2.5,2.5));
#3222 = ( GEOMETRIC_REPRESENTATION_CONTEXT(2) 
PARAMETRIC_REPRESENTATION_CONTEXT() REPRESENTATION_CONTEXT('2D SPACE',''
  ) );
#3223 = PCURVE('',#2685,#3224);
#3224 = DEFINITIONAL_REPRESENTATION('',(#3225),#3258);
#3225 = B_SPLINE_CURVE_WITH_KNOTS('',6,(#3226,#3227,#3228,#3229,#3230,
    #3231,#3232,#3233,#3234,#3235,#3236,#3237,#3238,#3239,#3240,#3241,
    #3242,#3243,#3244,#3245,#3246,#3247,#3248,#3249,#3250,#3251,#3252,
    #3253,#3254,#3255,#3256,#3257),.UNSPECIFIED.,.F.,.F.,(7,5,5,5,5,5,7)
  ,(0.,0.142823030683,0.245464678723,0.5,0.754535321277,0.857176969318,
    1.),.UNSPECIFIED.);
#3226 = CARTESIAN_POINT('',(-68.04825445643,-77.60066238844));
#3227 = CARTESIAN_POINT('',(-68.38319363127,-77.53710415058));
#3228 = CARTESIAN_POINT('',(-68.71608328207,-77.46210496644));
#3229 = CARTESIAN_POINT('',(-69.04642064733,-77.37574498156));
#3230 = CARTESIAN_POINT('',(-69.37371068689,-77.27813396898));
#3231 = CARTESIAN_POINT('',(-69.69746608193,-77.1694113293));
#3232 = CARTESIAN_POINT('',(-70.24699341675,-76.96374709417));
#3233 = CARTESIAN_POINT('',(-70.47470687777,-76.87209629027));
#3234 = CARTESIAN_POINT('',(-70.70016991672,-76.77485631106));
#3235 = CARTESIAN_POINT('',(-70.9232080299,-76.67209721443));
#3236 = CARTESIAN_POINT('',(-71.14364991115,-76.56389648404));
#3237 = CARTESIAN_POINT('',(-71.90113389327,-76.16873420528));
#3238 = CARTESIAN_POINT('',(-72.42395398452,-75.85418056913));
#3239 = CARTESIAN_POINT('',(-72.92719969254,-75.50798212483));
#3240 = CARTESIAN_POINT('',(-73.40846987347,-75.13170282939));
#3241 = CARTESIAN_POINT('',(-73.86552972927,-74.72713615959));
#3242 = CARTESIAN_POINT('',(-74.72713615959,-73.86552972927));
#3243 = CARTESIAN_POINT('',(-75.13170282939,-73.40846987346));
#3244 = CARTESIAN_POINT('',(-75.50798212483,-72.92719969254));
#3245 = CARTESIAN_POINT('',(-75.85418056913,-72.42395398452));
#3246 = CARTESIAN_POINT('',(-76.16873420528,-71.90113389327));
#3247 = CARTESIAN_POINT('',(-76.56389648404,-71.14364991115));
#3248 = CARTESIAN_POINT('',(-76.67209721443,-70.9232080299));
#3249 = CARTESIAN_POINT('',(-76.77485631106,-70.70016991672));
#3250 = CARTESIAN_POINT('',(-76.87209629027,-70.47470687777));
#3251 = CARTESIAN_POINT('',(-76.96374709417,-70.24699341675));
#3252 = CARTESIAN_POINT('',(-77.1694113293,-69.69746608193));
#3253 = CARTESIAN_POINT('',(-77.27813396898,-69.37371068689));
#3254 = CARTESIAN_POINT('',(-77.37574498156,-69.04642064733));
#3255 = CARTESIAN_POINT('',(-77.46210496644,-68.71608328207));
#3256 = CARTESIAN_POINT('',(-77.53710415058,-68.38319363127));
#3257 = CARTESIAN_POINT('',(-77.60066238844,-68.04825445643));
#3258 = ( GEOMETRIC_REPRESENTATION_CONTEXT(2) 
PARAMETRIC_REPRESENTATION_CONTEXT() REPRESENTATION_CONTEXT('2D SPACE',''
  ) );
#3259 = ADVANCED_FACE('',(#3260),#1076,.F.);
#3260 = FACE_BOUND('',#3261,.T.);
#3261 = EDGE_LOOP('',(#3262,#3263,#3264,#3286));
#3262 = ORIENTED_EDGE('',*,*,#1055,.T.);
#3263 = ORIENTED_EDGE('',*,*,#3126,.T.);
#3264 = ORIENTED_EDGE('',*,*,#3265,.T.);
#3265 = EDGE_CURVE('',#3127,#2565,#3266,.T.);
#3266 = SURFACE_CURVE('',#3267,(#3272,#3279),.PCURVE_S1.);
#3267 = CIRCLE('',#3268,365.);
#3268 = AXIS2_PLACEMENT_3D('',#3269,#3270,#3271);
#3269 = CARTESIAN_POINT('',(0.,281.,2.49));
#3270 = DIRECTION('',(0.,0.,1.));
#3271 = DIRECTION('',(-0.208219178082,-0.978082191781,0.));
#3272 = PCURVE('',#1076,#3273);
#3273 = DEFINITIONAL_REPRESENTATION('',(#3274),#3278);
#3274 = LINE('',#3275,#3276);
#3275 = CARTESIAN_POINT('',(-0.,-2.5));
#3276 = VECTOR('',#3277,1.);
#3277 = DIRECTION('',(-1.,0.));
#3278 = ( GEOMETRIC_REPRESENTATION_CONTEXT(2) 
PARAMETRIC_REPRESENTATION_CONTEXT() REPRESENTATION_CONTEXT('2D SPACE',''
  ) );
#3279 = PCURVE('',#2685,#3280);
#3280 = DEFINITIONAL_REPRESENTATION('',(#3281),#3285);
#3281 = CIRCLE('',#3282,365.);
#3282 = AXIS2_PLACEMENT_2D('',#3283,#3284);
#3283 = CARTESIAN_POINT('',(-2.675061247002E-14,281.));
#3284 = DIRECTION('',(-0.208219178082,-0.978082191781));
#3285 = ( GEOMETRIC_REPRESENTATION_CONTEXT(2) 
PARAMETRIC_REPRESENTATION_CONTEXT() REPRESENTATION_CONTEXT('2D SPACE',''
  ) );
#3286 = ORIENTED_EDGE('',*,*,#2564,.F.);
#3287 = ADVANCED_FACE('',(#3288),#2238,.F.);
#3288 = FACE_BOUND('',#3289,.T.);
#3289 = EDGE_LOOP('',(#3290,#3323,#3344,#3345));
#3290 = ORIENTED_EDGE('',*,*,#3291,.T.);
#3291 = EDGE_CURVE('',#3292,#3292,#3294,.T.);
#3292 = VERTEX_POINT('',#3293);
#3293 = CARTESIAN_POINT('',(23.,24.,0.));
#3294 = SURFACE_CURVE('',#3295,(#3300,#3307),.PCURVE_S1.);
#3295 = CIRCLE('',#3296,23.);
#3296 = AXIS2_PLACEMENT_3D('',#3297,#3298,#3299);
#3297 = CARTESIAN_POINT('',(0.,24.,0.));
#3298 = DIRECTION('',(0.,0.,-1.));
#3299 = DIRECTION('',(1.,0.,0.));
#3300 = PCURVE('',#2238,#3301);
#3301 = DEFINITIONAL_REPRESENTATION('',(#3302),#3306);
#3302 = LINE('',#3303,#3304);
#3303 = CARTESIAN_POINT('',(-6.28318530718,-1.));
#3304 = VECTOR('',#3305,1.);
#3305 = DIRECTION('',(1.,-0.));
#3306 = ( GEOMETRIC_REPRESENTATION_CONTEXT(2) 
PARAMETRIC_REPRESENTATION_CONTEXT() REPRESENTATION_CONTEXT('2D SPACE',''
  ) );
#3307 = PCURVE('',#3308,#3313);
#3308 = PLANE('',#3309);
#3309 = AXIS2_PLACEMENT_3D('',#3310,#3311,#3312);
#3310 = CARTESIAN_POINT('',(3.500103054784E-14,-1.144264460218E-14,0.));
#3311 = DIRECTION('',(0.,0.,1.));
#3312 = DIRECTION('',(1.,0.,-0.));
#3313 = DEFINITIONAL_REPRESENTATION('',(#3314),#3322);
#3314 = ( BOUNDED_CURVE() B_SPLINE_CURVE(2,(#3315,#3316,#3317,#3318,
#3319,#3320,#3321),.UNSPECIFIED.,.T.,.F.) B_SPLINE_CURVE_WITH_KNOTS((1,2
    ,2,2,2,1),(-2.094395102393,0.,2.094395102393,4.188790204786,
6.28318530718,8.377580409573),.UNSPECIFIED.) CURVE() 
GEOMETRIC_REPRESENTATION_ITEM() RATIONAL_B_SPLINE_CURVE((1.,0.5,1.,0.5,
1.,0.5,1.)) REPRESENTATION_ITEM('') );
#3315 = CARTESIAN_POINT('',(23.,24.));
#3316 = CARTESIAN_POINT('',(23.,-15.83716857408));
#3317 = CARTESIAN_POINT('',(-11.5,4.081415712958));
#3318 = CARTESIAN_POINT('',(-46.,24.));
#3319 = CARTESIAN_POINT('',(-11.5,43.918584287042));
#3320 = CARTESIAN_POINT('',(23.,63.837168574084));
#3321 = CARTESIAN_POINT('',(23.,24.));
#3322 = ( GEOMETRIC_REPRESENTATION_CONTEXT(2) 
PARAMETRIC_REPRESENTATION_CONTEXT() REPRESENTATION_CONTEXT('2D SPACE',''
  ) );
#3323 = ORIENTED_EDGE('',*,*,#3324,.T.);
#3324 = EDGE_CURVE('',#3292,#2218,#3325,.T.);
#3325 = SEAM_CURVE('',#3326,(#3330,#3337),.PCURVE_S1.);
#3326 = LINE('',#3327,#3328);
#3327 = CARTESIAN_POINT('',(23.,24.,-1.));
#3328 = VECTOR('',#3329,1.);
#3329 = DIRECTION('',(0.,0.,1.));
#3330 = PCURVE('',#2238,#3331);
#3331 = DEFINITIONAL_REPRESENTATION('',(#3332),#3336);
#3332 = LINE('',#3333,#3334);
#3333 = CARTESIAN_POINT('',(-6.28318530718,0.));
#3334 = VECTOR('',#3335,1.);
#3335 = DIRECTION('',(-0.,-1.));
#3336 = ( GEOMETRIC_REPRESENTATION_CONTEXT(2) 
PARAMETRIC_REPRESENTATION_CONTEXT() REPRESENTATION_CONTEXT('2D SPACE',''
  ) );
#3337 = PCURVE('',#2238,#3338);
#3338 = DEFINITIONAL_REPRESENTATION('',(#3339),#3343);
#3339 = LINE('',#3340,#3341);
#3340 = CARTESIAN_POINT('',(-0.,0.));
#3341 = VECTOR('',#3342,1.);
#3342 = DIRECTION('',(-0.,-1.));
#3343 = ( GEOMETRIC_REPRESENTATION_CONTEXT(2) 
PARAMETRIC_REPRESENTATION_CONTEXT() REPRESENTATION_CONTEXT('2D SPACE',''
  ) );
#3344 = ORIENTED_EDGE('',*,*,#2217,.F.);
#3345 = ORIENTED_EDGE('',*,*,#3324,.F.);
#3346 = ADVANCED_FACE('',(#3347,#3357),#2685,.F.);
#3347 = FACE_BOUND('',#3348,.F.);
#3348 = EDGE_LOOP('',(#3349,#3350,#3351,#3352,#3353,#3354,#3355,#3356));
#3349 = ORIENTED_EDGE('',*,*,#3265,.T.);
#3350 = ORIENTED_EDGE('',*,*,#2613,.T.);
#3351 = ORIENTED_EDGE('',*,*,#2731,.T.);
#3352 = ORIENTED_EDGE('',*,*,#2806,.T.);
#3353 = ORIENTED_EDGE('',*,*,#2919,.T.);
#3354 = ORIENTED_EDGE('',*,*,#2994,.T.);
#3355 = ORIENTED_EDGE('',*,*,#3077,.T.);
#3356 = ORIENTED_EDGE('',*,*,#3152,.F.);
#3357 = FACE_BOUND('',#3358,.F.);
#3358 = EDGE_LOOP('',(#3359,#3390,#3498,#3527,#3635,#3664,#3772,#3801));
#3359 = ORIENTED_EDGE('',*,*,#3360,.F.);
#3360 = EDGE_CURVE('',#3361,#3363,#3365,.T.);
#3361 = VERTEX_POINT('',#3362);
#3362 = CARTESIAN_POINT('',(-66.58905912811,-71.97399804259,2.49));
#3363 = VERTEX_POINT('',#3364);
#3364 = CARTESIAN_POINT('',(66.589059128109,-71.97399804259,2.49));
#3365 = SURFACE_CURVE('',#3366,(#3371,#3378),.PCURVE_S1.);
#3366 = CIRCLE('',#3367,319.0625);
#3367 = AXIS2_PLACEMENT_3D('',#3368,#3369,#3370);
#3368 = CARTESIAN_POINT('',(0.,240.0625,2.49));
#3369 = DIRECTION('',(0.,0.,1.));
#3370 = DIRECTION('',(-0.222526934378,-0.974926542605,0.));
#3371 = PCURVE('',#2685,#3372);
#3372 = DEFINITIONAL_REPRESENTATION('',(#3373),#3377);
#3373 = CIRCLE('',#3374,319.0625);
#3374 = AXIS2_PLACEMENT_2D('',#3375,#3376);
#3375 = CARTESIAN_POINT('',(-2.675061247002E-14,240.0625));
#3376 = DIRECTION('',(-0.222526934378,-0.974926542605));
#3377 = ( GEOMETRIC_REPRESENTATION_CONTEXT(2) 
PARAMETRIC_REPRESENTATION_CONTEXT() REPRESENTATION_CONTEXT('2D SPACE',''
  ) );
#3378 = PCURVE('',#3379,#3384);
#3379 = CYLINDRICAL_SURFACE('',#3380,319.0625);
#3380 = AXIS2_PLACEMENT_3D('',#3381,#3382,#3383);
#3381 = CARTESIAN_POINT('',(0.,240.0625,-1.E-02));
#3382 = DIRECTION('',(-0.,-0.,-1.));
#3383 = DIRECTION('',(-0.222526934378,-0.974926542605,0.));
#3384 = DEFINITIONAL_REPRESENTATION('',(#3385),#3389);
#3385 = LINE('',#3386,#3387);
#3386 = CARTESIAN_POINT('',(-0.,-2.5));
#3387 = VECTOR('',#3388,1.);
#3388 = DIRECTION('',(-1.,0.));
#3389 = ( GEOMETRIC_REPRESENTATION_CONTEXT(2) 
PARAMETRIC_REPRESENTATION_CONTEXT() REPRESENTATION_CONTEXT('2D SPACE',''
  ) );
#3390 = ORIENTED_EDGE('',*,*,#3391,.T.);
#3391 = EDGE_CURVE('',#3361,#3392,#3394,.T.);
#3392 = VERTEX_POINT('',#3393);
#3393 = CARTESIAN_POINT('',(-71.97399804259,-66.58905912811,2.49));
#3394 = SURFACE_CURVE('',#3395,(#3422,#3452),.PCURVE_S1.);
#3395 = B_SPLINE_CURVE_WITH_KNOTS('',5,(#3396,#3397,#3398,#3399,#3400,
    #3401,#3402,#3403,#3404,#3405,#3406,#3407,#3408,#3409,#3410,#3411,
    #3412,#3413,#3414,#3415,#3416,#3417,#3418,#3419,#3420,#3421),
  .UNSPECIFIED.,.F.,.F.,(6,4,4,4,4,4,6),(0.,0.143503099489,
    0.246195097994,0.5,0.753804902006,0.856496900511,1.),.UNSPECIFIED.);
#3396 = CARTESIAN_POINT('',(-66.58905912811,-71.97399804259,2.49));
#3397 = CARTESIAN_POINT('',(-66.81391251737,-71.92601399031,2.49));
#3398 = CARTESIAN_POINT('',(-67.03706214104,-71.86874134468,2.49));
#3399 = CARTESIAN_POINT('',(-67.25795772078,-71.80225219331,2.49));
#3400 = CARTESIAN_POINT('',(-67.47606147935,-71.72667011699,2.49));
#3401 = CARTESIAN_POINT('',(-67.84455124236,-71.58170134642,2.49));
#3402 = CARTESIAN_POINT('',(-67.9965561456,-71.5166655142,2.49));
#3403 = CARTESIAN_POINT('',(-68.1466707332,-71.44712670198,2.49));
#3404 = CARTESIAN_POINT('',(-68.2947081377,-71.37316149911,2.49));
#3405 = CARTESIAN_POINT('',(-68.80078087077,-71.10133339351,2.49));
#3406 = CARTESIAN_POINT('',(-69.14728739519,-70.88130793309,2.49));
#3407 = CARTESIAN_POINT('',(-69.47724241165,-70.63614294049,2.49));
#3408 = CARTESIAN_POINT('',(-69.78816972031,-70.36761208276,2.49));
#3409 = CARTESIAN_POINT('',(-70.36761208276,-69.78816972031,2.49));
#3410 = CARTESIAN_POINT('',(-70.63614294049,-69.47724241165,2.49));
#3411 = CARTESIAN_POINT('',(-70.88130793309,-69.14728739519,2.49));
#3412 = CARTESIAN_POINT('',(-71.10133339351,-68.80078087077,2.49));
#3413 = CARTESIAN_POINT('',(-71.37316149911,-68.2947081377,2.49));
#3414 = CARTESIAN_POINT('',(-71.44712670198,-68.1466707332,2.49));
#3415 = CARTESIAN_POINT('',(-71.5166655142,-67.9965561456,2.49));
#3416 = CARTESIAN_POINT('',(-71.58170134642,-67.84455124236,2.49));
#3417 = CARTESIAN_POINT('',(-71.72667011699,-67.47606147935,2.49));
#3418 = CARTESIAN_POINT('',(-71.80225219331,-67.25795772078,2.49));
#3419 = CARTESIAN_POINT('',(-71.86874134468,-67.03706214104,2.49));
#3420 = CARTESIAN_POINT('',(-71.92601399031,-66.81391251737,2.49));
#3421 = CARTESIAN_POINT('',(-71.97399804259,-66.58905912811,2.49));
#3422 = PCURVE('',#2685,#3423);
#3423 = DEFINITIONAL_REPRESENTATION('',(#3424),#3451);
#3424 = B_SPLINE_CURVE_WITH_KNOTS('',5,(#3425,#3426,#3427,#3428,#3429,
    #3430,#3431,#3432,#3433,#3434,#3435,#3436,#3437,#3438,#3439,#3440,
    #3441,#3442,#3443,#3444,#3445,#3446,#3447,#3448,#3449,#3450),
  .UNSPECIFIED.,.F.,.F.,(6,4,4,4,4,4,6),(0.,0.143503099489,
    0.246195097994,0.5,0.753804902006,0.856496900511,1.),.UNSPECIFIED.);
#3425 = CARTESIAN_POINT('',(-66.58905912811,-71.97399804259));
#3426 = CARTESIAN_POINT('',(-66.81391251737,-71.92601399031));
#3427 = CARTESIAN_POINT('',(-67.03706214104,-71.86874134468));
#3428 = CARTESIAN_POINT('',(-67.25795772078,-71.80225219331));
#3429 = CARTESIAN_POINT('',(-67.47606147935,-71.72667011699));
#3430 = CARTESIAN_POINT('',(-67.84455124236,-71.58170134642));
#3431 = CARTESIAN_POINT('',(-67.9965561456,-71.5166655142));
#3432 = CARTESIAN_POINT('',(-68.1466707332,-71.44712670198));
#3433 = CARTESIAN_POINT('',(-68.2947081377,-71.37316149911));
#3434 = CARTESIAN_POINT('',(-68.80078087077,-71.10133339351));
#3435 = CARTESIAN_POINT('',(-69.14728739519,-70.88130793309));
#3436 = CARTESIAN_POINT('',(-69.47724241165,-70.63614294049));
#3437 = CARTESIAN_POINT('',(-69.78816972031,-70.36761208276));
#3438 = CARTESIAN_POINT('',(-70.36761208276,-69.78816972031));
#3439 = CARTESIAN_POINT('',(-70.63614294049,-69.47724241165));
#3440 = CARTESIAN_POINT('',(-70.88130793309,-69.14728739519));
#3441 = CARTESIAN_POINT('',(-71.10133339351,-68.80078087077));
#3442 = CARTESIAN_POINT('',(-71.37316149911,-68.2947081377));
#3443 = CARTESIAN_POINT('',(-71.44712670198,-68.1466707332));
#3444 = CARTESIAN_POINT('',(-71.5166655142,-67.9965561456));
#3445 = CARTESIAN_POINT('',(-71.58170134642,-67.84455124236));
#3446 = CARTESIAN_POINT('',(-71.72667011699,-67.47606147935));
#3447 = CARTESIAN_POINT('',(-71.80225219331,-67.25795772078));
#3448 = CARTESIAN_POINT('',(-71.86874134468,-67.03706214104));
#3449 = CARTESIAN_POINT('',(-71.92601399031,-66.81391251737));
#3450 = CARTESIAN_POINT('',(-71.97399804259,-66.58905912811));
#3451 = ( GEOMETRIC_REPRESENTATION_CONTEXT(2) 
PARAMETRIC_REPRESENTATION_CONTEXT() REPRESENTATION_CONTEXT('2D SPACE',''
  ) );
#3452 = PCURVE('',#3453,#3469);
#3453 = ( BOUNDED_SURFACE() B_SPLINE_SURFACE(2,2,(
    (#3454,#3455,#3456,#3457,#3458)
    ,(#3459,#3460,#3461,#3462,#3463)
    ,(#3464,#3465,#3466,#3467,#3468
)),.UNSPECIFIED.,.F.,.F.,.F.) B_SPLINE_SURFACE_WITH_KNOTS((3,3),(3,1,1,3
    ),(0.,2.5),(-0.153,-7.801593572554E-15,2.5,2.653),.UNSPECIFIED.) 
GEOMETRIC_REPRESENTATION_ITEM() RATIONAL_B_SPLINE_SURFACE((
    (1.,1.,1.,1.,1.)
    ,(0.839110515983,0.839110515983,0.839110515983,0.839110515983
      ,0.839110515983)
,(1.,1.,1.,1.,1.))) REPRESENTATION_ITEM('') SURFACE() );
#3454 = CARTESIAN_POINT('',(-66.58905912811,-71.97399804259,-0.163));
#3455 = CARTESIAN_POINT('',(-66.58905912811,-71.97399804259,-8.65E-02));
#3456 = CARTESIAN_POINT('',(-66.58905912811,-71.97399804259,1.24));
#3457 = CARTESIAN_POINT('',(-66.58905912811,-71.97399804259,2.5665));
#3458 = CARTESIAN_POINT('',(-66.58905912811,-71.97399804259,2.643));
#3459 = CARTESIAN_POINT('',(-71.02694624171,-71.02694624171,-0.163));
#3460 = CARTESIAN_POINT('',(-71.02694624171,-71.02694624171,-8.65E-02));
#3461 = CARTESIAN_POINT('',(-71.02694624171,-71.02694624171,1.24));
#3462 = CARTESIAN_POINT('',(-71.02694624171,-71.02694624171,2.5665));
#3463 = CARTESIAN_POINT('',(-71.02694624171,-71.02694624171,2.643));
#3464 = CARTESIAN_POINT('',(-71.97399804259,-66.58905912811,-0.163));
#3465 = CARTESIAN_POINT('',(-71.97399804259,-66.58905912811,-8.65E-02));
#3466 = CARTESIAN_POINT('',(-71.97399804259,-66.58905912811,1.24));
#3467 = CARTESIAN_POINT('',(-71.97399804259,-66.58905912811,2.5665));
#3468 = CARTESIAN_POINT('',(-71.97399804259,-66.58905912811,2.643));
#3469 = DEFINITIONAL_REPRESENTATION('',(#3470),#3497);
#3470 = B_SPLINE_CURVE_WITH_KNOTS('',5,(#3471,#3472,#3473,#3474,#3475,
    #3476,#3477,#3478,#3479,#3480,#3481,#3482,#3483,#3484,#3485,#3486,
    #3487,#3488,#3489,#3490,#3491,#3492,#3493,#3494,#3495,#3496),
  .UNSPECIFIED.,.F.,.F.,(6,4,4,4,4,4,6),(0.,0.143503099489,
    0.246195097994,0.5,0.753804902006,0.856496900511,1.),.UNSPECIFIED.);
#3471 = CARTESIAN_POINT('',(0.,2.5));
#3472 = CARTESIAN_POINT('',(7.547689687272E-02,2.5));
#3473 = CARTESIAN_POINT('',(0.150126560705,2.5));
#3474 = CARTESIAN_POINT('',(0.224040067393,2.5));
#3475 = CARTESIAN_POINT('',(0.297303910248,2.5));
#3476 = CARTESIAN_POINT('',(0.422021919851,2.5));
#3477 = CARTESIAN_POINT('',(0.473753207262,2.5));
#3478 = CARTESIAN_POINT('',(0.525223953278,2.5));
#3479 = CARTESIAN_POINT('',(0.576463411883,2.5));
#3480 = CARTESIAN_POINT('',(0.75363773648,2.5));
#3481 = CARTESIAN_POINT('',(0.878539823264,2.5));
#3482 = CARTESIAN_POINT('',(1.002626441304,2.5));
#3483 = CARTESIAN_POINT('',(1.126314922148,2.5));
#3484 = CARTESIAN_POINT('',(1.373685077852,2.5));
#3485 = CARTESIAN_POINT('',(1.497373558696,2.5));
#3486 = CARTESIAN_POINT('',(1.621460176736,2.5));
#3487 = CARTESIAN_POINT('',(1.74636226352,2.5));
#3488 = CARTESIAN_POINT('',(1.923536588118,2.5));
#3489 = CARTESIAN_POINT('',(1.974776046722,2.5));
#3490 = CARTESIAN_POINT('',(2.026246792738,2.5));
#3491 = CARTESIAN_POINT('',(2.077978080149,2.5));
#3492 = CARTESIAN_POINT('',(2.202696089752,2.5));
#3493 = CARTESIAN_POINT('',(2.275959932607,2.5));
#3494 = CARTESIAN_POINT('',(2.349873439295,2.5));
#3495 = CARTESIAN_POINT('',(2.424523103127,2.5));
#3496 = CARTESIAN_POINT('',(2.5,2.5));
#3497 = ( GEOMETRIC_REPRESENTATION_CONTEXT(2) 
PARAMETRIC_REPRESENTATION_CONTEXT() REPRESENTATION_CONTEXT('2D SPACE',''
  ) );
#3498 = ORIENTED_EDGE('',*,*,#3499,.F.);
#3499 = EDGE_CURVE('',#3500,#3392,#3502,.T.);
#3500 = VERTEX_POINT('',#3501);
#3501 = CARTESIAN_POINT('',(-71.97399804259,66.589059128109,2.49));
#3502 = SURFACE_CURVE('',#3503,(#3508,#3515),.PCURVE_S1.);
#3503 = CIRCLE('',#3504,319.0625);
#3504 = AXIS2_PLACEMENT_3D('',#3505,#3506,#3507);
#3505 = CARTESIAN_POINT('',(240.0625,-2.13162820728E-14,2.49));
#3506 = DIRECTION('',(0.,0.,1.));
#3507 = DIRECTION('',(-0.974926542605,0.222526934378,0.));
#3508 = PCURVE('',#2685,#3509);
#3509 = DEFINITIONAL_REPRESENTATION('',(#3510),#3514);
#3510 = CIRCLE('',#3511,319.0625);
#3511 = AXIS2_PLACEMENT_2D('',#3512,#3513);
#3512 = CARTESIAN_POINT('',(240.0625,-2.503164491586E-14));
#3513 = DIRECTION('',(-0.974926542605,0.222526934378));
#3514 = ( GEOMETRIC_REPRESENTATION_CONTEXT(2) 
PARAMETRIC_REPRESENTATION_CONTEXT() REPRESENTATION_CONTEXT('2D SPACE',''
  ) );
#3515 = PCURVE('',#3516,#3521);
#3516 = CYLINDRICAL_SURFACE('',#3517,319.0625);
#3517 = AXIS2_PLACEMENT_3D('',#3518,#3519,#3520);
#3518 = CARTESIAN_POINT('',(240.0625,-2.13162820728E-14,-1.E-02));
#3519 = DIRECTION('',(-0.,-0.,-1.));
#3520 = DIRECTION('',(-0.974926542605,0.222526934378,0.));
#3521 = DEFINITIONAL_REPRESENTATION('',(#3522),#3526);
#3522 = LINE('',#3523,#3524);
#3523 = CARTESIAN_POINT('',(-0.,-2.5));
#3524 = VECTOR('',#3525,1.);
#3525 = DIRECTION('',(-1.,0.));
#3526 = ( GEOMETRIC_REPRESENTATION_CONTEXT(2) 
PARAMETRIC_REPRESENTATION_CONTEXT() REPRESENTATION_CONTEXT('2D SPACE',''
  ) );
#3527 = ORIENTED_EDGE('',*,*,#3528,.F.);
#3528 = EDGE_CURVE('',#3529,#3500,#3531,.T.);
#3529 = VERTEX_POINT('',#3530);
#3530 = CARTESIAN_POINT('',(-66.58905912811,71.97399804259,2.49));
#3531 = SURFACE_CURVE('',#3532,(#3559,#3589),.PCURVE_S1.);
#3532 = B_SPLINE_CURVE_WITH_KNOTS('',5,(#3533,#3534,#3535,#3536,#3537,
    #3538,#3539,#3540,#3541,#3542,#3543,#3544,#3545,#3546,#3547,#3548,
    #3549,#3550,#3551,#3552,#3553,#3554,#3555,#3556,#3557,#3558),
  .UNSPECIFIED.,.F.,.F.,(6,4,4,4,4,4,6),(0.,0.143503099489,
    0.246195097994,0.5,0.753804902006,0.856496900511,1.),.UNSPECIFIED.);
#3533 = CARTESIAN_POINT('',(-66.58905912811,71.97399804259,2.49));
#3534 = CARTESIAN_POINT('',(-66.81391251737,71.926013990317,2.49));
#3535 = CARTESIAN_POINT('',(-67.03706214104,71.86874134468,2.49));
#3536 = CARTESIAN_POINT('',(-67.25795772078,71.802252193317,2.49));
#3537 = CARTESIAN_POINT('',(-67.47606147935,71.726670116992,2.49));
#3538 = CARTESIAN_POINT('',(-67.84455124236,71.581701346426,2.49));
#3539 = CARTESIAN_POINT('',(-67.9965561456,71.516665514203,2.49));
#3540 = CARTESIAN_POINT('',(-68.1466707332,71.447126701984,2.49));
#3541 = CARTESIAN_POINT('',(-68.2947081377,71.373161499116,2.49));
#3542 = CARTESIAN_POINT('',(-68.80078087077,71.101333393513,2.49));
#3543 = CARTESIAN_POINT('',(-69.14728739519,70.881307933099,2.49));
#3544 = CARTESIAN_POINT('',(-69.47724241165,70.636142940495,2.49));
#3545 = CARTESIAN_POINT('',(-69.78816972031,70.367612082762,2.49));
#3546 = CARTESIAN_POINT('',(-70.36761208276,69.788169720314,2.49));
#3547 = CARTESIAN_POINT('',(-70.63614294049,69.477242411656,2.49));
#3548 = CARTESIAN_POINT('',(-70.88130793309,69.147287395194,2.49));
#3549 = CARTESIAN_POINT('',(-71.10133339351,68.800780870771,2.49));
#3550 = CARTESIAN_POINT('',(-71.37316149911,68.294708137709,2.49));
#3551 = CARTESIAN_POINT('',(-71.44712670198,68.146670733204,2.49));
#3552 = CARTESIAN_POINT('',(-71.5166655142,67.996556145601,2.49));
#3553 = CARTESIAN_POINT('',(-71.58170134642,67.844551242367,2.49));
#3554 = CARTESIAN_POINT('',(-71.72667011699,67.476061479355,2.49));
#3555 = CARTESIAN_POINT('',(-71.80225219331,67.257957720785,2.49));
#3556 = CARTESIAN_POINT('',(-71.86874134468,67.037062141049,2.49));
#3557 = CARTESIAN_POINT('',(-71.92601399031,66.813912517377,2.49));
#3558 = CARTESIAN_POINT('',(-71.97399804259,66.589059128109,2.49));
#3559 = PCURVE('',#2685,#3560);
#3560 = DEFINITIONAL_REPRESENTATION('',(#3561),#3588);
#3561 = B_SPLINE_CURVE_WITH_KNOTS('',5,(#3562,#3563,#3564,#3565,#3566,
    #3567,#3568,#3569,#3570,#3571,#3572,#3573,#3574,#3575,#3576,#3577,
    #3578,#3579,#3580,#3581,#3582,#3583,#3584,#3585,#3586,#3587),
  .UNSPECIFIED.,.F.,.F.,(6,4,4,4,4,4,6),(0.,0.143503099489,
    0.246195097994,0.5,0.753804902006,0.856496900511,1.),.UNSPECIFIED.);
#3562 = CARTESIAN_POINT('',(-66.58905912811,71.97399804259));
#3563 = CARTESIAN_POINT('',(-66.81391251737,71.926013990317));
#3564 = CARTESIAN_POINT('',(-67.03706214104,71.86874134468));
#3565 = CARTESIAN_POINT('',(-67.25795772078,71.802252193317));
#3566 = CARTESIAN_POINT('',(-67.47606147935,71.726670116992));
#3567 = CARTESIAN_POINT('',(-67.84455124236,71.581701346426));
#3568 = CARTESIAN_POINT('',(-67.9965561456,71.516665514203));
#3569 = CARTESIAN_POINT('',(-68.1466707332,71.447126701984));
#3570 = CARTESIAN_POINT('',(-68.2947081377,71.373161499116));
#3571 = CARTESIAN_POINT('',(-68.80078087077,71.101333393513));
#3572 = CARTESIAN_POINT('',(-69.14728739519,70.881307933099));
#3573 = CARTESIAN_POINT('',(-69.47724241165,70.636142940495));
#3574 = CARTESIAN_POINT('',(-69.78816972031,70.367612082762));
#3575 = CARTESIAN_POINT('',(-70.36761208276,69.788169720314));
#3576 = CARTESIAN_POINT('',(-70.63614294049,69.477242411656));
#3577 = CARTESIAN_POINT('',(-70.88130793309,69.147287395194));
#3578 = CARTESIAN_POINT('',(-71.10133339351,68.800780870771));
#3579 = CARTESIAN_POINT('',(-71.37316149911,68.294708137709));
#3580 = CARTESIAN_POINT('',(-71.44712670198,68.146670733204));
#3581 = CARTESIAN_POINT('',(-71.5166655142,67.996556145601));
#3582 = CARTESIAN_POINT('',(-71.58170134642,67.844551242367));
#3583 = CARTESIAN_POINT('',(-71.72667011699,67.476061479355));
#3584 = CARTESIAN_POINT('',(-71.80225219331,67.257957720785));
#3585 = CARTESIAN_POINT('',(-71.86874134468,67.037062141049));
#3586 = CARTESIAN_POINT('',(-71.92601399031,66.813912517377));
#3587 = CARTESIAN_POINT('',(-71.97399804259,66.589059128109));
#3588 = ( GEOMETRIC_REPRESENTATION_CONTEXT(2) 
PARAMETRIC_REPRESENTATION_CONTEXT() REPRESENTATION_CONTEXT('2D SPACE',''
  ) );
#3589 = PCURVE('',#3590,#3606);
#3590 = ( BOUNDED_SURFACE() B_SPLINE_SURFACE(2,2,(
    (#3591,#3592,#3593,#3594,#3595)
    ,(#3596,#3597,#3598,#3599,#3600)
    ,(#3601,#3602,#3603,#3604,#3605
)),.UNSPECIFIED.,.F.,.F.,.F.) B_SPLINE_SURFACE_WITH_KNOTS((3,3),(3,1,1,3
    ),(0.,2.5),(-0.153,-7.801593572554E-15,2.5,2.653),.UNSPECIFIED.) 
GEOMETRIC_REPRESENTATION_ITEM() RATIONAL_B_SPLINE_SURFACE((
    (1.,1.,1.,1.,1.)
    ,(0.839110515983,0.839110515983,0.839110515983,0.839110515983
      ,0.839110515983)
,(1.,1.,1.,1.,1.))) REPRESENTATION_ITEM('') SURFACE() );
#3591 = CARTESIAN_POINT('',(-66.58905912811,71.97399804259,-0.163));
#3592 = CARTESIAN_POINT('',(-66.58905912811,71.97399804259,-8.65E-02));
#3593 = CARTESIAN_POINT('',(-66.58905912811,71.97399804259,1.24));
#3594 = CARTESIAN_POINT('',(-66.58905912811,71.97399804259,2.5665));
#3595 = CARTESIAN_POINT('',(-66.58905912811,71.97399804259,2.643));
#3596 = CARTESIAN_POINT('',(-71.02694624171,71.02694624171,-0.163));
#3597 = CARTESIAN_POINT('',(-71.02694624171,71.02694624171,-8.65E-02));
#3598 = CARTESIAN_POINT('',(-71.02694624171,71.02694624171,1.24));
#3599 = CARTESIAN_POINT('',(-71.02694624171,71.02694624171,2.5665));
#3600 = CARTESIAN_POINT('',(-71.02694624171,71.02694624171,2.643));
#3601 = CARTESIAN_POINT('',(-71.97399804259,66.589059128109,-0.163));
#3602 = CARTESIAN_POINT('',(-71.97399804259,66.589059128109,-8.65E-02));
#3603 = CARTESIAN_POINT('',(-71.97399804259,66.589059128109,1.24));
#3604 = CARTESIAN_POINT('',(-71.97399804259,66.589059128109,2.5665));
#3605 = CARTESIAN_POINT('',(-71.97399804259,66.589059128109,2.643));
#3606 = DEFINITIONAL_REPRESENTATION('',(#3607),#3634);
#3607 = B_SPLINE_CURVE_WITH_KNOTS('',5,(#3608,#3609,#3610,#3611,#3612,
    #3613,#3614,#3615,#3616,#3617,#3618,#3619,#3620,#3621,#3622,#3623,
    #3624,#3625,#3626,#3627,#3628,#3629,#3630,#3631,#3632,#3633),
  .UNSPECIFIED.,.F.,.F.,(6,4,4,4,4,4,6),(0.,0.143503099489,
    0.246195097994,0.5,0.753804902006,0.856496900511,1.),.UNSPECIFIED.);
#3608 = CARTESIAN_POINT('',(0.,2.5));
#3609 = CARTESIAN_POINT('',(7.547689687272E-02,2.5));
#3610 = CARTESIAN_POINT('',(0.150126560705,2.5));
#3611 = CARTESIAN_POINT('',(0.224040067393,2.5));
#3612 = CARTESIAN_POINT('',(0.297303910248,2.5));
#3613 = CARTESIAN_POINT('',(0.422021919851,2.5));
#3614 = CARTESIAN_POINT('',(0.473753207262,2.5));
#3615 = CARTESIAN_POINT('',(0.525223953278,2.5));
#3616 = CARTESIAN_POINT('',(0.576463411883,2.5));
#3617 = CARTESIAN_POINT('',(0.75363773648,2.5));
#3618 = CARTESIAN_POINT('',(0.878539823264,2.5));
#3619 = CARTESIAN_POINT('',(1.002626441304,2.5));
#3620 = CARTESIAN_POINT('',(1.126314922148,2.5));
#3621 = CARTESIAN_POINT('',(1.373685077852,2.5));
#3622 = CARTESIAN_POINT('',(1.497373558696,2.5));
#3623 = CARTESIAN_POINT('',(1.621460176736,2.5));
#3624 = CARTESIAN_POINT('',(1.74636226352,2.5));
#3625 = CARTESIAN_POINT('',(1.923536588118,2.5));
#3626 = CARTESIAN_POINT('',(1.974776046722,2.5));
#3627 = CARTESIAN_POINT('',(2.026246792738,2.5));
#3628 = CARTESIAN_POINT('',(2.077978080149,2.5));
#3629 = CARTESIAN_POINT('',(2.202696089752,2.5));
#3630 = CARTESIAN_POINT('',(2.275959932607,2.5));
#3631 = CARTESIAN_POINT('',(2.349873439295,2.5));
#3632 = CARTESIAN_POINT('',(2.424523103127,2.5));
#3633 = CARTESIAN_POINT('',(2.5,2.5));
#3634 = ( GEOMETRIC_REPRESENTATION_CONTEXT(2) 
PARAMETRIC_REPRESENTATION_CONTEXT() REPRESENTATION_CONTEXT('2D SPACE',''
  ) );
#3635 = ORIENTED_EDGE('',*,*,#3636,.F.);
#3636 = EDGE_CURVE('',#3637,#3529,#3639,.T.);
#3637 = VERTEX_POINT('',#3638);
#3638 = CARTESIAN_POINT('',(66.58905912811,71.97399804259,2.49));
#3639 = SURFACE_CURVE('',#3640,(#3645,#3652),.PCURVE_S1.);
#3640 = CIRCLE('',#3641,319.0625);
#3641 = AXIS2_PLACEMENT_3D('',#3642,#3643,#3644);
#3642 = CARTESIAN_POINT('',(-1.42108547152E-14,-240.0625,2.49));
#3643 = DIRECTION('',(0.,0.,1.));
#3644 = DIRECTION('',(0.222526934378,0.974926542605,-0.));
#3645 = PCURVE('',#2685,#3646);
#3646 = DEFINITIONAL_REPRESENTATION('',(#3647),#3651);
#3647 = CIRCLE('',#3648,319.0625);
#3648 = AXIS2_PLACEMENT_2D('',#3649,#3650);
#3649 = CARTESIAN_POINT('',(-4.096146718523E-14,-240.0625));
#3650 = DIRECTION('',(0.222526934378,0.974926542605));
#3651 = ( GEOMETRIC_REPRESENTATION_CONTEXT(2) 
PARAMETRIC_REPRESENTATION_CONTEXT() REPRESENTATION_CONTEXT('2D SPACE',''
  ) );
#3652 = PCURVE('',#3653,#3658);
#3653 = CYLINDRICAL_SURFACE('',#3654,319.0625);
#3654 = AXIS2_PLACEMENT_3D('',#3655,#3656,#3657);
#3655 = CARTESIAN_POINT('',(-1.42108547152E-14,-240.0625,-1.E-02));
#3656 = DIRECTION('',(-0.,-0.,-1.));
#3657 = DIRECTION('',(0.222526934378,0.974926542605,-0.));
#3658 = DEFINITIONAL_REPRESENTATION('',(#3659),#3663);
#3659 = LINE('',#3660,#3661);
#3660 = CARTESIAN_POINT('',(-0.,-2.5));
#3661 = VECTOR('',#3662,1.);
#3662 = DIRECTION('',(-1.,0.));
#3663 = ( GEOMETRIC_REPRESENTATION_CONTEXT(2) 
PARAMETRIC_REPRESENTATION_CONTEXT() REPRESENTATION_CONTEXT('2D SPACE',''
  ) );
#3664 = ORIENTED_EDGE('',*,*,#3665,.F.);
#3665 = EDGE_CURVE('',#3666,#3637,#3668,.T.);
#3666 = VERTEX_POINT('',#3667);
#3667 = CARTESIAN_POINT('',(71.97399804259,66.58905912811,2.49));
#3668 = SURFACE_CURVE('',#3669,(#3696,#3726),.PCURVE_S1.);
#3669 = B_SPLINE_CURVE_WITH_KNOTS('',5,(#3670,#3671,#3672,#3673,#3674,
    #3675,#3676,#3677,#3678,#3679,#3680,#3681,#3682,#3683,#3684,#3685,
    #3686,#3687,#3688,#3689,#3690,#3691,#3692,#3693,#3694,#3695),
  .UNSPECIFIED.,.F.,.F.,(6,4,4,4,4,4,6),(0.,0.143503099489,
    0.246195097994,0.5,0.753804902006,0.856496900511,1.),.UNSPECIFIED.);
#3670 = CARTESIAN_POINT('',(71.97399804259,66.589059128109,2.49));
#3671 = CARTESIAN_POINT('',(71.926013990317,66.813912517377,2.49));
#3672 = CARTESIAN_POINT('',(71.86874134468,67.037062141049,2.49));
#3673 = CARTESIAN_POINT('',(71.802252193317,67.257957720785,2.49));
#3674 = CARTESIAN_POINT('',(71.726670116992,67.476061479355,2.49));
#3675 = CARTESIAN_POINT('',(71.581701346426,67.844551242367,2.49));
#3676 = CARTESIAN_POINT('',(71.516665514203,67.996556145601,2.49));
#3677 = CARTESIAN_POINT('',(71.447126701984,68.146670733204,2.49));
#3678 = CARTESIAN_POINT('',(71.373161499116,68.294708137709,2.49));
#3679 = CARTESIAN_POINT('',(71.101333393513,68.800780870771,2.49));
#3680 = CARTESIAN_POINT('',(70.881307933099,69.147287395194,2.49));
#3681 = CARTESIAN_POINT('',(70.636142940495,69.477242411656,2.49));
#3682 = CARTESIAN_POINT('',(70.367612082762,69.788169720314,2.49));
#3683 = CARTESIAN_POINT('',(69.788169720314,70.367612082763,2.49));
#3684 = CARTESIAN_POINT('',(69.477242411656,70.636142940495,2.49));
#3685 = CARTESIAN_POINT('',(69.147287395194,70.881307933099,2.49));
#3686 = CARTESIAN_POINT('',(68.800780870771,71.101333393513,2.49));
#3687 = CARTESIAN_POINT('',(68.294708137709,71.373161499116,2.49));
#3688 = CARTESIAN_POINT('',(68.146670733204,71.447126701984,2.49));
#3689 = CARTESIAN_POINT('',(67.996556145601,71.516665514204,2.49));
#3690 = CARTESIAN_POINT('',(67.844551242367,71.581701346426,2.49));
#3691 = CARTESIAN_POINT('',(67.476061479355,71.726670116992,2.49));
#3692 = CARTESIAN_POINT('',(67.257957720785,71.802252193317,2.49));
#3693 = CARTESIAN_POINT('',(67.037062141049,71.86874134468,2.49));
#3694 = CARTESIAN_POINT('',(66.813912517377,71.926013990317,2.49));
#3695 = CARTESIAN_POINT('',(66.58905912811,71.97399804259,2.49));
#3696 = PCURVE('',#2685,#3697);
#3697 = DEFINITIONAL_REPRESENTATION('',(#3698),#3725);
#3698 = B_SPLINE_CURVE_WITH_KNOTS('',5,(#3699,#3700,#3701,#3702,#3703,
    #3704,#3705,#3706,#3707,#3708,#3709,#3710,#3711,#3712,#3713,#3714,
    #3715,#3716,#3717,#3718,#3719,#3720,#3721,#3722,#3723,#3724),
  .UNSPECIFIED.,.F.,.F.,(6,4,4,4,4,4,6),(0.,0.143503099489,
    0.246195097994,0.5,0.753804902006,0.856496900511,1.),.UNSPECIFIED.);
#3699 = CARTESIAN_POINT('',(71.97399804259,66.589059128109));
#3700 = CARTESIAN_POINT('',(71.926013990317,66.813912517377));
#3701 = CARTESIAN_POINT('',(71.86874134468,67.037062141049));
#3702 = CARTESIAN_POINT('',(71.802252193317,67.257957720785));
#3703 = CARTESIAN_POINT('',(71.726670116992,67.476061479355));
#3704 = CARTESIAN_POINT('',(71.581701346426,67.844551242367));
#3705 = CARTESIAN_POINT('',(71.516665514203,67.996556145601));
#3706 = CARTESIAN_POINT('',(71.447126701984,68.146670733204));
#3707 = CARTESIAN_POINT('',(71.373161499116,68.294708137709));
#3708 = CARTESIAN_POINT('',(71.101333393513,68.800780870771));
#3709 = CARTESIAN_POINT('',(70.881307933099,69.147287395194));
#3710 = CARTESIAN_POINT('',(70.636142940495,69.477242411656));
#3711 = CARTESIAN_POINT('',(70.367612082762,69.788169720314));
#3712 = CARTESIAN_POINT('',(69.788169720314,70.367612082763));
#3713 = CARTESIAN_POINT('',(69.477242411656,70.636142940495));
#3714 = CARTESIAN_POINT('',(69.147287395194,70.881307933099));
#3715 = CARTESIAN_POINT('',(68.800780870771,71.101333393513));
#3716 = CARTESIAN_POINT('',(68.294708137709,71.373161499116));
#3717 = CARTESIAN_POINT('',(68.146670733204,71.447126701984));
#3718 = CARTESIAN_POINT('',(67.996556145601,71.516665514204));
#3719 = CARTESIAN_POINT('',(67.844551242367,71.581701346426));
#3720 = CARTESIAN_POINT('',(67.476061479355,71.726670116992));
#3721 = CARTESIAN_POINT('',(67.257957720785,71.802252193317));
#3722 = CARTESIAN_POINT('',(67.037062141049,71.86874134468));
#3723 = CARTESIAN_POINT('',(66.813912517377,71.926013990317));
#3724 = CARTESIAN_POINT('',(66.58905912811,71.97399804259));
#3725 = ( GEOMETRIC_REPRESENTATION_CONTEXT(2) 
PARAMETRIC_REPRESENTATION_CONTEXT() REPRESENTATION_CONTEXT('2D SPACE',''
  ) );
#3726 = PCURVE('',#3727,#3743);
#3727 = ( BOUNDED_SURFACE() B_SPLINE_SURFACE(2,2,(
    (#3728,#3729,#3730,#3731,#3732)
    ,(#3733,#3734,#3735,#3736,#3737)
    ,(#3738,#3739,#3740,#3741,#3742
)),.UNSPECIFIED.,.F.,.F.,.F.) B_SPLINE_SURFACE_WITH_KNOTS((3,3),(3,1,1,3
    ),(0.,2.5),(-0.153,3.741364856813E-15,2.5,2.653),.UNSPECIFIED.) 
GEOMETRIC_REPRESENTATION_ITEM() RATIONAL_B_SPLINE_SURFACE((
    (1.,1.,1.,1.,1.)
    ,(0.839110515983,0.839110515983,0.839110515983,0.839110515983
      ,0.839110515983)
,(1.,1.,1.,1.,1.))) REPRESENTATION_ITEM('') SURFACE() );
#3728 = CARTESIAN_POINT('',(71.97399804259,66.58905912811,-0.163));
#3729 = CARTESIAN_POINT('',(71.97399804259,66.58905912811,-8.65E-02));
#3730 = CARTESIAN_POINT('',(71.97399804259,66.58905912811,1.24));
#3731 = CARTESIAN_POINT('',(71.97399804259,66.589059128109,2.5665));
#3732 = CARTESIAN_POINT('',(71.97399804259,66.589059128109,2.643));
#3733 = CARTESIAN_POINT('',(71.02694624171,71.02694624171,-0.163));
#3734 = CARTESIAN_POINT('',(71.02694624171,71.02694624171,
    -8.649999999998E-02));
#3735 = CARTESIAN_POINT('',(71.02694624171,71.02694624171,1.24));
#3736 = CARTESIAN_POINT('',(71.02694624171,71.02694624171,2.5665));
#3737 = CARTESIAN_POINT('',(71.02694624171,71.02694624171,2.643));
#3738 = CARTESIAN_POINT('',(66.589059128109,71.97399804259,-0.163));
#3739 = CARTESIAN_POINT('',(66.589059128109,71.97399804259,
    -8.649999999999E-02));
#3740 = CARTESIAN_POINT('',(66.589059128109,71.97399804259,1.24));
#3741 = CARTESIAN_POINT('',(66.58905912811,71.97399804259,2.5665));
#3742 = CARTESIAN_POINT('',(66.58905912811,71.97399804259,2.643));
#3743 = DEFINITIONAL_REPRESENTATION('',(#3744),#3771);
#3744 = B_SPLINE_CURVE_WITH_KNOTS('',5,(#3745,#3746,#3747,#3748,#3749,
    #3750,#3751,#3752,#3753,#3754,#3755,#3756,#3757,#3758,#3759,#3760,
    #3761,#3762,#3763,#3764,#3765,#3766,#3767,#3768,#3769,#3770),
  .UNSPECIFIED.,.F.,.F.,(6,4,4,4,4,4,6),(0.,0.143503099489,
    0.246195097994,0.5,0.753804902006,0.856496900511,1.),.UNSPECIFIED.);
#3745 = CARTESIAN_POINT('',(0.,2.5));
#3746 = CARTESIAN_POINT('',(7.547689687272E-02,2.5));
#3747 = CARTESIAN_POINT('',(0.150126560705,2.5));
#3748 = CARTESIAN_POINT('',(0.224040067393,2.5));
#3749 = CARTESIAN_POINT('',(0.297303910248,2.5));
#3750 = CARTESIAN_POINT('',(0.422021919851,2.5));
#3751 = CARTESIAN_POINT('',(0.473753207262,2.5));
#3752 = CARTESIAN_POINT('',(0.525223953278,2.5));
#3753 = CARTESIAN_POINT('',(0.576463411883,2.5));
#3754 = CARTESIAN_POINT('',(0.75363773648,2.5));
#3755 = CARTESIAN_POINT('',(0.878539823264,2.5));
#3756 = CARTESIAN_POINT('',(1.002626441304,2.5));
#3757 = CARTESIAN_POINT('',(1.126314922148,2.5));
#3758 = CARTESIAN_POINT('',(1.373685077852,2.5));
#3759 = CARTESIAN_POINT('',(1.497373558696,2.5));
#3760 = CARTESIAN_POINT('',(1.621460176736,2.5));
#3761 = CARTESIAN_POINT('',(1.74636226352,2.5));
#3762 = CARTESIAN_POINT('',(1.923536588118,2.5));
#3763 = CARTESIAN_POINT('',(1.974776046722,2.5));
#3764 = CARTESIAN_POINT('',(2.026246792738,2.5));
#3765 = CARTESIAN_POINT('',(2.077978080149,2.5));
#3766 = CARTESIAN_POINT('',(2.202696089752,2.5));
#3767 = CARTESIAN_POINT('',(2.275959932607,2.5));
#3768 = CARTESIAN_POINT('',(2.349873439295,2.5));
#3769 = CARTESIAN_POINT('',(2.424523103127,2.5));
#3770 = CARTESIAN_POINT('',(2.5,2.5));
#3771 = ( GEOMETRIC_REPRESENTATION_CONTEXT(2) 
PARAMETRIC_REPRESENTATION_CONTEXT() REPRESENTATION_CONTEXT('2D SPACE',''
  ) );
#3772 = ORIENTED_EDGE('',*,*,#3773,.F.);
#3773 = EDGE_CURVE('',#3774,#3666,#3776,.T.);
#3774 = VERTEX_POINT('',#3775);
#3775 = CARTESIAN_POINT('',(71.97399804259,-66.58905912811,2.49));
#3776 = SURFACE_CURVE('',#3777,(#3782,#3789),.PCURVE_S1.);
#3777 = CIRCLE('',#3778,319.0625);
#3778 = AXIS2_PLACEMENT_3D('',#3779,#3780,#3781);
#3779 = CARTESIAN_POINT('',(-240.0625,-3.19744231092E-14,2.49));
#3780 = DIRECTION('',(0.,-0.,1.));
#3781 = DIRECTION('',(0.974926542605,-0.222526934378,-0.));
#3782 = PCURVE('',#2685,#3783);
#3783 = DEFINITIONAL_REPRESENTATION('',(#3784),#3788);
#3784 = CIRCLE('',#3785,319.0625);
#3785 = AXIS2_PLACEMENT_2D('',#3786,#3787);
#3786 = CARTESIAN_POINT('',(-240.0625,-3.568978595226E-14));
#3787 = DIRECTION('',(0.974926542605,-0.222526934378));
#3788 = ( GEOMETRIC_REPRESENTATION_CONTEXT(2) 
PARAMETRIC_REPRESENTATION_CONTEXT() REPRESENTATION_CONTEXT('2D SPACE',''
  ) );
#3789 = PCURVE('',#3790,#3795);
#3790 = CYLINDRICAL_SURFACE('',#3791,319.0625);
#3791 = AXIS2_PLACEMENT_3D('',#3792,#3793,#3794);
#3792 = CARTESIAN_POINT('',(-240.0625,-3.19744231092E-14,-1.E-02));
#3793 = DIRECTION('',(-0.,0.,-1.));
#3794 = DIRECTION('',(0.974926542605,-0.222526934378,-0.));
#3795 = DEFINITIONAL_REPRESENTATION('',(#3796),#3800);
#3796 = LINE('',#3797,#3798);
#3797 = CARTESIAN_POINT('',(-0.,-2.5));
#3798 = VECTOR('',#3799,1.);
#3799 = DIRECTION('',(-1.,0.));
#3800 = ( GEOMETRIC_REPRESENTATION_CONTEXT(2) 
PARAMETRIC_REPRESENTATION_CONTEXT() REPRESENTATION_CONTEXT('2D SPACE',''
  ) );
#3801 = ORIENTED_EDGE('',*,*,#3802,.F.);
#3802 = EDGE_CURVE('',#3363,#3774,#3803,.T.);
#3803 = SURFACE_CURVE('',#3804,(#3831,#3861),.PCURVE_S1.);
#3804 = B_SPLINE_CURVE_WITH_KNOTS('',5,(#3805,#3806,#3807,#3808,#3809,
    #3810,#3811,#3812,#3813,#3814,#3815,#3816,#3817,#3818,#3819,#3820,
    #3821,#3822,#3823,#3824,#3825,#3826,#3827,#3828,#3829,#3830),
  .UNSPECIFIED.,.F.,.F.,(6,4,4,4,4,4,6),(0.,0.143503099489,
    0.246195097994,0.5,0.753804902006,0.856496900511,1.),.UNSPECIFIED.);
#3805 = CARTESIAN_POINT('',(66.589059128109,-71.97399804259,2.49));
#3806 = CARTESIAN_POINT('',(66.813912517377,-71.92601399031,2.49));
#3807 = CARTESIAN_POINT('',(67.037062141049,-71.86874134468,2.49));
#3808 = CARTESIAN_POINT('',(67.257957720785,-71.80225219331,2.49));
#3809 = CARTESIAN_POINT('',(67.476061479355,-71.72667011699,2.49));
#3810 = CARTESIAN_POINT('',(67.844551242367,-71.58170134642,2.49));
#3811 = CARTESIAN_POINT('',(67.996556145601,-71.5166655142,2.49));
#3812 = CARTESIAN_POINT('',(68.146670733204,-71.44712670198,2.49));
#3813 = CARTESIAN_POINT('',(68.294708137709,-71.37316149911,2.49));
#3814 = CARTESIAN_POINT('',(68.800780870771,-71.10133339351,2.49));
#3815 = CARTESIAN_POINT('',(69.147287395194,-70.88130793309,2.49));
#3816 = CARTESIAN_POINT('',(69.477242411656,-70.63614294049,2.49));
#3817 = CARTESIAN_POINT('',(69.788169720314,-70.36761208276,2.49));
#3818 = CARTESIAN_POINT('',(70.367612082762,-69.78816972031,2.49));
#3819 = CARTESIAN_POINT('',(70.636142940496,-69.47724241165,2.49));
#3820 = CARTESIAN_POINT('',(70.881307933099,-69.14728739519,2.49));
#3821 = CARTESIAN_POINT('',(71.101333393513,-68.80078087077,2.49));
#3822 = CARTESIAN_POINT('',(71.373161499116,-68.2947081377,2.49));
#3823 = CARTESIAN_POINT('',(71.447126701984,-68.1466707332,2.49));
#3824 = CARTESIAN_POINT('',(71.516665514204,-67.9965561456,2.49));
#3825 = CARTESIAN_POINT('',(71.581701346426,-67.84455124236,2.49));
#3826 = CARTESIAN_POINT('',(71.726670116992,-67.47606147935,2.49));
#3827 = CARTESIAN_POINT('',(71.802252193317,-67.25795772078,2.49));
#3828 = CARTESIAN_POINT('',(71.86874134468,-67.03706214104,2.49));
#3829 = CARTESIAN_POINT('',(71.926013990317,-66.81391251737,2.49));
#3830 = CARTESIAN_POINT('',(71.97399804259,-66.58905912811,2.49));
#3831 = PCURVE('',#2685,#3832);
#3832 = DEFINITIONAL_REPRESENTATION('',(#3833),#3860);
#3833 = B_SPLINE_CURVE_WITH_KNOTS('',5,(#3834,#3835,#3836,#3837,#3838,
    #3839,#3840,#3841,#3842,#3843,#3844,#3845,#3846,#3847,#3848,#3849,
    #3850,#3851,#3852,#3853,#3854,#3855,#3856,#3857,#3858,#3859),
  .UNSPECIFIED.,.F.,.F.,(6,4,4,4,4,4,6),(0.,0.143503099489,
    0.246195097994,0.5,0.753804902006,0.856496900511,1.),.UNSPECIFIED.);
#3834 = CARTESIAN_POINT('',(66.589059128109,-71.97399804259));
#3835 = CARTESIAN_POINT('',(66.813912517377,-71.92601399031));
#3836 = CARTESIAN_POINT('',(67.037062141049,-71.86874134468));
#3837 = CARTESIAN_POINT('',(67.257957720785,-71.80225219331));
#3838 = CARTESIAN_POINT('',(67.476061479355,-71.72667011699));
#3839 = CARTESIAN_POINT('',(67.844551242367,-71.58170134642));
#3840 = CARTESIAN_POINT('',(67.996556145601,-71.5166655142));
#3841 = CARTESIAN_POINT('',(68.146670733204,-71.44712670198));
#3842 = CARTESIAN_POINT('',(68.294708137709,-71.37316149911));
#3843 = CARTESIAN_POINT('',(68.800780870771,-71.10133339351));
#3844 = CARTESIAN_POINT('',(69.147287395194,-70.88130793309));
#3845 = CARTESIAN_POINT('',(69.477242411656,-70.63614294049));
#3846 = CARTESIAN_POINT('',(69.788169720314,-70.36761208276));
#3847 = CARTESIAN_POINT('',(70.367612082762,-69.78816972031));
#3848 = CARTESIAN_POINT('',(70.636142940496,-69.47724241165));
#3849 = CARTESIAN_POINT('',(70.881307933099,-69.14728739519));
#3850 = CARTESIAN_POINT('',(71.101333393513,-68.80078087077));
#3851 = CARTESIAN_POINT('',(71.373161499116,-68.2947081377));
#3852 = CARTESIAN_POINT('',(71.447126701984,-68.1466707332));
#3853 = CARTESIAN_POINT('',(71.516665514204,-67.9965561456));
#3854 = CARTESIAN_POINT('',(71.581701346426,-67.84455124236));
#3855 = CARTESIAN_POINT('',(71.726670116992,-67.47606147935));
#3856 = CARTESIAN_POINT('',(71.802252193317,-67.25795772078));
#3857 = CARTESIAN_POINT('',(71.86874134468,-67.03706214104));
#3858 = CARTESIAN_POINT('',(71.926013990317,-66.81391251737));
#3859 = CARTESIAN_POINT('',(71.97399804259,-66.58905912811));
#3860 = ( GEOMETRIC_REPRESENTATION_CONTEXT(2) 
PARAMETRIC_REPRESENTATION_CONTEXT() REPRESENTATION_CONTEXT('2D SPACE',''
  ) );
#3861 = PCURVE('',#3862,#3878);
#3862 = ( BOUNDED_SURFACE() B_SPLINE_SURFACE(2,2,(
    (#3863,#3864,#3865,#3866,#3867)
    ,(#3868,#3869,#3870,#3871,#3872)
    ,(#3873,#3874,#3875,#3876,#3877
)),.UNSPECIFIED.,.F.,.F.,.F.) B_SPLINE_SURFACE_WITH_KNOTS((3,3),(3,1,1,3
    ),(0.,2.5),(-0.153,-7.803219875813E-15,2.5,2.653),.UNSPECIFIED.) 
GEOMETRIC_REPRESENTATION_ITEM() RATIONAL_B_SPLINE_SURFACE((
    (1.,1.,1.,1.,1.)
    ,(0.839110515983,0.839110515983,0.839110515983,0.839110515983
      ,0.839110515983)
,(1.,1.,1.,1.,1.))) REPRESENTATION_ITEM('') SURFACE() );
#3863 = CARTESIAN_POINT('',(66.589059128109,-71.97399804259,-0.163));
#3864 = CARTESIAN_POINT('',(66.589059128109,-71.97399804259,-8.65E-02));
#3865 = CARTESIAN_POINT('',(66.589059128109,-71.97399804259,1.24));
#3866 = CARTESIAN_POINT('',(66.589059128109,-71.97399804259,2.5665));
#3867 = CARTESIAN_POINT('',(66.589059128109,-71.97399804259,2.643));
#3868 = CARTESIAN_POINT('',(71.02694624171,-71.02694624171,-0.163));
#3869 = CARTESIAN_POINT('',(71.02694624171,-71.02694624171,-8.65E-02));
#3870 = CARTESIAN_POINT('',(71.02694624171,-71.02694624171,1.24));
#3871 = CARTESIAN_POINT('',(71.02694624171,-71.02694624171,2.5665));
#3872 = CARTESIAN_POINT('',(71.02694624171,-71.02694624171,2.643));
#3873 = CARTESIAN_POINT('',(71.97399804259,-66.58905912811,-0.163));
#3874 = CARTESIAN_POINT('',(71.97399804259,-66.58905912811,-8.65E-02));
#3875 = CARTESIAN_POINT('',(71.97399804259,-66.58905912811,1.24));
#3876 = CARTESIAN_POINT('',(71.97399804259,-66.58905912811,2.5665));
#3877 = CARTESIAN_POINT('',(71.97399804259,-66.58905912811,2.643));
#3878 = DEFINITIONAL_REPRESENTATION('',(#3879),#3906);
#3879 = B_SPLINE_CURVE_WITH_KNOTS('',5,(#3880,#3881,#3882,#3883,#3884,
    #3885,#3886,#3887,#3888,#3889,#3890,#3891,#3892,#3893,#3894,#3895,
    #3896,#3897,#3898,#3899,#3900,#3901,#3902,#3903,#3904,#3905),
  .UNSPECIFIED.,.F.,.F.,(6,4,4,4,4,4,6),(0.,0.143503099489,
    0.246195097994,0.5,0.753804902006,0.856496900511,1.),.UNSPECIFIED.);
#3880 = CARTESIAN_POINT('',(0.,2.5));
#3881 = CARTESIAN_POINT('',(7.547689687272E-02,2.5));
#3882 = CARTESIAN_POINT('',(0.150126560705,2.5));
#3883 = CARTESIAN_POINT('',(0.224040067393,2.5));
#3884 = CARTESIAN_POINT('',(0.297303910248,2.5));
#3885 = CARTESIAN_POINT('',(0.422021919851,2.5));
#3886 = CARTESIAN_POINT('',(0.473753207262,2.5));
#3887 = CARTESIAN_POINT('',(0.525223953278,2.5));
#3888 = CARTESIAN_POINT('',(0.576463411883,2.5));
#3889 = CARTESIAN_POINT('',(0.75363773648,2.5));
#3890 = CARTESIAN_POINT('',(0.878539823264,2.5));
#3891 = CARTESIAN_POINT('',(1.002626441304,2.5));
#3892 = CARTESIAN_POINT('',(1.126314922148,2.5));
#3893 = CARTESIAN_POINT('',(1.373685077852,2.5));
#3894 = CARTESIAN_POINT('',(1.497373558696,2.5));
#3895 = CARTESIAN_POINT('',(1.621460176736,2.5));
#3896 = CARTESIAN_POINT('',(1.74636226352,2.5));
#3897 = CARTESIAN_POINT('',(1.923536588118,2.5));
#3898 = CARTESIAN_POINT('',(1.974776046722,2.5));
#3899 = CARTESIAN_POINT('',(2.026246792738,2.5));
#3900 = CARTESIAN_POINT('',(2.077978080149,2.5));
#3901 = CARTESIAN_POINT('',(2.202696089752,2.5));
#3902 = CARTESIAN_POINT('',(2.275959932607,2.5));
#3903 = CARTESIAN_POINT('',(2.349873439295,2.5));
#3904 = CARTESIAN_POINT('',(2.424523103127,2.5));
#3905 = CARTESIAN_POINT('',(2.5,2.5));
#3906 = ( GEOMETRIC_REPRESENTATION_CONTEXT(2) 
PARAMETRIC_REPRESENTATION_CONTEXT() REPRESENTATION_CONTEXT('2D SPACE',''
  ) );
#3907 = ADVANCED_FACE('',(#3908,#4390),#3308,.F.);
#3908 = FACE_BOUND('',#3909,.F.);
#3909 = EDGE_LOOP('',(#3910,#3940,#4032,#4060,#4152,#4180,#4272,#4300));
#3910 = ORIENTED_EDGE('',*,*,#3911,.F.);
#3911 = EDGE_CURVE('',#3912,#3914,#3916,.T.);
#3912 = VERTEX_POINT('',#3913);
#3913 = CARTESIAN_POINT('',(66.589059128109,-71.97399804259,
    5.637851296925E-17));
#3914 = VERTEX_POINT('',#3915);
#3915 = CARTESIAN_POINT('',(-66.58905912811,-71.97399804259,
    3.469446951954E-16));
#3916 = SURFACE_CURVE('',#3917,(#3922,#3933),.PCURVE_S1.);
#3917 = CIRCLE('',#3918,319.0625);
#3918 = AXIS2_PLACEMENT_3D('',#3919,#3920,#3921);
#3919 = CARTESIAN_POINT('',(0.,240.0625,0.));
#3920 = DIRECTION('',(-0.,0.,-1.));
#3921 = DIRECTION('',(-0.222526934378,-0.974926542605,0.));
#3922 = PCURVE('',#3308,#3923);
#3923 = DEFINITIONAL_REPRESENTATION('',(#3924),#3932);
#3924 = ( BOUNDED_CURVE() B_SPLINE_CURVE(2,(#3925,#3926,#3927,#3928,
#3929,#3930,#3931),.UNSPECIFIED.,.T.,.F.) B_SPLINE_CURVE_WITH_KNOTS((1,2
    ,2,2,2,1),(-2.094395102393,0.,2.094395102393,4.188790204786,
6.28318530718,8.377580409573),.UNSPECIFIED.) CURVE() 
GEOMETRIC_REPRESENTATION_ITEM() RATIONAL_B_SPLINE_CURVE((1.,0.5,1.,0.5,
1.,0.5,1.)) REPRESENTATION_ITEM('') );
#3925 = CARTESIAN_POINT('',(-71.,-71.));
#3926 = CARTESIAN_POINT('',(-609.7760543293,51.97560733739));
#3927 = CARTESIAN_POINT('',(-233.8880271646,457.08155366869));
#3928 = CARTESIAN_POINT('',(142.,862.1875));
#3929 = CARTESIAN_POINT('',(304.88802716469,334.1059463313));
#3930 = CARTESIAN_POINT('',(467.77605432939,-193.9756073373));
#3931 = CARTESIAN_POINT('',(-71.,-71.));
#3932 = ( GEOMETRIC_REPRESENTATION_CONTEXT(2) 
PARAMETRIC_REPRESENTATION_CONTEXT() REPRESENTATION_CONTEXT('2D SPACE',''
  ) );
#3933 = PCURVE('',#3379,#3934);
#3934 = DEFINITIONAL_REPRESENTATION('',(#3935),#3939);
#3935 = LINE('',#3936,#3937);
#3936 = CARTESIAN_POINT('',(-6.28318530718,-1.E-02));
#3937 = VECTOR('',#3938,1.);
#3938 = DIRECTION('',(1.,-0.));
#3939 = ( GEOMETRIC_REPRESENTATION_CONTEXT(2) 
PARAMETRIC_REPRESENTATION_CONTEXT() REPRESENTATION_CONTEXT('2D SPACE',''
  ) );
#3940 = ORIENTED_EDGE('',*,*,#3941,.F.);
#3941 = EDGE_CURVE('',#3942,#3912,#3944,.T.);
#3942 = VERTEX_POINT('',#3943);
#3943 = CARTESIAN_POINT('',(71.97399804259,-66.58905912811,
    5.637851296925E-17));
#3944 = SURFACE_CURVE('',#3945,(#3972,#4002),.PCURVE_S1.);
#3945 = B_SPLINE_CURVE_WITH_KNOTS('',5,(#3946,#3947,#3948,#3949,#3950,
    #3951,#3952,#3953,#3954,#3955,#3956,#3957,#3958,#3959,#3960,#3961,
    #3962,#3963,#3964,#3965,#3966,#3967,#3968,#3969,#3970,#3971),
  .UNSPECIFIED.,.F.,.F.,(6,4,4,4,4,4,6),(0.,0.143503099489,
    0.246195097994,0.5,0.753804902006,0.856496900511,1.),.UNSPECIFIED.);
#3946 = CARTESIAN_POINT('',(71.97399804259,-66.58905912811,0.));
#3947 = CARTESIAN_POINT('',(71.926013990317,-66.81391251737,0.));
#3948 = CARTESIAN_POINT('',(71.86874134468,-67.03706214104,0.));
#3949 = CARTESIAN_POINT('',(71.802252193317,-67.25795772078,0.));
#3950 = CARTESIAN_POINT('',(71.726670116992,-67.47606147935,0.));
#3951 = CARTESIAN_POINT('',(71.581701346426,-67.84455124236,0.));
#3952 = CARTESIAN_POINT('',(71.516665514204,-67.9965561456,0.));
#3953 = CARTESIAN_POINT('',(71.447126701984,-68.1466707332,0.));
#3954 = CARTESIAN_POINT('',(71.373161499116,-68.2947081377,0.));
#3955 = CARTESIAN_POINT('',(71.101333393513,-68.80078087077,0.));
#3956 = CARTESIAN_POINT('',(70.881307933099,-69.14728739519,0.));
#3957 = CARTESIAN_POINT('',(70.636142940496,-69.47724241165,0.));
#3958 = CARTESIAN_POINT('',(70.367612082762,-69.78816972031,0.));
#3959 = CARTESIAN_POINT('',(69.788169720314,-70.36761208276,0.));
#3960 = CARTESIAN_POINT('',(69.477242411656,-70.63614294049,0.));
#3961 = CARTESIAN_POINT('',(69.147287395194,-70.88130793309,0.));
#3962 = CARTESIAN_POINT('',(68.800780870771,-71.10133339351,0.));
#3963 = CARTESIAN_POINT('',(68.294708137709,-71.37316149911,0.));
#3964 = CARTESIAN_POINT('',(68.146670733204,-71.44712670198,0.));
#3965 = CARTESIAN_POINT('',(67.996556145601,-71.5166655142,0.));
#3966 = CARTESIAN_POINT('',(67.844551242367,-71.58170134642,0.));
#3967 = CARTESIAN_POINT('',(67.476061479355,-71.72667011699,0.));
#3968 = CARTESIAN_POINT('',(67.257957720785,-71.80225219331,0.));
#3969 = CARTESIAN_POINT('',(67.037062141049,-71.86874134468,0.));
#3970 = CARTESIAN_POINT('',(66.813912517377,-71.92601399031,0.));
#3971 = CARTESIAN_POINT('',(66.589059128109,-71.97399804259,0.));
#3972 = PCURVE('',#3308,#3973);
#3973 = DEFINITIONAL_REPRESENTATION('',(#3974),#4001);
#3974 = B_SPLINE_CURVE_WITH_KNOTS('',5,(#3975,#3976,#3977,#3978,#3979,
    #3980,#3981,#3982,#3983,#3984,#3985,#3986,#3987,#3988,#3989,#3990,
    #3991,#3992,#3993,#3994,#3995,#3996,#3997,#3998,#3999,#4000),
  .UNSPECIFIED.,.F.,.F.,(6,4,4,4,4,4,6),(0.,0.143503099489,
    0.246195097994,0.5,0.753804902006,0.856496900511,1.),.UNSPECIFIED.);
#3975 = CARTESIAN_POINT('',(71.97399804259,-66.58905912811));
#3976 = CARTESIAN_POINT('',(71.926013990317,-66.81391251737));
#3977 = CARTESIAN_POINT('',(71.86874134468,-67.03706214104));
#3978 = CARTESIAN_POINT('',(71.802252193317,-67.25795772078));
#3979 = CARTESIAN_POINT('',(71.726670116992,-67.47606147935));
#3980 = CARTESIAN_POINT('',(71.581701346426,-67.84455124236));
#3981 = CARTESIAN_POINT('',(71.516665514204,-67.9965561456));
#3982 = CARTESIAN_POINT('',(71.447126701984,-68.1466707332));
#3983 = CARTESIAN_POINT('',(71.373161499116,-68.2947081377));
#3984 = CARTESIAN_POINT('',(71.101333393513,-68.80078087077));
#3985 = CARTESIAN_POINT('',(70.881307933099,-69.14728739519));
#3986 = CARTESIAN_POINT('',(70.636142940496,-69.47724241165));
#3987 = CARTESIAN_POINT('',(70.367612082762,-69.78816972031));
#3988 = CARTESIAN_POINT('',(69.788169720314,-70.36761208276));
#3989 = CARTESIAN_POINT('',(69.477242411656,-70.63614294049));
#3990 = CARTESIAN_POINT('',(69.147287395194,-70.88130793309));
#3991 = CARTESIAN_POINT('',(68.800780870771,-71.10133339351));
#3992 = CARTESIAN_POINT('',(68.294708137709,-71.37316149911));
#3993 = CARTESIAN_POINT('',(68.146670733204,-71.44712670198));
#3994 = CARTESIAN_POINT('',(67.996556145601,-71.5166655142));
#3995 = CARTESIAN_POINT('',(67.844551242367,-71.58170134642));
#3996 = CARTESIAN_POINT('',(67.476061479355,-71.72667011699));
#3997 = CARTESIAN_POINT('',(67.257957720785,-71.80225219331));
#3998 = CARTESIAN_POINT('',(67.037062141049,-71.86874134468));
#3999 = CARTESIAN_POINT('',(66.813912517377,-71.92601399031));
#4000 = CARTESIAN_POINT('',(66.589059128109,-71.97399804259));
#4001 = ( GEOMETRIC_REPRESENTATION_CONTEXT(2) 
PARAMETRIC_REPRESENTATION_CONTEXT() REPRESENTATION_CONTEXT('2D SPACE',''
  ) );
#4002 = PCURVE('',#3862,#4003);
#4003 = DEFINITIONAL_REPRESENTATION('',(#4004),#4031);
#4004 = B_SPLINE_CURVE_WITH_KNOTS('',5,(#4005,#4006,#4007,#4008,#4009,
    #4010,#4011,#4012,#4013,#4014,#4015,#4016,#4017,#4018,#4019,#4020,
    #4021,#4022,#4023,#4024,#4025,#4026,#4027,#4028,#4029,#4030),
  .UNSPECIFIED.,.F.,.F.,(6,4,4,4,4,4,6),(0.,0.143503099489,
    0.246195097994,0.5,0.753804902006,0.856496900511,1.),.UNSPECIFIED.);
#4005 = CARTESIAN_POINT('',(2.5,9.999999999992E-03));
#4006 = CARTESIAN_POINT('',(2.424523103127,9.999999999992E-03));
#4007 = CARTESIAN_POINT('',(2.349873439295,9.999999999992E-03));
#4008 = CARTESIAN_POINT('',(2.275959932607,9.999999999992E-03));
#4009 = CARTESIAN_POINT('',(2.202696089752,9.999999999992E-03));
#4010 = CARTESIAN_POINT('',(2.077978080149,9.999999999992E-03));
#4011 = CARTESIAN_POINT('',(2.026246792738,9.999999999992E-03));
#4012 = CARTESIAN_POINT('',(1.974776046722,9.999999999992E-03));
#4013 = CARTESIAN_POINT('',(1.923536588118,9.999999999992E-03));
#4014 = CARTESIAN_POINT('',(1.74636226352,9.999999999992E-03));
#4015 = CARTESIAN_POINT('',(1.621460176736,9.999999999992E-03));
#4016 = CARTESIAN_POINT('',(1.497373558696,9.999999999992E-03));
#4017 = CARTESIAN_POINT('',(1.373685077852,9.999999999992E-03));
#4018 = CARTESIAN_POINT('',(1.126314922148,9.999999999992E-03));
#4019 = CARTESIAN_POINT('',(1.002626441304,9.999999999992E-03));
#4020 = CARTESIAN_POINT('',(0.878539823264,9.999999999992E-03));
#4021 = CARTESIAN_POINT('',(0.75363773648,9.999999999992E-03));
#4022 = CARTESIAN_POINT('',(0.576463411883,9.999999999992E-03));
#4023 = CARTESIAN_POINT('',(0.525223953278,9.999999999992E-03));
#4024 = CARTESIAN_POINT('',(0.473753207262,9.999999999992E-03));
#4025 = CARTESIAN_POINT('',(0.422021919851,9.999999999992E-03));
#4026 = CARTESIAN_POINT('',(0.297303910248,9.999999999992E-03));
#4027 = CARTESIAN_POINT('',(0.224040067393,9.999999999992E-03));
#4028 = CARTESIAN_POINT('',(0.150126560705,9.999999999992E-03));
#4029 = CARTESIAN_POINT('',(7.547689687272E-02,9.999999999992E-03));
#4030 = CARTESIAN_POINT('',(0.,9.999999999992E-03));
#4031 = ( GEOMETRIC_REPRESENTATION_CONTEXT(2) 
PARAMETRIC_REPRESENTATION_CONTEXT() REPRESENTATION_CONTEXT('2D SPACE',''
  ) );
#4032 = ORIENTED_EDGE('',*,*,#4033,.F.);
#4033 = EDGE_CURVE('',#4034,#3942,#4036,.T.);
#4034 = VERTEX_POINT('',#4035);
#4035 = CARTESIAN_POINT('',(71.97399804259,66.58905912811,
    2.862293735362E-16));
#4036 = SURFACE_CURVE('',#4037,(#4042,#4053),.PCURVE_S1.);
#4037 = CIRCLE('',#4038,319.0625);
#4038 = AXIS2_PLACEMENT_3D('',#4039,#4040,#4041);
#4039 = CARTESIAN_POINT('',(-240.0625,-3.19744231092E-14,0.));
#4040 = DIRECTION('',(-0.,0.,-1.));
#4041 = DIRECTION('',(0.974926542605,-0.222526934378,-0.));
#4042 = PCURVE('',#3308,#4043);
#4043 = DEFINITIONAL_REPRESENTATION('',(#4044),#4052);
#4044 = ( BOUNDED_CURVE() B_SPLINE_CURVE(2,(#4045,#4046,#4047,#4048,
#4049,#4050,#4051),.UNSPECIFIED.,.T.,.F.) B_SPLINE_CURVE_WITH_KNOTS((1,2
    ,2,2,2,1),(-2.094395102393,0.,2.094395102393,4.188790204786,
6.28318530718,8.377580409573),.UNSPECIFIED.) CURVE() 
GEOMETRIC_REPRESENTATION_ITEM() RATIONAL_B_SPLINE_CURVE((1.,0.5,1.,0.5,
1.,0.5,1.)) REPRESENTATION_ITEM('') );
#4045 = CARTESIAN_POINT('',(71.,-71.));
#4046 = CARTESIAN_POINT('',(-51.97560733739,-609.7760543293));
#4047 = CARTESIAN_POINT('',(-457.0815536686,-233.8880271646));
#4048 = CARTESIAN_POINT('',(-862.1875,142.));
#4049 = CARTESIAN_POINT('',(-334.1059463313,304.88802716469));
#4050 = CARTESIAN_POINT('',(193.97560733739,467.77605432939));
#4051 = CARTESIAN_POINT('',(71.,-71.));
#4052 = ( GEOMETRIC_REPRESENTATION_CONTEXT(2) 
PARAMETRIC_REPRESENTATION_CONTEXT() REPRESENTATION_CONTEXT('2D SPACE',''
  ) );
#4053 = PCURVE('',#3790,#4054);
#4054 = DEFINITIONAL_REPRESENTATION('',(#4055),#4059);
#4055 = LINE('',#4056,#4057);
#4056 = CARTESIAN_POINT('',(-6.28318530718,-1.E-02));
#4057 = VECTOR('',#4058,1.);
#4058 = DIRECTION('',(1.,-0.));
#4059 = ( GEOMETRIC_REPRESENTATION_CONTEXT(2) 
PARAMETRIC_REPRESENTATION_CONTEXT() REPRESENTATION_CONTEXT('2D SPACE',''
  ) );
#4060 = ORIENTED_EDGE('',*,*,#4061,.F.);
#4061 = EDGE_CURVE('',#4062,#4034,#4064,.T.);
#4062 = VERTEX_POINT('',#4063);
#4063 = CARTESIAN_POINT('',(66.589059128109,71.97399804259,
    -9.627715291671E-17));
#4064 = SURFACE_CURVE('',#4065,(#4092,#4122),.PCURVE_S1.);
#4065 = B_SPLINE_CURVE_WITH_KNOTS('',5,(#4066,#4067,#4068,#4069,#4070,
    #4071,#4072,#4073,#4074,#4075,#4076,#4077,#4078,#4079,#4080,#4081,
    #4082,#4083,#4084,#4085,#4086,#4087,#4088,#4089,#4090,#4091),
  .UNSPECIFIED.,.F.,.F.,(6,4,4,4,4,4,6),(0.,0.143503099489,
    0.246195097994,0.5,0.753804902006,0.856496900511,1.),.UNSPECIFIED.);
#4066 = CARTESIAN_POINT('',(66.589059128109,71.97399804259,0.));
#4067 = CARTESIAN_POINT('',(66.813912517377,71.926013990317,0.));
#4068 = CARTESIAN_POINT('',(67.037062141049,71.86874134468,0.));
#4069 = CARTESIAN_POINT('',(67.257957720785,71.802252193317,0.));
#4070 = CARTESIAN_POINT('',(67.476061479355,71.726670116992,0.));
#4071 = CARTESIAN_POINT('',(67.844551242367,71.581701346426,0.));
#4072 = CARTESIAN_POINT('',(67.996556145601,71.516665514204,0.));
#4073 = CARTESIAN_POINT('',(68.146670733204,71.447126701984,0.));
#4074 = CARTESIAN_POINT('',(68.294708137709,71.373161499116,0.));
#4075 = CARTESIAN_POINT('',(68.800780870771,71.101333393513,0.));
#4076 = CARTESIAN_POINT('',(69.147287395194,70.881307933099,0.));
#4077 = CARTESIAN_POINT('',(69.477242411656,70.636142940495,0.));
#4078 = CARTESIAN_POINT('',(69.788169720314,70.367612082763,0.));
#4079 = CARTESIAN_POINT('',(70.367612082762,69.788169720314,0.));
#4080 = CARTESIAN_POINT('',(70.636142940495,69.477242411656,0.));
#4081 = CARTESIAN_POINT('',(70.881307933099,69.147287395194,0.));
#4082 = CARTESIAN_POINT('',(71.101333393513,68.800780870771,0.));
#4083 = CARTESIAN_POINT('',(71.373161499116,68.294708137709,0.));
#4084 = CARTESIAN_POINT('',(71.447126701984,68.146670733204,0.));
#4085 = CARTESIAN_POINT('',(71.516665514203,67.996556145601,0.));
#4086 = CARTESIAN_POINT('',(71.581701346426,67.844551242367,0.));
#4087 = CARTESIAN_POINT('',(71.726670116992,67.476061479355,0.));
#4088 = CARTESIAN_POINT('',(71.802252193317,67.257957720785,0.));
#4089 = CARTESIAN_POINT('',(71.86874134468,67.037062141049,0.));
#4090 = CARTESIAN_POINT('',(71.926013990317,66.813912517377,0.));
#4091 = CARTESIAN_POINT('',(71.97399804259,66.58905912811,0.));
#4092 = PCURVE('',#3308,#4093);
#4093 = DEFINITIONAL_REPRESENTATION('',(#4094),#4121);
#4094 = B_SPLINE_CURVE_WITH_KNOTS('',5,(#4095,#4096,#4097,#4098,#4099,
    #4100,#4101,#4102,#4103,#4104,#4105,#4106,#4107,#4108,#4109,#4110,
    #4111,#4112,#4113,#4114,#4115,#4116,#4117,#4118,#4119,#4120),
  .UNSPECIFIED.,.F.,.F.,(6,4,4,4,4,4,6),(0.,0.143503099489,
    0.246195097994,0.5,0.753804902006,0.856496900511,1.),.UNSPECIFIED.);
#4095 = CARTESIAN_POINT('',(66.589059128109,71.97399804259));
#4096 = CARTESIAN_POINT('',(66.813912517377,71.926013990317));
#4097 = CARTESIAN_POINT('',(67.037062141049,71.86874134468));
#4098 = CARTESIAN_POINT('',(67.257957720785,71.802252193317));
#4099 = CARTESIAN_POINT('',(67.476061479355,71.726670116992));
#4100 = CARTESIAN_POINT('',(67.844551242367,71.581701346426));
#4101 = CARTESIAN_POINT('',(67.996556145601,71.516665514204));
#4102 = CARTESIAN_POINT('',(68.146670733204,71.447126701984));
#4103 = CARTESIAN_POINT('',(68.294708137709,71.373161499116));
#4104 = CARTESIAN_POINT('',(68.800780870771,71.101333393513));
#4105 = CARTESIAN_POINT('',(69.147287395194,70.881307933099));
#4106 = CARTESIAN_POINT('',(69.477242411656,70.636142940496));
#4107 = CARTESIAN_POINT('',(69.788169720314,70.367612082763));
#4108 = CARTESIAN_POINT('',(70.367612082762,69.788169720314));
#4109 = CARTESIAN_POINT('',(70.636142940495,69.477242411656));
#4110 = CARTESIAN_POINT('',(70.881307933099,69.147287395194));
#4111 = CARTESIAN_POINT('',(71.101333393513,68.800780870771));
#4112 = CARTESIAN_POINT('',(71.373161499116,68.294708137709));
#4113 = CARTESIAN_POINT('',(71.447126701984,68.146670733204));
#4114 = CARTESIAN_POINT('',(71.516665514203,67.996556145601));
#4115 = CARTESIAN_POINT('',(71.581701346426,67.844551242367));
#4116 = CARTESIAN_POINT('',(71.726670116992,67.476061479355));
#4117 = CARTESIAN_POINT('',(71.802252193317,67.257957720785));
#4118 = CARTESIAN_POINT('',(71.86874134468,67.037062141049));
#4119 = CARTESIAN_POINT('',(71.926013990317,66.813912517377));
#4120 = CARTESIAN_POINT('',(71.97399804259,66.58905912811));
#4121 = ( GEOMETRIC_REPRESENTATION_CONTEXT(2) 
PARAMETRIC_REPRESENTATION_CONTEXT() REPRESENTATION_CONTEXT('2D SPACE',''
  ) );
#4122 = PCURVE('',#3727,#4123);
#4123 = DEFINITIONAL_REPRESENTATION('',(#4124),#4151);
#4124 = B_SPLINE_CURVE_WITH_KNOTS('',5,(#4125,#4126,#4127,#4128,#4129,
    #4130,#4131,#4132,#4133,#4134,#4135,#4136,#4137,#4138,#4139,#4140,
    #4141,#4142,#4143,#4144,#4145,#4146,#4147,#4148,#4149,#4150),
  .UNSPECIFIED.,.F.,.F.,(6,4,4,4,4,4,6),(0.,0.143503099489,
    0.246195097994,0.5,0.753804902006,0.856496900511,1.),.UNSPECIFIED.);
#4125 = CARTESIAN_POINT('',(2.5,9.999999999999E-03));
#4126 = CARTESIAN_POINT('',(2.424523103127,9.999999999998E-03));
#4127 = CARTESIAN_POINT('',(2.349873439295,9.999999999997E-03));
#4128 = CARTESIAN_POINT('',(2.275959932607,9.999999999996E-03));
#4129 = CARTESIAN_POINT('',(2.202696089752,9.999999999996E-03));
#4130 = CARTESIAN_POINT('',(2.077978080149,9.999999999995E-03));
#4131 = CARTESIAN_POINT('',(2.026246792738,9.999999999995E-03));
#4132 = CARTESIAN_POINT('',(1.974776046722,9.999999999994E-03));
#4133 = CARTESIAN_POINT('',(1.923536588118,9.999999999994E-03));
#4134 = CARTESIAN_POINT('',(1.74636226352,9.999999999993E-03));
#4135 = CARTESIAN_POINT('',(1.621460176736,9.999999999993E-03));
#4136 = CARTESIAN_POINT('',(1.497373558696,9.999999999993E-03));
#4137 = CARTESIAN_POINT('',(1.373685077852,9.999999999993E-03));
#4138 = CARTESIAN_POINT('',(1.126314922148,9.999999999994E-03));
#4139 = CARTESIAN_POINT('',(1.002626441304,9.999999999994E-03));
#4140 = CARTESIAN_POINT('',(0.878539823264,9.999999999997E-03));
#4141 = CARTESIAN_POINT('',(0.75363773648,9.999999999997E-03));
#4142 = CARTESIAN_POINT('',(0.576463411883,9.999999999999E-03));
#4143 = CARTESIAN_POINT('',(0.525223953278,1.E-02));
#4144 = CARTESIAN_POINT('',(0.473753207262,1.E-02));
#4145 = CARTESIAN_POINT('',(0.422021919851,1.E-02));
#4146 = CARTESIAN_POINT('',(0.297303910248,1.E-02));
#4147 = CARTESIAN_POINT('',(0.224040067393,1.E-02));
#4148 = CARTESIAN_POINT('',(0.150126560705,1.000000000001E-02));
#4149 = CARTESIAN_POINT('',(7.547689687272E-02,1.000000000001E-02));
#4150 = CARTESIAN_POINT('',(0.,1.000000000001E-02));
#4151 = ( GEOMETRIC_REPRESENTATION_CONTEXT(2) 
PARAMETRIC_REPRESENTATION_CONTEXT() REPRESENTATION_CONTEXT('2D SPACE',''
  ) );
#4152 = ORIENTED_EDGE('',*,*,#4153,.F.);
#4153 = EDGE_CURVE('',#4154,#4062,#4156,.T.);
#4154 = VERTEX_POINT('',#4155);
#4155 = CARTESIAN_POINT('',(-66.58905912811,71.97399804259,
    5.637851296925E-17));
#4156 = SURFACE_CURVE('',#4157,(#4162,#4173),.PCURVE_S1.);
#4157 = CIRCLE('',#4158,319.0625);
#4158 = AXIS2_PLACEMENT_3D('',#4159,#4160,#4161);
#4159 = CARTESIAN_POINT('',(-1.42108547152E-14,-240.0625,0.));
#4160 = DIRECTION('',(0.,-0.,-1.));
#4161 = DIRECTION('',(0.222526934378,0.974926542605,-0.));
#4162 = PCURVE('',#3308,#4163);
#4163 = DEFINITIONAL_REPRESENTATION('',(#4164),#4172);
#4164 = ( BOUNDED_CURVE() B_SPLINE_CURVE(2,(#4165,#4166,#4167,#4168,
#4169,#4170,#4171),.UNSPECIFIED.,.T.,.F.) B_SPLINE_CURVE_WITH_KNOTS((1,2
    ,2,2,2,1),(-2.094395102393,0.,2.094395102393,4.188790204786,
6.28318530718,8.377580409573),.UNSPECIFIED.) CURVE() 
GEOMETRIC_REPRESENTATION_ITEM() RATIONAL_B_SPLINE_CURVE((1.,0.5,1.,0.5,
1.,0.5,1.)) REPRESENTATION_ITEM('') );
#4165 = CARTESIAN_POINT('',(71.,71.));
#4166 = CARTESIAN_POINT('',(609.77605432939,-51.97560733739));
#4167 = CARTESIAN_POINT('',(233.88802716469,-457.0815536686));
#4168 = CARTESIAN_POINT('',(-142.,-862.1875));
#4169 = CARTESIAN_POINT('',(-304.8880271646,-334.1059463313));
#4170 = CARTESIAN_POINT('',(-467.7760543293,193.97560733739));
#4171 = CARTESIAN_POINT('',(71.,71.));
#4172 = ( GEOMETRIC_REPRESENTATION_CONTEXT(2) 
PARAMETRIC_REPRESENTATION_CONTEXT() REPRESENTATION_CONTEXT('2D SPACE',''
  ) );
#4173 = PCURVE('',#3653,#4174);
#4174 = DEFINITIONAL_REPRESENTATION('',(#4175),#4179);
#4175 = LINE('',#4176,#4177);
#4176 = CARTESIAN_POINT('',(-6.28318530718,-1.E-02));
#4177 = VECTOR('',#4178,1.);
#4178 = DIRECTION('',(1.,-0.));
#4179 = ( GEOMETRIC_REPRESENTATION_CONTEXT(2) 
PARAMETRIC_REPRESENTATION_CONTEXT() REPRESENTATION_CONTEXT('2D SPACE',''
  ) );
#4180 = ORIENTED_EDGE('',*,*,#4181,.F.);
#4181 = EDGE_CURVE('',#4182,#4154,#4184,.T.);
#4182 = VERTEX_POINT('',#4183);
#4183 = CARTESIAN_POINT('',(-71.97399804259,66.589059128109,
    5.637851296925E-17));
#4184 = SURFACE_CURVE('',#4185,(#4212,#4242),.PCURVE_S1.);
#4185 = B_SPLINE_CURVE_WITH_KNOTS('',5,(#4186,#4187,#4188,#4189,#4190,
    #4191,#4192,#4193,#4194,#4195,#4196,#4197,#4198,#4199,#4200,#4201,
    #4202,#4203,#4204,#4205,#4206,#4207,#4208,#4209,#4210,#4211),
  .UNSPECIFIED.,.F.,.F.,(6,4,4,4,4,4,6),(0.,0.143503099489,
    0.246195097994,0.5,0.753804902006,0.856496900511,1.),.UNSPECIFIED.);
#4186 = CARTESIAN_POINT('',(-71.97399804259,66.589059128109,0.));
#4187 = CARTESIAN_POINT('',(-71.92601399031,66.813912517377,0.));
#4188 = CARTESIAN_POINT('',(-71.86874134468,67.037062141049,0.));
#4189 = CARTESIAN_POINT('',(-71.80225219331,67.257957720785,0.));
#4190 = CARTESIAN_POINT('',(-71.72667011699,67.476061479355,0.));
#4191 = CARTESIAN_POINT('',(-71.58170134642,67.844551242367,0.));
#4192 = CARTESIAN_POINT('',(-71.5166655142,67.996556145601,0.));
#4193 = CARTESIAN_POINT('',(-71.44712670198,68.146670733204,0.));
#4194 = CARTESIAN_POINT('',(-71.37316149911,68.294708137709,0.));
#4195 = CARTESIAN_POINT('',(-71.10133339351,68.800780870771,0.));
#4196 = CARTESIAN_POINT('',(-70.88130793309,69.147287395194,0.));
#4197 = CARTESIAN_POINT('',(-70.63614294049,69.477242411656,0.));
#4198 = CARTESIAN_POINT('',(-70.36761208276,69.788169720314,0.));
#4199 = CARTESIAN_POINT('',(-69.78816972031,70.367612082762,0.));
#4200 = CARTESIAN_POINT('',(-69.47724241165,70.636142940495,0.));
#4201 = CARTESIAN_POINT('',(-69.14728739519,70.881307933099,0.));
#4202 = CARTESIAN_POINT('',(-68.80078087077,71.101333393513,0.));
#4203 = CARTESIAN_POINT('',(-68.2947081377,71.373161499116,0.));
#4204 = CARTESIAN_POINT('',(-68.1466707332,71.447126701984,0.));
#4205 = CARTESIAN_POINT('',(-67.9965561456,71.516665514203,0.));
#4206 = CARTESIAN_POINT('',(-67.84455124236,71.581701346426,0.));
#4207 = CARTESIAN_POINT('',(-67.47606147935,71.726670116992,0.));
#4208 = CARTESIAN_POINT('',(-67.25795772078,71.802252193317,0.));
#4209 = CARTESIAN_POINT('',(-67.03706214104,71.86874134468,0.));
#4210 = CARTESIAN_POINT('',(-66.81391251737,71.926013990317,0.));
#4211 = CARTESIAN_POINT('',(-66.58905912811,71.97399804259,0.));
#4212 = PCURVE('',#3308,#4213);
#4213 = DEFINITIONAL_REPRESENTATION('',(#4214),#4241);
#4214 = B_SPLINE_CURVE_WITH_KNOTS('',5,(#4215,#4216,#4217,#4218,#4219,
    #4220,#4221,#4222,#4223,#4224,#4225,#4226,#4227,#4228,#4229,#4230,
    #4231,#4232,#4233,#4234,#4235,#4236,#4237,#4238,#4239,#4240),
  .UNSPECIFIED.,.F.,.F.,(6,4,4,4,4,4,6),(0.,0.143503099489,
    0.246195097994,0.5,0.753804902006,0.856496900511,1.),.UNSPECIFIED.);
#4215 = CARTESIAN_POINT('',(-71.97399804259,66.589059128109));
#4216 = CARTESIAN_POINT('',(-71.92601399031,66.813912517377));
#4217 = CARTESIAN_POINT('',(-71.86874134468,67.037062141049));
#4218 = CARTESIAN_POINT('',(-71.80225219331,67.257957720785));
#4219 = CARTESIAN_POINT('',(-71.72667011699,67.476061479355));
#4220 = CARTESIAN_POINT('',(-71.58170134642,67.844551242367));
#4221 = CARTESIAN_POINT('',(-71.5166655142,67.996556145601));
#4222 = CARTESIAN_POINT('',(-71.44712670198,68.146670733204));
#4223 = CARTESIAN_POINT('',(-71.37316149911,68.294708137709));
#4224 = CARTESIAN_POINT('',(-71.10133339351,68.800780870771));
#4225 = CARTESIAN_POINT('',(-70.88130793309,69.147287395194));
#4226 = CARTESIAN_POINT('',(-70.63614294049,69.477242411656));
#4227 = CARTESIAN_POINT('',(-70.36761208276,69.788169720314));
#4228 = CARTESIAN_POINT('',(-69.78816972031,70.367612082762));
#4229 = CARTESIAN_POINT('',(-69.47724241165,70.636142940495));
#4230 = CARTESIAN_POINT('',(-69.14728739519,70.881307933099));
#4231 = CARTESIAN_POINT('',(-68.80078087077,71.101333393513));
#4232 = CARTESIAN_POINT('',(-68.2947081377,71.373161499116));
#4233 = CARTESIAN_POINT('',(-68.1466707332,71.447126701984));
#4234 = CARTESIAN_POINT('',(-67.9965561456,71.516665514203));
#4235 = CARTESIAN_POINT('',(-67.84455124236,71.581701346426));
#4236 = CARTESIAN_POINT('',(-67.47606147935,71.726670116992));
#4237 = CARTESIAN_POINT('',(-67.25795772078,71.802252193317));
#4238 = CARTESIAN_POINT('',(-67.03706214104,71.86874134468));
#4239 = CARTESIAN_POINT('',(-66.81391251737,71.926013990317));
#4240 = CARTESIAN_POINT('',(-66.58905912811,71.97399804259));
#4241 = ( GEOMETRIC_REPRESENTATION_CONTEXT(2) 
PARAMETRIC_REPRESENTATION_CONTEXT() REPRESENTATION_CONTEXT('2D SPACE',''
  ) );
#4242 = PCURVE('',#3590,#4243);
#4243 = DEFINITIONAL_REPRESENTATION('',(#4244),#4271);
#4244 = B_SPLINE_CURVE_WITH_KNOTS('',5,(#4245,#4246,#4247,#4248,#4249,
    #4250,#4251,#4252,#4253,#4254,#4255,#4256,#4257,#4258,#4259,#4260,
    #4261,#4262,#4263,#4264,#4265,#4266,#4267,#4268,#4269,#4270),
  .UNSPECIFIED.,.F.,.F.,(6,4,4,4,4,4,6),(0.,0.143503099489,
    0.246195097994,0.5,0.753804902006,0.856496900511,1.),.UNSPECIFIED.);
#4245 = CARTESIAN_POINT('',(2.5,9.999999999992E-03));
#4246 = CARTESIAN_POINT('',(2.424523103127,9.999999999992E-03));
#4247 = CARTESIAN_POINT('',(2.349873439295,9.999999999992E-03));
#4248 = CARTESIAN_POINT('',(2.275959932607,9.999999999992E-03));
#4249 = CARTESIAN_POINT('',(2.202696089752,9.999999999992E-03));
#4250 = CARTESIAN_POINT('',(2.077978080149,9.999999999992E-03));
#4251 = CARTESIAN_POINT('',(2.026246792738,9.999999999992E-03));
#4252 = CARTESIAN_POINT('',(1.974776046722,9.999999999992E-03));
#4253 = CARTESIAN_POINT('',(1.923536588118,9.999999999992E-03));
#4254 = CARTESIAN_POINT('',(1.74636226352,9.999999999992E-03));
#4255 = CARTESIAN_POINT('',(1.621460176736,9.999999999992E-03));
#4256 = CARTESIAN_POINT('',(1.497373558696,9.999999999992E-03));
#4257 = CARTESIAN_POINT('',(1.373685077852,9.999999999992E-03));
#4258 = CARTESIAN_POINT('',(1.126314922148,9.999999999992E-03));
#4259 = CARTESIAN_POINT('',(1.002626441304,9.999999999992E-03));
#4260 = CARTESIAN_POINT('',(0.878539823264,9.999999999992E-03));
#4261 = CARTESIAN_POINT('',(0.75363773648,9.999999999992E-03));
#4262 = CARTESIAN_POINT('',(0.576463411883,9.999999999992E-03));
#4263 = CARTESIAN_POINT('',(0.525223953278,9.999999999992E-03));
#4264 = CARTESIAN_POINT('',(0.473753207262,9.999999999992E-03));
#4265 = CARTESIAN_POINT('',(0.422021919851,9.999999999992E-03));
#4266 = CARTESIAN_POINT('',(0.297303910248,9.999999999992E-03));
#4267 = CARTESIAN_POINT('',(0.224040067393,9.999999999992E-03));
#4268 = CARTESIAN_POINT('',(0.150126560705,9.999999999992E-03));
#4269 = CARTESIAN_POINT('',(7.547689687272E-02,9.999999999992E-03));
#4270 = CARTESIAN_POINT('',(0.,9.999999999992E-03));
#4271 = ( GEOMETRIC_REPRESENTATION_CONTEXT(2) 
PARAMETRIC_REPRESENTATION_CONTEXT() REPRESENTATION_CONTEXT('2D SPACE',''
  ) );
#4272 = ORIENTED_EDGE('',*,*,#4273,.F.);
#4273 = EDGE_CURVE('',#4274,#4182,#4276,.T.);
#4274 = VERTEX_POINT('',#4275);
#4275 = CARTESIAN_POINT('',(-71.97399804259,-66.58905912811,
    3.469446951954E-16));
#4276 = SURFACE_CURVE('',#4277,(#4282,#4293),.PCURVE_S1.);
#4277 = CIRCLE('',#4278,319.0625);
#4278 = AXIS2_PLACEMENT_3D('',#4279,#4280,#4281);
#4279 = CARTESIAN_POINT('',(240.0625,-2.13162820728E-14,0.));
#4280 = DIRECTION('',(-0.,0.,-1.));
#4281 = DIRECTION('',(-0.974926542605,0.222526934378,0.));
#4282 = PCURVE('',#3308,#4283);
#4283 = DEFINITIONAL_REPRESENTATION('',(#4284),#4292);
#4284 = ( BOUNDED_CURVE() B_SPLINE_CURVE(2,(#4285,#4286,#4287,#4288,
#4289,#4290,#4291),.UNSPECIFIED.,.T.,.F.) B_SPLINE_CURVE_WITH_KNOTS((1,2
    ,2,2,2,1),(-2.094395102393,0.,2.094395102393,4.188790204786,
6.28318530718,8.377580409573),.UNSPECIFIED.) CURVE() 
GEOMETRIC_REPRESENTATION_ITEM() RATIONAL_B_SPLINE_CURVE((1.,0.5,1.,0.5,
1.,0.5,1.)) REPRESENTATION_ITEM('') );
#4285 = CARTESIAN_POINT('',(-71.,71.));
#4286 = CARTESIAN_POINT('',(51.97560733739,609.77605432939));
#4287 = CARTESIAN_POINT('',(457.08155366869,233.88802716469));
#4288 = CARTESIAN_POINT('',(862.1875,-142.));
#4289 = CARTESIAN_POINT('',(334.1059463313,-304.8880271646));
#4290 = CARTESIAN_POINT('',(-193.9756073373,-467.7760543293));
#4291 = CARTESIAN_POINT('',(-71.,71.));
#4292 = ( GEOMETRIC_REPRESENTATION_CONTEXT(2) 
PARAMETRIC_REPRESENTATION_CONTEXT() REPRESENTATION_CONTEXT('2D SPACE',''
  ) );
#4293 = PCURVE('',#3516,#4294);
#4294 = DEFINITIONAL_REPRESENTATION('',(#4295),#4299);
#4295 = LINE('',#4296,#4297);
#4296 = CARTESIAN_POINT('',(-6.28318530718,-1.E-02));
#4297 = VECTOR('',#4298,1.);
#4298 = DIRECTION('',(1.,-0.));
#4299 = ( GEOMETRIC_REPRESENTATION_CONTEXT(2) 
PARAMETRIC_REPRESENTATION_CONTEXT() REPRESENTATION_CONTEXT('2D SPACE',''
  ) );
#4300 = ORIENTED_EDGE('',*,*,#4301,.T.);
#4301 = EDGE_CURVE('',#4274,#3914,#4302,.T.);
#4302 = SURFACE_CURVE('',#4303,(#4330,#4360),.PCURVE_S1.);
#4303 = B_SPLINE_CURVE_WITH_KNOTS('',5,(#4304,#4305,#4306,#4307,#4308,
    #4309,#4310,#4311,#4312,#4313,#4314,#4315,#4316,#4317,#4318,#4319,
    #4320,#4321,#4322,#4323,#4324,#4325,#4326,#4327,#4328,#4329),
  .UNSPECIFIED.,.F.,.F.,(6,4,4,4,4,4,6),(0.,0.143503099489,
    0.246195097994,0.5,0.753804902006,0.856496900511,1.),.UNSPECIFIED.);
#4304 = CARTESIAN_POINT('',(-71.97399804259,-66.58905912811,0.));
#4305 = CARTESIAN_POINT('',(-71.92601399031,-66.81391251737,0.));
#4306 = CARTESIAN_POINT('',(-71.86874134468,-67.03706214104,0.));
#4307 = CARTESIAN_POINT('',(-71.80225219331,-67.25795772078,0.));
#4308 = CARTESIAN_POINT('',(-71.72667011699,-67.47606147935,0.));
#4309 = CARTESIAN_POINT('',(-71.58170134642,-67.84455124236,0.));
#4310 = CARTESIAN_POINT('',(-71.5166655142,-67.9965561456,0.));
#4311 = CARTESIAN_POINT('',(-71.44712670198,-68.1466707332,0.));
#4312 = CARTESIAN_POINT('',(-71.37316149911,-68.2947081377,0.));
#4313 = CARTESIAN_POINT('',(-71.10133339351,-68.80078087077,0.));
#4314 = CARTESIAN_POINT('',(-70.88130793309,-69.14728739519,0.));
#4315 = CARTESIAN_POINT('',(-70.63614294049,-69.47724241165,0.));
#4316 = CARTESIAN_POINT('',(-70.36761208276,-69.78816972031,0.));
#4317 = CARTESIAN_POINT('',(-69.78816972031,-70.36761208276,0.));
#4318 = CARTESIAN_POINT('',(-69.47724241165,-70.63614294049,0.));
#4319 = CARTESIAN_POINT('',(-69.14728739519,-70.88130793309,0.));
#4320 = CARTESIAN_POINT('',(-68.80078087077,-71.10133339351,0.));
#4321 = CARTESIAN_POINT('',(-68.2947081377,-71.37316149911,0.));
#4322 = CARTESIAN_POINT('',(-68.1466707332,-71.44712670198,0.));
#4323 = CARTESIAN_POINT('',(-67.9965561456,-71.5166655142,0.));
#4324 = CARTESIAN_POINT('',(-67.84455124236,-71.58170134642,0.));
#4325 = CARTESIAN_POINT('',(-67.47606147935,-71.72667011699,0.));
#4326 = CARTESIAN_POINT('',(-67.25795772078,-71.80225219331,0.));
#4327 = CARTESIAN_POINT('',(-67.03706214104,-71.86874134468,0.));
#4328 = CARTESIAN_POINT('',(-66.81391251737,-71.92601399031,0.));
#4329 = CARTESIAN_POINT('',(-66.58905912811,-71.97399804259,0.));
#4330 = PCURVE('',#3308,#4331);
#4331 = DEFINITIONAL_REPRESENTATION('',(#4332),#4359);
#4332 = B_SPLINE_CURVE_WITH_KNOTS('',5,(#4333,#4334,#4335,#4336,#4337,
    #4338,#4339,#4340,#4341,#4342,#4343,#4344,#4345,#4346,#4347,#4348,
    #4349,#4350,#4351,#4352,#4353,#4354,#4355,#4356,#4357,#4358),
  .UNSPECIFIED.,.F.,.F.,(6,4,4,4,4,4,6),(0.,0.143503099489,
    0.246195097994,0.5,0.753804902006,0.856496900511,1.),.UNSPECIFIED.);
#4333 = CARTESIAN_POINT('',(-71.97399804259,-66.58905912811));
#4334 = CARTESIAN_POINT('',(-71.92601399031,-66.81391251737));
#4335 = CARTESIAN_POINT('',(-71.86874134468,-67.03706214104));
#4336 = CARTESIAN_POINT('',(-71.80225219331,-67.25795772078));
#4337 = CARTESIAN_POINT('',(-71.72667011699,-67.47606147935));
#4338 = CARTESIAN_POINT('',(-71.58170134642,-67.84455124236));
#4339 = CARTESIAN_POINT('',(-71.5166655142,-67.9965561456));
#4340 = CARTESIAN_POINT('',(-71.44712670198,-68.1466707332));
#4341 = CARTESIAN_POINT('',(-71.37316149911,-68.2947081377));
#4342 = CARTESIAN_POINT('',(-71.10133339351,-68.80078087077));
#4343 = CARTESIAN_POINT('',(-70.88130793309,-69.14728739519));
#4344 = CARTESIAN_POINT('',(-70.63614294049,-69.47724241165));
#4345 = CARTESIAN_POINT('',(-70.36761208276,-69.78816972031));
#4346 = CARTESIAN_POINT('',(-69.78816972031,-70.36761208276));
#4347 = CARTESIAN_POINT('',(-69.47724241165,-70.63614294049));
#4348 = CARTESIAN_POINT('',(-69.14728739519,-70.88130793309));
#4349 = CARTESIAN_POINT('',(-68.80078087077,-71.10133339351));
#4350 = CARTESIAN_POINT('',(-68.2947081377,-71.37316149911));
#4351 = CARTESIAN_POINT('',(-68.1466707332,-71.44712670198));
#4352 = CARTESIAN_POINT('',(-67.9965561456,-71.5166655142));
#4353 = CARTESIAN_POINT('',(-67.84455124236,-71.58170134642));
#4354 = CARTESIAN_POINT('',(-67.47606147935,-71.72667011699));
#4355 = CARTESIAN_POINT('',(-67.25795772078,-71.80225219331));
#4356 = CARTESIAN_POINT('',(-67.03706214104,-71.86874134468));
#4357 = CARTESIAN_POINT('',(-66.81391251737,-71.92601399031));
#4358 = CARTESIAN_POINT('',(-66.58905912811,-71.97399804259));
#4359 = ( GEOMETRIC_REPRESENTATION_CONTEXT(2) 
PARAMETRIC_REPRESENTATION_CONTEXT() REPRESENTATION_CONTEXT('2D SPACE',''
  ) );
#4360 = PCURVE('',#3453,#4361);
#4361 = DEFINITIONAL_REPRESENTATION('',(#4362),#4389);
#4362 = B_SPLINE_CURVE_WITH_KNOTS('',5,(#4363,#4364,#4365,#4366,#4367,
    #4368,#4369,#4370,#4371,#4372,#4373,#4374,#4375,#4376,#4377,#4378,
    #4379,#4380,#4381,#4382,#4383,#4384,#4385,#4386,#4387,#4388),
  .UNSPECIFIED.,.F.,.F.,(6,4,4,4,4,4,6),(0.,0.143503099489,
    0.246195097994,0.5,0.753804902006,0.856496900511,1.),.UNSPECIFIED.);
#4363 = CARTESIAN_POINT('',(2.5,9.999999999992E-03));
#4364 = CARTESIAN_POINT('',(2.424523103127,9.999999999992E-03));
#4365 = CARTESIAN_POINT('',(2.349873439295,9.999999999992E-03));
#4366 = CARTESIAN_POINT('',(2.275959932607,9.999999999992E-03));
#4367 = CARTESIAN_POINT('',(2.202696089752,9.999999999992E-03));
#4368 = CARTESIAN_POINT('',(2.077978080149,9.999999999992E-03));
#4369 = CARTESIAN_POINT('',(2.026246792738,9.999999999992E-03));
#4370 = CARTESIAN_POINT('',(1.974776046722,9.999999999992E-03));
#4371 = CARTESIAN_POINT('',(1.923536588118,9.999999999992E-03));
#4372 = CARTESIAN_POINT('',(1.74636226352,9.999999999992E-03));
#4373 = CARTESIAN_POINT('',(1.621460176736,9.999999999992E-03));
#4374 = CARTESIAN_POINT('',(1.497373558696,9.999999999992E-03));
#4375 = CARTESIAN_POINT('',(1.373685077852,9.999999999992E-03));
#4376 = CARTESIAN_POINT('',(1.126314922148,9.999999999992E-03));
#4377 = CARTESIAN_POINT('',(1.002626441304,9.999999999992E-03));
#4378 = CARTESIAN_POINT('',(0.878539823264,9.999999999992E-03));
#4379 = CARTESIAN_POINT('',(0.75363773648,9.999999999992E-03));
#4380 = CARTESIAN_POINT('',(0.576463411883,9.999999999992E-03));
#4381 = CARTESIAN_POINT('',(0.525223953278,9.999999999992E-03));
#4382 = CARTESIAN_POINT('',(0.473753207262,9.999999999992E-03));
#4383 = CARTESIAN_POINT('',(0.422021919851,9.999999999992E-03));
#4384 = CARTESIAN_POINT('',(0.297303910248,9.999999999992E-03));
#4385 = CARTESIAN_POINT('',(0.224040067393,9.999999999992E-03));
#4386 = CARTESIAN_POINT('',(0.150126560705,9.999999999992E-03));
#4387 = CARTESIAN_POINT('',(7.547689687272E-02,9.999999999992E-03));
#4388 = CARTESIAN_POINT('',(0.,9.999999999992E-03));
#4389 = ( GEOMETRIC_REPRESENTATION_CONTEXT(2) 
PARAMETRIC_REPRESENTATION_CONTEXT() REPRESENTATION_CONTEXT('2D SPACE',''
  ) );
#4390 = FACE_BOUND('',#4391,.F.);
#4391 = EDGE_LOOP('',(#4392));
#4392 = ORIENTED_EDGE('',*,*,#3291,.T.);
#4393 = ADVANCED_FACE('',(#4394),#3379,.T.);
#4394 = FACE_BOUND('',#4395,.F.);
#4395 = EDGE_LOOP('',(#4396,#4397,#4419,#4420));
#4396 = ORIENTED_EDGE('',*,*,#3911,.T.);
#4397 = ORIENTED_EDGE('',*,*,#4398,.T.);
#4398 = EDGE_CURVE('',#3914,#3361,#4399,.T.);
#4399 = SURFACE_CURVE('',#4400,(#4406,#4412),.PCURVE_S1.);
#4400 = B_SPLINE_CURVE_WITH_KNOTS('',2,(#4401,#4402,#4403,#4404,#4405),
  .UNSPECIFIED.,.F.,.F.,(3,1,1,3),(-0.153,-7.801593572554E-15,2.5,2.653)
  ,.UNSPECIFIED.);
#4401 = CARTESIAN_POINT('',(-66.58905912811,-71.97399804259,-0.163));
#4402 = CARTESIAN_POINT('',(-66.58905912811,-71.97399804259,-8.65E-02));
#4403 = CARTESIAN_POINT('',(-66.58905912811,-71.97399804259,1.24));
#4404 = CARTESIAN_POINT('',(-66.58905912811,-71.97399804259,2.5665));
#4405 = CARTESIAN_POINT('',(-66.58905912811,-71.97399804259,2.643));
#4406 = PCURVE('',#3379,#4407);
#4407 = DEFINITIONAL_REPRESENTATION('',(#4408),#4411);
#4408 = B_SPLINE_CURVE_WITH_KNOTS('',1,(#4409,#4410),.UNSPECIFIED.,.F.,
  .F.,(2,2),(-7.801593572554E-15,2.5),.PIECEWISE_BEZIER_KNOTS.);
#4409 = CARTESIAN_POINT('',(-1.41578375394E-02,-5.534852090539E-16));
#4410 = CARTESIAN_POINT('',(-1.41578375394E-02,-2.5));
#4411 = ( GEOMETRIC_REPRESENTATION_CONTEXT(2) 
PARAMETRIC_REPRESENTATION_CONTEXT() REPRESENTATION_CONTEXT('2D SPACE',''
  ) );
#4412 = PCURVE('',#3453,#4413);
#4413 = DEFINITIONAL_REPRESENTATION('',(#4414),#4418);
#4414 = LINE('',#4415,#4416);
#4415 = CARTESIAN_POINT('',(0.,0.));
#4416 = VECTOR('',#4417,1.);
#4417 = DIRECTION('',(0.,1.));
#4418 = ( GEOMETRIC_REPRESENTATION_CONTEXT(2) 
PARAMETRIC_REPRESENTATION_CONTEXT() REPRESENTATION_CONTEXT('2D SPACE',''
  ) );
#4419 = ORIENTED_EDGE('',*,*,#3360,.T.);
#4420 = ORIENTED_EDGE('',*,*,#4421,.F.);
#4421 = EDGE_CURVE('',#3912,#3363,#4422,.T.);
#4422 = SURFACE_CURVE('',#4423,(#4429,#4435),.PCURVE_S1.);
#4423 = B_SPLINE_CURVE_WITH_KNOTS('',2,(#4424,#4425,#4426,#4427,#4428),
  .UNSPECIFIED.,.F.,.F.,(3,1,1,3),(-0.153,-7.803219875813E-15,2.5,2.653)
  ,.UNSPECIFIED.);
#4424 = CARTESIAN_POINT('',(66.589059128109,-71.97399804259,-0.163));
#4425 = CARTESIAN_POINT('',(66.589059128109,-71.97399804259,-8.65E-02));
#4426 = CARTESIAN_POINT('',(66.589059128109,-71.97399804259,1.24));
#4427 = CARTESIAN_POINT('',(66.589059128109,-71.97399804259,2.5665));
#4428 = CARTESIAN_POINT('',(66.589059128109,-71.97399804259,2.643));
#4429 = PCURVE('',#3379,#4430);
#4430 = DEFINITIONAL_REPRESENTATION('',(#4431),#4434);
#4431 = B_SPLINE_CURVE_WITH_KNOTS('',1,(#4432,#4433),.UNSPECIFIED.,.F.,
  .F.,(2,2),(-7.803219875813E-15,2.5),.PIECEWISE_BEZIER_KNOTS.);
#4432 = CARTESIAN_POINT('',(-0.43465342245,-5.534852090539E-16));
#4433 = CARTESIAN_POINT('',(-0.43465342245,-2.5));
#4434 = ( GEOMETRIC_REPRESENTATION_CONTEXT(2) 
PARAMETRIC_REPRESENTATION_CONTEXT() REPRESENTATION_CONTEXT('2D SPACE',''
  ) );
#4435 = PCURVE('',#3862,#4436);
#4436 = DEFINITIONAL_REPRESENTATION('',(#4437),#4441);
#4437 = LINE('',#4438,#4439);
#4438 = CARTESIAN_POINT('',(0.,0.));
#4439 = VECTOR('',#4440,1.);
#4440 = DIRECTION('',(0.,1.));
#4441 = ( GEOMETRIC_REPRESENTATION_CONTEXT(2) 
PARAMETRIC_REPRESENTATION_CONTEXT() REPRESENTATION_CONTEXT('2D SPACE',''
  ) );
#4442 = ADVANCED_FACE('',(#4443),#3862,.T.);
#4443 = FACE_BOUND('',#4444,.T.);
#4444 = EDGE_LOOP('',(#4445,#4446,#4447,#4469));
#4445 = ORIENTED_EDGE('',*,*,#4421,.F.);
#4446 = ORIENTED_EDGE('',*,*,#3941,.F.);
#4447 = ORIENTED_EDGE('',*,*,#4448,.T.);
#4448 = EDGE_CURVE('',#3942,#3774,#4449,.T.);
#4449 = SURFACE_CURVE('',#4450,(#4456,#4463),.PCURVE_S1.);
#4450 = B_SPLINE_CURVE_WITH_KNOTS('',2,(#4451,#4452,#4453,#4454,#4455),
  .UNSPECIFIED.,.F.,.F.,(3,1,1,3),(-0.153,-7.803219875813E-15,2.5,2.653)
  ,.UNSPECIFIED.);
#4451 = CARTESIAN_POINT('',(71.97399804259,-66.58905912811,-0.163));
#4452 = CARTESIAN_POINT('',(71.97399804259,-66.58905912811,-8.65E-02));
#4453 = CARTESIAN_POINT('',(71.97399804259,-66.58905912811,1.24));
#4454 = CARTESIAN_POINT('',(71.97399804259,-66.58905912811,2.5665));
#4455 = CARTESIAN_POINT('',(71.97399804259,-66.58905912811,2.643));
#4456 = PCURVE('',#3862,#4457);
#4457 = DEFINITIONAL_REPRESENTATION('',(#4458),#4462);
#4458 = LINE('',#4459,#4460);
#4459 = CARTESIAN_POINT('',(2.5,0.));
#4460 = VECTOR('',#4461,1.);
#4461 = DIRECTION('',(0.,1.));
#4462 = ( GEOMETRIC_REPRESENTATION_CONTEXT(2) 
PARAMETRIC_REPRESENTATION_CONTEXT() REPRESENTATION_CONTEXT('2D SPACE',''
  ) );
#4463 = PCURVE('',#3790,#4464);
#4464 = DEFINITIONAL_REPRESENTATION('',(#4465),#4468);
#4465 = B_SPLINE_CURVE_WITH_KNOTS('',1,(#4466,#4467),.UNSPECIFIED.,.F.,
  .F.,(2,2),(-7.803219875813E-15,2.5),.PIECEWISE_BEZIER_KNOTS.);
#4466 = CARTESIAN_POINT('',(-1.41578375394E-02,-5.534852090539E-16));
#4467 = CARTESIAN_POINT('',(-1.41578375394E-02,-2.5));
#4468 = ( GEOMETRIC_REPRESENTATION_CONTEXT(2) 
PARAMETRIC_REPRESENTATION_CONTEXT() REPRESENTATION_CONTEXT('2D SPACE',''
  ) );
#4469 = ORIENTED_EDGE('',*,*,#3802,.F.);
#4470 = ADVANCED_FACE('',(#4471),#3790,.T.);
#4471 = FACE_BOUND('',#4472,.F.);
#4472 = EDGE_LOOP('',(#4473,#4474,#4475,#4476));
#4473 = ORIENTED_EDGE('',*,*,#4033,.T.);
#4474 = ORIENTED_EDGE('',*,*,#4448,.T.);
#4475 = ORIENTED_EDGE('',*,*,#3773,.T.);
#4476 = ORIENTED_EDGE('',*,*,#4477,.F.);
#4477 = EDGE_CURVE('',#4034,#3666,#4478,.T.);
#4478 = SURFACE_CURVE('',#4479,(#4485,#4491),.PCURVE_S1.);
#4479 = B_SPLINE_CURVE_WITH_KNOTS('',2,(#4480,#4481,#4482,#4483,#4484),
  .UNSPECIFIED.,.F.,.F.,(3,1,1,3),(-0.153,3.741364856813E-15,2.5,2.653),
  .UNSPECIFIED.);
#4480 = CARTESIAN_POINT('',(71.97399804259,66.58905912811,-0.163));
#4481 = CARTESIAN_POINT('',(71.97399804259,66.58905912811,-8.65E-02));
#4482 = CARTESIAN_POINT('',(71.97399804259,66.58905912811,1.24));
#4483 = CARTESIAN_POINT('',(71.97399804259,66.589059128109,2.5665));
#4484 = CARTESIAN_POINT('',(71.97399804259,66.589059128109,2.643));
#4485 = PCURVE('',#3790,#4486);
#4486 = DEFINITIONAL_REPRESENTATION('',(#4487),#4490);
#4487 = B_SPLINE_CURVE_WITH_KNOTS('',1,(#4488,#4489),.UNSPECIFIED.,.F.,
  .F.,(2,2),(3.741364856813E-15,2.5),.PIECEWISE_BEZIER_KNOTS.);
#4488 = CARTESIAN_POINT('',(-0.43465342245,4.704624276958E-15));
#4489 = CARTESIAN_POINT('',(-0.43465342245,-2.5));
#4490 = ( GEOMETRIC_REPRESENTATION_CONTEXT(2) 
PARAMETRIC_REPRESENTATION_CONTEXT() REPRESENTATION_CONTEXT('2D SPACE',''
  ) );
#4491 = PCURVE('',#3727,#4492);
#4492 = DEFINITIONAL_REPRESENTATION('',(#4493),#4497);
#4493 = LINE('',#4494,#4495);
#4494 = CARTESIAN_POINT('',(0.,0.));
#4495 = VECTOR('',#4496,1.);
#4496 = DIRECTION('',(0.,1.));
#4497 = ( GEOMETRIC_REPRESENTATION_CONTEXT(2) 
PARAMETRIC_REPRESENTATION_CONTEXT() REPRESENTATION_CONTEXT('2D SPACE',''
  ) );
#4498 = ADVANCED_FACE('',(#4499),#3727,.T.);
#4499 = FACE_BOUND('',#4500,.T.);
#4500 = EDGE_LOOP('',(#4501,#4502,#4503,#4525));
#4501 = ORIENTED_EDGE('',*,*,#4477,.F.);
#4502 = ORIENTED_EDGE('',*,*,#4061,.F.);
#4503 = ORIENTED_EDGE('',*,*,#4504,.T.);
#4504 = EDGE_CURVE('',#4062,#3637,#4505,.T.);
#4505 = SURFACE_CURVE('',#4506,(#4512,#4519),.PCURVE_S1.);
#4506 = B_SPLINE_CURVE_WITH_KNOTS('',2,(#4507,#4508,#4509,#4510,#4511),
  .UNSPECIFIED.,.F.,.F.,(3,1,1,3),(-0.153,3.741364856813E-15,2.5,2.653),
  .UNSPECIFIED.);
#4507 = CARTESIAN_POINT('',(66.589059128109,71.97399804259,-0.163));
#4508 = CARTESIAN_POINT('',(66.589059128109,71.97399804259,
    -8.649999999999E-02));
#4509 = CARTESIAN_POINT('',(66.589059128109,71.97399804259,1.24));
#4510 = CARTESIAN_POINT('',(66.58905912811,71.97399804259,2.5665));
#4511 = CARTESIAN_POINT('',(66.58905912811,71.97399804259,2.643));
#4512 = PCURVE('',#3727,#4513);
#4513 = DEFINITIONAL_REPRESENTATION('',(#4514),#4518);
#4514 = LINE('',#4515,#4516);
#4515 = CARTESIAN_POINT('',(2.5,0.));
#4516 = VECTOR('',#4517,1.);
#4517 = DIRECTION('',(0.,1.));
#4518 = ( GEOMETRIC_REPRESENTATION_CONTEXT(2) 
PARAMETRIC_REPRESENTATION_CONTEXT() REPRESENTATION_CONTEXT('2D SPACE',''
  ) );
#4519 = PCURVE('',#3653,#4520);
#4520 = DEFINITIONAL_REPRESENTATION('',(#4521),#4524);
#4521 = B_SPLINE_CURVE_WITH_KNOTS('',1,(#4522,#4523),.UNSPECIFIED.,.F.,
  .F.,(2,2),(3.741364856813E-15,2.5),.PIECEWISE_BEZIER_KNOTS.);
#4522 = CARTESIAN_POINT('',(-1.41578375394E-02,-4.981366881485E-15));
#4523 = CARTESIAN_POINT('',(-1.41578375394E-02,-2.5));
#4524 = ( GEOMETRIC_REPRESENTATION_CONTEXT(2) 
PARAMETRIC_REPRESENTATION_CONTEXT() REPRESENTATION_CONTEXT('2D SPACE',''
  ) );
#4525 = ORIENTED_EDGE('',*,*,#3665,.F.);
#4526 = ADVANCED_FACE('',(#4527),#3653,.T.);
#4527 = FACE_BOUND('',#4528,.F.);
#4528 = EDGE_LOOP('',(#4529,#4530,#4531,#4532));
#4529 = ORIENTED_EDGE('',*,*,#4153,.T.);
#4530 = ORIENTED_EDGE('',*,*,#4504,.T.);
#4531 = ORIENTED_EDGE('',*,*,#3636,.T.);
#4532 = ORIENTED_EDGE('',*,*,#4533,.F.);
#4533 = EDGE_CURVE('',#4154,#3529,#4534,.T.);
#4534 = SURFACE_CURVE('',#4535,(#4541,#4547),.PCURVE_S1.);
#4535 = B_SPLINE_CURVE_WITH_KNOTS('',2,(#4536,#4537,#4538,#4539,#4540),
  .UNSPECIFIED.,.F.,.F.,(3,1,1,3),(-0.153,-7.801593572554E-15,2.5,2.653)
  ,.UNSPECIFIED.);
#4536 = CARTESIAN_POINT('',(-66.58905912811,71.97399804259,-0.163));
#4537 = CARTESIAN_POINT('',(-66.58905912811,71.97399804259,-8.65E-02));
#4538 = CARTESIAN_POINT('',(-66.58905912811,71.97399804259,1.24));
#4539 = CARTESIAN_POINT('',(-66.58905912811,71.97399804259,2.5665));
#4540 = CARTESIAN_POINT('',(-66.58905912811,71.97399804259,2.643));
#4541 = PCURVE('',#3653,#4542);
#4542 = DEFINITIONAL_REPRESENTATION('',(#4543),#4546);
#4543 = B_SPLINE_CURVE_WITH_KNOTS('',1,(#4544,#4545),.UNSPECIFIED.,.F.,
  .F.,(2,2),(-7.801593572554E-15,2.5),.PIECEWISE_BEZIER_KNOTS.);
#4544 = CARTESIAN_POINT('',(-0.43465342245,-5.534852090539E-16));
#4545 = CARTESIAN_POINT('',(-0.43465342245,-2.5));
#4546 = ( GEOMETRIC_REPRESENTATION_CONTEXT(2) 
PARAMETRIC_REPRESENTATION_CONTEXT() REPRESENTATION_CONTEXT('2D SPACE',''
  ) );
#4547 = PCURVE('',#3590,#4548);
#4548 = DEFINITIONAL_REPRESENTATION('',(#4549),#4553);
#4549 = LINE('',#4550,#4551);
#4550 = CARTESIAN_POINT('',(0.,0.));
#4551 = VECTOR('',#4552,1.);
#4552 = DIRECTION('',(0.,1.));
#4553 = ( GEOMETRIC_REPRESENTATION_CONTEXT(2) 
PARAMETRIC_REPRESENTATION_CONTEXT() REPRESENTATION_CONTEXT('2D SPACE',''
  ) );
#4554 = ADVANCED_FACE('',(#4555),#3590,.T.);
#4555 = FACE_BOUND('',#4556,.T.);
#4556 = EDGE_LOOP('',(#4557,#4558,#4559,#4581));
#4557 = ORIENTED_EDGE('',*,*,#4533,.F.);
#4558 = ORIENTED_EDGE('',*,*,#4181,.F.);
#4559 = ORIENTED_EDGE('',*,*,#4560,.T.);
#4560 = EDGE_CURVE('',#4182,#3500,#4561,.T.);
#4561 = SURFACE_CURVE('',#4562,(#4568,#4575),.PCURVE_S1.);
#4562 = B_SPLINE_CURVE_WITH_KNOTS('',2,(#4563,#4564,#4565,#4566,#4567),
  .UNSPECIFIED.,.F.,.F.,(3,1,1,3),(-0.153,-7.801593572554E-15,2.5,2.653)
  ,.UNSPECIFIED.);
#4563 = CARTESIAN_POINT('',(-71.97399804259,66.589059128109,-0.163));
#4564 = CARTESIAN_POINT('',(-71.97399804259,66.589059128109,-8.65E-02));
#4565 = CARTESIAN_POINT('',(-71.97399804259,66.589059128109,1.24));
#4566 = CARTESIAN_POINT('',(-71.97399804259,66.589059128109,2.5665));
#4567 = CARTESIAN_POINT('',(-71.97399804259,66.589059128109,2.643));
#4568 = PCURVE('',#3590,#4569);
#4569 = DEFINITIONAL_REPRESENTATION('',(#4570),#4574);
#4570 = LINE('',#4571,#4572);
#4571 = CARTESIAN_POINT('',(2.5,0.));
#4572 = VECTOR('',#4573,1.);
#4573 = DIRECTION('',(0.,1.));
#4574 = ( GEOMETRIC_REPRESENTATION_CONTEXT(2) 
PARAMETRIC_REPRESENTATION_CONTEXT() REPRESENTATION_CONTEXT('2D SPACE',''
  ) );
#4575 = PCURVE('',#3516,#4576);
#4576 = DEFINITIONAL_REPRESENTATION('',(#4577),#4580);
#4577 = B_SPLINE_CURVE_WITH_KNOTS('',1,(#4578,#4579),.UNSPECIFIED.,.F.,
  .F.,(2,2),(-7.801593572554E-15,2.5),.PIECEWISE_BEZIER_KNOTS.);
#4578 = CARTESIAN_POINT('',(-1.41578375394E-02,0.));
#4579 = CARTESIAN_POINT('',(-1.41578375394E-02,-2.5));
#4580 = ( GEOMETRIC_REPRESENTATION_CONTEXT(2) 
PARAMETRIC_REPRESENTATION_CONTEXT() REPRESENTATION_CONTEXT('2D SPACE',''
  ) );
#4581 = ORIENTED_EDGE('',*,*,#3528,.F.);
#4582 = ADVANCED_FACE('',(#4583),#3516,.T.);
#4583 = FACE_BOUND('',#4584,.F.);
#4584 = EDGE_LOOP('',(#4585,#4586,#4587,#4588));
#4585 = ORIENTED_EDGE('',*,*,#4273,.T.);
#4586 = ORIENTED_EDGE('',*,*,#4560,.T.);
#4587 = ORIENTED_EDGE('',*,*,#3499,.T.);
#4588 = ORIENTED_EDGE('',*,*,#4589,.F.);
#4589 = EDGE_CURVE('',#4274,#3392,#4590,.T.);
#4590 = SURFACE_CURVE('',#4591,(#4597,#4603),.PCURVE_S1.);
#4591 = B_SPLINE_CURVE_WITH_KNOTS('',2,(#4592,#4593,#4594,#4595,#4596),
  .UNSPECIFIED.,.F.,.F.,(3,1,1,3),(-0.153,-7.801593572554E-15,2.5,2.653)
  ,.UNSPECIFIED.);
#4592 = CARTESIAN_POINT('',(-71.97399804259,-66.58905912811,-0.163));
#4593 = CARTESIAN_POINT('',(-71.97399804259,-66.58905912811,-8.65E-02));
#4594 = CARTESIAN_POINT('',(-71.97399804259,-66.58905912811,1.24));
#4595 = CARTESIAN_POINT('',(-71.97399804259,-66.58905912811,2.5665));
#4596 = CARTESIAN_POINT('',(-71.97399804259,-66.58905912811,2.643));
#4597 = PCURVE('',#3516,#4598);
#4598 = DEFINITIONAL_REPRESENTATION('',(#4599),#4602);
#4599 = B_SPLINE_CURVE_WITH_KNOTS('',1,(#4600,#4601),.UNSPECIFIED.,.F.,
  .F.,(2,2),(-7.801593572554E-15,2.5),.PIECEWISE_BEZIER_KNOTS.);
#4600 = CARTESIAN_POINT('',(-0.43465342245,0.));
#4601 = CARTESIAN_POINT('',(-0.43465342245,-2.5));
#4602 = ( GEOMETRIC_REPRESENTATION_CONTEXT(2) 
PARAMETRIC_REPRESENTATION_CONTEXT() REPRESENTATION_CONTEXT('2D SPACE',''
  ) );
#4603 = PCURVE('',#3453,#4604);
#4604 = DEFINITIONAL_REPRESENTATION('',(#4605),#4609);
#4605 = LINE('',#4606,#4607);
#4606 = CARTESIAN_POINT('',(2.5,0.));
#4607 = VECTOR('',#4608,1.);
#4608 = DIRECTION('',(0.,1.));
#4609 = ( GEOMETRIC_REPRESENTATION_CONTEXT(2) 
PARAMETRIC_REPRESENTATION_CONTEXT() REPRESENTATION_CONTEXT('2D SPACE',''
  ) );
#4610 = ADVANCED_FACE('',(#4611),#3453,.F.);
#4611 = FACE_BOUND('',#4612,.F.);
#4612 = EDGE_LOOP('',(#4613,#4614,#4615,#4616));
#4613 = ORIENTED_EDGE('',*,*,#4398,.F.);
#4614 = ORIENTED_EDGE('',*,*,#4301,.F.);
#4615 = ORIENTED_EDGE('',*,*,#4589,.T.);
#4616 = ORIENTED_EDGE('',*,*,#3391,.F.);
#4617 = ( GEOMETRIC_REPRESENTATION_CONTEXT(3) 
GLOBAL_UNCERTAINTY_ASSIGNED_CONTEXT((#4621)) 
GLOBAL_UNIT_ASSIGNED_CONTEXT((#4618,#4619,#4620)) REPRESENTATION_CONTEXT
('Context #1','3D Context with UNIT and UNCERTAINTY') );
#4618 = ( LENGTH_UNIT() NAMED_UNIT(*) SI_UNIT(.MILLI.,.METRE.) );
#4619 = ( NAMED_UNIT(*) PLANE_ANGLE_UNIT() SI_UNIT($,.RADIAN.) );
#4620 = ( NAMED_UNIT(*) SI_UNIT($,.STERADIAN.) SOLID_ANGLE_UNIT() );
#4621 = UNCERTAINTY_MEASURE_WITH_UNIT(LENGTH_MEASURE(1.E-06),#4618,
  'distance_accuracy_value','confusion accuracy');
#4622 = CONTEXT_DEPENDENT_SHAPE_REPRESENTATION(#4623,#4625);
#4623 = ( REPRESENTATION_RELATIONSHIP('','',#44,#10) 
REPRESENTATION_RELATIONSHIP_WITH_TRANSFORMATION(#4624) 
SHAPE_REPRESENTATION_RELATIONSHIP() );
#4624 = ITEM_DEFINED_TRANSFORMATION('','',#11,#15);
#4625 = PRODUCT_DEFINITION_SHAPE('Placement','Placement of an item',
  #4626);
#4626 = NEXT_ASSEMBLY_USAGE_OCCURRENCE('493','autotrickler v4 panel','',
  #5,#39,$);
#4627 = PRODUCT_RELATED_PRODUCT_CATEGORY('part',$,(#41));
#4628 = SHAPE_DEFINITION_REPRESENTATION(#4629,#4635);
#4629 = PRODUCT_DEFINITION_SHAPE('','',#4630);
#4630 = PRODUCT_DEFINITION('design','',#4631,#4634);
#4631 = PRODUCT_DEFINITION_FORMATION('','',#4632);
#4632 = PRODUCT('panel bumper 1','panel bumper 1','',(#4633));
#4633 = PRODUCT_CONTEXT('',#2,'mechanical');
#4634 = PRODUCT_DEFINITION_CONTEXT('part definition',#2,'design');
#4635 = ADVANCED_BREP_SHAPE_REPRESENTATION('',(#11,#4636),#4734);
#4636 = MANIFOLD_SOLID_BREP('',#4637);
#4637 = CLOSED_SHELL('',(#4638,#4726,#4730));
#4638 = ADVANCED_FACE('',(#4639),#4653,.T.);
#4639 = FACE_BOUND('',#4640,.F.);
#4640 = EDGE_LOOP('',(#4641,#4671,#4698,#4699));
#4641 = ORIENTED_EDGE('',*,*,#4642,.T.);
#4642 = EDGE_CURVE('',#4643,#4645,#4647,.T.);
#4643 = VERTEX_POINT('',#4644);
#4644 = CARTESIAN_POINT('',(-56.65,-25.,6.));
#4645 = VERTEX_POINT('',#4646);
#4646 = CARTESIAN_POINT('',(-56.65,-25.,9.6));
#4647 = SEAM_CURVE('',#4648,(#4652,#4664),.PCURVE_S1.);
#4648 = LINE('',#4649,#4650);
#4649 = CARTESIAN_POINT('',(-56.65,-25.,6.));
#4650 = VECTOR('',#4651,1.);
#4651 = DIRECTION('',(0.,0.,1.));
#4652 = PCURVE('',#4653,#4658);
#4653 = CYLINDRICAL_SURFACE('',#4654,6.35);
#4654 = AXIS2_PLACEMENT_3D('',#4655,#4656,#4657);
#4655 = CARTESIAN_POINT('',(-63.,-25.,6.));
#4656 = DIRECTION('',(-0.,-0.,-1.));
#4657 = DIRECTION('',(1.,0.,0.));
#4658 = DEFINITIONAL_REPRESENTATION('',(#4659),#4663);
#4659 = LINE('',#4660,#4661);
#4660 = CARTESIAN_POINT('',(-0.,0.));
#4661 = VECTOR('',#4662,1.);
#4662 = DIRECTION('',(-0.,-1.));
#4663 = ( GEOMETRIC_REPRESENTATION_CONTEXT(2) 
PARAMETRIC_REPRESENTATION_CONTEXT() REPRESENTATION_CONTEXT('2D SPACE',''
  ) );
#4664 = PCURVE('',#4653,#4665);
#4665 = DEFINITIONAL_REPRESENTATION('',(#4666),#4670);
#4666 = LINE('',#4667,#4668);
#4667 = CARTESIAN_POINT('',(-6.28318530718,0.));
#4668 = VECTOR('',#4669,1.);
#4669 = DIRECTION('',(-0.,-1.));
#4670 = ( GEOMETRIC_REPRESENTATION_CONTEXT(2) 
PARAMETRIC_REPRESENTATION_CONTEXT() REPRESENTATION_CONTEXT('2D SPACE',''
  ) );
#4671 = ORIENTED_EDGE('',*,*,#4672,.T.);
#4672 = EDGE_CURVE('',#4645,#4645,#4673,.T.);
#4673 = SURFACE_CURVE('',#4674,(#4679,#4686),.PCURVE_S1.);
#4674 = CIRCLE('',#4675,6.35);
#4675 = AXIS2_PLACEMENT_3D('',#4676,#4677,#4678);
#4676 = CARTESIAN_POINT('',(-63.,-25.,9.6));
#4677 = DIRECTION('',(0.,0.,1.));
#4678 = DIRECTION('',(1.,0.,0.));
#4679 = PCURVE('',#4653,#4680);
#4680 = DEFINITIONAL_REPRESENTATION('',(#4681),#4685);
#4681 = LINE('',#4682,#4683);
#4682 = CARTESIAN_POINT('',(-0.,-3.6));
#4683 = VECTOR('',#4684,1.);
#4684 = DIRECTION('',(-1.,0.));
#4685 = ( GEOMETRIC_REPRESENTATION_CONTEXT(2) 
PARAMETRIC_REPRESENTATION_CONTEXT() REPRESENTATION_CONTEXT('2D SPACE',''
  ) );
#4686 = PCURVE('',#4687,#4692);
#4687 = PLANE('',#4688);
#4688 = AXIS2_PLACEMENT_3D('',#4689,#4690,#4691);
#4689 = CARTESIAN_POINT('',(-63.,-25.,9.6));
#4690 = DIRECTION('',(0.,0.,1.));
#4691 = DIRECTION('',(1.,0.,-0.));
#4692 = DEFINITIONAL_REPRESENTATION('',(#4693),#4697);
#4693 = CIRCLE('',#4694,6.35);
#4694 = AXIS2_PLACEMENT_2D('',#4695,#4696);
#4695 = CARTESIAN_POINT('',(0.,0.));
#4696 = DIRECTION('',(1.,0.));
#4697 = ( GEOMETRIC_REPRESENTATION_CONTEXT(2) 
PARAMETRIC_REPRESENTATION_CONTEXT() REPRESENTATION_CONTEXT('2D SPACE',''
  ) );
#4698 = ORIENTED_EDGE('',*,*,#4642,.F.);
#4699 = ORIENTED_EDGE('',*,*,#4700,.F.);
#4700 = EDGE_CURVE('',#4643,#4643,#4701,.T.);
#4701 = SURFACE_CURVE('',#4702,(#4707,#4714),.PCURVE_S1.);
#4702 = CIRCLE('',#4703,6.35);
#4703 = AXIS2_PLACEMENT_3D('',#4704,#4705,#4706);
#4704 = CARTESIAN_POINT('',(-63.,-25.,6.));
#4705 = DIRECTION('',(0.,0.,1.));
#4706 = DIRECTION('',(1.,0.,0.));
#4707 = PCURVE('',#4653,#4708);
#4708 = DEFINITIONAL_REPRESENTATION('',(#4709),#4713);
#4709 = LINE('',#4710,#4711);
#4710 = CARTESIAN_POINT('',(-0.,0.));
#4711 = VECTOR('',#4712,1.);
#4712 = DIRECTION('',(-1.,0.));
#4713 = ( GEOMETRIC_REPRESENTATION_CONTEXT(2) 
PARAMETRIC_REPRESENTATION_CONTEXT() REPRESENTATION_CONTEXT('2D SPACE',''
  ) );
#4714 = PCURVE('',#4715,#4720);
#4715 = PLANE('',#4716);
#4716 = AXIS2_PLACEMENT_3D('',#4717,#4718,#4719);
#4717 = CARTESIAN_POINT('',(-63.,-25.,6.));
#4718 = DIRECTION('',(0.,0.,1.));
#4719 = DIRECTION('',(1.,0.,-0.));
#4720 = DEFINITIONAL_REPRESENTATION('',(#4721),#4725);
#4721 = CIRCLE('',#4722,6.35);
#4722 = AXIS2_PLACEMENT_2D('',#4723,#4724);
#4723 = CARTESIAN_POINT('',(0.,0.));
#4724 = DIRECTION('',(1.,0.));
#4725 = ( GEOMETRIC_REPRESENTATION_CONTEXT(2) 
PARAMETRIC_REPRESENTATION_CONTEXT() REPRESENTATION_CONTEXT('2D SPACE',''
  ) );
#4726 = ADVANCED_FACE('',(#4727),#4715,.F.);
#4727 = FACE_BOUND('',#4728,.F.);
#4728 = EDGE_LOOP('',(#4729));
#4729 = ORIENTED_EDGE('',*,*,#4700,.T.);
#4730 = ADVANCED_FACE('',(#4731),#4687,.T.);
#4731 = FACE_BOUND('',#4732,.T.);
#4732 = EDGE_LOOP('',(#4733));
#4733 = ORIENTED_EDGE('',*,*,#4672,.T.);
#4734 = ( GEOMETRIC_REPRESENTATION_CONTEXT(3) 
GLOBAL_UNCERTAINTY_ASSIGNED_CONTEXT((#4738)) 
GLOBAL_UNIT_ASSIGNED_CONTEXT((#4735,#4736,#4737)) REPRESENTATION_CONTEXT
('Context #1','3D Context with UNIT and UNCERTAINTY') );
#4735 = ( LENGTH_UNIT() NAMED_UNIT(*) SI_UNIT(.MILLI.,.METRE.) );
#4736 = ( NAMED_UNIT(*) PLANE_ANGLE_UNIT() SI_UNIT($,.RADIAN.) );
#4737 = ( NAMED_UNIT(*) SI_UNIT($,.STERADIAN.) SOLID_ANGLE_UNIT() );
#4738 = UNCERTAINTY_MEASURE_WITH_UNIT(LENGTH_MEASURE(1.E-07),#4735,
  'distance_accuracy_value','confusion accuracy');
#4739 = CONTEXT_DEPENDENT_SHAPE_REPRESENTATION(#4740,#4742);
#4740 = ( REPRESENTATION_RELATIONSHIP('','',#4635,#10) 
REPRESENTATION_RELATIONSHIP_WITH_TRANSFORMATION(#4741) 
SHAPE_REPRESENTATION_RELATIONSHIP() );
#4741 = ITEM_DEFINED_TRANSFORMATION('','',#11,#19);
#4742 = PRODUCT_DEFINITION_SHAPE('Placement','Placement of an item',
  #4743);
#4743 = NEXT_ASSEMBLY_USAGE_OCCURRENCE('494','panel bumper 1','',#5,
  #4630,$);
#4744 = PRODUCT_RELATED_PRODUCT_CATEGORY('part',$,(#4632));
#4745 = SHAPE_DEFINITION_REPRESENTATION(#4746,#4752);
#4746 = PRODUCT_DEFINITION_SHAPE('','',#4747);
#4747 = PRODUCT_DEFINITION('design','',#4748,#4751);
#4748 = PRODUCT_DEFINITION_FORMATION('','',#4749);
#4749 = PRODUCT('panel bumper 2','panel bumper 2','',(#4750));
#4750 = PRODUCT_CONTEXT('',#2,'mechanical');
#4751 = PRODUCT_DEFINITION_CONTEXT('part definition',#2,'design');
#4752 = ADVANCED_BREP_SHAPE_REPRESENTATION('',(#11,#4753),#4851);
#4753 = MANIFOLD_SOLID_BREP('',#4754);
#4754 = CLOSED_SHELL('',(#4755,#4843,#4847));
#4755 = ADVANCED_FACE('',(#4756),#4770,.T.);
#4756 = FACE_BOUND('',#4757,.F.);
#4757 = EDGE_LOOP('',(#4758,#4788,#4815,#4816));
#4758 = ORIENTED_EDGE('',*,*,#4759,.T.);
#4759 = EDGE_CURVE('',#4760,#4762,#4764,.T.);
#4760 = VERTEX_POINT('',#4761);
#4761 = CARTESIAN_POINT('',(69.35,-25.,6.));
#4762 = VERTEX_POINT('',#4763);
#4763 = CARTESIAN_POINT('',(69.35,-25.,9.6));
#4764 = SEAM_CURVE('',#4765,(#4769,#4781),.PCURVE_S1.);
#4765 = LINE('',#4766,#4767);
#4766 = CARTESIAN_POINT('',(69.35,-25.,6.));
#4767 = VECTOR('',#4768,1.);
#4768 = DIRECTION('',(0.,0.,1.));
#4769 = PCURVE('',#4770,#4775);
#4770 = CYLINDRICAL_SURFACE('',#4771,6.35);
#4771 = AXIS2_PLACEMENT_3D('',#4772,#4773,#4774);
#4772 = CARTESIAN_POINT('',(63.,-25.,6.));
#4773 = DIRECTION('',(-0.,-0.,-1.));
#4774 = DIRECTION('',(1.,0.,0.));
#4775 = DEFINITIONAL_REPRESENTATION('',(#4776),#4780);
#4776 = LINE('',#4777,#4778);
#4777 = CARTESIAN_POINT('',(-0.,0.));
#4778 = VECTOR('',#4779,1.);
#4779 = DIRECTION('',(-0.,-1.));
#4780 = ( GEOMETRIC_REPRESENTATION_CONTEXT(2) 
PARAMETRIC_REPRESENTATION_CONTEXT() REPRESENTATION_CONTEXT('2D SPACE',''
  ) );
#4781 = PCURVE('',#4770,#4782);
#4782 = DEFINITIONAL_REPRESENTATION('',(#4783),#4787);
#4783 = LINE('',#4784,#4785);
#4784 = CARTESIAN_POINT('',(-6.28318530718,0.));
#4785 = VECTOR('',#4786,1.);
#4786 = DIRECTION('',(-0.,-1.));
#4787 = ( GEOMETRIC_REPRESENTATION_CONTEXT(2) 
PARAMETRIC_REPRESENTATION_CONTEXT() REPRESENTATION_CONTEXT('2D SPACE',''
  ) );
#4788 = ORIENTED_EDGE('',*,*,#4789,.T.);
#4789 = EDGE_CURVE('',#4762,#4762,#4790,.T.);
#4790 = SURFACE_CURVE('',#4791,(#4796,#4803),.PCURVE_S1.);
#4791 = CIRCLE('',#4792,6.35);
#4792 = AXIS2_PLACEMENT_3D('',#4793,#4794,#4795);
#4793 = CARTESIAN_POINT('',(63.,-25.,9.6));
#4794 = DIRECTION('',(0.,0.,1.));
#4795 = DIRECTION('',(1.,0.,0.));
#4796 = PCURVE('',#4770,#4797);
#4797 = DEFINITIONAL_REPRESENTATION('',(#4798),#4802);
#4798 = LINE('',#4799,#4800);
#4799 = CARTESIAN_POINT('',(-0.,-3.6));
#4800 = VECTOR('',#4801,1.);
#4801 = DIRECTION('',(-1.,0.));
#4802 = ( GEOMETRIC_REPRESENTATION_CONTEXT(2) 
PARAMETRIC_REPRESENTATION_CONTEXT() REPRESENTATION_CONTEXT('2D SPACE',''
  ) );
#4803 = PCURVE('',#4804,#4809);
#4804 = PLANE('',#4805);
#4805 = AXIS2_PLACEMENT_3D('',#4806,#4807,#4808);
#4806 = CARTESIAN_POINT('',(63.,-25.,9.6));
#4807 = DIRECTION('',(0.,0.,1.));
#4808 = DIRECTION('',(1.,0.,-0.));
#4809 = DEFINITIONAL_REPRESENTATION('',(#4810),#4814);
#4810 = CIRCLE('',#4811,6.35);
#4811 = AXIS2_PLACEMENT_2D('',#4812,#4813);
#4812 = CARTESIAN_POINT('',(0.,0.));
#4813 = DIRECTION('',(1.,0.));
#4814 = ( GEOMETRIC_REPRESENTATION_CONTEXT(2) 
PARAMETRIC_REPRESENTATION_CONTEXT() REPRESENTATION_CONTEXT('2D SPACE',''
  ) );
#4815 = ORIENTED_EDGE('',*,*,#4759,.F.);
#4816 = ORIENTED_EDGE('',*,*,#4817,.F.);
#4817 = EDGE_CURVE('',#4760,#4760,#4818,.T.);
#4818 = SURFACE_CURVE('',#4819,(#4824,#4831),.PCURVE_S1.);
#4819 = CIRCLE('',#4820,6.35);
#4820 = AXIS2_PLACEMENT_3D('',#4821,#4822,#4823);
#4821 = CARTESIAN_POINT('',(63.,-25.,6.));
#4822 = DIRECTION('',(0.,0.,1.));
#4823 = DIRECTION('',(1.,0.,0.));
#4824 = PCURVE('',#4770,#4825);
#4825 = DEFINITIONAL_REPRESENTATION('',(#4826),#4830);
#4826 = LINE('',#4827,#4828);
#4827 = CARTESIAN_POINT('',(-0.,0.));
#4828 = VECTOR('',#4829,1.);
#4829 = DIRECTION('',(-1.,0.));
#4830 = ( GEOMETRIC_REPRESENTATION_CONTEXT(2) 
PARAMETRIC_REPRESENTATION_CONTEXT() REPRESENTATION_CONTEXT('2D SPACE',''
  ) );
#4831 = PCURVE('',#4832,#4837);
#4832 = PLANE('',#4833);
#4833 = AXIS2_PLACEMENT_3D('',#4834,#4835,#4836);
#4834 = CARTESIAN_POINT('',(63.,-25.,6.));
#4835 = DIRECTION('',(0.,0.,1.));
#4836 = DIRECTION('',(1.,0.,-0.));
#4837 = DEFINITIONAL_REPRESENTATION('',(#4838),#4842);
#4838 = CIRCLE('',#4839,6.35);
#4839 = AXIS2_PLACEMENT_2D('',#4840,#4841);
#4840 = CARTESIAN_POINT('',(0.,0.));
#4841 = DIRECTION('',(1.,0.));
#4842 = ( GEOMETRIC_REPRESENTATION_CONTEXT(2) 
PARAMETRIC_REPRESENTATION_CONTEXT() REPRESENTATION_CONTEXT('2D SPACE',''
  ) );
#4843 = ADVANCED_FACE('',(#4844),#4832,.F.);
#4844 = FACE_BOUND('',#4845,.F.);
#4845 = EDGE_LOOP('',(#4846));
#4846 = ORIENTED_EDGE('',*,*,#4817,.T.);
#4847 = ADVANCED_FACE('',(#4848),#4804,.T.);
#4848 = FACE_BOUND('',#4849,.T.);
#4849 = EDGE_LOOP('',(#4850));
#4850 = ORIENTED_EDGE('',*,*,#4789,.T.);
#4851 = ( GEOMETRIC_REPRESENTATION_CONTEXT(3) 
GLOBAL_UNCERTAINTY_ASSIGNED_CONTEXT((#4855)) 
GLOBAL_UNIT_ASSIGNED_CONTEXT((#4852,#4853,#4854)) REPRESENTATION_CONTEXT
('Context #1','3D Context with UNIT and UNCERTAINTY') );
#4852 = ( LENGTH_UNIT() NAMED_UNIT(*) SI_UNIT(.MILLI.,.METRE.) );
#4853 = ( NAMED_UNIT(*) PLANE_ANGLE_UNIT() SI_UNIT($,.RADIAN.) );
#4854 = ( NAMED_UNIT(*) SI_UNIT($,.STERADIAN.) SOLID_ANGLE_UNIT() );
#4855 = UNCERTAINTY_MEASURE_WITH_UNIT(LENGTH_MEASURE(1.E-07),#4852,
  'distance_accuracy_value','confusion accuracy');
#4856 = CONTEXT_DEPENDENT_SHAPE_REPRESENTATION(#4857,#4859);
#4857 = ( REPRESENTATION_RELATIONSHIP('','',#4752,#10) 
REPRESENTATION_RELATIONSHIP_WITH_TRANSFORMATION(#4858) 
SHAPE_REPRESENTATION_RELATIONSHIP() );
#4858 = ITEM_DEFINED_TRANSFORMATION('','',#11,#23);
#4859 = PRODUCT_DEFINITION_SHAPE('Placement','Placement of an item',
  #4860);
#4860 = NEXT_ASSEMBLY_USAGE_OCCURRENCE('495','panel bumper 2','',#5,
  #4747,$);
#4861 = PRODUCT_RELATED_PRODUCT_CATEGORY('part',$,(#4749));
#4862 = SHAPE_DEFINITION_REPRESENTATION(#4863,#4869);
#4863 = PRODUCT_DEFINITION_SHAPE('','',#4864);
#4864 = PRODUCT_DEFINITION('design','',#4865,#4868);
#4865 = PRODUCT_DEFINITION_FORMATION('','',#4866);
#4866 = PRODUCT('panel bumper 3','panel bumper 3','',(#4867));
#4867 = PRODUCT_CONTEXT('',#2,'mechanical');
#4868 = PRODUCT_DEFINITION_CONTEXT('part definition',#2,'design');
#4869 = ADVANCED_BREP_SHAPE_REPRESENTATION('',(#11,#4870),#4968);
#4870 = MANIFOLD_SOLID_BREP('',#4871);
#4871 = CLOSED_SHELL('',(#4872,#4960,#4964));
#4872 = ADVANCED_FACE('',(#4873),#4887,.T.);
#4873 = FACE_BOUND('',#4874,.F.);
#4874 = EDGE_LOOP('',(#4875,#4905,#4932,#4933));
#4875 = ORIENTED_EDGE('',*,*,#4876,.T.);
#4876 = EDGE_CURVE('',#4877,#4879,#4881,.T.);
#4877 = VERTEX_POINT('',#4878);
#4878 = CARTESIAN_POINT('',(6.35,-100.,6.));
#4879 = VERTEX_POINT('',#4880);
#4880 = CARTESIAN_POINT('',(6.35,-100.,9.6));
#4881 = SEAM_CURVE('',#4882,(#4886,#4898),.PCURVE_S1.);
#4882 = LINE('',#4883,#4884);
#4883 = CARTESIAN_POINT('',(6.35,-100.,6.));
#4884 = VECTOR('',#4885,1.);
#4885 = DIRECTION('',(0.,0.,1.));
#4886 = PCURVE('',#4887,#4892);
#4887 = CYLINDRICAL_SURFACE('',#4888,6.35);
#4888 = AXIS2_PLACEMENT_3D('',#4889,#4890,#4891);
#4889 = CARTESIAN_POINT('',(0.,-100.,6.));
#4890 = DIRECTION('',(-0.,-0.,-1.));
#4891 = DIRECTION('',(1.,0.,0.));
#4892 = DEFINITIONAL_REPRESENTATION('',(#4893),#4897);
#4893 = LINE('',#4894,#4895);
#4894 = CARTESIAN_POINT('',(-0.,0.));
#4895 = VECTOR('',#4896,1.);
#4896 = DIRECTION('',(-0.,-1.));
#4897 = ( GEOMETRIC_REPRESENTATION_CONTEXT(2) 
PARAMETRIC_REPRESENTATION_CONTEXT() REPRESENTATION_CONTEXT('2D SPACE',''
  ) );
#4898 = PCURVE('',#4887,#4899);
#4899 = DEFINITIONAL_REPRESENTATION('',(#4900),#4904);
#4900 = LINE('',#4901,#4902);
#4901 = CARTESIAN_POINT('',(-6.28318530718,0.));
#4902 = VECTOR('',#4903,1.);
#4903 = DIRECTION('',(-0.,-1.));
#4904 = ( GEOMETRIC_REPRESENTATION_CONTEXT(2) 
PARAMETRIC_REPRESENTATION_CONTEXT() REPRESENTATION_CONTEXT('2D SPACE',''
  ) );
#4905 = ORIENTED_EDGE('',*,*,#4906,.T.);
#4906 = EDGE_CURVE('',#4879,#4879,#4907,.T.);
#4907 = SURFACE_CURVE('',#4908,(#4913,#4920),.PCURVE_S1.);
#4908 = CIRCLE('',#4909,6.35);
#4909 = AXIS2_PLACEMENT_3D('',#4910,#4911,#4912);
#4910 = CARTESIAN_POINT('',(0.,-100.,9.6));
#4911 = DIRECTION('',(0.,0.,1.));
#4912 = DIRECTION('',(1.,0.,0.));
#4913 = PCURVE('',#4887,#4914);
#4914 = DEFINITIONAL_REPRESENTATION('',(#4915),#4919);
#4915 = LINE('',#4916,#4917);
#4916 = CARTESIAN_POINT('',(-0.,-3.6));
#4917 = VECTOR('',#4918,1.);
#4918 = DIRECTION('',(-1.,0.));
#4919 = ( GEOMETRIC_REPRESENTATION_CONTEXT(2) 
PARAMETRIC_REPRESENTATION_CONTEXT() REPRESENTATION_CONTEXT('2D SPACE',''
  ) );
#4920 = PCURVE('',#4921,#4926);
#4921 = PLANE('',#4922);
#4922 = AXIS2_PLACEMENT_3D('',#4923,#4924,#4925);
#4923 = CARTESIAN_POINT('',(0.,-100.,9.6));
#4924 = DIRECTION('',(0.,0.,1.));
#4925 = DIRECTION('',(1.,0.,-0.));
#4926 = DEFINITIONAL_REPRESENTATION('',(#4927),#4931);
#4927 = CIRCLE('',#4928,6.35);
#4928 = AXIS2_PLACEMENT_2D('',#4929,#4930);
#4929 = CARTESIAN_POINT('',(0.,0.));
#4930 = DIRECTION('',(1.,0.));
#4931 = ( GEOMETRIC_REPRESENTATION_CONTEXT(2) 
PARAMETRIC_REPRESENTATION_CONTEXT() REPRESENTATION_CONTEXT('2D SPACE',''
  ) );
#4932 = ORIENTED_EDGE('',*,*,#4876,.F.);
#4933 = ORIENTED_EDGE('',*,*,#4934,.F.);
#4934 = EDGE_CURVE('',#4877,#4877,#4935,.T.);
#4935 = SURFACE_CURVE('',#4936,(#4941,#4948),.PCURVE_S1.);
#4936 = CIRCLE('',#4937,6.35);
#4937 = AXIS2_PLACEMENT_3D('',#4938,#4939,#4940);
#4938 = CARTESIAN_POINT('',(0.,-100.,6.));
#4939 = DIRECTION('',(0.,0.,1.));
#4940 = DIRECTION('',(1.,0.,0.));
#4941 = PCURVE('',#4887,#4942);
#4942 = DEFINITIONAL_REPRESENTATION('',(#4943),#4947);
#4943 = LINE('',#4944,#4945);
#4944 = CARTESIAN_POINT('',(-0.,0.));
#4945 = VECTOR('',#4946,1.);
#4946 = DIRECTION('',(-1.,0.));
#4947 = ( GEOMETRIC_REPRESENTATION_CONTEXT(2) 
PARAMETRIC_REPRESENTATION_CONTEXT() REPRESENTATION_CONTEXT('2D SPACE',''
  ) );
#4948 = PCURVE('',#4949,#4954);
#4949 = PLANE('',#4950);
#4950 = AXIS2_PLACEMENT_3D('',#4951,#4952,#4953);
#4951 = CARTESIAN_POINT('',(0.,-100.,6.));
#4952 = DIRECTION('',(0.,0.,1.));
#4953 = DIRECTION('',(1.,0.,-0.));
#4954 = DEFINITIONAL_REPRESENTATION('',(#4955),#4959);
#4955 = CIRCLE('',#4956,6.35);
#4956 = AXIS2_PLACEMENT_2D('',#4957,#4958);
#4957 = CARTESIAN_POINT('',(0.,0.));
#4958 = DIRECTION('',(1.,0.));
#4959 = ( GEOMETRIC_REPRESENTATION_CONTEXT(2) 
PARAMETRIC_REPRESENTATION_CONTEXT() REPRESENTATION_CONTEXT('2D SPACE',''
  ) );
#4960 = ADVANCED_FACE('',(#4961),#4949,.F.);
#4961 = FACE_BOUND('',#4962,.F.);
#4962 = EDGE_LOOP('',(#4963));
#4963 = ORIENTED_EDGE('',*,*,#4934,.T.);
#4964 = ADVANCED_FACE('',(#4965),#4921,.T.);
#4965 = FACE_BOUND('',#4966,.T.);
#4966 = EDGE_LOOP('',(#4967));
#4967 = ORIENTED_EDGE('',*,*,#4906,.T.);
#4968 = ( GEOMETRIC_REPRESENTATION_CONTEXT(3) 
GLOBAL_UNCERTAINTY_ASSIGNED_CONTEXT((#4972)) 
GLOBAL_UNIT_ASSIGNED_CONTEXT((#4969,#4970,#4971)) REPRESENTATION_CONTEXT
('Context #1','3D Context with UNIT and UNCERTAINTY') );
#4969 = ( LENGTH_UNIT() NAMED_UNIT(*) SI_UNIT(.MILLI.,.METRE.) );
#4970 = ( NAMED_UNIT(*) PLANE_ANGLE_UNIT() SI_UNIT($,.RADIAN.) );
#4971 = ( NAMED_UNIT(*) SI_UNIT($,.STERADIAN.) SOLID_ANGLE_UNIT() );
#4972 = UNCERTAINTY_MEASURE_WITH_UNIT(LENGTH_MEASURE(1.E-07),#4969,
  'distance_accuracy_value','confusion accuracy');
#4973 = CONTEXT_DEPENDENT_SHAPE_REPRESENTATION(#4974,#4976);
#4974 = ( REPRESENTATION_RELATIONSHIP('','',#4869,#10) 
REPRESENTATION_RELATIONSHIP_WITH_TRANSFORMATION(#4975) 
SHAPE_REPRESENTATION_RELATIONSHIP() );
#4975 = ITEM_DEFINED_TRANSFORMATION('','',#11,#27);
#4976 = PRODUCT_DEFINITION_SHAPE('Placement','Placement of an item',
  #4977);
#4977 = NEXT_ASSEMBLY_USAGE_OCCURRENCE('496','panel bumper 3','',#5,
  #4864,$);
#4978 = PRODUCT_RELATED_PRODUCT_CATEGORY('part',$,(#4866));
#4979 = MECHANICAL_DESIGN_GEOMETRIC_PRESENTATION_REPRESENTATION('',(
    #4980),#4851);
#4980 = STYLED_ITEM('color',(#4981),#4753);
#4981 = PRESENTATION_STYLE_ASSIGNMENT((#4982));
#4982 = SURFACE_STYLE_USAGE(.BOTH.,#4983);
#4983 = SURFACE_SIDE_STYLE('',(#4984));
#4984 = SURFACE_STYLE_FILL_AREA(#4985);
#4985 = FILL_AREA_STYLE('',(#4986));
#4986 = FILL_AREA_STYLE_COLOUR('',#4987);
#4987 = COLOUR_RGB('',0.859999984366,0.889999989794,0.930000003373);
#4988 = MECHANICAL_DESIGN_GEOMETRIC_PRESENTATION_REPRESENTATION('',(
    #4989),#4617);
#4989 = STYLED_ITEM('color',(#4990),#45);
#4990 = PRESENTATION_STYLE_ASSIGNMENT((#4991));
#4991 = SURFACE_STYLE_USAGE(.BOTH.,#4992);
#4992 = SURFACE_SIDE_STYLE('',(#4993));
#4993 = SURFACE_STYLE_FILL_AREA(#4994);
#4994 = FILL_AREA_STYLE('',(#4995));
#4995 = FILL_AREA_STYLE_COLOUR('',#4996);
#4996 = COLOUR_RGB('',0.850000012718,0.920000012397,0.950000001282);
#4997 = MECHANICAL_DESIGN_GEOMETRIC_PRESENTATION_REPRESENTATION('',(
    #4998),#4968);
#4998 = STYLED_ITEM('color',(#4999),#4870);
#4999 = PRESENTATION_STYLE_ASSIGNMENT((#5000));
#5000 = SURFACE_STYLE_USAGE(.BOTH.,#5001);
#5001 = SURFACE_SIDE_STYLE('',(#5002));
#5002 = SURFACE_STYLE_FILL_AREA(#5003);
#5003 = FILL_AREA_STYLE('',(#5004));
#5004 = FILL_AREA_STYLE_COLOUR('',#4987);
#5005 = MECHANICAL_DESIGN_GEOMETRIC_PRESENTATION_REPRESENTATION('',(
    #5006),#4734);
#5006 = STYLED_ITEM('color',(#5007),#4636);
#5007 = PRESENTATION_STYLE_ASSIGNMENT((#5008));
#5008 = SURFACE_STYLE_USAGE(.BOTH.,#5009);
#5009 = SURFACE_SIDE_STYLE('',(#5010));
#5010 = SURFACE_STYLE_FILL_AREA(#5011);
#5011 = FILL_AREA_STYLE('',(#5012));
#5012 = FILL_AREA_STYLE_COLOUR('',#4987);
ENDSEC;
END-ISO-10303-21;
