ISO-10303-21;
HEADER;
FILE_DESCRIPTION(('Open CASCADE Model'),'2;1');
FILE_NAME('Open CASCADE Shape Model','2026-10-03T19:17:34',('Author'),(
    'Open CASCADE'),'Open CASCADE STEP processor 7.9','Open CASCADE 7.9'
  ,'Unknown');
FILE_SCHEMA(('AUTOMOTIVE_DESIGN { 1 0 10303 214 1 1 1 1 }'));
ENDSEC;
DATA;
#1 = APPLICATION_PROTOCOL_DEFINITION('international standard',
  'automotive_design',2000,#2);
#2 = APPLICATION_CONTEXT(
  'core data for automotive mechanical design processes');
#3 = SHAPE_DEFINITION_REPRESENTATION(#4,#10);
#4 = PRODUCT_DEFINITION_SHAPE('','',#5);
#5 = PRODUCT_DEFINITION('design','',#6,#9);
#6 = PRODUCT_DEFINITION_FORMATION('','',#7);
#7 = PRODUCT('Open CASCADE STEP translator 7.9 1',
  'Open CASCADE STEP translator 7.9 1','',(#8));
#8 = PRODUCT_CONTEXT('',#2,'mechanical');
#9 = PRODUCT_DEFINITION_CONTEXT('part definition',#2,'design');
#10 = ADVANCED_BREP_SHAPE_REPRESENTATION('',(#11,#15),#7525);
#11 = AXIS2_PLACEMENT_3D('',#12,#13,#14);
#12 = CARTESIAN_POINT('',(0.,0.,0.));
#13 = DIRECTION('',(0.,0.,1.));
#14 = DIRECTION('',(1.,0.,-0.));
#15 = MANIFOLD_SOLID_BREP('',#16);
#16 = CLOSED_SHELL('',(#17,#526,#737,#832,#1212,#1264,#1523,#1888,#2023,
    #2072,#2119,#2236,#2288,#2336,#2701,#2820,#2847,#2902,#2957,#3004,
    #3019,#3530,#3633,#3665,#3693,#3698,#3971,#4106,#4155,#4204,#4280,
    #4415,#4464,#4562,#4589,#4665,#4714,#4763,#4812,#4861,#4888,#4964,
    #5013,#5062,#5111,#5160,#5187,#5193,#5247,#5301,#5377,#5426,#5475,
    #5524,#5573,#5600,#5676,#5725,#5774,#5823,#5872,#5899,#5953,#6007,
    #6037,#6067,#6114,#6205,#6252,#6305,#6370,#6397,#6447,#6474,#6524,
    #6533,#6668,#6717,#6766,#6819,#6954,#7003,#7078,#7105,#7132,#7139,
    #7194,#7221,#7228,#7283,#7295,#7307,#7319,#7331,#7358,#7365,#7420,
    #7447,#7454,#7509,#7513,#7517,#7521));
#17 = ADVANCED_FACE('',(#18,#456,#491),#32,.F.);
#18 = FACE_BOUND('',#19,.F.);
#19 = EDGE_LOOP('',(#20,#55,#83,#116,#144,#172,#200,#229,#257,#285,#313,
    #346,#374,#402,#430));
#20 = ORIENTED_EDGE('',*,*,#21,.F.);
#21 = EDGE_CURVE('',#22,#24,#26,.T.);
#22 = VERTEX_POINT('',#23);
#23 = CARTESIAN_POINT('',(-51.,14.5,21.92));
#24 = VERTEX_POINT('',#25);
#25 = CARTESIAN_POINT('',(-51.,14.500000000001,14.753531423392));
#26 = SURFACE_CURVE('',#27,(#31,#43),.PCURVE_S1.);
#27 = LINE('',#28,#29);
#28 = CARTESIAN_POINT('',(-51.,14.5,25.92));
#29 = VECTOR('',#30,1.);
#30 = DIRECTION('',(0.,0.,-1.));
#31 = PCURVE('',#32,#37);
#32 = PLANE('',#33);
#33 = AXIS2_PLACEMENT_3D('',#34,#35,#36);
#34 = CARTESIAN_POINT('',(-51.,14.5,-18.08));
#35 = DIRECTION('',(0.,1.,0.));
#36 = DIRECTION('',(0.,0.,1.));
#37 = DEFINITIONAL_REPRESENTATION('',(#38),#42);
#38 = LINE('',#39,#40);
#39 = CARTESIAN_POINT('',(44.,0.));
#40 = VECTOR('',#41,1.);
#41 = DIRECTION('',(-1.,0.));
#42 = ( GEOMETRIC_REPRESENTATION_CONTEXT(2) 
PARAMETRIC_REPRESENTATION_CONTEXT() REPRESENTATION_CONTEXT('2D SPACE',''
  ) );
#43 = PCURVE('',#44,#49);
#44 = PLANE('',#45);
#45 = AXIS2_PLACEMENT_3D('',#46,#47,#48);
#46 = CARTESIAN_POINT('',(-51.,-300.,-300.));
#47 = DIRECTION('',(1.,0.,0.));
#48 = DIRECTION('',(0.,0.,1.));
#49 = DEFINITIONAL_REPRESENTATION('',(#50),#54);
#50 = LINE('',#51,#52);
#51 = CARTESIAN_POINT('',(325.92,-314.5));
#52 = VECTOR('',#53,1.);
#53 = DIRECTION('',(-1.,0.));
#54 = ( GEOMETRIC_REPRESENTATION_CONTEXT(2) 
PARAMETRIC_REPRESENTATION_CONTEXT() REPRESENTATION_CONTEXT('2D SPACE',''
  ) );
#55 = ORIENTED_EDGE('',*,*,#56,.F.);
#56 = EDGE_CURVE('',#57,#22,#59,.T.);
#57 = VERTEX_POINT('',#58);
#58 = CARTESIAN_POINT('',(-34.97145783212,14.5,21.92));
#59 = SURFACE_CURVE('',#60,(#64,#71),.PCURVE_S1.);
#60 = LINE('',#61,#62);
#61 = CARTESIAN_POINT('',(-34.97145783212,14.5,21.92));
#62 = VECTOR('',#63,1.);
#63 = DIRECTION('',(-1.,0.,6.206177827314E-15));
#64 = PCURVE('',#32,#65);
#65 = DEFINITIONAL_REPRESENTATION('',(#66),#70);
#66 = LINE('',#67,#68);
#67 = CARTESIAN_POINT('',(40.,16.028542167873));
#68 = VECTOR('',#69,1.);
#69 = DIRECTION('',(6.206177827314E-15,-1.));
#70 = ( GEOMETRIC_REPRESENTATION_CONTEXT(2) 
PARAMETRIC_REPRESENTATION_CONTEXT() REPRESENTATION_CONTEXT('2D SPACE',''
  ) );
#71 = PCURVE('',#72,#77);
#72 = PLANE('',#73);
#73 = AXIS2_PLACEMENT_3D('',#74,#75,#76);
#74 = CARTESIAN_POINT('',(-51.,14.5,21.92));
#75 = DIRECTION('',(0.,0.,1.));
#76 = DIRECTION('',(1.,0.,0.));
#77 = DEFINITIONAL_REPRESENTATION('',(#78),#82);
#78 = LINE('',#79,#80);
#79 = CARTESIAN_POINT('',(16.028542167873,0.));
#80 = VECTOR('',#81,1.);
#81 = DIRECTION('',(-1.,0.));
#82 = ( GEOMETRIC_REPRESENTATION_CONTEXT(2) 
PARAMETRIC_REPRESENTATION_CONTEXT() REPRESENTATION_CONTEXT('2D SPACE',''
  ) );
#83 = ORIENTED_EDGE('',*,*,#84,.F.);
#84 = EDGE_CURVE('',#85,#57,#87,.T.);
#85 = VERTEX_POINT('',#86);
#86 = CARTESIAN_POINT('',(-16.90999999999,14.5,34.34410368846));
#87 = SURFACE_CURVE('',#88,(#93,#104),.PCURVE_S1.);
#88 = CIRCLE('',#89,33.65);
#89 = AXIS2_PLACEMENT_3D('',#90,#91,#92);
#90 = CARTESIAN_POINT('',(-7.91,14.5,1.92));
#91 = DIRECTION('',(0.,-1.,0.));
#92 = DIRECTION('',(1.,0.,0.));
#93 = PCURVE('',#32,#94);
#94 = DEFINITIONAL_REPRESENTATION('',(#95),#103);
#95 = ( BOUNDED_CURVE() B_SPLINE_CURVE(2,(#96,#97,#98,#99,#100,#101,#102
),.UNSPECIFIED.,.T.,.F.) B_SPLINE_CURVE_WITH_KNOTS((1,2,2,2,2,1),(
    -2.094395102393,0.,2.094395102393,4.188790204786,6.28318530718,
8.377580409573),.UNSPECIFIED.) CURVE() GEOMETRIC_REPRESENTATION_ITEM() 
RATIONAL_B_SPLINE_CURVE((1.,0.5,1.,0.5,1.,0.5,1.)) REPRESENTATION_ITEM(
  '') );
#96 = CARTESIAN_POINT('',(20.,76.74));
#97 = CARTESIAN_POINT('',(78.283509674693,76.74));
#98 = CARTESIAN_POINT('',(49.141754837346,26.265));
#99 = CARTESIAN_POINT('',(20.,-24.21));
#100 = CARTESIAN_POINT('',(-9.141754837346,26.265));
#101 = CARTESIAN_POINT('',(-38.28350967469,76.74));
#102 = CARTESIAN_POINT('',(20.,76.74));
#103 = ( GEOMETRIC_REPRESENTATION_CONTEXT(2) 
PARAMETRIC_REPRESENTATION_CONTEXT() REPRESENTATION_CONTEXT('2D SPACE',''
  ) );
#104 = PCURVE('',#105,#110);
#105 = CYLINDRICAL_SURFACE('',#106,33.65);
#106 = AXIS2_PLACEMENT_3D('',#107,#108,#109);
#107 = CARTESIAN_POINT('',(-7.91,14.5,1.92));
#108 = DIRECTION('',(0.,-1.,0.));
#109 = DIRECTION('',(1.,0.,0.));
#110 = DEFINITIONAL_REPRESENTATION('',(#111),#115);
#111 = LINE('',#112,#113);
#112 = CARTESIAN_POINT('',(0.,0.));
#113 = VECTOR('',#114,1.);
#114 = DIRECTION('',(1.,0.));
#115 = ( GEOMETRIC_REPRESENTATION_CONTEXT(2) 
PARAMETRIC_REPRESENTATION_CONTEXT() REPRESENTATION_CONTEXT('2D SPACE',''
  ) );
#116 = ORIENTED_EDGE('',*,*,#117,.T.);
#117 = EDGE_CURVE('',#85,#118,#120,.T.);
#118 = VERTEX_POINT('',#119);
#119 = CARTESIAN_POINT('',(-16.91,14.5,45.92));
#120 = SURFACE_CURVE('',#121,(#125,#132),.PCURVE_S1.);
#121 = LINE('',#122,#123);
#122 = CARTESIAN_POINT('',(-16.91,14.5,26.92));
#123 = VECTOR('',#124,1.);
#124 = DIRECTION('',(0.,0.,1.));
#125 = PCURVE('',#32,#126);
#126 = DEFINITIONAL_REPRESENTATION('',(#127),#131);
#127 = LINE('',#128,#129);
#128 = CARTESIAN_POINT('',(45.,34.09));
#129 = VECTOR('',#130,1.);
#130 = DIRECTION('',(1.,0.));
#131 = ( GEOMETRIC_REPRESENTATION_CONTEXT(2) 
PARAMETRIC_REPRESENTATION_CONTEXT() REPRESENTATION_CONTEXT('2D SPACE',''
  ) );
#132 = PCURVE('',#133,#138);
#133 = PLANE('',#134);
#134 = AXIS2_PLACEMENT_3D('',#135,#136,#137);
#135 = CARTESIAN_POINT('',(-16.91,14.5,26.92));
#136 = DIRECTION('',(1.,0.,0.));
#137 = DIRECTION('',(0.,0.,1.));
#138 = DEFINITIONAL_REPRESENTATION('',(#139),#143);
#139 = LINE('',#140,#141);
#140 = CARTESIAN_POINT('',(0.,0.));
#141 = VECTOR('',#142,1.);
#142 = DIRECTION('',(1.,0.));
#143 = ( GEOMETRIC_REPRESENTATION_CONTEXT(2) 
PARAMETRIC_REPRESENTATION_CONTEXT() REPRESENTATION_CONTEXT('2D SPACE',''
  ) );
#144 = ORIENTED_EDGE('',*,*,#145,.T.);
#145 = EDGE_CURVE('',#118,#146,#148,.T.);
#146 = VERTEX_POINT('',#147);
#147 = CARTESIAN_POINT('',(-8.21,14.5,45.92));
#148 = SURFACE_CURVE('',#149,(#153,#160),.PCURVE_S1.);
#149 = LINE('',#150,#151);
#150 = CARTESIAN_POINT('',(-16.91,14.5,45.92));
#151 = VECTOR('',#152,1.);
#152 = DIRECTION('',(1.,0.,0.));
#153 = PCURVE('',#32,#154);
#154 = DEFINITIONAL_REPRESENTATION('',(#155),#159);
#155 = LINE('',#156,#157);
#156 = CARTESIAN_POINT('',(64.,34.09));
#157 = VECTOR('',#158,1.);
#158 = DIRECTION('',(0.,1.));
#159 = ( GEOMETRIC_REPRESENTATION_CONTEXT(2) 
PARAMETRIC_REPRESENTATION_CONTEXT() REPRESENTATION_CONTEXT('2D SPACE',''
  ) );
#160 = PCURVE('',#161,#166);
#161 = PLANE('',#162);
#162 = AXIS2_PLACEMENT_3D('',#163,#164,#165);
#163 = CARTESIAN_POINT('',(-16.91,14.5,45.92));
#164 = DIRECTION('',(0.,0.,1.));
#165 = DIRECTION('',(1.,0.,0.));
#166 = DEFINITIONAL_REPRESENTATION('',(#167),#171);
#167 = LINE('',#168,#169);
#168 = CARTESIAN_POINT('',(0.,0.));
#169 = VECTOR('',#170,1.);
#170 = DIRECTION('',(1.,0.));
#171 = ( GEOMETRIC_REPRESENTATION_CONTEXT(2) 
PARAMETRIC_REPRESENTATION_CONTEXT() REPRESENTATION_CONTEXT('2D SPACE',''
  ) );
#172 = ORIENTED_EDGE('',*,*,#173,.F.);
#173 = EDGE_CURVE('',#174,#146,#176,.T.);
#174 = VERTEX_POINT('',#175);
#175 = CARTESIAN_POINT('',(-8.21,14.5,30.568429276315));
#176 = SURFACE_CURVE('',#177,(#181,#188),.PCURVE_S1.);
#177 = LINE('',#178,#179);
#178 = CARTESIAN_POINT('',(-8.21,14.5,26.92));
#179 = VECTOR('',#180,1.);
#180 = DIRECTION('',(0.,0.,1.));
#181 = PCURVE('',#32,#182);
#182 = DEFINITIONAL_REPRESENTATION('',(#183),#187);
#183 = LINE('',#184,#185);
#184 = CARTESIAN_POINT('',(45.,42.79));
#185 = VECTOR('',#186,1.);
#186 = DIRECTION('',(1.,0.));
#187 = ( GEOMETRIC_REPRESENTATION_CONTEXT(2) 
PARAMETRIC_REPRESENTATION_CONTEXT() REPRESENTATION_CONTEXT('2D SPACE',''
  ) );
#188 = PCURVE('',#189,#194);
#189 = PLANE('',#190);
#190 = AXIS2_PLACEMENT_3D('',#191,#192,#193);
#191 = CARTESIAN_POINT('',(-8.21,-50.,-200.));
#192 = DIRECTION('',(1.,0.,0.));
#193 = DIRECTION('',(0.,0.,1.));
#194 = DEFINITIONAL_REPRESENTATION('',(#195),#199);
#195 = LINE('',#196,#197);
#196 = CARTESIAN_POINT('',(226.92,-64.5));
#197 = VECTOR('',#198,1.);
#198 = DIRECTION('',(1.,0.));
#199 = ( GEOMETRIC_REPRESENTATION_CONTEXT(2) 
PARAMETRIC_REPRESENTATION_CONTEXT() REPRESENTATION_CONTEXT('2D SPACE',''
  ) );
#200 = ORIENTED_EDGE('',*,*,#201,.F.);
#201 = EDGE_CURVE('',#202,#174,#204,.T.);
#202 = VERTEX_POINT('',#203);
#203 = CARTESIAN_POINT('',(-8.21,14.5,-26.72842927631));
#204 = SURFACE_CURVE('',#205,(#210,#217),.PCURVE_S1.);
#205 = CIRCLE('',#206,28.65);
#206 = AXIS2_PLACEMENT_3D('',#207,#208,#209);
#207 = CARTESIAN_POINT('',(-7.91,14.5,1.92));
#208 = DIRECTION('',(0.,1.,0.));
#209 = DIRECTION('',(-1.047120418848E-02,0.,-0.999945175439));
#210 = PCURVE('',#32,#211);
#211 = DEFINITIONAL_REPRESENTATION('',(#212),#216);
#212 = CIRCLE('',#213,28.65);
#213 = AXIS2_PLACEMENT_2D('',#214,#215);
#214 = CARTESIAN_POINT('',(20.,43.09));
#215 = DIRECTION('',(-0.999945175439,-1.047120418848E-02));
#216 = ( GEOMETRIC_REPRESENTATION_CONTEXT(2) 
PARAMETRIC_REPRESENTATION_CONTEXT() REPRESENTATION_CONTEXT('2D SPACE',''
  ) );
#217 = PCURVE('',#218,#223);
#218 = CYLINDRICAL_SURFACE('',#219,28.65);
#219 = AXIS2_PLACEMENT_3D('',#220,#221,#222);
#220 = CARTESIAN_POINT('',(-7.91,13.5,1.92));
#221 = DIRECTION('',(0.,-1.,0.));
#222 = DIRECTION('',(1.,0.,0.));
#223 = DEFINITIONAL_REPRESENTATION('',(#224),#228);
#224 = LINE('',#225,#226);
#225 = CARTESIAN_POINT('',(4.701917584832,-1.));
#226 = VECTOR('',#227,1.);
#227 = DIRECTION('',(-1.,-0.));
#228 = ( GEOMETRIC_REPRESENTATION_CONTEXT(2) 
PARAMETRIC_REPRESENTATION_CONTEXT() REPRESENTATION_CONTEXT('2D SPACE',''
  ) );
#229 = ORIENTED_EDGE('',*,*,#230,.T.);
#230 = EDGE_CURVE('',#202,#231,#233,.T.);
#231 = VERTEX_POINT('',#232);
#232 = CARTESIAN_POINT('',(-8.21,14.5,-42.08));
#233 = SURFACE_CURVE('',#234,(#238,#245),.PCURVE_S1.);
#234 = LINE('',#235,#236);
#235 = CARTESIAN_POINT('',(-8.21,14.5,-23.08));
#236 = VECTOR('',#237,1.);
#237 = DIRECTION('',(0.,0.,-1.));
#238 = PCURVE('',#32,#239);
#239 = DEFINITIONAL_REPRESENTATION('',(#240),#244);
#240 = LINE('',#241,#242);
#241 = CARTESIAN_POINT('',(-5.,42.79));
#242 = VECTOR('',#243,1.);
#243 = DIRECTION('',(-1.,0.));
#244 = ( GEOMETRIC_REPRESENTATION_CONTEXT(2) 
PARAMETRIC_REPRESENTATION_CONTEXT() REPRESENTATION_CONTEXT('2D SPACE',''
  ) );
#245 = PCURVE('',#246,#251);
#246 = PLANE('',#247);
#247 = AXIS2_PLACEMENT_3D('',#248,#249,#250);
#248 = CARTESIAN_POINT('',(-8.21,14.5,-42.08));
#249 = DIRECTION('',(1.,0.,0.));
#250 = DIRECTION('',(0.,0.,1.));
#251 = DEFINITIONAL_REPRESENTATION('',(#252),#256);
#252 = LINE('',#253,#254);
#253 = CARTESIAN_POINT('',(19.,0.));
#254 = VECTOR('',#255,1.);
#255 = DIRECTION('',(-1.,0.));
#256 = ( GEOMETRIC_REPRESENTATION_CONTEXT(2) 
PARAMETRIC_REPRESENTATION_CONTEXT() REPRESENTATION_CONTEXT('2D SPACE',''
  ) );
#257 = ORIENTED_EDGE('',*,*,#258,.F.);
#258 = EDGE_CURVE('',#259,#231,#261,.T.);
#259 = VERTEX_POINT('',#260);
#260 = CARTESIAN_POINT('',(-16.91,14.5,-42.08));
#261 = SURFACE_CURVE('',#262,(#266,#273),.PCURVE_S1.);
#262 = LINE('',#263,#264);
#263 = CARTESIAN_POINT('',(-16.91,14.5,-42.08));
#264 = VECTOR('',#265,1.);
#265 = DIRECTION('',(1.,0.,0.));
#266 = PCURVE('',#32,#267);
#267 = DEFINITIONAL_REPRESENTATION('',(#268),#272);
#268 = LINE('',#269,#270);
#269 = CARTESIAN_POINT('',(-24.,34.09));
#270 = VECTOR('',#271,1.);
#271 = DIRECTION('',(0.,1.));
#272 = ( GEOMETRIC_REPRESENTATION_CONTEXT(2) 
PARAMETRIC_REPRESENTATION_CONTEXT() REPRESENTATION_CONTEXT('2D SPACE',''
  ) );
#273 = PCURVE('',#274,#279);
#274 = PLANE('',#275);
#275 = AXIS2_PLACEMENT_3D('',#276,#277,#278);
#276 = CARTESIAN_POINT('',(-16.91,14.5,-42.08));
#277 = DIRECTION('',(0.,0.,1.));
#278 = DIRECTION('',(1.,0.,0.));
#279 = DEFINITIONAL_REPRESENTATION('',(#280),#284);
#280 = LINE('',#281,#282);
#281 = CARTESIAN_POINT('',(0.,0.));
#282 = VECTOR('',#283,1.);
#283 = DIRECTION('',(1.,0.));
#284 = ( GEOMETRIC_REPRESENTATION_CONTEXT(2) 
PARAMETRIC_REPRESENTATION_CONTEXT() REPRESENTATION_CONTEXT('2D SPACE',''
  ) );
#285 = ORIENTED_EDGE('',*,*,#286,.T.);
#286 = EDGE_CURVE('',#259,#287,#289,.T.);
#287 = VERTEX_POINT('',#288);
#288 = CARTESIAN_POINT('',(-16.90999999999,14.5,-30.50410368846));
#289 = SURFACE_CURVE('',#290,(#294,#301),.PCURVE_S1.);
#290 = LINE('',#291,#292);
#291 = CARTESIAN_POINT('',(-16.91,14.5,-42.08));
#292 = VECTOR('',#293,1.);
#293 = DIRECTION('',(0.,0.,1.));
#294 = PCURVE('',#32,#295);
#295 = DEFINITIONAL_REPRESENTATION('',(#296),#300);
#296 = LINE('',#297,#298);
#297 = CARTESIAN_POINT('',(-24.,34.09));
#298 = VECTOR('',#299,1.);
#299 = DIRECTION('',(1.,0.));
#300 = ( GEOMETRIC_REPRESENTATION_CONTEXT(2) 
PARAMETRIC_REPRESENTATION_CONTEXT() REPRESENTATION_CONTEXT('2D SPACE',''
  ) );
#301 = PCURVE('',#302,#307);
#302 = PLANE('',#303);
#303 = AXIS2_PLACEMENT_3D('',#304,#305,#306);
#304 = CARTESIAN_POINT('',(-16.91,14.5,-42.08));
#305 = DIRECTION('',(1.,0.,0.));
#306 = DIRECTION('',(0.,0.,1.));
#307 = DEFINITIONAL_REPRESENTATION('',(#308),#312);
#308 = LINE('',#309,#310);
#309 = CARTESIAN_POINT('',(0.,0.));
#310 = VECTOR('',#311,1.);
#311 = DIRECTION('',(1.,0.));
#312 = ( GEOMETRIC_REPRESENTATION_CONTEXT(2) 
PARAMETRIC_REPRESENTATION_CONTEXT() REPRESENTATION_CONTEXT('2D SPACE',''
  ) );
#313 = ORIENTED_EDGE('',*,*,#314,.F.);
#314 = EDGE_CURVE('',#315,#287,#317,.T.);
#315 = VERTEX_POINT('',#316);
#316 = CARTESIAN_POINT('',(-34.97145783212,14.5,-18.08));
#317 = SURFACE_CURVE('',#318,(#323,#334),.PCURVE_S1.);
#318 = CIRCLE('',#319,33.65);
#319 = AXIS2_PLACEMENT_3D('',#320,#321,#322);
#320 = CARTESIAN_POINT('',(-7.91,14.5,1.92));
#321 = DIRECTION('',(0.,-1.,0.));
#322 = DIRECTION('',(1.,0.,0.));
#323 = PCURVE('',#32,#324);
#324 = DEFINITIONAL_REPRESENTATION('',(#325),#333);
#325 = ( BOUNDED_CURVE() B_SPLINE_CURVE(2,(#326,#327,#328,#329,#330,#331
,#332),.UNSPECIFIED.,.T.,.F.) B_SPLINE_CURVE_WITH_KNOTS((1,2,2,2,2,1),(
    -2.094395102393,0.,2.094395102393,4.188790204786,6.28318530718,
8.377580409573),.UNSPECIFIED.) CURVE() GEOMETRIC_REPRESENTATION_ITEM() 
RATIONAL_B_SPLINE_CURVE((1.,0.5,1.,0.5,1.,0.5,1.)) REPRESENTATION_ITEM(
  '') );
#326 = CARTESIAN_POINT('',(20.,76.74));
#327 = CARTESIAN_POINT('',(78.283509674693,76.74));
#328 = CARTESIAN_POINT('',(49.141754837346,26.265));
#329 = CARTESIAN_POINT('',(20.,-24.21));
#330 = CARTESIAN_POINT('',(-9.141754837346,26.265));
#331 = CARTESIAN_POINT('',(-38.28350967469,76.74));
#332 = CARTESIAN_POINT('',(20.,76.74));
#333 = ( GEOMETRIC_REPRESENTATION_CONTEXT(2) 
PARAMETRIC_REPRESENTATION_CONTEXT() REPRESENTATION_CONTEXT('2D SPACE',''
  ) );
#334 = PCURVE('',#335,#340);
#335 = CYLINDRICAL_SURFACE('',#336,33.65);
#336 = AXIS2_PLACEMENT_3D('',#337,#338,#339);
#337 = CARTESIAN_POINT('',(-7.91,14.5,1.92));
#338 = DIRECTION('',(0.,-1.,0.));
#339 = DIRECTION('',(1.,0.,0.));
#340 = DEFINITIONAL_REPRESENTATION('',(#341),#345);
#341 = LINE('',#342,#343);
#342 = CARTESIAN_POINT('',(0.,0.));
#343 = VECTOR('',#344,1.);
#344 = DIRECTION('',(1.,0.));
#345 = ( GEOMETRIC_REPRESENTATION_CONTEXT(2) 
PARAMETRIC_REPRESENTATION_CONTEXT() REPRESENTATION_CONTEXT('2D SPACE',''
  ) );
#346 = ORIENTED_EDGE('',*,*,#347,.F.);
#347 = EDGE_CURVE('',#348,#315,#350,.T.);
#348 = VERTEX_POINT('',#349);
#349 = CARTESIAN_POINT('',(-38.,14.5,-18.08));
#350 = SURFACE_CURVE('',#351,(#355,#362),.PCURVE_S1.);
#351 = LINE('',#352,#353);
#352 = CARTESIAN_POINT('',(-51.,14.5,-18.08));
#353 = VECTOR('',#354,1.);
#354 = DIRECTION('',(1.,0.,0.));
#355 = PCURVE('',#32,#356);
#356 = DEFINITIONAL_REPRESENTATION('',(#357),#361);
#357 = LINE('',#358,#359);
#358 = CARTESIAN_POINT('',(0.,0.));
#359 = VECTOR('',#360,1.);
#360 = DIRECTION('',(0.,1.));
#361 = ( GEOMETRIC_REPRESENTATION_CONTEXT(2) 
PARAMETRIC_REPRESENTATION_CONTEXT() REPRESENTATION_CONTEXT('2D SPACE',''
  ) );
#362 = PCURVE('',#363,#368);
#363 = PLANE('',#364);
#364 = AXIS2_PLACEMENT_3D('',#365,#366,#367);
#365 = CARTESIAN_POINT('',(-51.,14.5,-18.08));
#366 = DIRECTION('',(0.,0.,1.));
#367 = DIRECTION('',(1.,0.,0.));
#368 = DEFINITIONAL_REPRESENTATION('',(#369),#373);
#369 = LINE('',#370,#371);
#370 = CARTESIAN_POINT('',(0.,0.));
#371 = VECTOR('',#372,1.);
#372 = DIRECTION('',(1.,0.));
#373 = ( GEOMETRIC_REPRESENTATION_CONTEXT(2) 
PARAMETRIC_REPRESENTATION_CONTEXT() REPRESENTATION_CONTEXT('2D SPACE',''
  ) );
#374 = ORIENTED_EDGE('',*,*,#375,.F.);
#375 = EDGE_CURVE('',#376,#348,#378,.T.);
#376 = VERTEX_POINT('',#377);
#377 = CARTESIAN_POINT('',(-38.,14.5,-22.08));
#378 = SURFACE_CURVE('',#379,(#383,#390),.PCURVE_S1.);
#379 = LINE('',#380,#381);
#380 = CARTESIAN_POINT('',(-38.,14.5,-22.08));
#381 = VECTOR('',#382,1.);
#382 = DIRECTION('',(0.,0.,1.));
#383 = PCURVE('',#32,#384);
#384 = DEFINITIONAL_REPRESENTATION('',(#385),#389);
#385 = LINE('',#386,#387);
#386 = CARTESIAN_POINT('',(-4.,13.));
#387 = VECTOR('',#388,1.);
#388 = DIRECTION('',(1.,0.));
#389 = ( GEOMETRIC_REPRESENTATION_CONTEXT(2) 
PARAMETRIC_REPRESENTATION_CONTEXT() REPRESENTATION_CONTEXT('2D SPACE',''
  ) );
#390 = PCURVE('',#391,#396);
#391 = PLANE('',#392);
#392 = AXIS2_PLACEMENT_3D('',#393,#394,#395);
#393 = CARTESIAN_POINT('',(-38.,94.5,-22.08));
#394 = DIRECTION('',(1.,0.,-0.));
#395 = DIRECTION('',(0.,-1.,0.));
#396 = DEFINITIONAL_REPRESENTATION('',(#397),#401);
#397 = LINE('',#398,#399);
#398 = CARTESIAN_POINT('',(80.,0.));
#399 = VECTOR('',#400,1.);
#400 = DIRECTION('',(0.,-1.));
#401 = ( GEOMETRIC_REPRESENTATION_CONTEXT(2) 
PARAMETRIC_REPRESENTATION_CONTEXT() REPRESENTATION_CONTEXT('2D SPACE',''
  ) );
#402 = ORIENTED_EDGE('',*,*,#403,.T.);
#403 = EDGE_CURVE('',#376,#404,#406,.T.);
#404 = VERTEX_POINT('',#405);
#405 = CARTESIAN_POINT('',(-51.,14.5,-22.08));
#406 = SURFACE_CURVE('',#407,(#411,#418),.PCURVE_S1.);
#407 = LINE('',#408,#409);
#408 = CARTESIAN_POINT('',(-38.,14.5,-22.08));
#409 = VECTOR('',#410,1.);
#410 = DIRECTION('',(-1.,0.,0.));
#411 = PCURVE('',#32,#412);
#412 = DEFINITIONAL_REPRESENTATION('',(#413),#417);
#413 = LINE('',#414,#415);
#414 = CARTESIAN_POINT('',(-4.,13.));
#415 = VECTOR('',#416,1.);
#416 = DIRECTION('',(0.,-1.));
#417 = ( GEOMETRIC_REPRESENTATION_CONTEXT(2) 
PARAMETRIC_REPRESENTATION_CONTEXT() REPRESENTATION_CONTEXT('2D SPACE',''
  ) );
#418 = PCURVE('',#419,#424);
#419 = PLANE('',#420);
#420 = AXIS2_PLACEMENT_3D('',#421,#422,#423);
#421 = CARTESIAN_POINT('',(-72.78427124746,65.197436595361,-22.08));
#422 = DIRECTION('',(-0.,-0.,-1.));
#423 = DIRECTION('',(-1.,0.,0.));
#424 = DEFINITIONAL_REPRESENTATION('',(#425),#429);
#425 = LINE('',#426,#427);
#426 = CARTESIAN_POINT('',(-34.78427124746,-50.69743659536));
#427 = VECTOR('',#428,1.);
#428 = DIRECTION('',(1.,0.));
#429 = ( GEOMETRIC_REPRESENTATION_CONTEXT(2) 
PARAMETRIC_REPRESENTATION_CONTEXT() REPRESENTATION_CONTEXT('2D SPACE',''
  ) );
#430 = ORIENTED_EDGE('',*,*,#431,.F.);
#431 = EDGE_CURVE('',#24,#404,#432,.T.);
#432 = SURFACE_CURVE('',#433,(#437,#444),.PCURVE_S1.);
#433 = LINE('',#434,#435);
#434 = CARTESIAN_POINT('',(-51.,14.5,25.92));
#435 = VECTOR('',#436,1.);
#436 = DIRECTION('',(0.,0.,-1.));
#437 = PCURVE('',#32,#438);
#438 = DEFINITIONAL_REPRESENTATION('',(#439),#443);
#439 = LINE('',#440,#441);
#440 = CARTESIAN_POINT('',(44.,0.));
#441 = VECTOR('',#442,1.);
#442 = DIRECTION('',(-1.,0.));
#443 = ( GEOMETRIC_REPRESENTATION_CONTEXT(2) 
PARAMETRIC_REPRESENTATION_CONTEXT() REPRESENTATION_CONTEXT('2D SPACE',''
  ) );
#444 = PCURVE('',#445,#450);
#445 = PLANE('',#446);
#446 = AXIS2_PLACEMENT_3D('',#447,#448,#449);
#447 = CARTESIAN_POINT('',(-51.,14.5,-22.08));
#448 = DIRECTION('',(-0.707106781187,-0.707106781187,0.));
#449 = DIRECTION('',(-0.707106781187,0.707106781187,0.));
#450 = DEFINITIONAL_REPRESENTATION('',(#451),#455);
#451 = LINE('',#452,#453);
#452 = CARTESIAN_POINT('',(0.,-48.));
#453 = VECTOR('',#454,1.);
#454 = DIRECTION('',(0.,1.));
#455 = ( GEOMETRIC_REPRESENTATION_CONTEXT(2) 
PARAMETRIC_REPRESENTATION_CONTEXT() REPRESENTATION_CONTEXT('2D SPACE',''
  ) );
#456 = FACE_BOUND('',#457,.F.);
#457 = EDGE_LOOP('',(#458));
#458 = ORIENTED_EDGE('',*,*,#459,.T.);
#459 = EDGE_CURVE('',#460,#460,#462,.T.);
#460 = VERTEX_POINT('',#461);
#461 = CARTESIAN_POINT('',(-44.21,14.5,-4.08));
#462 = SURFACE_CURVE('',#463,(#468,#479),.PCURVE_S1.);
#463 = CIRCLE('',#464,1.7);
#464 = AXIS2_PLACEMENT_3D('',#465,#466,#467);
#465 = CARTESIAN_POINT('',(-45.91,14.5,-4.08));
#466 = DIRECTION('',(0.,-1.,0.));
#467 = DIRECTION('',(1.,0.,0.));
#468 = PCURVE('',#32,#469);
#469 = DEFINITIONAL_REPRESENTATION('',(#470),#478);
#470 = ( BOUNDED_CURVE() B_SPLINE_CURVE(2,(#471,#472,#473,#474,#475,#476
,#477),.UNSPECIFIED.,.T.,.F.) B_SPLINE_CURVE_WITH_KNOTS((1,2,2,2,2,1),(
    -2.094395102393,0.,2.094395102393,4.188790204786,6.28318530718,
8.377580409573),.UNSPECIFIED.) CURVE() GEOMETRIC_REPRESENTATION_ITEM() 
RATIONAL_B_SPLINE_CURVE((1.,0.5,1.,0.5,1.,0.5,1.)) REPRESENTATION_ITEM(
  '') );
#471 = CARTESIAN_POINT('',(14.,6.79));
#472 = CARTESIAN_POINT('',(16.944486372867,6.79));
#473 = CARTESIAN_POINT('',(15.472243186434,4.24));
#474 = CARTESIAN_POINT('',(14.,1.69));
#475 = CARTESIAN_POINT('',(12.527756813566,4.24));
#476 = CARTESIAN_POINT('',(11.055513627133,6.79));
#477 = CARTESIAN_POINT('',(14.,6.79));
#478 = ( GEOMETRIC_REPRESENTATION_CONTEXT(2) 
PARAMETRIC_REPRESENTATION_CONTEXT() REPRESENTATION_CONTEXT('2D SPACE',''
  ) );
#479 = PCURVE('',#480,#485);
#480 = CYLINDRICAL_SURFACE('',#481,1.7);
#481 = AXIS2_PLACEMENT_3D('',#482,#483,#484);
#482 = CARTESIAN_POINT('',(-45.91,13.5,-4.08));
#483 = DIRECTION('',(0.,-1.,0.));
#484 = DIRECTION('',(1.,0.,0.));
#485 = DEFINITIONAL_REPRESENTATION('',(#486),#490);
#486 = LINE('',#487,#488);
#487 = CARTESIAN_POINT('',(0.,-1.));
#488 = VECTOR('',#489,1.);
#489 = DIRECTION('',(1.,0.));
#490 = ( GEOMETRIC_REPRESENTATION_CONTEXT(2) 
PARAMETRIC_REPRESENTATION_CONTEXT() REPRESENTATION_CONTEXT('2D SPACE',''
  ) );
#491 = FACE_BOUND('',#492,.F.);
#492 = EDGE_LOOP('',(#493));
#493 = ORIENTED_EDGE('',*,*,#494,.T.);
#494 = EDGE_CURVE('',#495,#495,#497,.T.);
#495 = VERTEX_POINT('',#496);
#496 = CARTESIAN_POINT('',(-44.21,14.5,7.92));
#497 = SURFACE_CURVE('',#498,(#503,#514),.PCURVE_S1.);
#498 = CIRCLE('',#499,1.7);
#499 = AXIS2_PLACEMENT_3D('',#500,#501,#502);
#500 = CARTESIAN_POINT('',(-45.91,14.5,7.92));
#501 = DIRECTION('',(0.,-1.,0.));
#502 = DIRECTION('',(1.,0.,0.));
#503 = PCURVE('',#32,#504);
#504 = DEFINITIONAL_REPRESENTATION('',(#505),#513);
#505 = ( BOUNDED_CURVE() B_SPLINE_CURVE(2,(#506,#507,#508,#509,#510,#511
,#512),.UNSPECIFIED.,.T.,.F.) B_SPLINE_CURVE_WITH_KNOTS((1,2,2,2,2,1),(
    -2.094395102393,0.,2.094395102393,4.188790204786,6.28318530718,
8.377580409573),.UNSPECIFIED.) CURVE() GEOMETRIC_REPRESENTATION_ITEM() 
RATIONAL_B_SPLINE_CURVE((1.,0.5,1.,0.5,1.,0.5,1.)) REPRESENTATION_ITEM(
  '') );
#506 = CARTESIAN_POINT('',(26.,6.79));
#507 = CARTESIAN_POINT('',(28.944486372867,6.79));
#508 = CARTESIAN_POINT('',(27.472243186434,4.24));
#509 = CARTESIAN_POINT('',(26.,1.69));
#510 = CARTESIAN_POINT('',(24.527756813566,4.24));
#511 = CARTESIAN_POINT('',(23.055513627133,6.79));
#512 = CARTESIAN_POINT('',(26.,6.79));
#513 = ( GEOMETRIC_REPRESENTATION_CONTEXT(2) 
PARAMETRIC_REPRESENTATION_CONTEXT() REPRESENTATION_CONTEXT('2D SPACE',''
  ) );
#514 = PCURVE('',#515,#520);
#515 = CYLINDRICAL_SURFACE('',#516,1.7);
#516 = AXIS2_PLACEMENT_3D('',#517,#518,#519);
#517 = CARTESIAN_POINT('',(-45.91,13.5,7.92));
#518 = DIRECTION('',(0.,-1.,0.));
#519 = DIRECTION('',(1.,0.,0.));
#520 = DEFINITIONAL_REPRESENTATION('',(#521),#525);
#521 = LINE('',#522,#523);
#522 = CARTESIAN_POINT('',(0.,-1.));
#523 = VECTOR('',#524,1.);
#524 = DIRECTION('',(1.,0.));
#525 = ( GEOMETRIC_REPRESENTATION_CONTEXT(2) 
PARAMETRIC_REPRESENTATION_CONTEXT() REPRESENTATION_CONTEXT('2D SPACE',''
  ) );
#526 = ADVANCED_FACE('',(#527),#44,.F.);
#527 = FACE_BOUND('',#528,.F.);
#528 = EDGE_LOOP('',(#529,#716,#736));
#529 = ORIENTED_EDGE('',*,*,#530,.F.);
#530 = EDGE_CURVE('',#531,#24,#533,.T.);
#531 = VERTEX_POINT('',#532);
#532 = CARTESIAN_POINT('',(-51.,25.822073713386,21.92));
#533 = SURFACE_CURVE('',#534,(#591,#651),.PCURVE_S1.);
#534 = B_SPLINE_CURVE_WITH_KNOTS('',7,(#535,#536,#537,#538,#539,#540,
    #541,#542,#543,#544,#545,#546,#547,#548,#549,#550,#551,#552,#553,
    #554,#555,#556,#557,#558,#559,#560,#561,#562,#563,#564,#565,#566,
    #567,#568,#569,#570,#571,#572,#573,#574,#575,#576,#577,#578,#579,
    #580,#581,#582,#583,#584,#585,#586,#587,#588,#589,#590),
  .UNSPECIFIED.,.F.,.F.,(8,6,6,6,6,6,6,6,6,8),(0.,0.215200322857,
    0.316901956389,0.360820776416,0.439150441015,0.541754266253,
    0.609718637861,0.711335457642,0.811219216309,1.),.UNSPECIFIED.);
#535 = CARTESIAN_POINT('',(-51.,25.822073713386,21.92));
#536 = CARTESIAN_POINT('',(-51.,24.439250753015,21.044722418933));
#537 = CARTESIAN_POINT('',(-51.,22.905049363167,20.073627694704));
#538 = CARTESIAN_POINT('',(-51.,21.189567206292,18.98778871479));
#539 = CARTESIAN_POINT('',(-51.,19.254303003493,17.762835543913));
#540 = CARTESIAN_POINT('',(-51.,17.048011408453,16.366331706594));
#541 = CARTESIAN_POINT('',(-51.,14.500282616689,14.753710309669));
#542 = CARTESIAN_POINT('',(-51.,10.088128095224,11.960973967047));
#543 = CARTESIAN_POINT('',(-51.,8.57247087444,11.001617039982));
#544 = CARTESIAN_POINT('',(-51.,6.946050761516,9.972151155322));
#545 = CARTESIAN_POINT('',(-51.,5.196575700744,8.864795880473));
#546 = CARTESIAN_POINT('',(-51.,3.310581823978,7.671029067472));
#547 = CARTESIAN_POINT('',(-51.,1.273614060431,6.381701172371));
#548 = CARTESIAN_POINT('',(-51.,-1.879289581473,4.386025693941));
#549 = CARTESIAN_POINT('',(-51.,-2.860919095418,3.764689245898));
#550 = CARTESIAN_POINT('',(-51.,-3.87435784478,3.123218687104));
#551 = CARTESIAN_POINT('',(-51.,-4.920650154991,2.460952996835));
#552 = CARTESIAN_POINT('',(-51.,-6.000767710229,1.777277133685));
#553 = CARTESIAN_POINT('',(-51.,-7.115571369862,1.071646204396));
#554 = CARTESIAN_POINT('',(-51.,-10.31714151501,-0.954833433688));
#555 = CARTESIAN_POINT('',(-51.,-12.48136322614,-2.324708535912));
#556 = CARTESIAN_POINT('',(-51.,-14.76205350869,-3.768304087131));
#557 = CARTESIAN_POINT('',(-51.,-17.16142704473,-5.287021901943));
#558 = CARTESIAN_POINT('',(-51.,-19.67965155404,-6.880968141114));
#559 = CARTESIAN_POINT('',(-51.,-22.31405996127,-8.548454641047));
#560 = CARTESIAN_POINT('',(-51.,-28.65405303125,-12.56144398046));
#561 = CARTESIAN_POINT('',(-51.,-32.43978678254,-14.95767833248));
#562 = CARTESIAN_POINT('',(-51.,-36.40240579001,-17.46587473861));
#563 = CARTESIAN_POINT('',(-51.,-40.52405192212,-20.07472963902));
#564 = CARTESIAN_POINT('',(-51.,-44.78383006046,-22.77101716941));
#565 = CARTESIAN_POINT('',(-51.,-49.16051219633,-25.54130075796));
#566 = CARTESIAN_POINT('',(-51.,-56.5973009803,-30.24852263978));
#567 = CARTESIAN_POINT('',(-51.,-59.60362689297,-32.15141964695));
#568 = CARTESIAN_POINT('',(-51.,-62.64789411965,-34.07833215177));
#569 = CARTESIAN_POINT('',(-51.,-65.72536535578,-36.02626160952));
#570 = CARTESIAN_POINT('',(-51.,-68.83183588066,-37.99254658207));
#571 = CARTESIAN_POINT('',(-51.,-71.96371950208,-39.97491713774));
#572 = CARTESIAN_POINT('',(-51.,-79.83432300368,-44.956728253));
#573 = CARTESIAN_POINT('',(-51.,-84.60028310225,-47.97341089862));
#574 = CARTESIAN_POINT('',(-51.,-89.40649600528,-51.01557213289));
#575 = CARTESIAN_POINT('',(-51.,-94.24512717345,-54.07825297192));
#576 = CARTESIAN_POINT('',(-51.,-99.11003062083,-57.15756322609));
#577 = CARTESIAN_POINT('',(-51.,-103.9966879588,-60.25064291661));
#578 = CARTESIAN_POINT('',(-51.,-113.723980204,-66.40767174152));
#579 = CARTESIAN_POINT('',(-51.,-118.5635097818,-69.47092124176));
#580 = CARTESIAN_POINT('',(-51.,-123.4176111284,-72.54339415165));
#581 = CARTESIAN_POINT('',(-51.,-128.2837344271,-75.62347652819));
#582 = CARTESIAN_POINT('',(-51.,-133.159867985,-78.70989504149));
#583 = CARTESIAN_POINT('',(-51.,-138.0444978867,-81.8016914372));
#584 = CARTESIAN_POINT('',(-51.,-152.1826449771,-90.75063395598));
#585 = CARTESIAN_POINT('',(-51.,-161.4544143241,-96.6193330439));
#586 = CARTESIAN_POINT('',(-51.,-170.7447701838,-102.4997967309));
#587 = CARTESIAN_POINT('',(-51.,-180.0486473254,-108.3888189069));
#588 = CARTESIAN_POINT('',(-51.,-189.3625382358,-114.2841794411));
#589 = CARTESIAN_POINT('',(-51.,-198.6843382857,-120.1845461783));
#590 = CARTESIAN_POINT('',(-51.,-208.0132120098,-126.0893902989));
#591 = PCURVE('',#44,#592);
#592 = DEFINITIONAL_REPRESENTATION('',(#593),#650);
#593 = B_SPLINE_CURVE_WITH_KNOTS('',7,(#594,#595,#596,#597,#598,#599,
    #600,#601,#602,#603,#604,#605,#606,#607,#608,#609,#610,#611,#612,
    #613,#614,#615,#616,#617,#618,#619,#620,#621,#622,#623,#624,#625,
    #626,#627,#628,#629,#630,#631,#632,#633,#634,#635,#636,#637,#638,
    #639,#640,#641,#642,#643,#644,#645,#646,#647,#648,#649),
  .UNSPECIFIED.,.F.,.F.,(8,6,6,6,6,6,6,6,6,8),(0.,0.215200322857,
    0.316901956389,0.360820776416,0.439150441015,0.541754266253,
    0.609718637861,0.711335457642,0.811219216309,1.),.UNSPECIFIED.);
#594 = CARTESIAN_POINT('',(321.92,-325.8220737133));
#595 = CARTESIAN_POINT('',(321.04472241893,-324.439250753));
#596 = CARTESIAN_POINT('',(320.0736276947,-322.9050493631));
#597 = CARTESIAN_POINT('',(318.98778871479,-321.1895672062));
#598 = CARTESIAN_POINT('',(317.76283554391,-319.2543030034));
#599 = CARTESIAN_POINT('',(316.36633170659,-317.0480114084));
#600 = CARTESIAN_POINT('',(314.75371030966,-314.5002826166));
#601 = CARTESIAN_POINT('',(311.96097396704,-310.0881280952));
#602 = CARTESIAN_POINT('',(311.00161703998,-308.5724708744));
#603 = CARTESIAN_POINT('',(309.97215115532,-306.9460507615));
#604 = CARTESIAN_POINT('',(308.86479588047,-305.1965757007));
#605 = CARTESIAN_POINT('',(307.67102906747,-303.3105818239));
#606 = CARTESIAN_POINT('',(306.38170117237,-301.2736140604));
#607 = CARTESIAN_POINT('',(304.38602569394,-298.1207104185));
#608 = CARTESIAN_POINT('',(303.76468924589,-297.1390809045));
#609 = CARTESIAN_POINT('',(303.1232186871,-296.1256421552));
#610 = CARTESIAN_POINT('',(302.46095299683,-295.079349845));
#611 = CARTESIAN_POINT('',(301.77727713368,-293.9992322897));
#612 = CARTESIAN_POINT('',(301.07164620439,-292.8844286301));
#613 = CARTESIAN_POINT('',(299.04516656631,-289.6828584849));
#614 = CARTESIAN_POINT('',(297.67529146408,-287.5186367738));
#615 = CARTESIAN_POINT('',(296.23169591286,-285.2379464913));
#616 = CARTESIAN_POINT('',(294.71297809805,-282.8385729552));
#617 = CARTESIAN_POINT('',(293.11903185888,-280.3203484459));
#618 = CARTESIAN_POINT('',(291.45154535895,-277.6859400387));
#619 = CARTESIAN_POINT('',(287.43855601953,-271.3459469687));
#620 = CARTESIAN_POINT('',(285.04232166751,-267.5602132174));
#621 = CARTESIAN_POINT('',(282.53412526138,-263.5975942099));
#622 = CARTESIAN_POINT('',(279.92527036097,-259.4759480778));
#623 = CARTESIAN_POINT('',(277.22898283058,-255.2161699395));
#624 = CARTESIAN_POINT('',(274.45869924203,-250.8394878036));
#625 = CARTESIAN_POINT('',(269.75147736021,-243.4026990196));
#626 = CARTESIAN_POINT('',(267.84858035304,-240.396373107));
#627 = CARTESIAN_POINT('',(265.92166784822,-237.3521058803));
#628 = CARTESIAN_POINT('',(263.97373839047,-234.2746346442));
#629 = CARTESIAN_POINT('',(262.00745341792,-231.1681641193));
#630 = CARTESIAN_POINT('',(260.02508286226,-228.0362804979));
#631 = CARTESIAN_POINT('',(255.043271747,-220.1656769963));
#632 = CARTESIAN_POINT('',(252.02658910137,-215.3997168977));
#633 = CARTESIAN_POINT('',(248.9844278671,-210.5935039947));
#634 = CARTESIAN_POINT('',(245.92174702807,-205.7548728265));
#635 = CARTESIAN_POINT('',(242.8424367739,-200.8899693791));
#636 = CARTESIAN_POINT('',(239.74935708338,-196.0033120411));
#637 = CARTESIAN_POINT('',(233.59232825848,-186.2760197959));
#638 = CARTESIAN_POINT('',(230.52907875823,-181.4364902181));
#639 = CARTESIAN_POINT('',(227.45660584834,-176.5823888715));
#640 = CARTESIAN_POINT('',(224.3765234718,-171.7162655728));
#641 = CARTESIAN_POINT('',(221.29010495851,-166.8401320149));
#642 = CARTESIAN_POINT('',(218.19830856279,-161.9555021132));
#643 = CARTESIAN_POINT('',(209.24936604401,-147.8173550228));
#644 = CARTESIAN_POINT('',(203.3806669561,-138.5455856758));
#645 = CARTESIAN_POINT('',(197.50020326905,-129.2552298162));
#646 = CARTESIAN_POINT('',(191.61118109309,-119.9513526745));
#647 = CARTESIAN_POINT('',(185.71582055886,-110.6374617641));
#648 = CARTESIAN_POINT('',(179.81545382161,-101.3156617142));
#649 = CARTESIAN_POINT('',(173.91060970107,-91.98678799016));
#650 = ( GEOMETRIC_REPRESENTATION_CONTEXT(2) 
PARAMETRIC_REPRESENTATION_CONTEXT() REPRESENTATION_CONTEXT('2D SPACE',''
  ) );
#651 = PCURVE('',#652,#657);
#652 = B_SPLINE_SURFACE_WITH_KNOTS('',1,1,(
    (#653,#654)
    ,(#655,#656
    )),.UNSPECIFIED.,.F.,.F.,.F.,(2,2),(2,2),(0.,620.44857826752),(0.,1.
    ),.PIECEWISE_BEZIER_KNOTS.);
#653 = CARTESIAN_POINT('',(-79.55928926849,44.678276141916,39.382));
#654 = CARTESIAN_POINT('',(-301.7008690677,-284.6601595521,
    -126.0893902989));
#655 = CARTESIAN_POINT('',(-76.6903750006,45.555391256084,39.382));
#656 = CARTESIAN_POINT('',(291.63705716,-103.2585510313,-126.0893902989)
  );
#657 = DEFINITIONAL_REPRESENTATION('',(#658),#715);
#658 = B_SPLINE_CURVE_WITH_KNOTS('',7,(#659,#660,#661,#662,#663,#664,
    #665,#666,#667,#668,#669,#670,#671,#672,#673,#674,#675,#676,#677,
    #678,#679,#680,#681,#682,#683,#684,#685,#686,#687,#688,#689,#690,
    #691,#692,#693,#694,#695,#696,#697,#698,#699,#700,#701,#702,#703,
    #704,#705,#706,#707,#708,#709,#710,#711,#712,#713,#714),
  .UNSPECIFIED.,.F.,.F.,(8,6,6,6,6,6,6,6,6,8),(0.,0.215200322857,
    0.316901956389,0.360820776416,0.439150441015,0.541754266253,
    0.609718637861,0.711335457642,0.811219216309,1.),.UNSPECIFIED.);
#659 = CARTESIAN_POINT('',(495.00050028824,0.105528816604));
#660 = CARTESIAN_POINT('',(482.46597612333,0.110818417298));
#661 = CARTESIAN_POINT('',(469.96076257653,0.116687073641));
#662 = CARTESIAN_POINT('',(457.48415167135,0.123249168623));
#663 = CARTESIAN_POINT('',(445.04627531823,0.130651978067));
#664 = CARTESIAN_POINT('',(432.66907970761,0.139091526649));
#665 = CARTESIAN_POINT('',(420.38783513953,0.148837147291));
#666 = CARTESIAN_POINT('',(402.52137951001,0.165714604702));
#667 = CARTESIAN_POINT('',(396.822684863,0.171512325537));
#668 = CARTESIAN_POINT('',(391.16499695363,0.177733738694));
#669 = CARTESIAN_POINT('',(385.55725544072,0.184425863978));
#670 = CARTESIAN_POINT('',(380.01139283037,0.191640203634));
#671 = CARTESIAN_POINT('',(374.54224358414,0.199432051474));
#672 = CARTESIAN_POINT('',(366.84561869922,0.211492598466));
#673 = CARTESIAN_POINT('',(364.54196055699,0.215247546357));
#674 = CARTESIAN_POINT('',(362.25739217311,0.21912417154));
#675 = CARTESIAN_POINT('',(359.99350453807,0.22312646879));
#676 = CARTESIAN_POINT('',(357.75199902487,0.22725815501));
#677 = CARTESIAN_POINT('',(355.53466246032,0.231522523177));
#678 = CARTESIAN_POINT('',(349.43508207398,0.243769230202));
#679 = CARTESIAN_POINT('',(345.60903488828,0.252047852264));
#680 = CARTESIAN_POINT('',(341.87646269341,0.26077199212));
#681 = CARTESIAN_POINT('',(338.24846450179,0.269950121415));
#682 = CARTESIAN_POINT('',(334.73537597436,0.279582881715));
#683 = CARTESIAN_POINT('',(331.34604162072,0.289660070871));
#684 = CARTESIAN_POINT('',(323.8190850954,0.313911932973));
#685 = CARTESIAN_POINT('',(319.77365163472,0.328393193738));
#686 = CARTESIAN_POINT('',(315.9678821865,0.343551079349));
#687 = CARTESIAN_POINT('',(312.4064785124,0.359317278543));
#688 = CARTESIAN_POINT('',(309.08432803525,0.375611862916));
#689 = CARTESIAN_POINT('',(305.99085861853,0.392353630683));
#690 = CARTESIAN_POINT('',(301.20582208887,0.420800976616));
#691 = CARTESIAN_POINT('',(299.39317988498,0.432300831689));
#692 = CARTESIAN_POINT('',(297.67021790139,0.443945820598));
#693 = CARTESIAN_POINT('',(296.0320972625,0.455717822116));
#694 = CARTESIAN_POINT('',(294.47381177772,0.467600752265));
#695 = CARTESIAN_POINT('',(292.99040882306,0.479580893074));
#696 = CARTESIAN_POINT('',(289.46393438375,0.509687675317));
#697 = CARTESIAN_POINT('',(287.50767245759,0.527918516553));
#698 = CARTESIAN_POINT('',(285.69198884895,0.546303333583));
#699 = CARTESIAN_POINT('',(284.00216920741,0.564812157576));
#700 = CARTESIAN_POINT('',(282.42528557502,0.583421478793));
#701 = CARTESIAN_POINT('',(280.94994997595,0.602114013405));
#702 = CARTESIAN_POINT('',(278.20591789051,0.639323036752));
#703 = CARTESIAN_POINT('',(276.93425813325,0.657835297359));
#704 = CARTESIAN_POINT('',(275.74169760281,0.676403298174));
#705 = CARTESIAN_POINT('',(274.62025524586,0.695017285589));
#706 = CARTESIAN_POINT('',(273.56309775172,0.713669564437));
#707 = CARTESIAN_POINT('',(272.56429785954,0.732354343662));
#708 = CARTESIAN_POINT('',(269.83145433414,0.786435852874));
#709 = CARTESIAN_POINT('',(268.23437395369,0.821902401365));
#710 = CARTESIAN_POINT('',(266.79243593698,0.857440047338));
#711 = CARTESIAN_POINT('',(265.48089295075,0.893029415176));
#712 = CARTESIAN_POINT('',(264.28055672373,0.928657087872));
#713 = CARTESIAN_POINT('',(263.17630260861,0.96431501476));
#714 = CARTESIAN_POINT('',(262.15583212829,1.));
#715 = ( GEOMETRIC_REPRESENTATION_CONTEXT(2) 
PARAMETRIC_REPRESENTATION_CONTEXT() REPRESENTATION_CONTEXT('2D SPACE',''
  ) );
#716 = ORIENTED_EDGE('',*,*,#717,.T.);
#717 = EDGE_CURVE('',#531,#22,#718,.T.);
#718 = SURFACE_CURVE('',#719,(#723,#729),.PCURVE_S1.);
#719 = LINE('',#720,#721);
#720 = CARTESIAN_POINT('',(-51.,-300.,21.92));
#721 = VECTOR('',#722,1.);
#722 = DIRECTION('',(0.,-1.,0.));
#723 = PCURVE('',#44,#724);
#724 = DEFINITIONAL_REPRESENTATION('',(#725),#728);
#725 = B_SPLINE_CURVE_WITH_KNOTS('',1,(#726,#727),.UNSPECIFIED.,.F.,.F.,
  (2,2),(-600.,0.),.PIECEWISE_BEZIER_KNOTS.);
#726 = CARTESIAN_POINT('',(321.92,-600.));
#727 = CARTESIAN_POINT('',(321.92,0.));
#728 = ( GEOMETRIC_REPRESENTATION_CONTEXT(2) 
PARAMETRIC_REPRESENTATION_CONTEXT() REPRESENTATION_CONTEXT('2D SPACE',''
  ) );
#729 = PCURVE('',#72,#730);
#730 = DEFINITIONAL_REPRESENTATION('',(#731),#735);
#731 = LINE('',#732,#733);
#732 = CARTESIAN_POINT('',(0.,-314.5));
#733 = VECTOR('',#734,1.);
#734 = DIRECTION('',(0.,-1.));
#735 = ( GEOMETRIC_REPRESENTATION_CONTEXT(2) 
PARAMETRIC_REPRESENTATION_CONTEXT() REPRESENTATION_CONTEXT('2D SPACE',''
  ) );
#736 = ORIENTED_EDGE('',*,*,#21,.T.);
#737 = ADVANCED_FACE('',(#738),#72,.T.);
#738 = FACE_BOUND('',#739,.T.);
#739 = EDGE_LOOP('',(#740,#770,#792,#810,#811,#812));
#740 = ORIENTED_EDGE('',*,*,#741,.F.);
#741 = EDGE_CURVE('',#742,#744,#746,.T.);
#742 = VERTEX_POINT('',#743);
#743 = CARTESIAN_POINT('',(-38.,46.,21.92));
#744 = VERTEX_POINT('',#745);
#745 = CARTESIAN_POINT('',(-34.97145783212,46.,21.92));
#746 = SURFACE_CURVE('',#747,(#751,#758),.PCURVE_S1.);
#747 = LINE('',#748,#749);
#748 = CARTESIAN_POINT('',(-51.,46.,21.92));
#749 = VECTOR('',#750,1.);
#750 = DIRECTION('',(1.,0.,0.));
#751 = PCURVE('',#72,#752);
#752 = DEFINITIONAL_REPRESENTATION('',(#753),#757);
#753 = LINE('',#754,#755);
#754 = CARTESIAN_POINT('',(0.,31.5));
#755 = VECTOR('',#756,1.);
#756 = DIRECTION('',(1.,0.));
#757 = ( GEOMETRIC_REPRESENTATION_CONTEXT(2) 
PARAMETRIC_REPRESENTATION_CONTEXT() REPRESENTATION_CONTEXT('2D SPACE',''
  ) );
#758 = PCURVE('',#759,#764);
#759 = PLANE('',#760);
#760 = AXIS2_PLACEMENT_3D('',#761,#762,#763);
#761 = CARTESIAN_POINT('',(-51.,46.,-18.08));
#762 = DIRECTION('',(0.,1.,0.));
#763 = DIRECTION('',(0.,0.,1.));
#764 = DEFINITIONAL_REPRESENTATION('',(#765),#769);
#765 = LINE('',#766,#767);
#766 = CARTESIAN_POINT('',(40.,0.));
#767 = VECTOR('',#768,1.);
#768 = DIRECTION('',(0.,1.));
#769 = ( GEOMETRIC_REPRESENTATION_CONTEXT(2) 
PARAMETRIC_REPRESENTATION_CONTEXT() REPRESENTATION_CONTEXT('2D SPACE',''
  ) );
#770 = ORIENTED_EDGE('',*,*,#771,.F.);
#771 = EDGE_CURVE('',#772,#742,#774,.T.);
#772 = VERTEX_POINT('',#773);
#773 = CARTESIAN_POINT('',(-38.,29.796572572349,21.92));
#774 = SURFACE_CURVE('',#775,(#779,#786),.PCURVE_S1.);
#775 = LINE('',#776,#777);
#776 = CARTESIAN_POINT('',(-38.,54.5,21.92));
#777 = VECTOR('',#778,1.);
#778 = DIRECTION('',(-0.,1.,0.));
#779 = PCURVE('',#72,#780);
#780 = DEFINITIONAL_REPRESENTATION('',(#781),#785);
#781 = LINE('',#782,#783);
#782 = CARTESIAN_POINT('',(13.,40.));
#783 = VECTOR('',#784,1.);
#784 = DIRECTION('',(0.,1.));
#785 = ( GEOMETRIC_REPRESENTATION_CONTEXT(2) 
PARAMETRIC_REPRESENTATION_CONTEXT() REPRESENTATION_CONTEXT('2D SPACE',''
  ) );
#786 = PCURVE('',#391,#787);
#787 = DEFINITIONAL_REPRESENTATION('',(#788),#791);
#788 = B_SPLINE_CURVE_WITH_KNOTS('',1,(#789,#790),.UNSPECIFIED.,.F.,.F.,
  (2,2),(-40.,-8.5),.PIECEWISE_BEZIER_KNOTS.);
#789 = CARTESIAN_POINT('',(80.,-44.));
#790 = CARTESIAN_POINT('',(48.5,-44.));
#791 = ( GEOMETRIC_REPRESENTATION_CONTEXT(2) 
PARAMETRIC_REPRESENTATION_CONTEXT() REPRESENTATION_CONTEXT('2D SPACE',''
  ) );
#792 = ORIENTED_EDGE('',*,*,#793,.T.);
#793 = EDGE_CURVE('',#772,#531,#794,.T.);
#794 = SURFACE_CURVE('',#795,(#798,#804),.PCURVE_S1.);
#795 = B_SPLINE_CURVE_WITH_KNOTS('',1,(#796,#797),.UNSPECIFIED.,.F.,.F.,
  (2,2),(0.,1.),.PIECEWISE_BEZIER_KNOTS.);
#796 = CARTESIAN_POINT('',(-38.,29.796572572349,21.92));
#797 = CARTESIAN_POINT('',(-51.,25.822073713386,21.92));
#798 = PCURVE('',#72,#799);
#799 = DEFINITIONAL_REPRESENTATION('',(#800),#803);
#800 = B_SPLINE_CURVE_WITH_KNOTS('',1,(#801,#802),.UNSPECIFIED.,.F.,.F.,
  (2,2),(0.,1.),.PIECEWISE_BEZIER_KNOTS.);
#801 = CARTESIAN_POINT('',(13.,15.296572572349));
#802 = CARTESIAN_POINT('',(0.,11.322073713386));
#803 = ( GEOMETRIC_REPRESENTATION_CONTEXT(2) 
PARAMETRIC_REPRESENTATION_CONTEXT() REPRESENTATION_CONTEXT('2D SPACE',''
  ) );
#804 = PCURVE('',#652,#805);
#805 = DEFINITIONAL_REPRESENTATION('',(#806),#809);
#806 = B_SPLINE_CURVE_WITH_KNOTS('',1,(#807,#808),.UNSPECIFIED.,.F.,.F.,
  (2,2),(0.,1.),.PIECEWISE_BEZIER_KNOTS.);
#807 = CARTESIAN_POINT('',(618.74675280899,0.105528816604));
#808 = CARTESIAN_POINT('',(495.00050028824,0.105528816604));
#809 = ( GEOMETRIC_REPRESENTATION_CONTEXT(2) 
PARAMETRIC_REPRESENTATION_CONTEXT() REPRESENTATION_CONTEXT('2D SPACE',''
  ) );
#810 = ORIENTED_EDGE('',*,*,#717,.T.);
#811 = ORIENTED_EDGE('',*,*,#56,.F.);
#812 = ORIENTED_EDGE('',*,*,#813,.F.);
#813 = EDGE_CURVE('',#744,#57,#814,.T.);
#814 = SURFACE_CURVE('',#815,(#819,#826),.PCURVE_S1.);
#815 = LINE('',#816,#817);
#816 = CARTESIAN_POINT('',(-34.97145783212,14.5,21.92));
#817 = VECTOR('',#818,1.);
#818 = DIRECTION('',(0.,-1.,0.));
#819 = PCURVE('',#72,#820);
#820 = DEFINITIONAL_REPRESENTATION('',(#821),#825);
#821 = LINE('',#822,#823);
#822 = CARTESIAN_POINT('',(16.028542167873,0.));
#823 = VECTOR('',#824,1.);
#824 = DIRECTION('',(0.,-1.));
#825 = ( GEOMETRIC_REPRESENTATION_CONTEXT(2) 
PARAMETRIC_REPRESENTATION_CONTEXT() REPRESENTATION_CONTEXT('2D SPACE',''
  ) );
#826 = PCURVE('',#105,#827);
#827 = DEFINITIONAL_REPRESENTATION('',(#828),#831);
#828 = B_SPLINE_CURVE_WITH_KNOTS('',1,(#829,#830),.UNSPECIFIED.,.F.,.F.,
  (2,2),(-31.5000006,5.999999999062E-07),.PIECEWISE_BEZIER_KNOTS.);
#829 = CARTESIAN_POINT('',(2.505130969926,-31.5000006));
#830 = CARTESIAN_POINT('',(2.505130969926,5.999999999062E-07));
#831 = ( GEOMETRIC_REPRESENTATION_CONTEXT(2) 
PARAMETRIC_REPRESENTATION_CONTEXT() REPRESENTATION_CONTEXT('2D SPACE',''
  ) );
#832 = ADVANCED_FACE('',(#833),#445,.T.);
#833 = FACE_BOUND('',#834,.T.);
#834 = EDGE_LOOP('',(#835,#891,#919,#945,#977,#1003,#1038,#1064,#1094,
    #1115,#1142,#1169,#1190,#1211));
#835 = ORIENTED_EDGE('',*,*,#836,.T.);
#836 = EDGE_CURVE('',#24,#837,#839,.T.);
#837 = VERTEX_POINT('',#838);
#838 = CARTESIAN_POINT('',(-64.51086069538,28.010860695388,25.92));
#839 = SURFACE_CURVE('',#840,(#855,#873),.PCURVE_S1.);
#840 = B_SPLINE_CURVE_WITH_KNOTS('',7,(#841,#842,#843,#844,#845,#846,
    #847,#848,#849,#850,#851,#852,#853,#854),.UNSPECIFIED.,.F.,.F.,(8,6,
    8),(0.,0.44581594982,1.),.UNSPECIFIED.);
#841 = CARTESIAN_POINT('',(-51.,14.5,14.753531423391));
#842 = CARTESIAN_POINT('',(-52.01698257687,15.516982576872,
    15.59404811908));
#843 = CARTESIAN_POINT('',(-53.02095743356,16.520957433568,
    16.423814182232));
#844 = CARTESIAN_POINT('',(-54.00971433971,17.509714339716,
    17.241002899615));
#845 = CARTESIAN_POINT('',(-54.98057113716,18.480571137168,
    18.043397518696));
#846 = CARTESIAN_POINT('',(-55.9304749671,19.430474967108,
    18.828474909913));
#847 = CARTESIAN_POINT('',(-56.85618237617,20.356182376171,
    19.593554420944));
#848 = CARTESIAN_POINT('',(-58.87122002961,22.371220029612,
    21.258944594459));
#849 = CARTESIAN_POINT('',(-59.94621946698,23.446219466987,
    22.147411118388));
#850 = CARTESIAN_POINT('',(-60.97225523179,24.472255231792,
    22.995410101169));
#851 = CARTESIAN_POINT('',(-61.94385633024,25.443856330241,
    23.798419870822));
#852 = CARTESIAN_POINT('',(-62.85787218614,26.357872186142,
    24.55383653624));
#853 = CARTESIAN_POINT('',(-63.71333892164,27.213338921649,
    25.260863470774));
#854 = CARTESIAN_POINT('',(-64.51086069538,28.010860695388,25.92));
#855 = PCURVE('',#445,#856);
#856 = DEFINITIONAL_REPRESENTATION('',(#857),#872);
#857 = B_SPLINE_CURVE_WITH_KNOTS('',7,(#858,#859,#860,#861,#862,#863,
    #864,#865,#866,#867,#868,#869,#870,#871),.UNSPECIFIED.,.F.,.F.,(8,6,
    8),(0.,0.44581594982,1.),.UNSPECIFIED.);
#858 = CARTESIAN_POINT('',(0.,-36.83353142339));
#859 = CARTESIAN_POINT('',(1.438230552909,-37.67404811908));
#860 = CARTESIAN_POINT('',(2.85806541153,-38.50381418223));
#861 = CARTESIAN_POINT('',(4.256378838095,-39.32100289961));
#862 = CARTESIAN_POINT('',(5.629377688173,-40.12339751869));
#863 = CARTESIAN_POINT('',(6.972744567426,-40.90847490991));
#864 = CARTESIAN_POINT('',(8.281892540112,-41.67355442094));
#865 = CARTESIAN_POINT('',(11.1315861183,-43.33894459445));
#866 = CARTESIAN_POINT('',(12.651864902179,-44.22741111838));
#867 = CARTESIAN_POINT('',(14.102898596246,-45.07541010116));
#868 = CARTESIAN_POINT('',(15.47695004689,-45.87841987082));
#869 = CARTESIAN_POINT('',(16.769563666529,-46.63383653624));
#870 = CARTESIAN_POINT('',(17.979376326042,-47.34086347077));
#871 = CARTESIAN_POINT('',(19.107242434751,-48.));
#872 = ( GEOMETRIC_REPRESENTATION_CONTEXT(2) 
PARAMETRIC_REPRESENTATION_CONTEXT() REPRESENTATION_CONTEXT('2D SPACE',''
  ) );
#873 = PCURVE('',#652,#874);
#874 = DEFINITIONAL_REPRESENTATION('',(#875),#890);
#875 = B_SPLINE_CURVE_WITH_KNOTS('',7,(#876,#877,#878,#879,#880,#881,
    #882,#883,#884,#885,#886,#887,#888,#889),.UNSPECIFIED.,.F.,.F.,(8,6,
    8),(0.,0.44581594982,1.),.UNSPECIFIED.);
#876 = CARTESIAN_POINT('',(421.29124428188,0.148838228362));
#877 = CARTESIAN_POINT('',(420.54743514033,0.143758699543));
#878 = CARTESIAN_POINT('',(419.75578106985,0.13874414046));
#879 = CARTESIAN_POINT('',(418.91257928501,0.133805590564));
#880 = CARTESIAN_POINT('',(418.01424168112,0.128956446445));
#881 = CARTESIAN_POINT('',(417.05757324047,0.124211956236));
#882 = CARTESIAN_POINT('',(416.04028256143,0.119588320031));
#883 = CARTESIAN_POINT('',(413.62099260258,0.10952379969));
#884 = CARTESIAN_POINT('',(412.18487249916,0.104154493719));
#885 = CARTESIAN_POINT('',(410.65324419572,9.902974688996E-02));
#886 = CARTESIAN_POINT('',(409.02866705147,9.417688520672E-02));
#887 = CARTESIAN_POINT('',(407.3172665501,8.961164487089E-02));
#888 = CARTESIAN_POINT('',(405.52862931201,8.533884016878E-02));
#889 = CARTESIAN_POINT('',(403.67482550851,8.135545350578E-02));
#890 = ( GEOMETRIC_REPRESENTATION_CONTEXT(2) 
PARAMETRIC_REPRESENTATION_CONTEXT() REPRESENTATION_CONTEXT('2D SPACE',''
  ) );
#891 = ORIENTED_EDGE('',*,*,#892,.T.);
#892 = EDGE_CURVE('',#837,#893,#895,.T.);
#893 = VERTEX_POINT('',#894);
#894 = CARTESIAN_POINT('',(-80.63902840777,44.13902840777,25.92));
#895 = SURFACE_CURVE('',#896,(#900,#907),.PCURVE_S1.);
#896 = LINE('',#897,#898);
#897 = CARTESIAN_POINT('',(-51.,14.5,25.92));
#898 = VECTOR('',#899,1.);
#899 = DIRECTION('',(-0.707106781187,0.707106781187,0.));
#900 = PCURVE('',#445,#901);
#901 = DEFINITIONAL_REPRESENTATION('',(#902),#906);
#902 = LINE('',#903,#904);
#903 = CARTESIAN_POINT('',(0.,-48.));
#904 = VECTOR('',#905,1.);
#905 = DIRECTION('',(1.,0.));
#906 = ( GEOMETRIC_REPRESENTATION_CONTEXT(2) 
PARAMETRIC_REPRESENTATION_CONTEXT() REPRESENTATION_CONTEXT('2D SPACE',''
  ) );
#907 = PCURVE('',#908,#913);
#908 = PLANE('',#909);
#909 = AXIS2_PLACEMENT_3D('',#910,#911,#912);
#910 = CARTESIAN_POINT('',(-72.78427124746,65.197436595361,25.92));
#911 = DIRECTION('',(-0.,-0.,-1.));
#912 = DIRECTION('',(-1.,0.,0.));
#913 = DEFINITIONAL_REPRESENTATION('',(#914),#918);
#914 = LINE('',#915,#916);
#915 = CARTESIAN_POINT('',(-21.78427124746,-50.69743659536));
#916 = VECTOR('',#917,1.);
#917 = DIRECTION('',(0.707106781187,0.707106781187));
#918 = ( GEOMETRIC_REPRESENTATION_CONTEXT(2) 
PARAMETRIC_REPRESENTATION_CONTEXT() REPRESENTATION_CONTEXT('2D SPACE',''
  ) );
#919 = ORIENTED_EDGE('',*,*,#920,.T.);
#920 = EDGE_CURVE('',#893,#921,#923,.T.);
#921 = VERTEX_POINT('',#922);
#922 = CARTESIAN_POINT('',(-80.63902840777,44.13902840777,
    21.233537063732));
#923 = SURFACE_CURVE('',#924,(#928,#934),.PCURVE_S1.);
#924 = LINE('',#925,#926);
#925 = CARTESIAN_POINT('',(-80.63902840777,44.13902840777,-160.08));
#926 = VECTOR('',#927,1.);
#927 = DIRECTION('',(-0.,0.,-1.));
#928 = PCURVE('',#445,#929);
#929 = DEFINITIONAL_REPRESENTATION('',(#930),#933);
#930 = B_SPLINE_CURVE_WITH_KNOTS('',1,(#931,#932),.UNSPECIFIED.,.F.,.F.,
  (2,2),(-186.,-138.),.PIECEWISE_BEZIER_KNOTS.);
#931 = CARTESIAN_POINT('',(41.915915949829,-48.));
#932 = CARTESIAN_POINT('',(41.915915949829,0.));
#933 = ( GEOMETRIC_REPRESENTATION_CONTEXT(2) 
PARAMETRIC_REPRESENTATION_CONTEXT() REPRESENTATION_CONTEXT('2D SPACE',''
  ) );
#934 = PCURVE('',#935,#940);
#935 = PLANE('',#936);
#936 = AXIS2_PLACEMENT_3D('',#937,#938,#939);
#937 = CARTESIAN_POINT('',(-364.9577845825,-42.78593866901,-298.08));
#938 = DIRECTION('',(-0.292371704723,0.956304755963,0.));
#939 = DIRECTION('',(0.,0.,1.));
#940 = DEFINITIONAL_REPRESENTATION('',(#941),#944);
#941 = B_SPLINE_CURVE_WITH_KNOTS('',1,(#942,#943),.UNSPECIFIED.,.F.,.F.,
  (2,2),(-186.,-138.),.PIECEWISE_BEZIER_KNOTS.);
#942 = CARTESIAN_POINT('',(324.,297.30977954661));
#943 = CARTESIAN_POINT('',(276.,297.30977954661));
#944 = ( GEOMETRIC_REPRESENTATION_CONTEXT(2) 
PARAMETRIC_REPRESENTATION_CONTEXT() REPRESENTATION_CONTEXT('2D SPACE',''
  ) );
#945 = ORIENTED_EDGE('',*,*,#946,.F.);
#946 = EDGE_CURVE('',#947,#921,#949,.T.);
#947 = VERTEX_POINT('',#948);
#948 = CARTESIAN_POINT('',(-75.88999998711,39.389999987114,
    21.414506941936));
#949 = SURFACE_CURVE('',#950,(#955,#962),.PCURVE_S1.);
#950 = ELLIPSE('',#951,41.536062129696,19.5);
#951 = AXIS2_PLACEMENT_3D('',#952,#953,#954);
#952 = CARTESIAN_POINT('',(-76.58708303712,40.087083037127,1.92));
#953 = DIRECTION('',(-0.707106781187,-0.707106781187,0.));
#954 = DIRECTION('',(0.707106781187,-0.707106781187,-1.257405347276E-16)
  );
#955 = PCURVE('',#445,#956);
#956 = DEFINITIONAL_REPRESENTATION('',(#957),#961);
#957 = ELLIPSE('',#958,41.536062129696,19.5);
#958 = AXIS2_PLACEMENT_2D('',#959,#960);
#959 = CARTESIAN_POINT('',(36.185599852671,-24.));
#960 = DIRECTION('',(-1.,1.257405347276E-16));
#961 = ( GEOMETRIC_REPRESENTATION_CONTEXT(2) 
PARAMETRIC_REPRESENTATION_CONTEXT() REPRESENTATION_CONTEXT('2D SPACE',''
  ) );
#962 = PCURVE('',#963,#968);
#963 = CYLINDRICAL_SURFACE('',#964,19.5);
#964 = AXIS2_PLACEMENT_3D('',#965,#966,#967);
#965 = CARTESIAN_POINT('',(-76.33259358459,39.254685544947,1.92));
#966 = DIRECTION('',(0.292371704723,-0.956304755963,-1.110223024625E-16)
  );
#967 = DIRECTION('',(7.371137602966E-17,1.386309356961E-16,-1.));
#968 = DEFINITIONAL_REPRESENTATION('',(#969),#976);
#969 = B_SPLINE_CURVE_WITH_KNOTS('',5,(#970,#971,#972,#973,#974,#975),
  .UNSPECIFIED.,.F.,.F.,(6,6),(1.547059919667,1.709197772761),
  .PIECEWISE_BEZIER_KNOTS.);
#970 = CARTESIAN_POINT('',(-3.165329060718,-6.215995276199E-15));
#971 = CARTESIAN_POINT('',(-3.132901490099,-1.188919102985));
#972 = CARTESIAN_POINT('',(-3.10047391948,-2.378982343998));
#973 = CARTESIAN_POINT('',(-3.068046348861,-3.567585079773));
#974 = CARTESIAN_POINT('',(-3.035618778243,-4.752117772039));
#975 = CARTESIAN_POINT('',(-3.003191207624,-5.929999997729));
#976 = ( GEOMETRIC_REPRESENTATION_CONTEXT(2) 
PARAMETRIC_REPRESENTATION_CONTEXT() REPRESENTATION_CONTEXT('2D SPACE',''
  ) );
#977 = ORIENTED_EDGE('',*,*,#978,.T.);
#978 = EDGE_CURVE('',#947,#979,#981,.T.);
#979 = VERTEX_POINT('',#980);
#980 = CARTESIAN_POINT('',(-75.88999998711,39.389999987114,
    18.413507841245));
#981 = SURFACE_CURVE('',#982,(#986,#992),.PCURVE_S1.);
#982 = LINE('',#983,#984);
#983 = CARTESIAN_POINT('',(-75.88999998711,39.389999987114,-10.08));
#984 = VECTOR('',#985,1.);
#985 = DIRECTION('',(-8.89119847759E-17,8.89119847759E-17,-1.));
#986 = PCURVE('',#445,#987);
#987 = DEFINITIONAL_REPRESENTATION('',(#988),#991);
#988 = B_SPLINE_CURVE_WITH_KNOTS('',1,(#989,#990),.UNSPECIFIED.,.F.,.F.,
  (2,2),(-31.5,7.5),.PIECEWISE_BEZIER_KNOTS.);
#989 = CARTESIAN_POINT('',(35.199775549243,-43.5));
#990 = CARTESIAN_POINT('',(35.199775549243,-4.5));
#991 = ( GEOMETRIC_REPRESENTATION_CONTEXT(2) 
PARAMETRIC_REPRESENTATION_CONTEXT() REPRESENTATION_CONTEXT('2D SPACE',''
  ) );
#992 = PCURVE('',#993,#998);
#993 = PLANE('',#994);
#994 = AXIS2_PLACEMENT_3D('',#995,#996,#997);
#995 = CARTESIAN_POINT('',(-76.33259358459,39.254685544947,1.92));
#996 = DIRECTION('',(-0.292371704723,0.956304755963,1.110223024625E-16)
  );
#997 = DIRECTION('',(7.371137602966E-17,1.386309356961E-16,-1.));
#998 = DEFINITIONAL_REPRESENTATION('',(#999),#1002);
#999 = B_SPLINE_CURVE_WITH_KNOTS('',1,(#1000,#1001),.UNSPECIFIED.,.F.,
  .F.,(2,2),(-31.5,7.5),.PIECEWISE_BEZIER_KNOTS.);
#1000 = CARTESIAN_POINT('',(-19.5,-0.462816476363));
#1001 = CARTESIAN_POINT('',(19.5,-0.462816476363));
#1002 = ( GEOMETRIC_REPRESENTATION_CONTEXT(2) 
PARAMETRIC_REPRESENTATION_CONTEXT() REPRESENTATION_CONTEXT('2D SPACE',''
  ) );
#1003 = ORIENTED_EDGE('',*,*,#1004,.F.);
#1004 = EDGE_CURVE('',#1005,#979,#1007,.T.);
#1005 = VERTEX_POINT('',#1006);
#1006 = CARTESIAN_POINT('',(-51.86456109678,15.364561096784,
    3.601469603232));
#1007 = SURFACE_CURVE('',#1008,(#1013,#1020),.PCURVE_S1.);
#1008 = ELLIPSE('',#1009,35.145898725127,16.5);
#1009 = AXIS2_PLACEMENT_3D('',#1010,#1011,#1012);
#1010 = CARTESIAN_POINT('',(-76.58708303712,40.087083037127,1.92));
#1011 = DIRECTION('',(-0.707106781187,-0.707106781187,0.));
#1012 = DIRECTION('',(0.707106781187,-0.707106781187,-1.257405347276E-16
    ));
#1013 = PCURVE('',#445,#1014);
#1014 = DEFINITIONAL_REPRESENTATION('',(#1015),#1019);
#1015 = ELLIPSE('',#1016,35.145898725127,16.5);
#1016 = AXIS2_PLACEMENT_2D('',#1017,#1018);
#1017 = CARTESIAN_POINT('',(36.185599852671,-24.));
#1018 = DIRECTION('',(-1.,1.257405347276E-16));
#1019 = ( GEOMETRIC_REPRESENTATION_CONTEXT(2) 
PARAMETRIC_REPRESENTATION_CONTEXT() REPRESENTATION_CONTEXT('2D SPACE',''
  ) );
#1020 = PCURVE('',#1021,#1026);
#1021 = CYLINDRICAL_SURFACE('',#1022,16.5);
#1022 = AXIS2_PLACEMENT_3D('',#1023,#1024,#1025);
#1023 = CARTESIAN_POINT('',(-67.56144244291,10.565542866055,1.92));
#1024 = DIRECTION('',(0.292371704723,-0.956304755963,-1.110223024625E-16
    ));
#1025 = DIRECTION('',(7.371137602966E-17,1.386309356961E-16,-1.));
#1026 = DEFINITIONAL_REPRESENTATION('',(#1027),#1037);
#1027 = B_SPLINE_CURVE_WITH_KNOTS('',8,(#1028,#1029,#1030,#1031,#1032,
    #1033,#1034,#1035,#1036),.UNSPECIFIED.,.F.,.F.,(9,9),(0.102084274331
    ,1.54274318332),.PIECEWISE_BEZIER_KNOTS.);
#1028 = CARTESIAN_POINT('',(-4.610304706054,6.000000034589E-07));
#1029 = CARTESIAN_POINT('',(-4.43022234243,-0.569487999709));
#1030 = CARTESIAN_POINT('',(-4.250139978807,-2.283111554105));
#1031 = CARTESIAN_POINT('',(-4.070057615174,-5.112722255108));
#1032 = CARTESIAN_POINT('',(-3.889975251564,-8.951046521361));
#1033 = CARTESIAN_POINT('',(-3.709892887928,-13.61448852156));
#1034 = CARTESIAN_POINT('',(-3.529810524312,-18.86003079696));
#1035 = CARTESIAN_POINT('',(-3.349728160688,-24.41388588913));
#1036 = CARTESIAN_POINT('',(-3.169645797065,-30.0000006));
#1037 = ( GEOMETRIC_REPRESENTATION_CONTEXT(2) 
PARAMETRIC_REPRESENTATION_CONTEXT() REPRESENTATION_CONTEXT('2D SPACE',''
  ) );
#1038 = ORIENTED_EDGE('',*,*,#1039,.T.);
#1039 = EDGE_CURVE('',#1005,#1040,#1042,.T.);
#1040 = VERTEX_POINT('',#1041);
#1041 = CARTESIAN_POINT('',(-51.86456109678,15.364561096784,
    0.238530396768));
#1042 = SURFACE_CURVE('',#1043,(#1047,#1053),.PCURVE_S1.);
#1043 = LINE('',#1044,#1045);
#1044 = CARTESIAN_POINT('',(-51.86456109678,15.364561096784,-10.08));
#1045 = VECTOR('',#1046,1.);
#1046 = DIRECTION('',(-8.89119847759E-17,8.89119847759E-17,-1.));
#1047 = PCURVE('',#445,#1048);
#1048 = DEFINITIONAL_REPRESENTATION('',(#1049),#1052);
#1049 = B_SPLINE_CURVE_WITH_KNOTS('',1,(#1050,#1051),.UNSPECIFIED.,.F.,
  .F.,(2,2),(-28.5,4.5),.PIECEWISE_BEZIER_KNOTS.);
#1050 = CARTESIAN_POINT('',(1.222674028572,-40.5));
#1051 = CARTESIAN_POINT('',(1.222674028572,-7.5));
#1052 = ( GEOMETRIC_REPRESENTATION_CONTEXT(2) 
PARAMETRIC_REPRESENTATION_CONTEXT() REPRESENTATION_CONTEXT('2D SPACE',''
  ) );
#1053 = PCURVE('',#1054,#1059);
#1054 = PLANE('',#1055);
#1055 = AXIS2_PLACEMENT_3D('',#1056,#1057,#1058);
#1056 = CARTESIAN_POINT('',(-67.56144244291,10.565542866055,1.92));
#1057 = DIRECTION('',(-0.292371704723,0.956304755963,1.110223024625E-16)
  );
#1058 = DIRECTION('',(7.371137602966E-17,1.386309356961E-16,-1.));
#1059 = DEFINITIONAL_REPRESENTATION('',(#1060),#1063);
#1060 = B_SPLINE_CURVE_WITH_KNOTS('',1,(#1061,#1062),.UNSPECIFIED.,.F.,
  .F.,(2,2),(-28.5,4.5),.PIECEWISE_BEZIER_KNOTS.);
#1061 = CARTESIAN_POINT('',(-16.5,-16.4140994262));
#1062 = CARTESIAN_POINT('',(16.5,-16.4140994262));
#1063 = ( GEOMETRIC_REPRESENTATION_CONTEXT(2) 
PARAMETRIC_REPRESENTATION_CONTEXT() REPRESENTATION_CONTEXT('2D SPACE',''
  ) );
#1064 = ORIENTED_EDGE('',*,*,#1065,.F.);
#1065 = EDGE_CURVE('',#1066,#1040,#1068,.T.);
#1066 = VERTEX_POINT('',#1067);
#1067 = CARTESIAN_POINT('',(-75.88999998711,39.389999987114,
    -14.57350784124));
#1068 = SURFACE_CURVE('',#1069,(#1074,#1081),.PCURVE_S1.);
#1069 = ELLIPSE('',#1070,35.145898725127,16.5);
#1070 = AXIS2_PLACEMENT_3D('',#1071,#1072,#1073);
#1071 = CARTESIAN_POINT('',(-76.58708303712,40.087083037127,1.92));
#1072 = DIRECTION('',(-0.707106781187,-0.707106781187,0.));
#1073 = DIRECTION('',(0.707106781187,-0.707106781187,-1.257405347276E-16
    ));
#1074 = PCURVE('',#445,#1075);
#1075 = DEFINITIONAL_REPRESENTATION('',(#1076),#1080);
#1076 = ELLIPSE('',#1077,35.145898725127,16.5);
#1077 = AXIS2_PLACEMENT_2D('',#1078,#1079);
#1078 = CARTESIAN_POINT('',(36.185599852671,-24.));
#1079 = DIRECTION('',(-1.,1.257405347276E-16));
#1080 = ( GEOMETRIC_REPRESENTATION_CONTEXT(2) 
PARAMETRIC_REPRESENTATION_CONTEXT() REPRESENTATION_CONTEXT('2D SPACE',''
  ) );
#1081 = PCURVE('',#1021,#1082);
#1082 = DEFINITIONAL_REPRESENTATION('',(#1083),#1093);
#1083 = B_SPLINE_CURVE_WITH_KNOTS('',8,(#1084,#1085,#1086,#1087,#1088,
    #1089,#1090,#1091,#1092),.UNSPECIFIED.,.F.,.F.,(9,9),(4.740442123859
    ,6.181101032849),.PIECEWISE_BEZIER_KNOTS.);
#1084 = CARTESIAN_POINT('',(-6.255132163705,-30.0000006));
#1085 = CARTESIAN_POINT('',(-6.075049800081,-24.41388588913));
#1086 = CARTESIAN_POINT('',(-5.894967436464,-18.86003079694));
#1087 = CARTESIAN_POINT('',(-5.714885072801,-13.61448852165));
#1088 = CARTESIAN_POINT('',(-5.534802709226,-8.951046521244));
#1089 = CARTESIAN_POINT('',(-5.354720345556,-5.112722255188));
#1090 = CARTESIAN_POINT('',(-5.174637981967,-2.283111554072));
#1091 = CARTESIAN_POINT('',(-4.994555618339,-0.569487999709));
#1092 = CARTESIAN_POINT('',(-4.814473254716,6.000000034589E-07));
#1093 = ( GEOMETRIC_REPRESENTATION_CONTEXT(2) 
PARAMETRIC_REPRESENTATION_CONTEXT() REPRESENTATION_CONTEXT('2D SPACE',''
  ) );
#1094 = ORIENTED_EDGE('',*,*,#1095,.T.);
#1095 = EDGE_CURVE('',#1066,#1096,#1098,.T.);
#1096 = VERTEX_POINT('',#1097);
#1097 = CARTESIAN_POINT('',(-75.88999998711,39.389999987114,
    -17.57450694193));
#1098 = SURFACE_CURVE('',#1099,(#1103,#1109),.PCURVE_S1.);
#1099 = LINE('',#1100,#1101);
#1100 = CARTESIAN_POINT('',(-75.88999998711,39.389999987114,-10.08));
#1101 = VECTOR('',#1102,1.);
#1102 = DIRECTION('',(-8.89119847759E-17,8.89119847759E-17,-1.));
#1103 = PCURVE('',#445,#1104);
#1104 = DEFINITIONAL_REPRESENTATION('',(#1105),#1108);
#1105 = B_SPLINE_CURVE_WITH_KNOTS('',1,(#1106,#1107),.UNSPECIFIED.,.F.,
  .F.,(2,2),(-31.5,7.5),.PIECEWISE_BEZIER_KNOTS.);
#1106 = CARTESIAN_POINT('',(35.199775549243,-43.5));
#1107 = CARTESIAN_POINT('',(35.199775549243,-4.5));
#1108 = ( GEOMETRIC_REPRESENTATION_CONTEXT(2) 
PARAMETRIC_REPRESENTATION_CONTEXT() REPRESENTATION_CONTEXT('2D SPACE',''
  ) );
#1109 = PCURVE('',#993,#1110);
#1110 = DEFINITIONAL_REPRESENTATION('',(#1111),#1114);
#1111 = B_SPLINE_CURVE_WITH_KNOTS('',1,(#1112,#1113),.UNSPECIFIED.,.F.,
  .F.,(2,2),(-31.5,7.5),.PIECEWISE_BEZIER_KNOTS.);
#1112 = CARTESIAN_POINT('',(-19.5,-0.462816476363));
#1113 = CARTESIAN_POINT('',(19.5,-0.462816476363));
#1114 = ( GEOMETRIC_REPRESENTATION_CONTEXT(2) 
PARAMETRIC_REPRESENTATION_CONTEXT() REPRESENTATION_CONTEXT('2D SPACE',''
  ) );
#1115 = ORIENTED_EDGE('',*,*,#1116,.F.);
#1116 = EDGE_CURVE('',#1117,#1096,#1119,.T.);
#1117 = VERTEX_POINT('',#1118);
#1118 = CARTESIAN_POINT('',(-76.58708303712,40.087083037127,-17.58));
#1119 = SURFACE_CURVE('',#1120,(#1125,#1132),.PCURVE_S1.);
#1120 = ELLIPSE('',#1121,41.536062129696,19.5);
#1121 = AXIS2_PLACEMENT_3D('',#1122,#1123,#1124);
#1122 = CARTESIAN_POINT('',(-76.58708303712,40.087083037127,1.92));
#1123 = DIRECTION('',(-0.707106781187,-0.707106781187,0.));
#1124 = DIRECTION('',(0.707106781187,-0.707106781187,-1.257405347276E-16
    ));
#1125 = PCURVE('',#445,#1126);
#1126 = DEFINITIONAL_REPRESENTATION('',(#1127),#1131);
#1127 = ELLIPSE('',#1128,41.536062129696,19.5);
#1128 = AXIS2_PLACEMENT_2D('',#1129,#1130);
#1129 = CARTESIAN_POINT('',(36.185599852671,-24.));
#1130 = DIRECTION('',(-1.,1.257405347276E-16));
#1131 = ( GEOMETRIC_REPRESENTATION_CONTEXT(2) 
PARAMETRIC_REPRESENTATION_CONTEXT() REPRESENTATION_CONTEXT('2D SPACE',''
  ) );
#1132 = PCURVE('',#963,#1133);
#1133 = DEFINITIONAL_REPRESENTATION('',(#1134),#1141);
#1134 = B_SPLINE_CURVE_WITH_KNOTS('',5,(#1135,#1136,#1137,#1138,#1139,
    #1140),.UNSPECIFIED.,.F.,.F.,(6,6),(4.712388980385,4.736125387513),
  .PIECEWISE_BEZIER_KNOTS.);
#1135 = CARTESIAN_POINT('',(-6.28318530718,-0.870431195693));
#1136 = CARTESIAN_POINT('',(-6.278438025754,-0.696328608288));
#1137 = CARTESIAN_POINT('',(-6.273690744328,-0.522226020883));
#1138 = CARTESIAN_POINT('',(-6.268943462903,-0.348131607842));
#1139 = CARTESIAN_POINT('',(-6.264196181477,-0.174053543527));
#1140 = CARTESIAN_POINT('',(-6.259448900051,-3.689830289688E-14));
#1141 = ( GEOMETRIC_REPRESENTATION_CONTEXT(2) 
PARAMETRIC_REPRESENTATION_CONTEXT() REPRESENTATION_CONTEXT('2D SPACE',''
  ) );
#1142 = ORIENTED_EDGE('',*,*,#1143,.F.);
#1143 = EDGE_CURVE('',#1144,#1117,#1146,.T.);
#1144 = VERTEX_POINT('',#1145);
#1145 = CARTESIAN_POINT('',(-80.63902840777,44.13902840777,
    -17.39353706373));
#1146 = SURFACE_CURVE('',#1147,(#1152,#1159),.PCURVE_S1.);
#1147 = ELLIPSE('',#1148,41.536062129696,19.5);
#1148 = AXIS2_PLACEMENT_3D('',#1149,#1150,#1151);
#1149 = CARTESIAN_POINT('',(-76.58708303712,40.087083037127,1.92));
#1150 = DIRECTION('',(-0.707106781187,-0.707106781187,0.));
#1151 = DIRECTION('',(0.707106781187,-0.707106781187,-1.257405347276E-16
    ));
#1152 = PCURVE('',#445,#1153);
#1153 = DEFINITIONAL_REPRESENTATION('',(#1154),#1158);
#1154 = ELLIPSE('',#1155,41.536062129696,19.5);
#1155 = AXIS2_PLACEMENT_2D('',#1156,#1157);
#1156 = CARTESIAN_POINT('',(36.185599852671,-24.));
#1157 = DIRECTION('',(-1.,1.257405347276E-16));
#1158 = ( GEOMETRIC_REPRESENTATION_CONTEXT(2) 
PARAMETRIC_REPRESENTATION_CONTEXT() REPRESENTATION_CONTEXT('2D SPACE',''
  ) );
#1159 = PCURVE('',#963,#1160);
#1160 = DEFINITIONAL_REPRESENTATION('',(#1161),#1168);
#1161 = B_SPLINE_CURVE_WITH_KNOTS('',5,(#1162,#1163,#1164,#1165,#1166,
    #1167),.UNSPECIFIED.,.F.,.F.,(6,6),(4.573987534419,4.712388980385),
  .PIECEWISE_BEZIER_KNOTS.);
#1162 = CARTESIAN_POINT('',(-6.421586753146,-5.929999998041));
#1163 = CARTESIAN_POINT('',(-6.393906463952,-4.924555557616));
#1164 = CARTESIAN_POINT('',(-6.366226174759,-3.914265327882));
#1165 = CARTESIAN_POINT('',(-6.338545885566,-2.900734249123));
#1166 = CARTESIAN_POINT('',(-6.310865596373,-1.885582718549));
#1167 = CARTESIAN_POINT('',(-6.28318530718,-0.870431195693));
#1168 = ( GEOMETRIC_REPRESENTATION_CONTEXT(2) 
PARAMETRIC_REPRESENTATION_CONTEXT() REPRESENTATION_CONTEXT('2D SPACE',''
  ) );
#1169 = ORIENTED_EDGE('',*,*,#1170,.T.);
#1170 = EDGE_CURVE('',#1144,#1171,#1173,.T.);
#1171 = VERTEX_POINT('',#1172);
#1172 = CARTESIAN_POINT('',(-80.63902840777,44.13902840777,-22.08));
#1173 = SURFACE_CURVE('',#1174,(#1178,#1184),.PCURVE_S1.);
#1174 = LINE('',#1175,#1176);
#1175 = CARTESIAN_POINT('',(-80.63902840777,44.13902840777,-160.08));
#1176 = VECTOR('',#1177,1.);
#1177 = DIRECTION('',(-0.,0.,-1.));
#1178 = PCURVE('',#445,#1179);
#1179 = DEFINITIONAL_REPRESENTATION('',(#1180),#1183);
#1180 = B_SPLINE_CURVE_WITH_KNOTS('',1,(#1181,#1182),.UNSPECIFIED.,.F.,
  .F.,(2,2),(-186.,-138.),.PIECEWISE_BEZIER_KNOTS.);
#1181 = CARTESIAN_POINT('',(41.915915949829,-48.));
#1182 = CARTESIAN_POINT('',(41.915915949829,0.));
#1183 = ( GEOMETRIC_REPRESENTATION_CONTEXT(2) 
PARAMETRIC_REPRESENTATION_CONTEXT() REPRESENTATION_CONTEXT('2D SPACE',''
  ) );
#1184 = PCURVE('',#935,#1185);
#1185 = DEFINITIONAL_REPRESENTATION('',(#1186),#1189);
#1186 = B_SPLINE_CURVE_WITH_KNOTS('',1,(#1187,#1188),.UNSPECIFIED.,.F.,
  .F.,(2,2),(-186.,-138.),.PIECEWISE_BEZIER_KNOTS.);
#1187 = CARTESIAN_POINT('',(324.,297.30977954661));
#1188 = CARTESIAN_POINT('',(276.,297.30977954661));
#1189 = ( GEOMETRIC_REPRESENTATION_CONTEXT(2) 
PARAMETRIC_REPRESENTATION_CONTEXT() REPRESENTATION_CONTEXT('2D SPACE',''
  ) );
#1190 = ORIENTED_EDGE('',*,*,#1191,.F.);
#1191 = EDGE_CURVE('',#404,#1171,#1192,.T.);
#1192 = SURFACE_CURVE('',#1193,(#1197,#1204),.PCURVE_S1.);
#1193 = LINE('',#1194,#1195);
#1194 = CARTESIAN_POINT('',(-51.,14.5,-22.08));
#1195 = VECTOR('',#1196,1.);
#1196 = DIRECTION('',(-0.707106781187,0.707106781187,0.));
#1197 = PCURVE('',#445,#1198);
#1198 = DEFINITIONAL_REPRESENTATION('',(#1199),#1203);
#1199 = LINE('',#1200,#1201);
#1200 = CARTESIAN_POINT('',(0.,0.));
#1201 = VECTOR('',#1202,1.);
#1202 = DIRECTION('',(1.,0.));
#1203 = ( GEOMETRIC_REPRESENTATION_CONTEXT(2) 
PARAMETRIC_REPRESENTATION_CONTEXT() REPRESENTATION_CONTEXT('2D SPACE',''
  ) );
#1204 = PCURVE('',#419,#1205);
#1205 = DEFINITIONAL_REPRESENTATION('',(#1206),#1210);
#1206 = LINE('',#1207,#1208);
#1207 = CARTESIAN_POINT('',(-21.78427124746,-50.69743659536));
#1208 = VECTOR('',#1209,1.);
#1209 = DIRECTION('',(0.707106781187,0.707106781187));
#1210 = ( GEOMETRIC_REPRESENTATION_CONTEXT(2) 
PARAMETRIC_REPRESENTATION_CONTEXT() REPRESENTATION_CONTEXT('2D SPACE',''
  ) );
#1211 = ORIENTED_EDGE('',*,*,#431,.F.);
#1212 = ADVANCED_FACE('',(#1213),#105,.T.);
#1213 = FACE_BOUND('',#1214,.T.);
#1214 = EDGE_LOOP('',(#1215,#1216,#1237,#1263));
#1215 = ORIENTED_EDGE('',*,*,#84,.F.);
#1216 = ORIENTED_EDGE('',*,*,#1217,.F.);
#1217 = EDGE_CURVE('',#1218,#85,#1220,.T.);
#1218 = VERTEX_POINT('',#1219);
#1219 = CARTESIAN_POINT('',(-16.90999999999,46.,34.34410368846));
#1220 = SURFACE_CURVE('',#1221,(#1225,#1231),.PCURVE_S1.);
#1221 = LINE('',#1222,#1223);
#1222 = CARTESIAN_POINT('',(-16.91,14.5,34.34410368846));
#1223 = VECTOR('',#1224,1.);
#1224 = DIRECTION('',(0.,-1.,0.));
#1225 = PCURVE('',#105,#1226);
#1226 = DEFINITIONAL_REPRESENTATION('',(#1227),#1230);
#1227 = B_SPLINE_CURVE_WITH_KNOTS('',1,(#1228,#1229),.UNSPECIFIED.,.F.,
  .F.,(2,2),(-31.5000006,5.999999999062E-07),.PIECEWISE_BEZIER_KNOTS.);
#1228 = CARTESIAN_POINT('',(1.841551462294,-31.5000006));
#1229 = CARTESIAN_POINT('',(1.841551462294,5.999999999062E-07));
#1230 = ( GEOMETRIC_REPRESENTATION_CONTEXT(2) 
PARAMETRIC_REPRESENTATION_CONTEXT() REPRESENTATION_CONTEXT('2D SPACE',''
  ) );
#1231 = PCURVE('',#133,#1232);
#1232 = DEFINITIONAL_REPRESENTATION('',(#1233),#1236);
#1233 = B_SPLINE_CURVE_WITH_KNOTS('',1,(#1234,#1235),.UNSPECIFIED.,.F.,
  .F.,(2,2),(-31.5000006,5.999999999062E-07),.PIECEWISE_BEZIER_KNOTS.);
#1234 = CARTESIAN_POINT('',(7.42410368846,-31.5000006));
#1235 = CARTESIAN_POINT('',(7.42410368846,5.999999999062E-07));
#1236 = ( GEOMETRIC_REPRESENTATION_CONTEXT(2) 
PARAMETRIC_REPRESENTATION_CONTEXT() REPRESENTATION_CONTEXT('2D SPACE',''
  ) );
#1237 = ORIENTED_EDGE('',*,*,#1238,.T.);
#1238 = EDGE_CURVE('',#1218,#744,#1239,.T.);
#1239 = SURFACE_CURVE('',#1240,(#1245,#1252),.PCURVE_S1.);
#1240 = CIRCLE('',#1241,33.65);
#1241 = AXIS2_PLACEMENT_3D('',#1242,#1243,#1244);
#1242 = CARTESIAN_POINT('',(-7.91,46.,1.92));
#1243 = DIRECTION('',(0.,-1.,0.));
#1244 = DIRECTION('',(1.,0.,0.));
#1245 = PCURVE('',#105,#1246);
#1246 = DEFINITIONAL_REPRESENTATION('',(#1247),#1251);
#1247 = LINE('',#1248,#1249);
#1248 = CARTESIAN_POINT('',(0.,-31.5));
#1249 = VECTOR('',#1250,1.);
#1250 = DIRECTION('',(1.,0.));
#1251 = ( GEOMETRIC_REPRESENTATION_CONTEXT(2) 
PARAMETRIC_REPRESENTATION_CONTEXT() REPRESENTATION_CONTEXT('2D SPACE',''
  ) );
#1252 = PCURVE('',#759,#1253);
#1253 = DEFINITIONAL_REPRESENTATION('',(#1254),#1262);
#1254 = ( BOUNDED_CURVE() B_SPLINE_CURVE(2,(#1255,#1256,#1257,#1258,
#1259,#1260,#1261),.UNSPECIFIED.,.T.,.F.) B_SPLINE_CURVE_WITH_KNOTS((1,2
    ,2,2,2,1),(-2.094395102393,0.,2.094395102393,4.188790204786,
6.28318530718,8.377580409573),.UNSPECIFIED.) CURVE() 
GEOMETRIC_REPRESENTATION_ITEM() RATIONAL_B_SPLINE_CURVE((1.,0.5,1.,0.5,
1.,0.5,1.)) REPRESENTATION_ITEM('') );
#1255 = CARTESIAN_POINT('',(20.,76.74));
#1256 = CARTESIAN_POINT('',(78.283509674693,76.74));
#1257 = CARTESIAN_POINT('',(49.141754837346,26.265));
#1258 = CARTESIAN_POINT('',(20.,-24.21));
#1259 = CARTESIAN_POINT('',(-9.141754837346,26.265));
#1260 = CARTESIAN_POINT('',(-38.28350967469,76.74));
#1261 = CARTESIAN_POINT('',(20.,76.74));
#1262 = ( GEOMETRIC_REPRESENTATION_CONTEXT(2) 
PARAMETRIC_REPRESENTATION_CONTEXT() REPRESENTATION_CONTEXT('2D SPACE',''
  ) );
#1263 = ORIENTED_EDGE('',*,*,#813,.T.);
#1264 = ADVANCED_FACE('',(#1265,#1311,#1417),#419,.T.);
#1265 = FACE_BOUND('',#1266,.T.);
#1266 = EDGE_LOOP('',(#1267,#1268,#1269,#1290));
#1267 = ORIENTED_EDGE('',*,*,#403,.T.);
#1268 = ORIENTED_EDGE('',*,*,#1191,.T.);
#1269 = ORIENTED_EDGE('',*,*,#1270,.T.);
#1270 = EDGE_CURVE('',#1171,#1271,#1273,.T.);
#1271 = VERTEX_POINT('',#1272);
#1272 = CARTESIAN_POINT('',(-38.,57.175087619612,-22.08));
#1273 = SURFACE_CURVE('',#1274,(#1278,#1284),.PCURVE_S1.);
#1274 = LINE('',#1275,#1276);
#1275 = CARTESIAN_POINT('',(-216.2628168985,2.67467513048,-22.08));
#1276 = VECTOR('',#1277,1.);
#1277 = DIRECTION('',(0.956304755963,0.292371704723,-0.));
#1278 = PCURVE('',#419,#1279);
#1279 = DEFINITIONAL_REPRESENTATION('',(#1280),#1283);
#1280 = B_SPLINE_CURVE_WITH_KNOTS('',1,(#1281,#1282),.UNSPECIFIED.,.F.,
  .F.,(2,2),(89.158624765681,186.40795811898),.PIECEWISE_BEZIER_KNOTS.);
#1281 = CARTESIAN_POINT('',(58.215728752538,-36.4553023514));
#1282 = CARTESIAN_POINT('',(-34.78427124746,-8.022348975749));
#1283 = ( GEOMETRIC_REPRESENTATION_CONTEXT(2) 
PARAMETRIC_REPRESENTATION_CONTEXT() REPRESENTATION_CONTEXT('2D SPACE',''
  ) );
#1284 = PCURVE('',#935,#1285);
#1285 = DEFINITIONAL_REPRESENTATION('',(#1286),#1289);
#1286 = B_SPLINE_CURVE_WITH_KNOTS('',1,(#1287,#1288),.UNSPECIFIED.,.F.,
  .F.,(2,2),(89.158624765681,186.40795811898),.PIECEWISE_BEZIER_KNOTS.);
#1287 = CARTESIAN_POINT('',(276.,244.64772670393));
#1288 = CARTESIAN_POINT('',(276.,341.89706005723));
#1289 = ( GEOMETRIC_REPRESENTATION_CONTEXT(2) 
PARAMETRIC_REPRESENTATION_CONTEXT() REPRESENTATION_CONTEXT('2D SPACE',''
  ) );
#1290 = ORIENTED_EDGE('',*,*,#1291,.T.);
#1291 = EDGE_CURVE('',#1271,#376,#1292,.T.);
#1292 = SURFACE_CURVE('',#1293,(#1297,#1304),.PCURVE_S1.);
#1293 = LINE('',#1294,#1295);
#1294 = CARTESIAN_POINT('',(-38.,94.5,-22.08));
#1295 = VECTOR('',#1296,1.);
#1296 = DIRECTION('',(0.,-1.,0.));
#1297 = PCURVE('',#419,#1298);
#1298 = DEFINITIONAL_REPRESENTATION('',(#1299),#1303);
#1299 = LINE('',#1300,#1301);
#1300 = CARTESIAN_POINT('',(-34.78427124746,29.302563404639));
#1301 = VECTOR('',#1302,1.);
#1302 = DIRECTION('',(0.,-1.));
#1303 = ( GEOMETRIC_REPRESENTATION_CONTEXT(2) 
PARAMETRIC_REPRESENTATION_CONTEXT() REPRESENTATION_CONTEXT('2D SPACE',''
  ) );
#1304 = PCURVE('',#391,#1305);
#1305 = DEFINITIONAL_REPRESENTATION('',(#1306),#1310);
#1306 = LINE('',#1307,#1308);
#1307 = CARTESIAN_POINT('',(0.,0.));
#1308 = VECTOR('',#1309,1.);
#1309 = DIRECTION('',(1.,0.));
#1310 = ( GEOMETRIC_REPRESENTATION_CONTEXT(2) 
PARAMETRIC_REPRESENTATION_CONTEXT() REPRESENTATION_CONTEXT('2D SPACE',''
  ) );
#1311 = FACE_BOUND('',#1312,.T.);
#1312 = EDGE_LOOP('',(#1313,#1341,#1367,#1393));
#1313 = ORIENTED_EDGE('',*,*,#1314,.F.);
#1314 = EDGE_CURVE('',#1315,#1317,#1319,.T.);
#1315 = VERTEX_POINT('',#1316);
#1316 = CARTESIAN_POINT('',(-47.56390763998,44.003328405857,-22.08));
#1317 = VERTEX_POINT('',#1318);
#1318 = CARTESIAN_POINT('',(-53.11047522457,42.307572518465,-22.08));
#1319 = SURFACE_CURVE('',#1320,(#1324,#1330),.PCURVE_S1.);
#1320 = LINE('',#1321,#1322);
#1321 = CARTESIAN_POINT('',(-57.51989897028,40.959476391848,-22.08));
#1322 = VECTOR('',#1323,1.);
#1323 = DIRECTION('',(-0.956304755963,-0.292371704723,0.));
#1324 = PCURVE('',#419,#1325);
#1325 = DEFINITIONAL_REPRESENTATION('',(#1326),#1329);
#1326 = B_SPLINE_CURVE_WITH_KNOTS('',1,(#1327,#1328),.UNSPECIFIED.,.F.,
  .F.,(2,2),(-20.41179744069,-0.757480049135),.PIECEWISE_BEZIER_KNOTS.);
#1327 = CARTESIAN_POINT('',(-34.78427124746,-18.27012818932));
#1328 = CARTESIAN_POINT('',(-15.98875405071,-24.01649447025));
#1329 = ( GEOMETRIC_REPRESENTATION_CONTEXT(2) 
PARAMETRIC_REPRESENTATION_CONTEXT() REPRESENTATION_CONTEXT('2D SPACE',''
  ) );
#1330 = PCURVE('',#1331,#1336);
#1331 = PLANE('',#1332);
#1332 = AXIS2_PLACEMENT_3D('',#1333,#1334,#1335);
#1333 = CARTESIAN_POINT('',(-50.33719143228,43.155450462161,-17.08));
#1334 = DIRECTION('',(0.292371704723,-0.956304755963,0.));
#1335 = DIRECTION('',(-0.478152377982,-0.146185852361,-0.866025403784));
#1336 = DEFINITIONAL_REPRESENTATION('',(#1337),#1340);
#1337 = B_SPLINE_CURVE_WITH_KNOTS('',1,(#1338,#1339),.UNSPECIFIED.,.F.,
  .F.,(2,2),(-20.41179744069,-0.757480049135),.PIECEWISE_BEZIER_KNOTS.);
#1338 = CARTESIAN_POINT('',(-2.120322670548,13.67250659383));
#1339 = CARTESIAN_POINT('',(7.70683602523,-3.3486315613));
#1340 = ( GEOMETRIC_REPRESENTATION_CONTEXT(2) 
PARAMETRIC_REPRESENTATION_CONTEXT() REPRESENTATION_CONTEXT('2D SPACE',''
  ) );
#1341 = ORIENTED_EDGE('',*,*,#1342,.F.);
#1342 = EDGE_CURVE('',#1343,#1315,#1345,.T.);
#1343 = VERTEX_POINT('',#1344);
#1344 = CARTESIAN_POINT('',(-48.44102275415,46.872242673746,-22.08));
#1345 = SURFACE_CURVE('',#1346,(#1350,#1356),.PCURVE_S1.);
#1346 = LINE('',#1347,#1348);
#1347 = CARTESIAN_POINT('',(-51.60474000957,57.220295542769,-22.08));
#1348 = VECTOR('',#1349,1.);
#1349 = DIRECTION('',(0.292371704723,-0.956304755963,0.));
#1350 = PCURVE('',#419,#1351);
#1351 = DEFINITIONAL_REPRESENTATION('',(#1352),#1355);
#1352 = B_SPLINE_CURVE_WITH_KNOTS('',1,(#1353,#1354),.UNSPECIFIED.,.F.,
  .F.,(2,2),(10.820873580831,13.820873580831),.PIECEWISE_BEZIER_KNOTS.);
#1353 = CARTESIAN_POINT('',(-24.3432484933,-18.32519392161));
#1354 = CARTESIAN_POINT('',(-25.22036360747,-21.1941081895));
#1355 = ( GEOMETRIC_REPRESENTATION_CONTEXT(2) 
PARAMETRIC_REPRESENTATION_CONTEXT() REPRESENTATION_CONTEXT('2D SPACE',''
  ) );
#1356 = PCURVE('',#1357,#1362);
#1357 = PLANE('',#1358);
#1358 = AXIS2_PLACEMENT_3D('',#1359,#1360,#1361);
#1359 = CARTESIAN_POINT('',(-47.56390763998,44.003328405857,
    -18.75431578065));
#1360 = DIRECTION('',(0.956304755963,0.292371704723,0.));
#1361 = DIRECTION('',(0.,0.,1.));
#1362 = DEFINITIONAL_REPRESENTATION('',(#1363),#1366);
#1363 = B_SPLINE_CURVE_WITH_KNOTS('',1,(#1364,#1365),.UNSPECIFIED.,.F.,
  .F.,(2,2),(10.820873580831,13.820873580831),.PIECEWISE_BEZIER_KNOTS.);
#1364 = CARTESIAN_POINT('',(-3.32568421935,-3.));
#1365 = CARTESIAN_POINT('',(-3.32568421935,0.));
#1366 = ( GEOMETRIC_REPRESENTATION_CONTEXT(2) 
PARAMETRIC_REPRESENTATION_CONTEXT() REPRESENTATION_CONTEXT('2D SPACE',''
  ) );
#1367 = ORIENTED_EDGE('',*,*,#1368,.T.);
#1368 = EDGE_CURVE('',#1343,#1369,#1371,.T.);
#1369 = VERTEX_POINT('',#1370);
#1370 = CARTESIAN_POINT('',(-53.98759033874,45.176486786354,-22.08));
#1371 = SURFACE_CURVE('',#1372,(#1376,#1382),.PCURVE_S1.);
#1372 = LINE('',#1373,#1374);
#1373 = CARTESIAN_POINT('',(-58.39701408445,43.828390659737,-22.08));
#1374 = VECTOR('',#1375,1.);
#1375 = DIRECTION('',(-0.956304755963,-0.292371704723,0.));
#1376 = PCURVE('',#419,#1377);
#1377 = DEFINITIONAL_REPRESENTATION('',(#1378),#1381);
#1378 = B_SPLINE_CURVE_WITH_KNOTS('',1,(#1379,#1380),.UNSPECIFIED.,.F.,
  .F.,(2,2),(-21.32898948506,-0.757480049135),.PIECEWISE_BEZIER_KNOTS.);
#1379 = CARTESIAN_POINT('',(-34.78427124746,-15.13305291986));
#1380 = CARTESIAN_POINT('',(-15.11163893654,-21.14758020236));
#1381 = ( GEOMETRIC_REPRESENTATION_CONTEXT(2) 
PARAMETRIC_REPRESENTATION_CONTEXT() REPRESENTATION_CONTEXT('2D SPACE',''
  ) );
#1382 = PCURVE('',#1383,#1388);
#1383 = PLANE('',#1384);
#1384 = AXIS2_PLACEMENT_3D('',#1385,#1386,#1387);
#1385 = CARTESIAN_POINT('',(-51.21430654645,46.02436473005,-17.08));
#1386 = DIRECTION('',(0.292371704723,-0.956304755963,0.));
#1387 = DIRECTION('',(-0.478152377982,-0.146185852361,-0.866025403784));
#1388 = DEFINITIONAL_REPRESENTATION('',(#1389),#1392);
#1389 = B_SPLINE_CURVE_WITH_KNOTS('',1,(#1390,#1391),.UNSPECIFIED.,.F.,
  .F.,(2,2),(-21.32898948506,-0.757480049135),.PIECEWISE_BEZIER_KNOTS.);
#1390 = CARTESIAN_POINT('',(-2.578918692736,14.466818204409));
#1391 = CARTESIAN_POINT('',(7.70683602523,-3.3486315613));
#1392 = ( GEOMETRIC_REPRESENTATION_CONTEXT(2) 
PARAMETRIC_REPRESENTATION_CONTEXT() REPRESENTATION_CONTEXT('2D SPACE',''
  ) );
#1393 = ORIENTED_EDGE('',*,*,#1394,.F.);
#1394 = EDGE_CURVE('',#1317,#1369,#1395,.T.);
#1395 = SURFACE_CURVE('',#1396,(#1400,#1406),.PCURVE_S1.);
#1396 = LINE('',#1397,#1398);
#1397 = CARTESIAN_POINT('',(-57.15130759416,55.524539655377,-22.08));
#1398 = VECTOR('',#1399,1.);
#1399 = DIRECTION('',(-0.292371704723,0.956304755963,0.));
#1400 = PCURVE('',#419,#1401);
#1401 = DEFINITIONAL_REPRESENTATION('',(#1402),#1405);
#1402 = B_SPLINE_CURVE_WITH_KNOTS('',1,(#1403,#1404),.UNSPECIFIED.,.F.,
  .F.,(2,2),(-13.82087358083,-10.82087358083),.PIECEWISE_BEZIER_KNOTS.);
#1403 = CARTESIAN_POINT('',(-19.67379602288,-22.88986407689));
#1404 = CARTESIAN_POINT('',(-18.79668090871,-20.020949809));
#1405 = ( GEOMETRIC_REPRESENTATION_CONTEXT(2) 
PARAMETRIC_REPRESENTATION_CONTEXT() REPRESENTATION_CONTEXT('2D SPACE',''
  ) );
#1406 = PCURVE('',#1407,#1412);
#1407 = PLANE('',#1408);
#1408 = AXIS2_PLACEMENT_3D('',#1409,#1410,#1411);
#1409 = CARTESIAN_POINT('',(-53.11047522457,42.307572518465,
    -15.40568421935));
#1410 = DIRECTION('',(-0.956304755963,-0.292371704723,2.22044604925E-16)
  );
#1411 = DIRECTION('',(-2.123423117257E-16,-6.491955966642E-17,-1.));
#1412 = DEFINITIONAL_REPRESENTATION('',(#1413),#1416);
#1413 = B_SPLINE_CURVE_WITH_KNOTS('',1,(#1414,#1415),.UNSPECIFIED.,.F.,
  .F.,(2,2),(-13.82087358083,-10.82087358083),.PIECEWISE_BEZIER_KNOTS.);
#1414 = CARTESIAN_POINT('',(6.67431578065,0.));
#1415 = CARTESIAN_POINT('',(6.67431578065,-3.));
#1416 = ( GEOMETRIC_REPRESENTATION_CONTEXT(2) 
PARAMETRIC_REPRESENTATION_CONTEXT() REPRESENTATION_CONTEXT('2D SPACE',''
  ) );
#1417 = FACE_BOUND('',#1418,.T.);
#1418 = EDGE_LOOP('',(#1419,#1447,#1473,#1499));
#1419 = ORIENTED_EDGE('',*,*,#1420,.F.);
#1420 = EDGE_CURVE('',#1421,#1423,#1425,.T.);
#1421 = VERTEX_POINT('',#1422);
#1422 = CARTESIAN_POINT('',(-38.95716483632,46.634673748361,-22.08));
#1423 = VERTEX_POINT('',#1424);
#1424 = CARTESIAN_POINT('',(-44.5037324209,44.938917860969,-22.08));
#1425 = SURFACE_CURVE('',#1426,(#1430,#1436),.PCURVE_S1.);
#1426 = LINE('',#1427,#1428);
#1427 = CARTESIAN_POINT('',(-53.21652756845,42.275149063101,-22.08));
#1428 = VECTOR('',#1429,1.);
#1429 = DIRECTION('',(-0.956304755963,-0.292371704723,0.));
#1430 = PCURVE('',#419,#1431);
#1431 = DEFINITIONAL_REPRESENTATION('',(#1432),#1435);
#1432 = B_SPLINE_CURVE_WITH_KNOTS('',1,(#1433,#1434),.UNSPECIFIED.,.F.,
  .F.,(2,2),(-15.91179744069,-5.257480049135),.PIECEWISE_BEZIER_KNOTS.);
#1433 = CARTESIAN_POINT('',(-34.78427124746,-18.27012818932));
#1434 = CARTESIAN_POINT('',(-24.59549685437,-21.38514912774));
#1435 = ( GEOMETRIC_REPRESENTATION_CONTEXT(2) 
PARAMETRIC_REPRESENTATION_CONTEXT() REPRESENTATION_CONTEXT('2D SPACE',''
  ) );
#1436 = PCURVE('',#1437,#1442);
#1437 = PLANE('',#1438);
#1438 = AXIS2_PLACEMENT_3D('',#1439,#1440,#1441);
#1439 = CARTESIAN_POINT('',(-41.73044862861,45.786795804665,-17.08));
#1440 = DIRECTION('',(0.292371704723,-0.956304755963,0.));
#1441 = DIRECTION('',(-0.478152377982,-0.146185852361,-0.866025403784));
#1442 = DEFINITIONAL_REPRESENTATION('',(#1443),#1446);
#1443 = B_SPLINE_CURVE_WITH_KNOTS('',1,(#1444,#1445),.UNSPECIFIED.,.F.,
  .F.,(2,2),(-15.91179744069,-5.257480049135),.PIECEWISE_BEZIER_KNOTS.);
#1444 = CARTESIAN_POINT('',(2.379677329452,5.87827795977));
#1445 = CARTESIAN_POINT('',(7.70683602523,-3.3486315613));
#1446 = ( GEOMETRIC_REPRESENTATION_CONTEXT(2) 
PARAMETRIC_REPRESENTATION_CONTEXT() REPRESENTATION_CONTEXT('2D SPACE',''
  ) );
#1447 = ORIENTED_EDGE('',*,*,#1448,.F.);
#1448 = EDGE_CURVE('',#1449,#1421,#1451,.T.);
#1449 = VERTEX_POINT('',#1450);
#1450 = CARTESIAN_POINT('',(-39.83427995049,49.50358801625,-22.08));
#1451 = SURFACE_CURVE('',#1452,(#1456,#1462),.PCURVE_S1.);
#1452 = LINE('',#1453,#1454);
#1453 = CARTESIAN_POINT('',(-42.9979972059,59.851640885274,-22.08));
#1454 = VECTOR('',#1455,1.);
#1455 = DIRECTION('',(0.292371704723,-0.956304755963,0.));
#1456 = PCURVE('',#419,#1457);
#1457 = DEFINITIONAL_REPRESENTATION('',(#1458),#1461);
#1458 = B_SPLINE_CURVE_WITH_KNOTS('',1,(#1459,#1460),.UNSPECIFIED.,.F.,
  .F.,(2,2),(10.820873580831,13.820873580831),.PIECEWISE_BEZIER_KNOTS.);
#1459 = CARTESIAN_POINT('',(-32.94999129697,-15.69384857911));
#1460 = CARTESIAN_POINT('',(-33.82710641114,-18.562762847));
#1461 = ( GEOMETRIC_REPRESENTATION_CONTEXT(2) 
PARAMETRIC_REPRESENTATION_CONTEXT() REPRESENTATION_CONTEXT('2D SPACE',''
  ) );
#1462 = PCURVE('',#1463,#1468);
#1463 = PLANE('',#1464);
#1464 = AXIS2_PLACEMENT_3D('',#1465,#1466,#1467);
#1465 = CARTESIAN_POINT('',(-38.95716483632,46.634673748361,
    -18.75431578065));
#1466 = DIRECTION('',(0.956304755963,0.292371704723,0.));
#1467 = DIRECTION('',(0.,0.,1.));
#1468 = DEFINITIONAL_REPRESENTATION('',(#1469),#1472);
#1469 = B_SPLINE_CURVE_WITH_KNOTS('',1,(#1470,#1471),.UNSPECIFIED.,.F.,
  .F.,(2,2),(10.820873580831,13.820873580831),.PIECEWISE_BEZIER_KNOTS.);
#1470 = CARTESIAN_POINT('',(-3.32568421935,-3.));
#1471 = CARTESIAN_POINT('',(-3.32568421935,0.));
#1472 = ( GEOMETRIC_REPRESENTATION_CONTEXT(2) 
PARAMETRIC_REPRESENTATION_CONTEXT() REPRESENTATION_CONTEXT('2D SPACE',''
  ) );
#1473 = ORIENTED_EDGE('',*,*,#1474,.T.);
#1474 = EDGE_CURVE('',#1449,#1475,#1477,.T.);
#1475 = VERTEX_POINT('',#1476);
#1476 = CARTESIAN_POINT('',(-45.38084753507,47.807832128859,-22.08));
#1477 = SURFACE_CURVE('',#1478,(#1482,#1488),.PCURVE_S1.);
#1478 = LINE('',#1479,#1480);
#1479 = CARTESIAN_POINT('',(-54.09364268262,45.14406333099,-22.08));
#1480 = VECTOR('',#1481,1.);
#1481 = DIRECTION('',(-0.956304755963,-0.292371704723,0.));
#1482 = PCURVE('',#419,#1483);
#1483 = DEFINITIONAL_REPRESENTATION('',(#1484),#1487);
#1484 = B_SPLINE_CURVE_WITH_KNOTS('',1,(#1485,#1486),.UNSPECIFIED.,.F.,
  .F.,(2,2),(-16.82898948506,-5.257480049135),.PIECEWISE_BEZIER_KNOTS.);
#1485 = CARTESIAN_POINT('',(-34.78427124746,-15.13305291986));
#1486 = CARTESIAN_POINT('',(-23.7183817402,-18.51623485986));
#1487 = ( GEOMETRIC_REPRESENTATION_CONTEXT(2) 
PARAMETRIC_REPRESENTATION_CONTEXT() REPRESENTATION_CONTEXT('2D SPACE',''
  ) );
#1488 = PCURVE('',#1489,#1494);
#1489 = PLANE('',#1490);
#1490 = AXIS2_PLACEMENT_3D('',#1491,#1492,#1493);
#1491 = CARTESIAN_POINT('',(-42.60756374278,48.655710072554,-17.08));
#1492 = DIRECTION('',(0.292371704723,-0.956304755963,0.));
#1493 = DIRECTION('',(-0.478152377982,-0.146185852361,-0.866025403784));
#1494 = DEFINITIONAL_REPRESENTATION('',(#1495),#1498);
#1495 = B_SPLINE_CURVE_WITH_KNOTS('',1,(#1496,#1497),.UNSPECIFIED.,.F.,
  .F.,(2,2),(-16.82898948506,-5.257480049135),.PIECEWISE_BEZIER_KNOTS.);
#1496 = CARTESIAN_POINT('',(1.921081307264,6.672589570349));
#1497 = CARTESIAN_POINT('',(7.70683602523,-3.3486315613));
#1498 = ( GEOMETRIC_REPRESENTATION_CONTEXT(2) 
PARAMETRIC_REPRESENTATION_CONTEXT() REPRESENTATION_CONTEXT('2D SPACE',''
  ) );
#1499 = ORIENTED_EDGE('',*,*,#1500,.F.);
#1500 = EDGE_CURVE('',#1423,#1475,#1501,.T.);
#1501 = SURFACE_CURVE('',#1502,(#1506,#1512),.PCURVE_S1.);
#1502 = LINE('',#1503,#1504);
#1503 = CARTESIAN_POINT('',(-48.54456479049,58.155884997882,-22.08));
#1504 = VECTOR('',#1505,1.);
#1505 = DIRECTION('',(-0.292371704723,0.956304755963,0.));
#1506 = PCURVE('',#419,#1507);
#1507 = DEFINITIONAL_REPRESENTATION('',(#1508),#1511);
#1508 = B_SPLINE_CURVE_WITH_KNOTS('',1,(#1509,#1510),.UNSPECIFIED.,.F.,
  .F.,(2,2),(-13.82087358083,-10.82087358083),.PIECEWISE_BEZIER_KNOTS.);
#1509 = CARTESIAN_POINT('',(-28.28053882655,-20.25851873439));
#1510 = CARTESIAN_POINT('',(-27.40342371238,-17.3896044665));
#1511 = ( GEOMETRIC_REPRESENTATION_CONTEXT(2) 
PARAMETRIC_REPRESENTATION_CONTEXT() REPRESENTATION_CONTEXT('2D SPACE',''
  ) );
#1512 = PCURVE('',#1513,#1518);
#1513 = PLANE('',#1514);
#1514 = AXIS2_PLACEMENT_3D('',#1515,#1516,#1517);
#1515 = CARTESIAN_POINT('',(-44.5037324209,44.938917860969,
    -15.40568421935));
#1516 = DIRECTION('',(-0.956304755963,-0.292371704723,2.22044604925E-16)
  );
#1517 = DIRECTION('',(-2.123423117257E-16,-6.491955966642E-17,-1.));
#1518 = DEFINITIONAL_REPRESENTATION('',(#1519),#1522);
#1519 = B_SPLINE_CURVE_WITH_KNOTS('',1,(#1520,#1521),.UNSPECIFIED.,.F.,
  .F.,(2,2),(-13.82087358083,-10.82087358083),.PIECEWISE_BEZIER_KNOTS.);
#1520 = CARTESIAN_POINT('',(6.67431578065,0.));
#1521 = CARTESIAN_POINT('',(6.67431578065,-3.));
#1522 = ( GEOMETRIC_REPRESENTATION_CONTEXT(2) 
PARAMETRIC_REPRESENTATION_CONTEXT() REPRESENTATION_CONTEXT('2D SPACE',''
  ) );
#1523 = ADVANCED_FACE('',(#1524,#1572,#1730),#133,.F.);
#1524 = FACE_BOUND('',#1525,.F.);
#1525 = EDGE_LOOP('',(#1526,#1527,#1528,#1551));
#1526 = ORIENTED_EDGE('',*,*,#117,.F.);
#1527 = ORIENTED_EDGE('',*,*,#1217,.F.);
#1528 = ORIENTED_EDGE('',*,*,#1529,.T.);
#1529 = EDGE_CURVE('',#1218,#1530,#1532,.T.);
#1530 = VERTEX_POINT('',#1531);
#1531 = CARTESIAN_POINT('',(-16.91,46.,45.92));
#1532 = SURFACE_CURVE('',#1533,(#1537,#1544),.PCURVE_S1.);
#1533 = LINE('',#1534,#1535);
#1534 = CARTESIAN_POINT('',(-16.91,46.,26.92));
#1535 = VECTOR('',#1536,1.);
#1536 = DIRECTION('',(0.,0.,1.));
#1537 = PCURVE('',#133,#1538);
#1538 = DEFINITIONAL_REPRESENTATION('',(#1539),#1543);
#1539 = LINE('',#1540,#1541);
#1540 = CARTESIAN_POINT('',(0.,-31.5));
#1541 = VECTOR('',#1542,1.);
#1542 = DIRECTION('',(1.,0.));
#1543 = ( GEOMETRIC_REPRESENTATION_CONTEXT(2) 
PARAMETRIC_REPRESENTATION_CONTEXT() REPRESENTATION_CONTEXT('2D SPACE',''
  ) );
#1544 = PCURVE('',#759,#1545);
#1545 = DEFINITIONAL_REPRESENTATION('',(#1546),#1550);
#1546 = LINE('',#1547,#1548);
#1547 = CARTESIAN_POINT('',(45.,34.09));
#1548 = VECTOR('',#1549,1.);
#1549 = DIRECTION('',(1.,0.));
#1550 = ( GEOMETRIC_REPRESENTATION_CONTEXT(2) 
PARAMETRIC_REPRESENTATION_CONTEXT() REPRESENTATION_CONTEXT('2D SPACE',''
  ) );
#1551 = ORIENTED_EDGE('',*,*,#1552,.F.);
#1552 = EDGE_CURVE('',#118,#1530,#1553,.T.);
#1553 = SURFACE_CURVE('',#1554,(#1558,#1565),.PCURVE_S1.);
#1554 = LINE('',#1555,#1556);
#1555 = CARTESIAN_POINT('',(-16.91,14.5,45.92));
#1556 = VECTOR('',#1557,1.);
#1557 = DIRECTION('',(0.,1.,0.));
#1558 = PCURVE('',#133,#1559);
#1559 = DEFINITIONAL_REPRESENTATION('',(#1560),#1564);
#1560 = LINE('',#1561,#1562);
#1561 = CARTESIAN_POINT('',(19.,0.));
#1562 = VECTOR('',#1563,1.);
#1563 = DIRECTION('',(0.,-1.));
#1564 = ( GEOMETRIC_REPRESENTATION_CONTEXT(2) 
PARAMETRIC_REPRESENTATION_CONTEXT() REPRESENTATION_CONTEXT('2D SPACE',''
  ) );
#1565 = PCURVE('',#161,#1566);
#1566 = DEFINITIONAL_REPRESENTATION('',(#1567),#1571);
#1567 = LINE('',#1568,#1569);
#1568 = CARTESIAN_POINT('',(0.,0.));
#1569 = VECTOR('',#1570,1.);
#1570 = DIRECTION('',(0.,1.));
#1571 = ( GEOMETRIC_REPRESENTATION_CONTEXT(2) 
PARAMETRIC_REPRESENTATION_CONTEXT() REPRESENTATION_CONTEXT('2D SPACE',''
  ) );
#1572 = FACE_BOUND('',#1573,.F.);
#1573 = EDGE_LOOP('',(#1574,#1602,#1628,#1654,#1680,#1706));
#1574 = ORIENTED_EDGE('',*,*,#1575,.T.);
#1575 = EDGE_CURVE('',#1576,#1578,#1580,.T.);
#1576 = VERTEX_POINT('',#1577);
#1577 = CARTESIAN_POINT('',(-16.91,35.6,42.24431578065));
#1578 = VERTEX_POINT('',#1579);
#1579 = CARTESIAN_POINT('',(-16.91,38.5,43.9186315613));
#1580 = SURFACE_CURVE('',#1581,(#1585,#1591),.PCURVE_S1.);
#1581 = LINE('',#1582,#1583);
#1582 = CARTESIAN_POINT('',(-16.91,25.819688309586,36.597650193431));
#1583 = VECTOR('',#1584,1.);
#1584 = DIRECTION('',(-0.,0.866025403784,0.5));
#1585 = PCURVE('',#133,#1586);
#1586 = DEFINITIONAL_REPRESENTATION('',(#1587),#1590);
#1587 = B_SPLINE_CURVE_WITH_KNOTS('',1,(#1588,#1589),.UNSPECIFIED.,.F.,
  .F.,(2,2),(11.293331174438,14.641962735738),.PIECEWISE_BEZIER_KNOTS.);
#1588 = CARTESIAN_POINT('',(15.32431578065,-21.1));
#1589 = CARTESIAN_POINT('',(16.9986315613,-24.));
#1590 = ( GEOMETRIC_REPRESENTATION_CONTEXT(2) 
PARAMETRIC_REPRESENTATION_CONTEXT() REPRESENTATION_CONTEXT('2D SPACE',''
  ) );
#1591 = PCURVE('',#1592,#1597);
#1592 = PLANE('',#1593);
#1593 = AXIS2_PLACEMENT_3D('',#1594,#1595,#1596);
#1594 = CARTESIAN_POINT('',(-17.91,38.5,43.9186315613));
#1595 = DIRECTION('',(0.,0.5,-0.866025403784));
#1596 = DIRECTION('',(0.,-0.866025403784,-0.5));
#1597 = DEFINITIONAL_REPRESENTATION('',(#1598),#1601);
#1598 = B_SPLINE_CURVE_WITH_KNOTS('',1,(#1599,#1600),.UNSPECIFIED.,.F.,
  .F.,(2,2),(11.293331174438,14.641962735738),.PIECEWISE_BEZIER_KNOTS.);
#1599 = CARTESIAN_POINT('',(3.3486315613,-1.));
#1600 = CARTESIAN_POINT('',(0.,-1.));
#1601 = ( GEOMETRIC_REPRESENTATION_CONTEXT(2) 
PARAMETRIC_REPRESENTATION_CONTEXT() REPRESENTATION_CONTEXT('2D SPACE',''
  ) );
#1602 = ORIENTED_EDGE('',*,*,#1603,.T.);
#1603 = EDGE_CURVE('',#1578,#1604,#1606,.T.);
#1604 = VERTEX_POINT('',#1605);
#1605 = CARTESIAN_POINT('',(-16.91,41.4,42.24431578065));
#1606 = SURFACE_CURVE('',#1607,(#1611,#1617),.PCURVE_S1.);
#1607 = LINE('',#1608,#1609);
#1608 = CARTESIAN_POINT('',(-16.91,34.630311690414,46.152797148519));
#1609 = VECTOR('',#1610,1.);
#1610 = DIRECTION('',(0.,0.866025403784,-0.5));
#1611 = PCURVE('',#133,#1612);
#1612 = DEFINITIONAL_REPRESENTATION('',(#1613),#1616);
#1613 = B_SPLINE_CURVE_WITH_KNOTS('',1,(#1614,#1615),.UNSPECIFIED.,.F.,
  .F.,(2,2),(4.468331174438,7.816962735738),.PIECEWISE_BEZIER_KNOTS.);
#1614 = CARTESIAN_POINT('',(16.9986315613,-24.));
#1615 = CARTESIAN_POINT('',(15.32431578065,-26.9));
#1616 = ( GEOMETRIC_REPRESENTATION_CONTEXT(2) 
PARAMETRIC_REPRESENTATION_CONTEXT() REPRESENTATION_CONTEXT('2D SPACE',''
  ) );
#1617 = PCURVE('',#1618,#1623);
#1618 = PLANE('',#1619);
#1619 = AXIS2_PLACEMENT_3D('',#1620,#1621,#1622);
#1620 = CARTESIAN_POINT('',(-17.91,41.4,42.24431578065));
#1621 = DIRECTION('',(0.,-0.5,-0.866025403784));
#1622 = DIRECTION('',(0.,-0.866025403784,0.5));
#1623 = DEFINITIONAL_REPRESENTATION('',(#1624),#1627);
#1624 = B_SPLINE_CURVE_WITH_KNOTS('',1,(#1625,#1626),.UNSPECIFIED.,.F.,
  .F.,(2,2),(4.468331174438,7.816962735738),.PIECEWISE_BEZIER_KNOTS.);
#1625 = CARTESIAN_POINT('',(3.3486315613,-1.));
#1626 = CARTESIAN_POINT('',(0.,-1.));
#1627 = ( GEOMETRIC_REPRESENTATION_CONTEXT(2) 
PARAMETRIC_REPRESENTATION_CONTEXT() REPRESENTATION_CONTEXT('2D SPACE',''
  ) );
#1628 = ORIENTED_EDGE('',*,*,#1629,.T.);
#1629 = EDGE_CURVE('',#1604,#1630,#1632,.T.);
#1630 = VERTEX_POINT('',#1631);
#1631 = CARTESIAN_POINT('',(-16.91,41.4,38.89568421935));
#1632 = SURFACE_CURVE('',#1633,(#1637,#1643),.PCURVE_S1.);
#1633 = LINE('',#1634,#1635);
#1634 = CARTESIAN_POINT('',(-16.91,41.4,32.907842109675));
#1635 = VECTOR('',#1636,1.);
#1636 = DIRECTION('',(0.,-4.440892098501E-16,-1.));
#1637 = PCURVE('',#133,#1638);
#1638 = DEFINITIONAL_REPRESENTATION('',(#1639),#1642);
#1639 = B_SPLINE_CURVE_WITH_KNOTS('',1,(#1640,#1641),.UNSPECIFIED.,.F.,
  .F.,(2,2),(-9.336473670975,-5.987842109675),.PIECEWISE_BEZIER_KNOTS.);
#1640 = CARTESIAN_POINT('',(15.32431578065,-26.9));
#1641 = CARTESIAN_POINT('',(11.97568421935,-26.9));
#1642 = ( GEOMETRIC_REPRESENTATION_CONTEXT(2) 
PARAMETRIC_REPRESENTATION_CONTEXT() REPRESENTATION_CONTEXT('2D SPACE',''
  ) );
#1643 = PCURVE('',#1644,#1649);
#1644 = PLANE('',#1645);
#1645 = AXIS2_PLACEMENT_3D('',#1646,#1647,#1648);
#1646 = CARTESIAN_POINT('',(-17.91,41.4,38.89568421935));
#1647 = DIRECTION('',(0.,-1.,4.440892098501E-16));
#1648 = DIRECTION('',(0.,4.440892098501E-16,1.));
#1649 = DEFINITIONAL_REPRESENTATION('',(#1650),#1653);
#1650 = B_SPLINE_CURVE_WITH_KNOTS('',1,(#1651,#1652),.UNSPECIFIED.,.F.,
  .F.,(2,2),(-9.336473670975,-5.987842109675),.PIECEWISE_BEZIER_KNOTS.);
#1651 = CARTESIAN_POINT('',(3.3486315613,-1.));
#1652 = CARTESIAN_POINT('',(0.,-1.));
#1653 = ( GEOMETRIC_REPRESENTATION_CONTEXT(2) 
PARAMETRIC_REPRESENTATION_CONTEXT() REPRESENTATION_CONTEXT('2D SPACE',''
  ) );
#1654 = ORIENTED_EDGE('',*,*,#1655,.T.);
#1655 = EDGE_CURVE('',#1630,#1656,#1658,.T.);
#1656 = VERTEX_POINT('',#1657);
#1657 = CARTESIAN_POINT('',(-16.91,38.5,37.2213684387));
#1658 = SURFACE_CURVE('',#1659,(#1663,#1669),.PCURVE_S1.);
#1659 = LINE('',#1660,#1661);
#1660 = CARTESIAN_POINT('',(-16.91,27.269688309586,30.737544961156));
#1661 = VECTOR('',#1662,1.);
#1662 = DIRECTION('',(0.,-0.866025403784,-0.5));
#1663 = PCURVE('',#133,#1664);
#1664 = DEFINITIONAL_REPRESENTATION('',(#1665),#1668);
#1665 = B_SPLINE_CURVE_WITH_KNOTS('',1,(#1666,#1667),.UNSPECIFIED.,.F.,
  .F.,(2,2),(-16.31627851638,-12.96764695508),.PIECEWISE_BEZIER_KNOTS.);
#1666 = CARTESIAN_POINT('',(11.97568421935,-26.9));
#1667 = CARTESIAN_POINT('',(10.3013684387,-24.));
#1668 = ( GEOMETRIC_REPRESENTATION_CONTEXT(2) 
PARAMETRIC_REPRESENTATION_CONTEXT() REPRESENTATION_CONTEXT('2D SPACE',''
  ) );
#1669 = PCURVE('',#1670,#1675);
#1670 = PLANE('',#1671);
#1671 = AXIS2_PLACEMENT_3D('',#1672,#1673,#1674);
#1672 = CARTESIAN_POINT('',(-17.91,38.5,37.2213684387));
#1673 = DIRECTION('',(0.,-0.5,0.866025403784));
#1674 = DIRECTION('',(0.,0.866025403784,0.5));
#1675 = DEFINITIONAL_REPRESENTATION('',(#1676),#1679);
#1676 = B_SPLINE_CURVE_WITH_KNOTS('',1,(#1677,#1678),.UNSPECIFIED.,.F.,
  .F.,(2,2),(-16.31627851638,-12.96764695508),.PIECEWISE_BEZIER_KNOTS.);
#1677 = CARTESIAN_POINT('',(3.3486315613,-1.));
#1678 = CARTESIAN_POINT('',(0.,-1.));
#1679 = ( GEOMETRIC_REPRESENTATION_CONTEXT(2) 
PARAMETRIC_REPRESENTATION_CONTEXT() REPRESENTATION_CONTEXT('2D SPACE',''
  ) );
#1680 = ORIENTED_EDGE('',*,*,#1681,.T.);
#1681 = EDGE_CURVE('',#1656,#1682,#1684,.T.);
#1682 = VERTEX_POINT('',#1683);
#1683 = CARTESIAN_POINT('',(-16.91,35.6,38.89568421935));
#1684 = SURFACE_CURVE('',#1685,(#1689,#1695),.PCURVE_S1.);
#1685 = LINE('',#1686,#1687);
#1686 = CARTESIAN_POINT('',(-16.91,30.280311690414,41.967007696894));
#1687 = VECTOR('',#1688,1.);
#1688 = DIRECTION('',(0.,-0.866025403784,0.5));
#1689 = PCURVE('',#133,#1690);
#1690 = DEFINITIONAL_REPRESENTATION('',(#1691),#1694);
#1691 = B_SPLINE_CURVE_WITH_KNOTS('',1,(#1692,#1693),.UNSPECIFIED.,.F.,
  .F.,(2,2),(-9.491278516388,-6.142646955088),.PIECEWISE_BEZIER_KNOTS.);
#1692 = CARTESIAN_POINT('',(10.3013684387,-24.));
#1693 = CARTESIAN_POINT('',(11.97568421935,-21.1));
#1694 = ( GEOMETRIC_REPRESENTATION_CONTEXT(2) 
PARAMETRIC_REPRESENTATION_CONTEXT() REPRESENTATION_CONTEXT('2D SPACE',''
  ) );
#1695 = PCURVE('',#1696,#1701);
#1696 = PLANE('',#1697);
#1697 = AXIS2_PLACEMENT_3D('',#1698,#1699,#1700);
#1698 = CARTESIAN_POINT('',(-17.91,35.6,38.89568421935));
#1699 = DIRECTION('',(0.,0.5,0.866025403784));
#1700 = DIRECTION('',(0.,0.866025403784,-0.5));
#1701 = DEFINITIONAL_REPRESENTATION('',(#1702),#1705);
#1702 = B_SPLINE_CURVE_WITH_KNOTS('',1,(#1703,#1704),.UNSPECIFIED.,.F.,
  .F.,(2,2),(-9.491278516388,-6.142646955088),.PIECEWISE_BEZIER_KNOTS.);
#1703 = CARTESIAN_POINT('',(3.3486315613,-1.));
#1704 = CARTESIAN_POINT('',(0.,-1.));
#1705 = ( GEOMETRIC_REPRESENTATION_CONTEXT(2) 
PARAMETRIC_REPRESENTATION_CONTEXT() REPRESENTATION_CONTEXT('2D SPACE',''
  ) );
#1706 = ORIENTED_EDGE('',*,*,#1707,.T.);
#1707 = EDGE_CURVE('',#1682,#1576,#1708,.T.);
#1708 = SURFACE_CURVE('',#1709,(#1713,#1719),.PCURVE_S1.);
#1709 = LINE('',#1710,#1711);
#1710 = CARTESIAN_POINT('',(-16.91,35.6,34.582157890325));
#1711 = VECTOR('',#1712,1.);
#1712 = DIRECTION('',(-0.,2.775557561563E-16,1.));
#1713 = PCURVE('',#133,#1714);
#1714 = DEFINITIONAL_REPRESENTATION('',(#1715),#1718);
#1715 = B_SPLINE_CURVE_WITH_KNOTS('',1,(#1716,#1717),.UNSPECIFIED.,.F.,
  .F.,(2,2),(4.313526329025,7.662157890325),.PIECEWISE_BEZIER_KNOTS.);
#1716 = CARTESIAN_POINT('',(11.97568421935,-21.1));
#1717 = CARTESIAN_POINT('',(15.32431578065,-21.1));
#1718 = ( GEOMETRIC_REPRESENTATION_CONTEXT(2) 
PARAMETRIC_REPRESENTATION_CONTEXT() REPRESENTATION_CONTEXT('2D SPACE',''
  ) );
#1719 = PCURVE('',#1720,#1725);
#1720 = PLANE('',#1721);
#1721 = AXIS2_PLACEMENT_3D('',#1722,#1723,#1724);
#1722 = CARTESIAN_POINT('',(-17.91,35.6,42.24431578065));
#1723 = DIRECTION('',(0.,1.,-2.775557561563E-16));
#1724 = DIRECTION('',(0.,-2.775557561563E-16,-1.));
#1725 = DEFINITIONAL_REPRESENTATION('',(#1726),#1729);
#1726 = B_SPLINE_CURVE_WITH_KNOTS('',1,(#1727,#1728),.UNSPECIFIED.,.F.,
  .F.,(2,2),(4.313526329025,7.662157890325),.PIECEWISE_BEZIER_KNOTS.);
#1727 = CARTESIAN_POINT('',(3.3486315613,-1.));
#1728 = CARTESIAN_POINT('',(0.,-1.));
#1729 = ( GEOMETRIC_REPRESENTATION_CONTEXT(2) 
PARAMETRIC_REPRESENTATION_CONTEXT() REPRESENTATION_CONTEXT('2D SPACE',''
  ) );
#1730 = FACE_BOUND('',#1731,.F.);
#1731 = EDGE_LOOP('',(#1732,#1760,#1786,#1812,#1838,#1864));
#1732 = ORIENTED_EDGE('',*,*,#1733,.T.);
#1733 = EDGE_CURVE('',#1734,#1736,#1738,.T.);
#1734 = VERTEX_POINT('',#1735);
#1735 = CARTESIAN_POINT('',(-16.91,19.1,42.24431578065));
#1736 = VERTEX_POINT('',#1737);
#1737 = CARTESIAN_POINT('',(-16.91,22.,43.9186315613));
#1738 = SURFACE_CURVE('',#1739,(#1743,#1749),.PCURVE_S1.);
#1739 = LINE('',#1740,#1741);
#1740 = CARTESIAN_POINT('',(-16.91,15.507188309586,40.170004984042));
#1741 = VECTOR('',#1742,1.);
#1742 = DIRECTION('',(-0.,0.866025403784,0.5));
#1743 = PCURVE('',#133,#1744);
#1744 = DEFINITIONAL_REPRESENTATION('',(#1745),#1748);
#1745 = B_SPLINE_CURVE_WITH_KNOTS('',1,(#1746,#1747),.UNSPECIFIED.,.F.,
  .F.,(2,2),(4.148621593217,7.497253154517),.PIECEWISE_BEZIER_KNOTS.);
#1746 = CARTESIAN_POINT('',(15.32431578065,-4.6));
#1747 = CARTESIAN_POINT('',(16.9986315613,-7.5));
#1748 = ( GEOMETRIC_REPRESENTATION_CONTEXT(2) 
PARAMETRIC_REPRESENTATION_CONTEXT() REPRESENTATION_CONTEXT('2D SPACE',''
  ) );
#1749 = PCURVE('',#1750,#1755);
#1750 = PLANE('',#1751);
#1751 = AXIS2_PLACEMENT_3D('',#1752,#1753,#1754);
#1752 = CARTESIAN_POINT('',(-17.91,22.,43.9186315613));
#1753 = DIRECTION('',(0.,0.5,-0.866025403784));
#1754 = DIRECTION('',(0.,-0.866025403784,-0.5));
#1755 = DEFINITIONAL_REPRESENTATION('',(#1756),#1759);
#1756 = B_SPLINE_CURVE_WITH_KNOTS('',1,(#1757,#1758),.UNSPECIFIED.,.F.,
  .F.,(2,2),(4.148621593217,7.497253154517),.PIECEWISE_BEZIER_KNOTS.);
#1757 = CARTESIAN_POINT('',(3.3486315613,-1.));
#1758 = CARTESIAN_POINT('',(0.,-1.));
#1759 = ( GEOMETRIC_REPRESENTATION_CONTEXT(2) 
PARAMETRIC_REPRESENTATION_CONTEXT() REPRESENTATION_CONTEXT('2D SPACE',''
  ) );
#1760 = ORIENTED_EDGE('',*,*,#1761,.T.);
#1761 = EDGE_CURVE('',#1736,#1762,#1764,.T.);
#1762 = VERTEX_POINT('',#1763);
#1763 = CARTESIAN_POINT('',(-16.91,24.9,42.24431578065));
#1764 = SURFACE_CURVE('',#1765,(#1769,#1775),.PCURVE_S1.);
#1765 = LINE('',#1766,#1767);
#1766 = CARTESIAN_POINT('',(-16.91,24.317811690414,42.580442357908));
#1767 = VECTOR('',#1768,1.);
#1768 = DIRECTION('',(0.,0.866025403784,-0.5));
#1769 = PCURVE('',#133,#1770);
#1770 = DEFINITIONAL_REPRESENTATION('',(#1771),#1774);
#1771 = B_SPLINE_CURVE_WITH_KNOTS('',1,(#1772,#1773),.UNSPECIFIED.,.F.,
  .F.,(2,2),(-2.676378406783,0.672253154517),.PIECEWISE_BEZIER_KNOTS.);
#1772 = CARTESIAN_POINT('',(16.9986315613,-7.5));
#1773 = CARTESIAN_POINT('',(15.32431578065,-10.4));
#1774 = ( GEOMETRIC_REPRESENTATION_CONTEXT(2) 
PARAMETRIC_REPRESENTATION_CONTEXT() REPRESENTATION_CONTEXT('2D SPACE',''
  ) );
#1775 = PCURVE('',#1776,#1781);
#1776 = PLANE('',#1777);
#1777 = AXIS2_PLACEMENT_3D('',#1778,#1779,#1780);
#1778 = CARTESIAN_POINT('',(-17.91,24.9,42.24431578065));
#1779 = DIRECTION('',(0.,-0.5,-0.866025403784));
#1780 = DIRECTION('',(0.,-0.866025403784,0.5));
#1781 = DEFINITIONAL_REPRESENTATION('',(#1782),#1785);
#1782 = B_SPLINE_CURVE_WITH_KNOTS('',1,(#1783,#1784),.UNSPECIFIED.,.F.,
  .F.,(2,2),(-2.676378406783,0.672253154517),.PIECEWISE_BEZIER_KNOTS.);
#1783 = CARTESIAN_POINT('',(3.3486315613,-1.));
#1784 = CARTESIAN_POINT('',(0.,-1.));
#1785 = ( GEOMETRIC_REPRESENTATION_CONTEXT(2) 
PARAMETRIC_REPRESENTATION_CONTEXT() REPRESENTATION_CONTEXT('2D SPACE',''
  ) );
#1786 = ORIENTED_EDGE('',*,*,#1787,.T.);
#1787 = EDGE_CURVE('',#1762,#1788,#1790,.T.);
#1788 = VERTEX_POINT('',#1789);
#1789 = CARTESIAN_POINT('',(-16.91,24.9,38.89568421935));
#1790 = SURFACE_CURVE('',#1791,(#1795,#1801),.PCURVE_S1.);
#1791 = LINE('',#1792,#1793);
#1792 = CARTESIAN_POINT('',(-16.91,24.9,32.907842109675));
#1793 = VECTOR('',#1794,1.);
#1794 = DIRECTION('',(0.,-4.440892098501E-16,-1.));
#1795 = PCURVE('',#133,#1796);
#1796 = DEFINITIONAL_REPRESENTATION('',(#1797),#1800);
#1797 = B_SPLINE_CURVE_WITH_KNOTS('',1,(#1798,#1799),.UNSPECIFIED.,.F.,
  .F.,(2,2),(-9.336473670975,-5.987842109675),.PIECEWISE_BEZIER_KNOTS.);
#1798 = CARTESIAN_POINT('',(15.32431578065,-10.4));
#1799 = CARTESIAN_POINT('',(11.97568421935,-10.4));
#1800 = ( GEOMETRIC_REPRESENTATION_CONTEXT(2) 
PARAMETRIC_REPRESENTATION_CONTEXT() REPRESENTATION_CONTEXT('2D SPACE',''
  ) );
#1801 = PCURVE('',#1802,#1807);
#1802 = PLANE('',#1803);
#1803 = AXIS2_PLACEMENT_3D('',#1804,#1805,#1806);
#1804 = CARTESIAN_POINT('',(-17.91,24.9,38.89568421935));
#1805 = DIRECTION('',(0.,-1.,4.440892098501E-16));
#1806 = DIRECTION('',(0.,4.440892098501E-16,1.));
#1807 = DEFINITIONAL_REPRESENTATION('',(#1808),#1811);
#1808 = B_SPLINE_CURVE_WITH_KNOTS('',1,(#1809,#1810),.UNSPECIFIED.,.F.,
  .F.,(2,2),(-9.336473670975,-5.987842109675),.PIECEWISE_BEZIER_KNOTS.);
#1809 = CARTESIAN_POINT('',(3.3486315613,-1.));
#1810 = CARTESIAN_POINT('',(0.,-1.));
#1811 = ( GEOMETRIC_REPRESENTATION_CONTEXT(2) 
PARAMETRIC_REPRESENTATION_CONTEXT() REPRESENTATION_CONTEXT('2D SPACE',''
  ) );
#1812 = ORIENTED_EDGE('',*,*,#1813,.T.);
#1813 = EDGE_CURVE('',#1788,#1814,#1816,.T.);
#1814 = VERTEX_POINT('',#1815);
#1815 = CARTESIAN_POINT('',(-16.91,22.,37.2213684387));
#1816 = SURFACE_CURVE('',#1817,(#1821,#1827),.PCURVE_S1.);
#1817 = LINE('',#1818,#1819);
#1818 = CARTESIAN_POINT('',(-16.91,16.957188309586,34.309899751767));
#1819 = VECTOR('',#1820,1.);
#1820 = DIRECTION('',(0.,-0.866025403784,-0.5));
#1821 = PCURVE('',#133,#1822);
#1822 = DEFINITIONAL_REPRESENTATION('',(#1823),#1826);
#1823 = B_SPLINE_CURVE_WITH_KNOTS('',1,(#1824,#1825),.UNSPECIFIED.,.F.,
  .F.,(2,2),(-9.171568935167,-5.822937373867),.PIECEWISE_BEZIER_KNOTS.);
#1824 = CARTESIAN_POINT('',(11.97568421935,-10.4));
#1825 = CARTESIAN_POINT('',(10.3013684387,-7.5));
#1826 = ( GEOMETRIC_REPRESENTATION_CONTEXT(2) 
PARAMETRIC_REPRESENTATION_CONTEXT() REPRESENTATION_CONTEXT('2D SPACE',''
  ) );
#1827 = PCURVE('',#1828,#1833);
#1828 = PLANE('',#1829);
#1829 = AXIS2_PLACEMENT_3D('',#1830,#1831,#1832);
#1830 = CARTESIAN_POINT('',(-17.91,22.,37.2213684387));
#1831 = DIRECTION('',(0.,-0.5,0.866025403784));
#1832 = DIRECTION('',(0.,0.866025403784,0.5));
#1833 = DEFINITIONAL_REPRESENTATION('',(#1834),#1837);
#1834 = B_SPLINE_CURVE_WITH_KNOTS('',1,(#1835,#1836),.UNSPECIFIED.,.F.,
  .F.,(2,2),(-9.171568935167,-5.822937373867),.PIECEWISE_BEZIER_KNOTS.);
#1835 = CARTESIAN_POINT('',(3.3486315613,-1.));
#1836 = CARTESIAN_POINT('',(0.,-1.));
#1837 = ( GEOMETRIC_REPRESENTATION_CONTEXT(2) 
PARAMETRIC_REPRESENTATION_CONTEXT() REPRESENTATION_CONTEXT('2D SPACE',''
  ) );
#1838 = ORIENTED_EDGE('',*,*,#1839,.T.);
#1839 = EDGE_CURVE('',#1814,#1840,#1842,.T.);
#1840 = VERTEX_POINT('',#1841);
#1841 = CARTESIAN_POINT('',(-16.91,19.1,38.89568421935));
#1842 = SURFACE_CURVE('',#1843,(#1847,#1853),.PCURVE_S1.);
#1843 = LINE('',#1844,#1845);
#1844 = CARTESIAN_POINT('',(-16.91,19.967811690414,38.394652906283));
#1845 = VECTOR('',#1846,1.);
#1846 = DIRECTION('',(0.,-0.866025403784,0.5));
#1847 = PCURVE('',#133,#1848);
#1848 = DEFINITIONAL_REPRESENTATION('',(#1849),#1852);
#1849 = B_SPLINE_CURVE_WITH_KNOTS('',1,(#1850,#1851),.UNSPECIFIED.,.F.,
  .F.,(2,2),(-2.346568935167,1.002062626133),.PIECEWISE_BEZIER_KNOTS.);
#1850 = CARTESIAN_POINT('',(10.3013684387,-7.5));
#1851 = CARTESIAN_POINT('',(11.97568421935,-4.6));
#1852 = ( GEOMETRIC_REPRESENTATION_CONTEXT(2) 
PARAMETRIC_REPRESENTATION_CONTEXT() REPRESENTATION_CONTEXT('2D SPACE',''
  ) );
#1853 = PCURVE('',#1854,#1859);
#1854 = PLANE('',#1855);
#1855 = AXIS2_PLACEMENT_3D('',#1856,#1857,#1858);
#1856 = CARTESIAN_POINT('',(-17.91,19.1,38.89568421935));
#1857 = DIRECTION('',(0.,0.5,0.866025403784));
#1858 = DIRECTION('',(0.,0.866025403784,-0.5));
#1859 = DEFINITIONAL_REPRESENTATION('',(#1860),#1863);
#1860 = B_SPLINE_CURVE_WITH_KNOTS('',1,(#1861,#1862),.UNSPECIFIED.,.F.,
  .F.,(2,2),(-2.346568935167,1.002062626133),.PIECEWISE_BEZIER_KNOTS.);
#1861 = CARTESIAN_POINT('',(3.3486315613,-1.));
#1862 = CARTESIAN_POINT('',(0.,-1.));
#1863 = ( GEOMETRIC_REPRESENTATION_CONTEXT(2) 
PARAMETRIC_REPRESENTATION_CONTEXT() REPRESENTATION_CONTEXT('2D SPACE',''
  ) );
#1864 = ORIENTED_EDGE('',*,*,#1865,.T.);
#1865 = EDGE_CURVE('',#1840,#1734,#1866,.T.);
#1866 = SURFACE_CURVE('',#1867,(#1871,#1877),.PCURVE_S1.);
#1867 = LINE('',#1868,#1869);
#1868 = CARTESIAN_POINT('',(-16.91,19.1,34.582157890325));
#1869 = VECTOR('',#1870,1.);
#1870 = DIRECTION('',(-0.,2.775557561563E-16,1.));
#1871 = PCURVE('',#133,#1872);
#1872 = DEFINITIONAL_REPRESENTATION('',(#1873),#1876);
#1873 = B_SPLINE_CURVE_WITH_KNOTS('',1,(#1874,#1875),.UNSPECIFIED.,.F.,
  .F.,(2,2),(4.313526329025,7.662157890325),.PIECEWISE_BEZIER_KNOTS.);
#1874 = CARTESIAN_POINT('',(11.97568421935,-4.6));
#1875 = CARTESIAN_POINT('',(15.32431578065,-4.6));
#1876 = ( GEOMETRIC_REPRESENTATION_CONTEXT(2) 
PARAMETRIC_REPRESENTATION_CONTEXT() REPRESENTATION_CONTEXT('2D SPACE',''
  ) );
#1877 = PCURVE('',#1878,#1883);
#1878 = PLANE('',#1879);
#1879 = AXIS2_PLACEMENT_3D('',#1880,#1881,#1882);
#1880 = CARTESIAN_POINT('',(-17.91,19.1,42.24431578065));
#1881 = DIRECTION('',(0.,1.,-2.775557561563E-16));
#1882 = DIRECTION('',(0.,-2.775557561563E-16,-1.));
#1883 = DEFINITIONAL_REPRESENTATION('',(#1884),#1887);
#1884 = B_SPLINE_CURVE_WITH_KNOTS('',1,(#1885,#1886),.UNSPECIFIED.,.F.,
  .F.,(2,2),(4.313526329025,7.662157890325),.PIECEWISE_BEZIER_KNOTS.);
#1885 = CARTESIAN_POINT('',(3.3486315613,-1.));
#1886 = CARTESIAN_POINT('',(0.,-1.));
#1887 = ( GEOMETRIC_REPRESENTATION_CONTEXT(2) 
PARAMETRIC_REPRESENTATION_CONTEXT() REPRESENTATION_CONTEXT('2D SPACE',''
  ) );
#1888 = ADVANCED_FACE('',(#1889),#391,.T.);
#1889 = FACE_BOUND('',#1890,.T.);
#1890 = EDGE_LOOP('',(#1891,#1892,#1913,#1936,#1961,#1979,#1980,#2003,
    #2022));
#1891 = ORIENTED_EDGE('',*,*,#1291,.F.);
#1892 = ORIENTED_EDGE('',*,*,#1893,.T.);
#1893 = EDGE_CURVE('',#1271,#1894,#1896,.T.);
#1894 = VERTEX_POINT('',#1895);
#1895 = CARTESIAN_POINT('',(-38.,57.175087619612,25.92));
#1896 = SURFACE_CURVE('',#1897,(#1901,#1907),.PCURVE_S1.);
#1897 = LINE('',#1898,#1899);
#1898 = CARTESIAN_POINT('',(-38.,57.175087619612,-160.08));
#1899 = VECTOR('',#1900,1.);
#1900 = DIRECTION('',(0.,0.,1.));
#1901 = PCURVE('',#391,#1902);
#1902 = DEFINITIONAL_REPRESENTATION('',(#1903),#1906);
#1903 = B_SPLINE_CURVE_WITH_KNOTS('',1,(#1904,#1905),.UNSPECIFIED.,.F.,
  .F.,(2,2),(138.,186.),.PIECEWISE_BEZIER_KNOTS.);
#1904 = CARTESIAN_POINT('',(37.324912380388,0.));
#1905 = CARTESIAN_POINT('',(37.324912380388,-48.));
#1906 = ( GEOMETRIC_REPRESENTATION_CONTEXT(2) 
PARAMETRIC_REPRESENTATION_CONTEXT() REPRESENTATION_CONTEXT('2D SPACE',''
  ) );
#1907 = PCURVE('',#935,#1908);
#1908 = DEFINITIONAL_REPRESENTATION('',(#1909),#1912);
#1909 = B_SPLINE_CURVE_WITH_KNOTS('',1,(#1910,#1911),.UNSPECIFIED.,.F.,
  .F.,(2,2),(138.,186.),.PIECEWISE_BEZIER_KNOTS.);
#1910 = CARTESIAN_POINT('',(276.,341.89706005723));
#1911 = CARTESIAN_POINT('',(324.,341.89706005723));
#1912 = ( GEOMETRIC_REPRESENTATION_CONTEXT(2) 
PARAMETRIC_REPRESENTATION_CONTEXT() REPRESENTATION_CONTEXT('2D SPACE',''
  ) );
#1913 = ORIENTED_EDGE('',*,*,#1914,.T.);
#1914 = EDGE_CURVE('',#1894,#1915,#1917,.T.);
#1915 = VERTEX_POINT('',#1916);
#1916 = CARTESIAN_POINT('',(-38.,29.923465068443,25.92));
#1917 = SURFACE_CURVE('',#1918,(#1922,#1929),.PCURVE_S1.);
#1918 = LINE('',#1919,#1920);
#1919 = CARTESIAN_POINT('',(-38.,94.5,25.92));
#1920 = VECTOR('',#1921,1.);
#1921 = DIRECTION('',(0.,-1.,0.));
#1922 = PCURVE('',#391,#1923);
#1923 = DEFINITIONAL_REPRESENTATION('',(#1924),#1928);
#1924 = LINE('',#1925,#1926);
#1925 = CARTESIAN_POINT('',(0.,-48.));
#1926 = VECTOR('',#1927,1.);
#1927 = DIRECTION('',(1.,0.));
#1928 = ( GEOMETRIC_REPRESENTATION_CONTEXT(2) 
PARAMETRIC_REPRESENTATION_CONTEXT() REPRESENTATION_CONTEXT('2D SPACE',''
  ) );
#1929 = PCURVE('',#908,#1930);
#1930 = DEFINITIONAL_REPRESENTATION('',(#1931),#1935);
#1931 = LINE('',#1932,#1933);
#1932 = CARTESIAN_POINT('',(-34.78427124746,29.302563404639));
#1933 = VECTOR('',#1934,1.);
#1934 = DIRECTION('',(0.,-1.));
#1935 = ( GEOMETRIC_REPRESENTATION_CONTEXT(2) 
PARAMETRIC_REPRESENTATION_CONTEXT() REPRESENTATION_CONTEXT('2D SPACE',''
  ) );
#1936 = ORIENTED_EDGE('',*,*,#1937,.T.);
#1937 = EDGE_CURVE('',#1915,#1938,#1940,.T.);
#1938 = VERTEX_POINT('',#1939);
#1939 = CARTESIAN_POINT('',(-38.,29.923465068443,22.000318421244));
#1940 = SURFACE_CURVE('',#1941,(#1944,#1950),.PCURVE_S1.);
#1941 = B_SPLINE_CURVE_WITH_KNOTS('',1,(#1942,#1943),.UNSPECIFIED.,.F.,
  .F.,(2,2),(0.,1.),.PIECEWISE_BEZIER_KNOTS.);
#1942 = CARTESIAN_POINT('',(-38.,29.923465068443,59.763681578756));
#1943 = CARTESIAN_POINT('',(-38.,29.923465068443,22.000318421244));
#1944 = PCURVE('',#391,#1945);
#1945 = DEFINITIONAL_REPRESENTATION('',(#1946),#1949);
#1946 = B_SPLINE_CURVE_WITH_KNOTS('',1,(#1947,#1948),.UNSPECIFIED.,.F.,
  .F.,(2,2),(0.,1.),.PIECEWISE_BEZIER_KNOTS.);
#1947 = CARTESIAN_POINT('',(64.576534931557,-81.84368157875));
#1948 = CARTESIAN_POINT('',(64.576534931557,-44.08031842124));
#1949 = ( GEOMETRIC_REPRESENTATION_CONTEXT(2) 
PARAMETRIC_REPRESENTATION_CONTEXT() REPRESENTATION_CONTEXT('2D SPACE',''
  ) );
#1950 = PCURVE('',#1951,#1956);
#1951 = B_SPLINE_SURFACE_WITH_KNOTS('',1,1,(
    (#1952,#1953)
    ,(#1954,#1955
    )),.UNSPECIFIED.,.F.,.F.,.F.,(2,2),(2,2),(0.,333.94278059784),(0.,1.
    ),.PIECEWISE_BEZIER_KNOTS.);
#1952 = CARTESIAN_POINT('',(-76.6903750006,45.555391256084,39.382));
#1953 = CARTESIAN_POINT('',(291.63705716,-103.2585510313,-126.0893902989
    ));
#1954 = CARTESIAN_POINT('',(-76.6903750006,45.555391256084,42.382));
#1955 = CARTESIAN_POINT('',(291.63705716,-103.2585510313,207.85339029892
    ));
#1956 = DEFINITIONAL_REPRESENTATION('',(#1957),#1960);
#1957 = B_SPLINE_CURVE_WITH_KNOTS('',1,(#1958,#1959),.UNSPECIFIED.,.F.,
  .F.,(2,2),(0.,1.),.PIECEWISE_BEZIER_KNOTS.);
#1958 = CARTESIAN_POINT('',(333.94278059784,0.105043425014));
#1959 = CARTESIAN_POINT('',(0.,0.105043425014));
#1960 = ( GEOMETRIC_REPRESENTATION_CONTEXT(2) 
PARAMETRIC_REPRESENTATION_CONTEXT() REPRESENTATION_CONTEXT('2D SPACE',''
  ) );
#1961 = ORIENTED_EDGE('',*,*,#1962,.T.);
#1962 = EDGE_CURVE('',#1938,#772,#1963,.T.);
#1963 = SURFACE_CURVE('',#1964,(#1967,#1973),.PCURVE_S1.);
#1964 = B_SPLINE_CURVE_WITH_KNOTS('',1,(#1965,#1966),.UNSPECIFIED.,.F.,
  .F.,(2,2),(0.,1.),.PIECEWISE_BEZIER_KNOTS.);
#1965 = CARTESIAN_POINT('',(-38.,29.923465068443,22.000318421244));
#1966 = CARTESIAN_POINT('',(-38.,29.796572572349,21.92));
#1967 = PCURVE('',#391,#1968);
#1968 = DEFINITIONAL_REPRESENTATION('',(#1969),#1972);
#1969 = B_SPLINE_CURVE_WITH_KNOTS('',1,(#1970,#1971),.UNSPECIFIED.,.F.,
  .F.,(2,2),(0.,1.),.PIECEWISE_BEZIER_KNOTS.);
#1970 = CARTESIAN_POINT('',(64.576534931557,-44.08031842124));
#1971 = CARTESIAN_POINT('',(64.703427427651,-44.));
#1972 = ( GEOMETRIC_REPRESENTATION_CONTEXT(2) 
PARAMETRIC_REPRESENTATION_CONTEXT() REPRESENTATION_CONTEXT('2D SPACE',''
  ) );
#1973 = PCURVE('',#652,#1974);
#1974 = DEFINITIONAL_REPRESENTATION('',(#1975),#1978);
#1975 = B_SPLINE_CURVE_WITH_KNOTS('',1,(#1976,#1977),.UNSPECIFIED.,.F.,
  .F.,(2,2),(0.,1.),.PIECEWISE_BEZIER_KNOTS.);
#1976 = CARTESIAN_POINT('',(620.44857826752,0.105043425014));
#1977 = CARTESIAN_POINT('',(618.74675280899,0.105528816604));
#1978 = ( GEOMETRIC_REPRESENTATION_CONTEXT(2) 
PARAMETRIC_REPRESENTATION_CONTEXT() REPRESENTATION_CONTEXT('2D SPACE',''
  ) );
#1979 = ORIENTED_EDGE('',*,*,#771,.T.);
#1980 = ORIENTED_EDGE('',*,*,#1981,.T.);
#1981 = EDGE_CURVE('',#742,#1982,#1984,.T.);
#1982 = VERTEX_POINT('',#1983);
#1983 = CARTESIAN_POINT('',(-38.,46.,-18.08));
#1984 = SURFACE_CURVE('',#1985,(#1989,#1996),.PCURVE_S1.);
#1985 = LINE('',#1986,#1987);
#1986 = CARTESIAN_POINT('',(-38.,46.,21.92));
#1987 = VECTOR('',#1988,1.);
#1988 = DIRECTION('',(0.,0.,-1.));
#1989 = PCURVE('',#391,#1990);
#1990 = DEFINITIONAL_REPRESENTATION('',(#1991),#1995);
#1991 = LINE('',#1992,#1993);
#1992 = CARTESIAN_POINT('',(48.5,-44.));
#1993 = VECTOR('',#1994,1.);
#1994 = DIRECTION('',(0.,1.));
#1995 = ( GEOMETRIC_REPRESENTATION_CONTEXT(2) 
PARAMETRIC_REPRESENTATION_CONTEXT() REPRESENTATION_CONTEXT('2D SPACE',''
  ) );
#1996 = PCURVE('',#759,#1997);
#1997 = DEFINITIONAL_REPRESENTATION('',(#1998),#2002);
#1998 = LINE('',#1999,#2000);
#1999 = CARTESIAN_POINT('',(40.,13.));
#2000 = VECTOR('',#2001,1.);
#2001 = DIRECTION('',(-1.,0.));
#2002 = ( GEOMETRIC_REPRESENTATION_CONTEXT(2) 
PARAMETRIC_REPRESENTATION_CONTEXT() REPRESENTATION_CONTEXT('2D SPACE',''
  ) );
#2003 = ORIENTED_EDGE('',*,*,#2004,.F.);
#2004 = EDGE_CURVE('',#348,#1982,#2005,.T.);
#2005 = SURFACE_CURVE('',#2006,(#2010,#2016),.PCURVE_S1.);
#2006 = LINE('',#2007,#2008);
#2007 = CARTESIAN_POINT('',(-38.,54.5,-18.08));
#2008 = VECTOR('',#2009,1.);
#2009 = DIRECTION('',(-0.,1.,0.));
#2010 = PCURVE('',#391,#2011);
#2011 = DEFINITIONAL_REPRESENTATION('',(#2012),#2015);
#2012 = B_SPLINE_CURVE_WITH_KNOTS('',1,(#2013,#2014),.UNSPECIFIED.,.F.,
  .F.,(2,2),(-40.,-8.5),.PIECEWISE_BEZIER_KNOTS.);
#2013 = CARTESIAN_POINT('',(80.,-4.));
#2014 = CARTESIAN_POINT('',(48.5,-4.));
#2015 = ( GEOMETRIC_REPRESENTATION_CONTEXT(2) 
PARAMETRIC_REPRESENTATION_CONTEXT() REPRESENTATION_CONTEXT('2D SPACE',''
  ) );
#2016 = PCURVE('',#363,#2017);
#2017 = DEFINITIONAL_REPRESENTATION('',(#2018),#2021);
#2018 = B_SPLINE_CURVE_WITH_KNOTS('',1,(#2019,#2020),.UNSPECIFIED.,.F.,
  .F.,(2,2),(-40.,-8.5),.PIECEWISE_BEZIER_KNOTS.);
#2019 = CARTESIAN_POINT('',(13.,0.));
#2020 = CARTESIAN_POINT('',(13.,31.5));
#2021 = ( GEOMETRIC_REPRESENTATION_CONTEXT(2) 
PARAMETRIC_REPRESENTATION_CONTEXT() REPRESENTATION_CONTEXT('2D SPACE',''
  ) );
#2022 = ORIENTED_EDGE('',*,*,#375,.F.);
#2023 = ADVANCED_FACE('',(#2024),#161,.T.);
#2024 = FACE_BOUND('',#2025,.T.);
#2025 = EDGE_LOOP('',(#2026,#2027,#2028,#2051));
#2026 = ORIENTED_EDGE('',*,*,#1552,.F.);
#2027 = ORIENTED_EDGE('',*,*,#145,.T.);
#2028 = ORIENTED_EDGE('',*,*,#2029,.T.);
#2029 = EDGE_CURVE('',#146,#2030,#2032,.T.);
#2030 = VERTEX_POINT('',#2031);
#2031 = CARTESIAN_POINT('',(-8.21,46.,45.92));
#2032 = SURFACE_CURVE('',#2033,(#2037,#2044),.PCURVE_S1.);
#2033 = LINE('',#2034,#2035);
#2034 = CARTESIAN_POINT('',(-8.21,14.5,45.92));
#2035 = VECTOR('',#2036,1.);
#2036 = DIRECTION('',(0.,1.,0.));
#2037 = PCURVE('',#161,#2038);
#2038 = DEFINITIONAL_REPRESENTATION('',(#2039),#2043);
#2039 = LINE('',#2040,#2041);
#2040 = CARTESIAN_POINT('',(8.7,0.));
#2041 = VECTOR('',#2042,1.);
#2042 = DIRECTION('',(0.,1.));
#2043 = ( GEOMETRIC_REPRESENTATION_CONTEXT(2) 
PARAMETRIC_REPRESENTATION_CONTEXT() REPRESENTATION_CONTEXT('2D SPACE',''
  ) );
#2044 = PCURVE('',#189,#2045);
#2045 = DEFINITIONAL_REPRESENTATION('',(#2046),#2050);
#2046 = LINE('',#2047,#2048);
#2047 = CARTESIAN_POINT('',(245.92,-64.5));
#2048 = VECTOR('',#2049,1.);
#2049 = DIRECTION('',(0.,-1.));
#2050 = ( GEOMETRIC_REPRESENTATION_CONTEXT(2) 
PARAMETRIC_REPRESENTATION_CONTEXT() REPRESENTATION_CONTEXT('2D SPACE',''
  ) );
#2051 = ORIENTED_EDGE('',*,*,#2052,.F.);
#2052 = EDGE_CURVE('',#1530,#2030,#2053,.T.);
#2053 = SURFACE_CURVE('',#2054,(#2058,#2065),.PCURVE_S1.);
#2054 = LINE('',#2055,#2056);
#2055 = CARTESIAN_POINT('',(-16.91,46.,45.92));
#2056 = VECTOR('',#2057,1.);
#2057 = DIRECTION('',(1.,0.,0.));
#2058 = PCURVE('',#161,#2059);
#2059 = DEFINITIONAL_REPRESENTATION('',(#2060),#2064);
#2060 = LINE('',#2061,#2062);
#2061 = CARTESIAN_POINT('',(0.,31.5));
#2062 = VECTOR('',#2063,1.);
#2063 = DIRECTION('',(1.,0.));
#2064 = ( GEOMETRIC_REPRESENTATION_CONTEXT(2) 
PARAMETRIC_REPRESENTATION_CONTEXT() REPRESENTATION_CONTEXT('2D SPACE',''
  ) );
#2065 = PCURVE('',#759,#2066);
#2066 = DEFINITIONAL_REPRESENTATION('',(#2067),#2071);
#2067 = LINE('',#2068,#2069);
#2068 = CARTESIAN_POINT('',(64.,34.09));
#2069 = VECTOR('',#2070,1.);
#2070 = DIRECTION('',(0.,1.));
#2071 = ( GEOMETRIC_REPRESENTATION_CONTEXT(2) 
PARAMETRIC_REPRESENTATION_CONTEXT() REPRESENTATION_CONTEXT('2D SPACE',''
  ) );
#2072 = ADVANCED_FACE('',(#2073),#363,.F.);
#2073 = FACE_BOUND('',#2074,.F.);
#2074 = EDGE_LOOP('',(#2075,#2098,#2099,#2100));
#2075 = ORIENTED_EDGE('',*,*,#2076,.F.);
#2076 = EDGE_CURVE('',#1982,#2077,#2079,.T.);
#2077 = VERTEX_POINT('',#2078);
#2078 = CARTESIAN_POINT('',(-34.97145783212,46.,-18.08));
#2079 = SURFACE_CURVE('',#2080,(#2084,#2091),.PCURVE_S1.);
#2080 = LINE('',#2081,#2082);
#2081 = CARTESIAN_POINT('',(-51.,46.,-18.08));
#2082 = VECTOR('',#2083,1.);
#2083 = DIRECTION('',(1.,0.,0.));
#2084 = PCURVE('',#363,#2085);
#2085 = DEFINITIONAL_REPRESENTATION('',(#2086),#2090);
#2086 = LINE('',#2087,#2088);
#2087 = CARTESIAN_POINT('',(0.,31.5));
#2088 = VECTOR('',#2089,1.);
#2089 = DIRECTION('',(1.,0.));
#2090 = ( GEOMETRIC_REPRESENTATION_CONTEXT(2) 
PARAMETRIC_REPRESENTATION_CONTEXT() REPRESENTATION_CONTEXT('2D SPACE',''
  ) );
#2091 = PCURVE('',#759,#2092);
#2092 = DEFINITIONAL_REPRESENTATION('',(#2093),#2097);
#2093 = LINE('',#2094,#2095);
#2094 = CARTESIAN_POINT('',(0.,0.));
#2095 = VECTOR('',#2096,1.);
#2096 = DIRECTION('',(0.,1.));
#2097 = ( GEOMETRIC_REPRESENTATION_CONTEXT(2) 
PARAMETRIC_REPRESENTATION_CONTEXT() REPRESENTATION_CONTEXT('2D SPACE',''
  ) );
#2098 = ORIENTED_EDGE('',*,*,#2004,.F.);
#2099 = ORIENTED_EDGE('',*,*,#347,.T.);
#2100 = ORIENTED_EDGE('',*,*,#2101,.F.);
#2101 = EDGE_CURVE('',#2077,#315,#2102,.T.);
#2102 = SURFACE_CURVE('',#2103,(#2107,#2113),.PCURVE_S1.);
#2103 = LINE('',#2104,#2105);
#2104 = CARTESIAN_POINT('',(-34.97145783212,14.5,-18.08));
#2105 = VECTOR('',#2106,1.);
#2106 = DIRECTION('',(0.,-1.,0.));
#2107 = PCURVE('',#363,#2108);
#2108 = DEFINITIONAL_REPRESENTATION('',(#2109),#2112);
#2109 = B_SPLINE_CURVE_WITH_KNOTS('',1,(#2110,#2111),.UNSPECIFIED.,.F.,
  .F.,(2,2),(-31.5000006,5.999999999062E-07),.PIECEWISE_BEZIER_KNOTS.);
#2110 = CARTESIAN_POINT('',(16.028542167873,31.5000006));
#2111 = CARTESIAN_POINT('',(16.028542167873,-5.999999999062E-07));
#2112 = ( GEOMETRIC_REPRESENTATION_CONTEXT(2) 
PARAMETRIC_REPRESENTATION_CONTEXT() REPRESENTATION_CONTEXT('2D SPACE',''
  ) );
#2113 = PCURVE('',#335,#2114);
#2114 = DEFINITIONAL_REPRESENTATION('',(#2115),#2118);
#2115 = B_SPLINE_CURVE_WITH_KNOTS('',1,(#2116,#2117),.UNSPECIFIED.,.F.,
  .F.,(2,2),(-31.5000006,5.999999999062E-07),.PIECEWISE_BEZIER_KNOTS.);
#2116 = CARTESIAN_POINT('',(3.778054337253,-31.5000006));
#2117 = CARTESIAN_POINT('',(3.778054337253,5.999999999062E-07));
#2118 = ( GEOMETRIC_REPRESENTATION_CONTEXT(2) 
PARAMETRIC_REPRESENTATION_CONTEXT() REPRESENTATION_CONTEXT('2D SPACE',''
  ) );
#2119 = ADVANCED_FACE('',(#2120,#2166,#2201),#189,.T.);
#2120 = FACE_BOUND('',#2121,.T.);
#2121 = EDGE_LOOP('',(#2122,#2145,#2146,#2147));
#2122 = ORIENTED_EDGE('',*,*,#2123,.F.);
#2123 = EDGE_CURVE('',#2030,#2124,#2126,.T.);
#2124 = VERTEX_POINT('',#2125);
#2125 = CARTESIAN_POINT('',(-8.21,46.,30.568429276315));
#2126 = SURFACE_CURVE('',#2127,(#2131,#2138),.PCURVE_S1.);
#2127 = LINE('',#2128,#2129);
#2128 = CARTESIAN_POINT('',(-8.21,46.,45.92));
#2129 = VECTOR('',#2130,1.);
#2130 = DIRECTION('',(0.,0.,-1.));
#2131 = PCURVE('',#189,#2132);
#2132 = DEFINITIONAL_REPRESENTATION('',(#2133),#2137);
#2133 = LINE('',#2134,#2135);
#2134 = CARTESIAN_POINT('',(245.92,-96.));
#2135 = VECTOR('',#2136,1.);
#2136 = DIRECTION('',(-1.,0.));
#2137 = ( GEOMETRIC_REPRESENTATION_CONTEXT(2) 
PARAMETRIC_REPRESENTATION_CONTEXT() REPRESENTATION_CONTEXT('2D SPACE',''
  ) );
#2138 = PCURVE('',#759,#2139);
#2139 = DEFINITIONAL_REPRESENTATION('',(#2140),#2144);
#2140 = LINE('',#2141,#2142);
#2141 = CARTESIAN_POINT('',(64.,42.79));
#2142 = VECTOR('',#2143,1.);
#2143 = DIRECTION('',(-1.,0.));
#2144 = ( GEOMETRIC_REPRESENTATION_CONTEXT(2) 
PARAMETRIC_REPRESENTATION_CONTEXT() REPRESENTATION_CONTEXT('2D SPACE',''
  ) );
#2145 = ORIENTED_EDGE('',*,*,#2029,.F.);
#2146 = ORIENTED_EDGE('',*,*,#173,.F.);
#2147 = ORIENTED_EDGE('',*,*,#2148,.F.);
#2148 = EDGE_CURVE('',#2124,#174,#2149,.T.);
#2149 = SURFACE_CURVE('',#2150,(#2154,#2160),.PCURVE_S1.);
#2150 = LINE('',#2151,#2152);
#2151 = CARTESIAN_POINT('',(-8.21,13.5,30.568429276315));
#2152 = VECTOR('',#2153,1.);
#2153 = DIRECTION('',(0.,-1.,0.));
#2154 = PCURVE('',#189,#2155);
#2155 = DEFINITIONAL_REPRESENTATION('',(#2156),#2159);
#2156 = B_SPLINE_CURVE_WITH_KNOTS('',1,(#2157,#2158),.UNSPECIFIED.,.F.,
  .F.,(2,2),(-35.65,5.999999999062E-07),.PIECEWISE_BEZIER_KNOTS.);
#2157 = CARTESIAN_POINT('',(230.56842927631,-99.15));
#2158 = CARTESIAN_POINT('',(230.56842927631,-63.4999994));
#2159 = ( GEOMETRIC_REPRESENTATION_CONTEXT(2) 
PARAMETRIC_REPRESENTATION_CONTEXT() REPRESENTATION_CONTEXT('2D SPACE',''
  ) );
#2160 = PCURVE('',#218,#2161);
#2161 = DEFINITIONAL_REPRESENTATION('',(#2162),#2165);
#2162 = B_SPLINE_CURVE_WITH_KNOTS('',1,(#2163,#2164),.UNSPECIFIED.,.F.,
  .F.,(2,2),(-35.65,5.999999999062E-07),.PIECEWISE_BEZIER_KNOTS.);
#2163 = CARTESIAN_POINT('',(1.581267722347,-35.65));
#2164 = CARTESIAN_POINT('',(1.581267722347,5.999999999062E-07));
#2165 = ( GEOMETRIC_REPRESENTATION_CONTEXT(2) 
PARAMETRIC_REPRESENTATION_CONTEXT() REPRESENTATION_CONTEXT('2D SPACE',''
  ) );
#2166 = FACE_BOUND('',#2167,.T.);
#2167 = EDGE_LOOP('',(#2168));
#2168 = ORIENTED_EDGE('',*,*,#2169,.T.);
#2169 = EDGE_CURVE('',#2170,#2170,#2172,.T.);
#2170 = VERTEX_POINT('',#2171);
#2171 = CARTESIAN_POINT('',(-8.21,40.2,40.57));
#2172 = SURFACE_CURVE('',#2173,(#2178,#2189),.PCURVE_S1.);
#2173 = CIRCLE('',#2174,1.7);
#2174 = AXIS2_PLACEMENT_3D('',#2175,#2176,#2177);
#2175 = CARTESIAN_POINT('',(-8.21,38.5,40.57));
#2176 = DIRECTION('',(-1.,0.,0.));
#2177 = DIRECTION('',(0.,1.,0.));
#2178 = PCURVE('',#189,#2179);
#2179 = DEFINITIONAL_REPRESENTATION('',(#2180),#2188);
#2180 = ( BOUNDED_CURVE() B_SPLINE_CURVE(2,(#2181,#2182,#2183,#2184,
#2185,#2186,#2187),.UNSPECIFIED.,.T.,.F.) B_SPLINE_CURVE_WITH_KNOTS((1,2
    ,2,2,2,1),(-2.094395102393,0.,2.094395102393,4.188790204786,
6.28318530718,8.377580409573),.UNSPECIFIED.) CURVE() 
GEOMETRIC_REPRESENTATION_ITEM() RATIONAL_B_SPLINE_CURVE((1.,0.5,1.,0.5,
1.,0.5,1.)) REPRESENTATION_ITEM('') );
#2181 = CARTESIAN_POINT('',(240.57,-90.2));
#2182 = CARTESIAN_POINT('',(237.62551362713,-90.2));
#2183 = CARTESIAN_POINT('',(239.09775681356,-87.65));
#2184 = CARTESIAN_POINT('',(240.57,-85.1));
#2185 = CARTESIAN_POINT('',(242.04224318643,-87.65));
#2186 = CARTESIAN_POINT('',(243.51448637286,-90.2));
#2187 = CARTESIAN_POINT('',(240.57,-90.2));
#2188 = ( GEOMETRIC_REPRESENTATION_CONTEXT(2) 
PARAMETRIC_REPRESENTATION_CONTEXT() REPRESENTATION_CONTEXT('2D SPACE',''
  ) );
#2189 = PCURVE('',#2190,#2195);
#2190 = CYLINDRICAL_SURFACE('',#2191,1.7);
#2191 = AXIS2_PLACEMENT_3D('',#2192,#2193,#2194);
#2192 = CARTESIAN_POINT('',(-17.91,38.5,40.57));
#2193 = DIRECTION('',(-1.,-0.,-0.));
#2194 = DIRECTION('',(0.,1.,0.));
#2195 = DEFINITIONAL_REPRESENTATION('',(#2196),#2200);
#2196 = LINE('',#2197,#2198);
#2197 = CARTESIAN_POINT('',(-6.28318530718,-9.7));
#2198 = VECTOR('',#2199,1.);
#2199 = DIRECTION('',(1.,-0.));
#2200 = ( GEOMETRIC_REPRESENTATION_CONTEXT(2) 
PARAMETRIC_REPRESENTATION_CONTEXT() REPRESENTATION_CONTEXT('2D SPACE',''
  ) );
#2201 = FACE_BOUND('',#2202,.T.);
#2202 = EDGE_LOOP('',(#2203));
#2203 = ORIENTED_EDGE('',*,*,#2204,.T.);
#2204 = EDGE_CURVE('',#2205,#2205,#2207,.T.);
#2205 = VERTEX_POINT('',#2206);
#2206 = CARTESIAN_POINT('',(-8.21,23.7,40.57));
#2207 = SURFACE_CURVE('',#2208,(#2213,#2224),.PCURVE_S1.);
#2208 = CIRCLE('',#2209,1.7);
#2209 = AXIS2_PLACEMENT_3D('',#2210,#2211,#2212);
#2210 = CARTESIAN_POINT('',(-8.21,22.,40.57));
#2211 = DIRECTION('',(-1.,0.,0.));
#2212 = DIRECTION('',(0.,1.,0.));
#2213 = PCURVE('',#189,#2214);
#2214 = DEFINITIONAL_REPRESENTATION('',(#2215),#2223);
#2215 = ( BOUNDED_CURVE() B_SPLINE_CURVE(2,(#2216,#2217,#2218,#2219,
#2220,#2221,#2222),.UNSPECIFIED.,.T.,.F.) B_SPLINE_CURVE_WITH_KNOTS((1,2
    ,2,2,2,1),(-2.094395102393,0.,2.094395102393,4.188790204786,
6.28318530718,8.377580409573),.UNSPECIFIED.) CURVE() 
GEOMETRIC_REPRESENTATION_ITEM() RATIONAL_B_SPLINE_CURVE((1.,0.5,1.,0.5,
1.,0.5,1.)) REPRESENTATION_ITEM('') );
#2216 = CARTESIAN_POINT('',(240.57,-73.7));
#2217 = CARTESIAN_POINT('',(237.62551362713,-73.7));
#2218 = CARTESIAN_POINT('',(239.09775681356,-71.15));
#2219 = CARTESIAN_POINT('',(240.57,-68.6));
#2220 = CARTESIAN_POINT('',(242.04224318643,-71.15));
#2221 = CARTESIAN_POINT('',(243.51448637286,-73.7));
#2222 = CARTESIAN_POINT('',(240.57,-73.7));
#2223 = ( GEOMETRIC_REPRESENTATION_CONTEXT(2) 
PARAMETRIC_REPRESENTATION_CONTEXT() REPRESENTATION_CONTEXT('2D SPACE',''
  ) );
#2224 = PCURVE('',#2225,#2230);
#2225 = CYLINDRICAL_SURFACE('',#2226,1.7);
#2226 = AXIS2_PLACEMENT_3D('',#2227,#2228,#2229);
#2227 = CARTESIAN_POINT('',(-17.91,22.,40.57));
#2228 = DIRECTION('',(-1.,-0.,-0.));
#2229 = DIRECTION('',(0.,1.,0.));
#2230 = DEFINITIONAL_REPRESENTATION('',(#2231),#2235);
#2231 = LINE('',#2232,#2233);
#2232 = CARTESIAN_POINT('',(-6.28318530718,-9.7));
#2233 = VECTOR('',#2234,1.);
#2234 = DIRECTION('',(1.,-0.));
#2235 = ( GEOMETRIC_REPRESENTATION_CONTEXT(2) 
PARAMETRIC_REPRESENTATION_CONTEXT() REPRESENTATION_CONTEXT('2D SPACE',''
  ) );
#2236 = ADVANCED_FACE('',(#2237),#335,.T.);
#2237 = FACE_BOUND('',#2238,.T.);
#2238 = EDGE_LOOP('',(#2239,#2240,#2241,#2269));
#2239 = ORIENTED_EDGE('',*,*,#314,.F.);
#2240 = ORIENTED_EDGE('',*,*,#2101,.F.);
#2241 = ORIENTED_EDGE('',*,*,#2242,.T.);
#2242 = EDGE_CURVE('',#2077,#2243,#2245,.T.);
#2243 = VERTEX_POINT('',#2244);
#2244 = CARTESIAN_POINT('',(-16.90999999999,46.,-30.50410368846));
#2245 = SURFACE_CURVE('',#2246,(#2251,#2258),.PCURVE_S1.);
#2246 = CIRCLE('',#2247,33.65);
#2247 = AXIS2_PLACEMENT_3D('',#2248,#2249,#2250);
#2248 = CARTESIAN_POINT('',(-7.91,46.,1.92));
#2249 = DIRECTION('',(0.,-1.,0.));
#2250 = DIRECTION('',(1.,0.,0.));
#2251 = PCURVE('',#335,#2252);
#2252 = DEFINITIONAL_REPRESENTATION('',(#2253),#2257);
#2253 = LINE('',#2254,#2255);
#2254 = CARTESIAN_POINT('',(0.,-31.5));
#2255 = VECTOR('',#2256,1.);
#2256 = DIRECTION('',(1.,0.));
#2257 = ( GEOMETRIC_REPRESENTATION_CONTEXT(2) 
PARAMETRIC_REPRESENTATION_CONTEXT() REPRESENTATION_CONTEXT('2D SPACE',''
  ) );
#2258 = PCURVE('',#759,#2259);
#2259 = DEFINITIONAL_REPRESENTATION('',(#2260),#2268);
#2260 = ( BOUNDED_CURVE() B_SPLINE_CURVE(2,(#2261,#2262,#2263,#2264,
#2265,#2266,#2267),.UNSPECIFIED.,.T.,.F.) B_SPLINE_CURVE_WITH_KNOTS((1,2
    ,2,2,2,1),(-2.094395102393,0.,2.094395102393,4.188790204786,
6.28318530718,8.377580409573),.UNSPECIFIED.) CURVE() 
GEOMETRIC_REPRESENTATION_ITEM() RATIONAL_B_SPLINE_CURVE((1.,0.5,1.,0.5,
1.,0.5,1.)) REPRESENTATION_ITEM('') );
#2261 = CARTESIAN_POINT('',(20.,76.74));
#2262 = CARTESIAN_POINT('',(78.283509674693,76.74));
#2263 = CARTESIAN_POINT('',(49.141754837346,26.265));
#2264 = CARTESIAN_POINT('',(20.,-24.21));
#2265 = CARTESIAN_POINT('',(-9.141754837346,26.265));
#2266 = CARTESIAN_POINT('',(-38.28350967469,76.74));
#2267 = CARTESIAN_POINT('',(20.,76.74));
#2268 = ( GEOMETRIC_REPRESENTATION_CONTEXT(2) 
PARAMETRIC_REPRESENTATION_CONTEXT() REPRESENTATION_CONTEXT('2D SPACE',''
  ) );
#2269 = ORIENTED_EDGE('',*,*,#2270,.T.);
#2270 = EDGE_CURVE('',#2243,#287,#2271,.T.);
#2271 = SURFACE_CURVE('',#2272,(#2276,#2282),.PCURVE_S1.);
#2272 = LINE('',#2273,#2274);
#2273 = CARTESIAN_POINT('',(-16.91,14.5,-30.50410368846));
#2274 = VECTOR('',#2275,1.);
#2275 = DIRECTION('',(0.,-1.,0.));
#2276 = PCURVE('',#335,#2277);
#2277 = DEFINITIONAL_REPRESENTATION('',(#2278),#2281);
#2278 = B_SPLINE_CURVE_WITH_KNOTS('',1,(#2279,#2280),.UNSPECIFIED.,.F.,
  .F.,(2,2),(-31.5000006,5.999999999062E-07),.PIECEWISE_BEZIER_KNOTS.);
#2279 = CARTESIAN_POINT('',(4.441633844886,-31.5000006));
#2280 = CARTESIAN_POINT('',(4.441633844886,5.999999999062E-07));
#2281 = ( GEOMETRIC_REPRESENTATION_CONTEXT(2) 
PARAMETRIC_REPRESENTATION_CONTEXT() REPRESENTATION_CONTEXT('2D SPACE',''
  ) );
#2282 = PCURVE('',#302,#2283);
#2283 = DEFINITIONAL_REPRESENTATION('',(#2284),#2287);
#2284 = B_SPLINE_CURVE_WITH_KNOTS('',1,(#2285,#2286),.UNSPECIFIED.,.F.,
  .F.,(2,2),(-31.5000006,5.999999999062E-07),.PIECEWISE_BEZIER_KNOTS.);
#2285 = CARTESIAN_POINT('',(11.57589631154,-31.5000006));
#2286 = CARTESIAN_POINT('',(11.57589631154,5.999999999062E-07));
#2287 = ( GEOMETRIC_REPRESENTATION_CONTEXT(2) 
PARAMETRIC_REPRESENTATION_CONTEXT() REPRESENTATION_CONTEXT('2D SPACE',''
  ) );
#2288 = ADVANCED_FACE('',(#2289),#218,.F.);
#2289 = FACE_BOUND('',#2290,.F.);
#2290 = EDGE_LOOP('',(#2291,#2292,#2293,#2317));
#2291 = ORIENTED_EDGE('',*,*,#201,.T.);
#2292 = ORIENTED_EDGE('',*,*,#2148,.F.);
#2293 = ORIENTED_EDGE('',*,*,#2294,.F.);
#2294 = EDGE_CURVE('',#2295,#2124,#2297,.T.);
#2295 = VERTEX_POINT('',#2296);
#2296 = CARTESIAN_POINT('',(-8.21,46.,-26.72842927631));
#2297 = SURFACE_CURVE('',#2298,(#2303,#2310),.PCURVE_S1.);
#2298 = CIRCLE('',#2299,28.65);
#2299 = AXIS2_PLACEMENT_3D('',#2300,#2301,#2302);
#2300 = CARTESIAN_POINT('',(-7.91,46.,1.92));
#2301 = DIRECTION('',(0.,1.,0.));
#2302 = DIRECTION('',(-1.047120418848E-02,0.,-0.999945175439));
#2303 = PCURVE('',#218,#2304);
#2304 = DEFINITIONAL_REPRESENTATION('',(#2305),#2309);
#2305 = LINE('',#2306,#2307);
#2306 = CARTESIAN_POINT('',(4.701917584832,-32.5));
#2307 = VECTOR('',#2308,1.);
#2308 = DIRECTION('',(-1.,-0.));
#2309 = ( GEOMETRIC_REPRESENTATION_CONTEXT(2) 
PARAMETRIC_REPRESENTATION_CONTEXT() REPRESENTATION_CONTEXT('2D SPACE',''
  ) );
#2310 = PCURVE('',#759,#2311);
#2311 = DEFINITIONAL_REPRESENTATION('',(#2312),#2316);
#2312 = CIRCLE('',#2313,28.65);
#2313 = AXIS2_PLACEMENT_2D('',#2314,#2315);
#2314 = CARTESIAN_POINT('',(20.,43.09));
#2315 = DIRECTION('',(-0.999945175439,-1.047120418848E-02));
#2316 = ( GEOMETRIC_REPRESENTATION_CONTEXT(2) 
PARAMETRIC_REPRESENTATION_CONTEXT() REPRESENTATION_CONTEXT('2D SPACE',''
  ) );
#2317 = ORIENTED_EDGE('',*,*,#2318,.T.);
#2318 = EDGE_CURVE('',#2295,#202,#2319,.T.);
#2319 = SURFACE_CURVE('',#2320,(#2324,#2330),.PCURVE_S1.);
#2320 = LINE('',#2321,#2322);
#2321 = CARTESIAN_POINT('',(-8.21,13.5,-26.72842927631));
#2322 = VECTOR('',#2323,1.);
#2323 = DIRECTION('',(0.,-1.,0.));
#2324 = PCURVE('',#218,#2325);
#2325 = DEFINITIONAL_REPRESENTATION('',(#2326),#2329);
#2326 = B_SPLINE_CURVE_WITH_KNOTS('',1,(#2327,#2328),.UNSPECIFIED.,.F.,
  .F.,(2,2),(-35.65,5.999999999062E-07),.PIECEWISE_BEZIER_KNOTS.);
#2327 = CARTESIAN_POINT('',(4.701917584832,-35.65));
#2328 = CARTESIAN_POINT('',(4.701917584832,5.999999999062E-07));
#2329 = ( GEOMETRIC_REPRESENTATION_CONTEXT(2) 
PARAMETRIC_REPRESENTATION_CONTEXT() REPRESENTATION_CONTEXT('2D SPACE',''
  ) );
#2330 = PCURVE('',#246,#2331);
#2331 = DEFINITIONAL_REPRESENTATION('',(#2332),#2335);
#2332 = B_SPLINE_CURVE_WITH_KNOTS('',1,(#2333,#2334),.UNSPECIFIED.,.F.,
  .F.,(2,2),(-35.65,5.999999999062E-07),.PIECEWISE_BEZIER_KNOTS.);
#2333 = CARTESIAN_POINT('',(15.351570723685,-34.65));
#2334 = CARTESIAN_POINT('',(15.351570723685,1.0000006));
#2335 = ( GEOMETRIC_REPRESENTATION_CONTEXT(2) 
PARAMETRIC_REPRESENTATION_CONTEXT() REPRESENTATION_CONTEXT('2D SPACE',''
  ) );
#2336 = ADVANCED_FACE('',(#2337,#2385,#2543),#302,.F.);
#2337 = FACE_BOUND('',#2338,.F.);
#2338 = EDGE_LOOP('',(#2339,#2340,#2363,#2384));
#2339 = ORIENTED_EDGE('',*,*,#286,.F.);
#2340 = ORIENTED_EDGE('',*,*,#2341,.T.);
#2341 = EDGE_CURVE('',#259,#2342,#2344,.T.);
#2342 = VERTEX_POINT('',#2343);
#2343 = CARTESIAN_POINT('',(-16.91,46.,-42.08));
#2344 = SURFACE_CURVE('',#2345,(#2349,#2356),.PCURVE_S1.);
#2345 = LINE('',#2346,#2347);
#2346 = CARTESIAN_POINT('',(-16.91,14.5,-42.08));
#2347 = VECTOR('',#2348,1.);
#2348 = DIRECTION('',(0.,1.,0.));
#2349 = PCURVE('',#302,#2350);
#2350 = DEFINITIONAL_REPRESENTATION('',(#2351),#2355);
#2351 = LINE('',#2352,#2353);
#2352 = CARTESIAN_POINT('',(0.,0.));
#2353 = VECTOR('',#2354,1.);
#2354 = DIRECTION('',(0.,-1.));
#2355 = ( GEOMETRIC_REPRESENTATION_CONTEXT(2) 
PARAMETRIC_REPRESENTATION_CONTEXT() REPRESENTATION_CONTEXT('2D SPACE',''
  ) );
#2356 = PCURVE('',#274,#2357);
#2357 = DEFINITIONAL_REPRESENTATION('',(#2358),#2362);
#2358 = LINE('',#2359,#2360);
#2359 = CARTESIAN_POINT('',(0.,0.));
#2360 = VECTOR('',#2361,1.);
#2361 = DIRECTION('',(0.,1.));
#2362 = ( GEOMETRIC_REPRESENTATION_CONTEXT(2) 
PARAMETRIC_REPRESENTATION_CONTEXT() REPRESENTATION_CONTEXT('2D SPACE',''
  ) );
#2363 = ORIENTED_EDGE('',*,*,#2364,.T.);
#2364 = EDGE_CURVE('',#2342,#2243,#2365,.T.);
#2365 = SURFACE_CURVE('',#2366,(#2370,#2377),.PCURVE_S1.);
#2366 = LINE('',#2367,#2368);
#2367 = CARTESIAN_POINT('',(-16.91,46.,-42.08));
#2368 = VECTOR('',#2369,1.);
#2369 = DIRECTION('',(0.,0.,1.));
#2370 = PCURVE('',#302,#2371);
#2371 = DEFINITIONAL_REPRESENTATION('',(#2372),#2376);
#2372 = LINE('',#2373,#2374);
#2373 = CARTESIAN_POINT('',(0.,-31.5));
#2374 = VECTOR('',#2375,1.);
#2375 = DIRECTION('',(1.,0.));
#2376 = ( GEOMETRIC_REPRESENTATION_CONTEXT(2) 
PARAMETRIC_REPRESENTATION_CONTEXT() REPRESENTATION_CONTEXT('2D SPACE',''
  ) );
#2377 = PCURVE('',#759,#2378);
#2378 = DEFINITIONAL_REPRESENTATION('',(#2379),#2383);
#2379 = LINE('',#2380,#2381);
#2380 = CARTESIAN_POINT('',(-24.,34.09));
#2381 = VECTOR('',#2382,1.);
#2382 = DIRECTION('',(1.,0.));
#2383 = ( GEOMETRIC_REPRESENTATION_CONTEXT(2) 
PARAMETRIC_REPRESENTATION_CONTEXT() REPRESENTATION_CONTEXT('2D SPACE',''
  ) );
#2384 = ORIENTED_EDGE('',*,*,#2270,.T.);
#2385 = FACE_BOUND('',#2386,.F.);
#2386 = EDGE_LOOP('',(#2387,#2415,#2441,#2467,#2493,#2519));
#2387 = ORIENTED_EDGE('',*,*,#2388,.T.);
#2388 = EDGE_CURVE('',#2389,#2391,#2393,.T.);
#2389 = VERTEX_POINT('',#2390);
#2390 = CARTESIAN_POINT('',(-16.91,35.6,-35.05568421935));
#2391 = VERTEX_POINT('',#2392);
#2392 = CARTESIAN_POINT('',(-16.91,38.5,-33.3813684387));
#2393 = SURFACE_CURVE('',#2394,(#2398,#2404),.PCURVE_S1.);
#2394 = LINE('',#2395,#2396);
#2395 = CARTESIAN_POINT('',(-16.91,27.616691022438,-39.66484980656));
#2396 = VECTOR('',#2397,1.);
#2397 = DIRECTION('',(-0.,0.866025403784,0.5));
#2398 = PCURVE('',#302,#2399);
#2399 = DEFINITIONAL_REPRESENTATION('',(#2400),#2403);
#2400 = B_SPLINE_CURVE_WITH_KNOTS('',1,(#2401,#2402),.UNSPECIFIED.,.F.,
  .F.,(2,2),(9.218331174438,12.566962735738),.PIECEWISE_BEZIER_KNOTS.);
#2401 = CARTESIAN_POINT('',(7.02431578065,-21.1));
#2402 = CARTESIAN_POINT('',(8.6986315613,-24.));
#2403 = ( GEOMETRIC_REPRESENTATION_CONTEXT(2) 
PARAMETRIC_REPRESENTATION_CONTEXT() REPRESENTATION_CONTEXT('2D SPACE',''
  ) );
#2404 = PCURVE('',#2405,#2410);
#2405 = PLANE('',#2406);
#2406 = AXIS2_PLACEMENT_3D('',#2407,#2408,#2409);
#2407 = CARTESIAN_POINT('',(-17.91,38.5,-33.3813684387));
#2408 = DIRECTION('',(0.,0.5,-0.866025403784));
#2409 = DIRECTION('',(0.,-0.866025403784,-0.5));
#2410 = DEFINITIONAL_REPRESENTATION('',(#2411),#2414);
#2411 = B_SPLINE_CURVE_WITH_KNOTS('',1,(#2412,#2413),.UNSPECIFIED.,.F.,
  .F.,(2,2),(9.218331174438,12.566962735738),.PIECEWISE_BEZIER_KNOTS.);
#2412 = CARTESIAN_POINT('',(3.3486315613,-1.));
#2413 = CARTESIAN_POINT('',(0.,-1.));
#2414 = ( GEOMETRIC_REPRESENTATION_CONTEXT(2) 
PARAMETRIC_REPRESENTATION_CONTEXT() REPRESENTATION_CONTEXT('2D SPACE',''
  ) );
#2415 = ORIENTED_EDGE('',*,*,#2416,.T.);
#2416 = EDGE_CURVE('',#2391,#2417,#2419,.T.);
#2417 = VERTEX_POINT('',#2418);
#2418 = CARTESIAN_POINT('',(-16.91,41.4,-35.05568421935));
#2419 = SURFACE_CURVE('',#2420,(#2424,#2430),.PCURVE_S1.);
#2420 = LINE('',#2421,#2422);
#2421 = CARTESIAN_POINT('',(-16.91,32.833308977562,-30.10970285148));
#2422 = VECTOR('',#2423,1.);
#2423 = DIRECTION('',(0.,0.866025403784,-0.5));
#2424 = PCURVE('',#302,#2425);
#2425 = DEFINITIONAL_REPRESENTATION('',(#2426),#2429);
#2426 = B_SPLINE_CURVE_WITH_KNOTS('',1,(#2427,#2428),.UNSPECIFIED.,.F.,
  .F.,(2,2),(6.543331174438,9.891962735738),.PIECEWISE_BEZIER_KNOTS.);
#2427 = CARTESIAN_POINT('',(8.6986315613,-24.));
#2428 = CARTESIAN_POINT('',(7.02431578065,-26.9));
#2429 = ( GEOMETRIC_REPRESENTATION_CONTEXT(2) 
PARAMETRIC_REPRESENTATION_CONTEXT() REPRESENTATION_CONTEXT('2D SPACE',''
  ) );
#2430 = PCURVE('',#2431,#2436);
#2431 = PLANE('',#2432);
#2432 = AXIS2_PLACEMENT_3D('',#2433,#2434,#2435);
#2433 = CARTESIAN_POINT('',(-17.91,41.4,-35.05568421935));
#2434 = DIRECTION('',(0.,-0.5,-0.866025403784));
#2435 = DIRECTION('',(0.,-0.866025403784,0.5));
#2436 = DEFINITIONAL_REPRESENTATION('',(#2437),#2440);
#2437 = B_SPLINE_CURVE_WITH_KNOTS('',1,(#2438,#2439),.UNSPECIFIED.,.F.,
  .F.,(2,2),(6.543331174438,9.891962735738),.PIECEWISE_BEZIER_KNOTS.);
#2438 = CARTESIAN_POINT('',(3.3486315613,-1.));
#2439 = CARTESIAN_POINT('',(0.,-1.));
#2440 = ( GEOMETRIC_REPRESENTATION_CONTEXT(2) 
PARAMETRIC_REPRESENTATION_CONTEXT() REPRESENTATION_CONTEXT('2D SPACE',''
  ) );
#2441 = ORIENTED_EDGE('',*,*,#2442,.T.);
#2442 = EDGE_CURVE('',#2417,#2443,#2445,.T.);
#2443 = VERTEX_POINT('',#2444);
#2444 = CARTESIAN_POINT('',(-16.91,41.4,-38.40431578065));
#2445 = SURFACE_CURVE('',#2446,(#2450,#2456),.PCURVE_S1.);
#2446 = LINE('',#2447,#2448);
#2447 = CARTESIAN_POINT('',(-16.91,41.4,-40.24215789032));
#2448 = VECTOR('',#2449,1.);
#2449 = DIRECTION('',(0.,-4.440892098501E-16,-1.));
#2450 = PCURVE('',#302,#2451);
#2451 = DEFINITIONAL_REPRESENTATION('',(#2452),#2455);
#2452 = B_SPLINE_CURVE_WITH_KNOTS('',1,(#2453,#2454),.UNSPECIFIED.,.F.,
  .F.,(2,2),(-5.186473670975,-1.837842109675),.PIECEWISE_BEZIER_KNOTS.);
#2453 = CARTESIAN_POINT('',(7.02431578065,-26.9));
#2454 = CARTESIAN_POINT('',(3.67568421935,-26.9));
#2455 = ( GEOMETRIC_REPRESENTATION_CONTEXT(2) 
PARAMETRIC_REPRESENTATION_CONTEXT() REPRESENTATION_CONTEXT('2D SPACE',''
  ) );
#2456 = PCURVE('',#2457,#2462);
#2457 = PLANE('',#2458);
#2458 = AXIS2_PLACEMENT_3D('',#2459,#2460,#2461);
#2459 = CARTESIAN_POINT('',(-17.91,41.4,-38.40431578065));
#2460 = DIRECTION('',(0.,-1.,4.440892098501E-16));
#2461 = DIRECTION('',(0.,4.440892098501E-16,1.));
#2462 = DEFINITIONAL_REPRESENTATION('',(#2463),#2466);
#2463 = B_SPLINE_CURVE_WITH_KNOTS('',1,(#2464,#2465),.UNSPECIFIED.,.F.,
  .F.,(2,2),(-5.186473670975,-1.837842109675),.PIECEWISE_BEZIER_KNOTS.);
#2464 = CARTESIAN_POINT('',(3.3486315613,-1.));
#2465 = CARTESIAN_POINT('',(0.,-1.));
#2466 = ( GEOMETRIC_REPRESENTATION_CONTEXT(2) 
PARAMETRIC_REPRESENTATION_CONTEXT() REPRESENTATION_CONTEXT('2D SPACE',''
  ) );
#2467 = ORIENTED_EDGE('',*,*,#2468,.T.);
#2468 = EDGE_CURVE('',#2443,#2469,#2471,.T.);
#2469 = VERTEX_POINT('',#2470);
#2470 = CARTESIAN_POINT('',(-16.91,38.5,-40.0786315613));
#2471 = SURFACE_CURVE('',#2472,(#2476,#2482),.PCURVE_S1.);
#2472 = LINE('',#2473,#2474);
#2473 = CARTESIAN_POINT('',(-16.91,29.066691022438,-45.52495503884));
#2474 = VECTOR('',#2475,1.);
#2475 = DIRECTION('',(0.,-0.866025403784,-0.5));
#2476 = PCURVE('',#302,#2477);
#2477 = DEFINITIONAL_REPRESENTATION('',(#2478),#2481);
#2478 = B_SPLINE_CURVE_WITH_KNOTS('',1,(#2479,#2480),.UNSPECIFIED.,.F.,
  .F.,(2,2),(-14.24127851638,-10.89264695508),.PIECEWISE_BEZIER_KNOTS.);
#2479 = CARTESIAN_POINT('',(3.67568421935,-26.9));
#2480 = CARTESIAN_POINT('',(2.0013684387,-24.));
#2481 = ( GEOMETRIC_REPRESENTATION_CONTEXT(2) 
PARAMETRIC_REPRESENTATION_CONTEXT() REPRESENTATION_CONTEXT('2D SPACE',''
  ) );
#2482 = PCURVE('',#2483,#2488);
#2483 = PLANE('',#2484);
#2484 = AXIS2_PLACEMENT_3D('',#2485,#2486,#2487);
#2485 = CARTESIAN_POINT('',(-17.91,38.5,-40.0786315613));
#2486 = DIRECTION('',(0.,-0.5,0.866025403784));
#2487 = DIRECTION('',(0.,0.866025403784,0.5));
#2488 = DEFINITIONAL_REPRESENTATION('',(#2489),#2492);
#2489 = B_SPLINE_CURVE_WITH_KNOTS('',1,(#2490,#2491),.UNSPECIFIED.,.F.,
  .F.,(2,2),(-14.24127851638,-10.89264695508),.PIECEWISE_BEZIER_KNOTS.);
#2490 = CARTESIAN_POINT('',(3.3486315613,-1.));
#2491 = CARTESIAN_POINT('',(0.,-1.));
#2492 = ( GEOMETRIC_REPRESENTATION_CONTEXT(2) 
PARAMETRIC_REPRESENTATION_CONTEXT() REPRESENTATION_CONTEXT('2D SPACE',''
  ) );
#2493 = ORIENTED_EDGE('',*,*,#2494,.T.);
#2494 = EDGE_CURVE('',#2469,#2495,#2497,.T.);
#2495 = VERTEX_POINT('',#2496);
#2496 = CARTESIAN_POINT('',(-16.91,35.6,-38.40431578065));
#2497 = SURFACE_CURVE('',#2498,(#2502,#2508),.PCURVE_S1.);
#2498 = LINE('',#2499,#2500);
#2499 = CARTESIAN_POINT('',(-16.91,28.483308977562,-34.2954923031));
#2500 = VECTOR('',#2501,1.);
#2501 = DIRECTION('',(0.,-0.866025403784,0.5));
#2502 = PCURVE('',#302,#2503);
#2503 = DEFINITIONAL_REPRESENTATION('',(#2504),#2507);
#2504 = B_SPLINE_CURVE_WITH_KNOTS('',1,(#2505,#2506),.UNSPECIFIED.,.F.,
  .F.,(2,2),(-11.56627851638,-8.217646955088),.PIECEWISE_BEZIER_KNOTS.);
#2505 = CARTESIAN_POINT('',(2.0013684387,-24.));
#2506 = CARTESIAN_POINT('',(3.67568421935,-21.1));
#2507 = ( GEOMETRIC_REPRESENTATION_CONTEXT(2) 
PARAMETRIC_REPRESENTATION_CONTEXT() REPRESENTATION_CONTEXT('2D SPACE',''
  ) );
#2508 = PCURVE('',#2509,#2514);
#2509 = PLANE('',#2510);
#2510 = AXIS2_PLACEMENT_3D('',#2511,#2512,#2513);
#2511 = CARTESIAN_POINT('',(-17.91,35.6,-38.40431578065));
#2512 = DIRECTION('',(0.,0.5,0.866025403784));
#2513 = DIRECTION('',(0.,0.866025403784,-0.5));
#2514 = DEFINITIONAL_REPRESENTATION('',(#2515),#2518);
#2515 = B_SPLINE_CURVE_WITH_KNOTS('',1,(#2516,#2517),.UNSPECIFIED.,.F.,
  .F.,(2,2),(-11.56627851638,-8.217646955088),.PIECEWISE_BEZIER_KNOTS.);
#2516 = CARTESIAN_POINT('',(3.3486315613,-1.));
#2517 = CARTESIAN_POINT('',(0.,-1.));
#2518 = ( GEOMETRIC_REPRESENTATION_CONTEXT(2) 
PARAMETRIC_REPRESENTATION_CONTEXT() REPRESENTATION_CONTEXT('2D SPACE',''
  ) );
#2519 = ORIENTED_EDGE('',*,*,#2520,.T.);
#2520 = EDGE_CURVE('',#2495,#2389,#2521,.T.);
#2521 = SURFACE_CURVE('',#2522,(#2526,#2532),.PCURVE_S1.);
#2522 = LINE('',#2523,#2524);
#2523 = CARTESIAN_POINT('',(-16.91,35.6,-38.56784210967));
#2524 = VECTOR('',#2525,1.);
#2525 = DIRECTION('',(-0.,2.775557561563E-16,1.));
#2526 = PCURVE('',#302,#2527);
#2527 = DEFINITIONAL_REPRESENTATION('',(#2528),#2531);
#2528 = B_SPLINE_CURVE_WITH_KNOTS('',1,(#2529,#2530),.UNSPECIFIED.,.F.,
  .F.,(2,2),(0.163526329025,3.512157890325),.PIECEWISE_BEZIER_KNOTS.);
#2529 = CARTESIAN_POINT('',(3.67568421935,-21.1));
#2530 = CARTESIAN_POINT('',(7.02431578065,-21.1));
#2531 = ( GEOMETRIC_REPRESENTATION_CONTEXT(2) 
PARAMETRIC_REPRESENTATION_CONTEXT() REPRESENTATION_CONTEXT('2D SPACE',''
  ) );
#2532 = PCURVE('',#2533,#2538);
#2533 = PLANE('',#2534);
#2534 = AXIS2_PLACEMENT_3D('',#2535,#2536,#2537);
#2535 = CARTESIAN_POINT('',(-17.91,35.6,-35.05568421935));
#2536 = DIRECTION('',(0.,1.,-2.775557561563E-16));
#2537 = DIRECTION('',(0.,-2.775557561563E-16,-1.));
#2538 = DEFINITIONAL_REPRESENTATION('',(#2539),#2542);
#2539 = B_SPLINE_CURVE_WITH_KNOTS('',1,(#2540,#2541),.UNSPECIFIED.,.F.,
  .F.,(2,2),(0.163526329025,3.512157890325),.PIECEWISE_BEZIER_KNOTS.);
#2540 = CARTESIAN_POINT('',(3.3486315613,-1.));
#2541 = CARTESIAN_POINT('',(0.,-1.));
#2542 = ( GEOMETRIC_REPRESENTATION_CONTEXT(2) 
PARAMETRIC_REPRESENTATION_CONTEXT() REPRESENTATION_CONTEXT('2D SPACE',''
  ) );
#2543 = FACE_BOUND('',#2544,.F.);
#2544 = EDGE_LOOP('',(#2545,#2573,#2599,#2625,#2651,#2677));
#2545 = ORIENTED_EDGE('',*,*,#2546,.T.);
#2546 = EDGE_CURVE('',#2547,#2549,#2551,.T.);
#2547 = VERTEX_POINT('',#2548);
#2548 = CARTESIAN_POINT('',(-16.91,19.1,-35.05568421935));
#2549 = VERTEX_POINT('',#2550);
#2550 = CARTESIAN_POINT('',(-16.91,22.,-33.3813684387));
#2551 = SURFACE_CURVE('',#2552,(#2556,#2562),.PCURVE_S1.);
#2552 = LINE('',#2553,#2554);
#2553 = CARTESIAN_POINT('',(-16.91,17.304191022438,-36.09249501595));
#2554 = VECTOR('',#2555,1.);
#2555 = DIRECTION('',(-0.,0.866025403784,0.5));
#2556 = PCURVE('',#302,#2557);
#2557 = DEFINITIONAL_REPRESENTATION('',(#2558),#2561);
#2558 = B_SPLINE_CURVE_WITH_KNOTS('',1,(#2559,#2560),.UNSPECIFIED.,.F.,
  .F.,(2,2),(2.073621593217,5.422253154517),.PIECEWISE_BEZIER_KNOTS.);
#2559 = CARTESIAN_POINT('',(7.02431578065,-4.6));
#2560 = CARTESIAN_POINT('',(8.6986315613,-7.5));
#2561 = ( GEOMETRIC_REPRESENTATION_CONTEXT(2) 
PARAMETRIC_REPRESENTATION_CONTEXT() REPRESENTATION_CONTEXT('2D SPACE',''
  ) );
#2562 = PCURVE('',#2563,#2568);
#2563 = PLANE('',#2564);
#2564 = AXIS2_PLACEMENT_3D('',#2565,#2566,#2567);
#2565 = CARTESIAN_POINT('',(-17.91,22.,-33.3813684387));
#2566 = DIRECTION('',(0.,0.5,-0.866025403784));
#2567 = DIRECTION('',(0.,-0.866025403784,-0.5));
#2568 = DEFINITIONAL_REPRESENTATION('',(#2569),#2572);
#2569 = B_SPLINE_CURVE_WITH_KNOTS('',1,(#2570,#2571),.UNSPECIFIED.,.F.,
  .F.,(2,2),(2.073621593217,5.422253154517),.PIECEWISE_BEZIER_KNOTS.);
#2570 = CARTESIAN_POINT('',(3.3486315613,-1.));
#2571 = CARTESIAN_POINT('',(0.,-1.));
#2572 = ( GEOMETRIC_REPRESENTATION_CONTEXT(2) 
PARAMETRIC_REPRESENTATION_CONTEXT() REPRESENTATION_CONTEXT('2D SPACE',''
  ) );
#2573 = ORIENTED_EDGE('',*,*,#2574,.T.);
#2574 = EDGE_CURVE('',#2549,#2575,#2577,.T.);
#2575 = VERTEX_POINT('',#2576);
#2576 = CARTESIAN_POINT('',(-16.91,24.9,-35.05568421935));
#2577 = SURFACE_CURVE('',#2578,(#2582,#2588),.PCURVE_S1.);
#2578 = LINE('',#2579,#2580);
#2579 = CARTESIAN_POINT('',(-16.91,22.520808977562,-33.68205764209));
#2580 = VECTOR('',#2581,1.);
#2581 = DIRECTION('',(0.,0.866025403784,-0.5));
#2582 = PCURVE('',#302,#2583);
#2583 = DEFINITIONAL_REPRESENTATION('',(#2584),#2587);
#2584 = B_SPLINE_CURVE_WITH_KNOTS('',1,(#2585,#2586),.UNSPECIFIED.,.F.,
  .F.,(2,2),(-0.601378406783,2.747253154517),.PIECEWISE_BEZIER_KNOTS.);
#2585 = CARTESIAN_POINT('',(8.6986315613,-7.5));
#2586 = CARTESIAN_POINT('',(7.02431578065,-10.4));
#2587 = ( GEOMETRIC_REPRESENTATION_CONTEXT(2) 
PARAMETRIC_REPRESENTATION_CONTEXT() REPRESENTATION_CONTEXT('2D SPACE',''
  ) );
#2588 = PCURVE('',#2589,#2594);
#2589 = PLANE('',#2590);
#2590 = AXIS2_PLACEMENT_3D('',#2591,#2592,#2593);
#2591 = CARTESIAN_POINT('',(-17.91,24.9,-35.05568421935));
#2592 = DIRECTION('',(0.,-0.5,-0.866025403784));
#2593 = DIRECTION('',(0.,-0.866025403784,0.5));
#2594 = DEFINITIONAL_REPRESENTATION('',(#2595),#2598);
#2595 = B_SPLINE_CURVE_WITH_KNOTS('',1,(#2596,#2597),.UNSPECIFIED.,.F.,
  .F.,(2,2),(-0.601378406783,2.747253154517),.PIECEWISE_BEZIER_KNOTS.);
#2596 = CARTESIAN_POINT('',(3.3486315613,-1.));
#2597 = CARTESIAN_POINT('',(0.,-1.));
#2598 = ( GEOMETRIC_REPRESENTATION_CONTEXT(2) 
PARAMETRIC_REPRESENTATION_CONTEXT() REPRESENTATION_CONTEXT('2D SPACE',''
  ) );
#2599 = ORIENTED_EDGE('',*,*,#2600,.T.);
#2600 = EDGE_CURVE('',#2575,#2601,#2603,.T.);
#2601 = VERTEX_POINT('',#2602);
#2602 = CARTESIAN_POINT('',(-16.91,24.9,-38.40431578065));
#2603 = SURFACE_CURVE('',#2604,(#2608,#2614),.PCURVE_S1.);
#2604 = LINE('',#2605,#2606);
#2605 = CARTESIAN_POINT('',(-16.91,24.9,-40.24215789032));
#2606 = VECTOR('',#2607,1.);
#2607 = DIRECTION('',(0.,-4.440892098501E-16,-1.));
#2608 = PCURVE('',#302,#2609);
#2609 = DEFINITIONAL_REPRESENTATION('',(#2610),#2613);
#2610 = B_SPLINE_CURVE_WITH_KNOTS('',1,(#2611,#2612),.UNSPECIFIED.,.F.,
  .F.,(2,2),(-5.186473670975,-1.837842109675),.PIECEWISE_BEZIER_KNOTS.);
#2611 = CARTESIAN_POINT('',(7.02431578065,-10.4));
#2612 = CARTESIAN_POINT('',(3.67568421935,-10.4));
#2613 = ( GEOMETRIC_REPRESENTATION_CONTEXT(2) 
PARAMETRIC_REPRESENTATION_CONTEXT() REPRESENTATION_CONTEXT('2D SPACE',''
  ) );
#2614 = PCURVE('',#2615,#2620);
#2615 = PLANE('',#2616);
#2616 = AXIS2_PLACEMENT_3D('',#2617,#2618,#2619);
#2617 = CARTESIAN_POINT('',(-17.91,24.9,-38.40431578065));
#2618 = DIRECTION('',(0.,-1.,4.440892098501E-16));
#2619 = DIRECTION('',(0.,4.440892098501E-16,1.));
#2620 = DEFINITIONAL_REPRESENTATION('',(#2621),#2624);
#2621 = B_SPLINE_CURVE_WITH_KNOTS('',1,(#2622,#2623),.UNSPECIFIED.,.F.,
  .F.,(2,2),(-5.186473670975,-1.837842109675),.PIECEWISE_BEZIER_KNOTS.);
#2622 = CARTESIAN_POINT('',(3.3486315613,-1.));
#2623 = CARTESIAN_POINT('',(0.,-1.));
#2624 = ( GEOMETRIC_REPRESENTATION_CONTEXT(2) 
PARAMETRIC_REPRESENTATION_CONTEXT() REPRESENTATION_CONTEXT('2D SPACE',''
  ) );
#2625 = ORIENTED_EDGE('',*,*,#2626,.T.);
#2626 = EDGE_CURVE('',#2601,#2627,#2629,.T.);
#2627 = VERTEX_POINT('',#2628);
#2628 = CARTESIAN_POINT('',(-16.91,22.,-40.0786315613));
#2629 = SURFACE_CURVE('',#2630,(#2634,#2640),.PCURVE_S1.);
#2630 = LINE('',#2631,#2632);
#2631 = CARTESIAN_POINT('',(-16.91,18.754191022438,-41.95260024823));
#2632 = VECTOR('',#2633,1.);
#2633 = DIRECTION('',(0.,-0.866025403784,-0.5));
#2634 = PCURVE('',#302,#2635);
#2635 = DEFINITIONAL_REPRESENTATION('',(#2636),#2639);
#2636 = B_SPLINE_CURVE_WITH_KNOTS('',1,(#2637,#2638),.UNSPECIFIED.,.F.,
  .F.,(2,2),(-7.096568935167,-3.747937373867),.PIECEWISE_BEZIER_KNOTS.);
#2637 = CARTESIAN_POINT('',(3.67568421935,-10.4));
#2638 = CARTESIAN_POINT('',(2.0013684387,-7.5));
#2639 = ( GEOMETRIC_REPRESENTATION_CONTEXT(2) 
PARAMETRIC_REPRESENTATION_CONTEXT() REPRESENTATION_CONTEXT('2D SPACE',''
  ) );
#2640 = PCURVE('',#2641,#2646);
#2641 = PLANE('',#2642);
#2642 = AXIS2_PLACEMENT_3D('',#2643,#2644,#2645);
#2643 = CARTESIAN_POINT('',(-17.91,22.,-40.0786315613));
#2644 = DIRECTION('',(0.,-0.5,0.866025403784));
#2645 = DIRECTION('',(0.,0.866025403784,0.5));
#2646 = DEFINITIONAL_REPRESENTATION('',(#2647),#2650);
#2647 = B_SPLINE_CURVE_WITH_KNOTS('',1,(#2648,#2649),.UNSPECIFIED.,.F.,
  .F.,(2,2),(-7.096568935167,-3.747937373867),.PIECEWISE_BEZIER_KNOTS.);
#2648 = CARTESIAN_POINT('',(3.3486315613,-1.));
#2649 = CARTESIAN_POINT('',(0.,-1.));
#2650 = ( GEOMETRIC_REPRESENTATION_CONTEXT(2) 
PARAMETRIC_REPRESENTATION_CONTEXT() REPRESENTATION_CONTEXT('2D SPACE',''
  ) );
#2651 = ORIENTED_EDGE('',*,*,#2652,.T.);
#2652 = EDGE_CURVE('',#2627,#2653,#2655,.T.);
#2653 = VERTEX_POINT('',#2654);
#2654 = CARTESIAN_POINT('',(-16.91,19.1,-38.40431578065));
#2655 = SURFACE_CURVE('',#2656,(#2660,#2666),.PCURVE_S1.);
#2656 = LINE('',#2657,#2658);
#2657 = CARTESIAN_POINT('',(-16.91,18.170808977562,-37.86784709371));
#2658 = VECTOR('',#2659,1.);
#2659 = DIRECTION('',(0.,-0.866025403784,0.5));
#2660 = PCURVE('',#302,#2661);
#2661 = DEFINITIONAL_REPRESENTATION('',(#2662),#2665);
#2662 = B_SPLINE_CURVE_WITH_KNOTS('',1,(#2663,#2664),.UNSPECIFIED.,.F.,
  .F.,(2,2),(-4.421568935167,-1.072937373867),.PIECEWISE_BEZIER_KNOTS.);
#2663 = CARTESIAN_POINT('',(2.0013684387,-7.5));
#2664 = CARTESIAN_POINT('',(3.67568421935,-4.6));
#2665 = ( GEOMETRIC_REPRESENTATION_CONTEXT(2) 
PARAMETRIC_REPRESENTATION_CONTEXT() REPRESENTATION_CONTEXT('2D SPACE',''
  ) );
#2666 = PCURVE('',#2667,#2672);
#2667 = PLANE('',#2668);
#2668 = AXIS2_PLACEMENT_3D('',#2669,#2670,#2671);
#2669 = CARTESIAN_POINT('',(-17.91,19.1,-38.40431578065));
#2670 = DIRECTION('',(0.,0.5,0.866025403784));
#2671 = DIRECTION('',(0.,0.866025403784,-0.5));
#2672 = DEFINITIONAL_REPRESENTATION('',(#2673),#2676);
#2673 = B_SPLINE_CURVE_WITH_KNOTS('',1,(#2674,#2675),.UNSPECIFIED.,.F.,
  .F.,(2,2),(-4.421568935167,-1.072937373867),.PIECEWISE_BEZIER_KNOTS.);
#2674 = CARTESIAN_POINT('',(3.3486315613,-1.));
#2675 = CARTESIAN_POINT('',(0.,-1.));
#2676 = ( GEOMETRIC_REPRESENTATION_CONTEXT(2) 
PARAMETRIC_REPRESENTATION_CONTEXT() REPRESENTATION_CONTEXT('2D SPACE',''
  ) );
#2677 = ORIENTED_EDGE('',*,*,#2678,.T.);
#2678 = EDGE_CURVE('',#2653,#2547,#2679,.T.);
#2679 = SURFACE_CURVE('',#2680,(#2684,#2690),.PCURVE_S1.);
#2680 = LINE('',#2681,#2682);
#2681 = CARTESIAN_POINT('',(-16.91,19.1,-38.56784210967));
#2682 = VECTOR('',#2683,1.);
#2683 = DIRECTION('',(-0.,2.775557561563E-16,1.));
#2684 = PCURVE('',#302,#2685);
#2685 = DEFINITIONAL_REPRESENTATION('',(#2686),#2689);
#2686 = B_SPLINE_CURVE_WITH_KNOTS('',1,(#2687,#2688),.UNSPECIFIED.,.F.,
  .F.,(2,2),(0.163526329025,3.512157890325),.PIECEWISE_BEZIER_KNOTS.);
#2687 = CARTESIAN_POINT('',(3.67568421935,-4.6));
#2688 = CARTESIAN_POINT('',(7.02431578065,-4.6));
#2689 = ( GEOMETRIC_REPRESENTATION_CONTEXT(2) 
PARAMETRIC_REPRESENTATION_CONTEXT() REPRESENTATION_CONTEXT('2D SPACE',''
  ) );
#2690 = PCURVE('',#2691,#2696);
#2691 = PLANE('',#2692);
#2692 = AXIS2_PLACEMENT_3D('',#2693,#2694,#2695);
#2693 = CARTESIAN_POINT('',(-17.91,19.1,-35.05568421935));
#2694 = DIRECTION('',(0.,1.,-2.775557561563E-16));
#2695 = DIRECTION('',(0.,-2.775557561563E-16,-1.));
#2696 = DEFINITIONAL_REPRESENTATION('',(#2697),#2700);
#2697 = B_SPLINE_CURVE_WITH_KNOTS('',1,(#2698,#2699),.UNSPECIFIED.,.F.,
  .F.,(2,2),(0.163526329025,3.512157890325),.PIECEWISE_BEZIER_KNOTS.);
#2698 = CARTESIAN_POINT('',(3.3486315613,-1.));
#2699 = CARTESIAN_POINT('',(0.,-1.));
#2700 = ( GEOMETRIC_REPRESENTATION_CONTEXT(2) 
PARAMETRIC_REPRESENTATION_CONTEXT() REPRESENTATION_CONTEXT('2D SPACE',''
  ) );
#2701 = ADVANCED_FACE('',(#2702,#2750,#2785),#246,.T.);
#2702 = FACE_BOUND('',#2703,.T.);
#2703 = EDGE_LOOP('',(#2704,#2727,#2748,#2749));
#2704 = ORIENTED_EDGE('',*,*,#2705,.T.);
#2705 = EDGE_CURVE('',#231,#2706,#2708,.T.);
#2706 = VERTEX_POINT('',#2707);
#2707 = CARTESIAN_POINT('',(-8.21,46.,-42.08));
#2708 = SURFACE_CURVE('',#2709,(#2713,#2720),.PCURVE_S1.);
#2709 = LINE('',#2710,#2711);
#2710 = CARTESIAN_POINT('',(-8.21,14.5,-42.08));
#2711 = VECTOR('',#2712,1.);
#2712 = DIRECTION('',(0.,1.,0.));
#2713 = PCURVE('',#246,#2714);
#2714 = DEFINITIONAL_REPRESENTATION('',(#2715),#2719);
#2715 = LINE('',#2716,#2717);
#2716 = CARTESIAN_POINT('',(0.,0.));
#2717 = VECTOR('',#2718,1.);
#2718 = DIRECTION('',(0.,-1.));
#2719 = ( GEOMETRIC_REPRESENTATION_CONTEXT(2) 
PARAMETRIC_REPRESENTATION_CONTEXT() REPRESENTATION_CONTEXT('2D SPACE',''
  ) );
#2720 = PCURVE('',#274,#2721);
#2721 = DEFINITIONAL_REPRESENTATION('',(#2722),#2726);
#2722 = LINE('',#2723,#2724);
#2723 = CARTESIAN_POINT('',(8.7,0.));
#2724 = VECTOR('',#2725,1.);
#2725 = DIRECTION('',(0.,1.));
#2726 = ( GEOMETRIC_REPRESENTATION_CONTEXT(2) 
PARAMETRIC_REPRESENTATION_CONTEXT() REPRESENTATION_CONTEXT('2D SPACE',''
  ) );
#2727 = ORIENTED_EDGE('',*,*,#2728,.T.);
#2728 = EDGE_CURVE('',#2706,#2295,#2729,.T.);
#2729 = SURFACE_CURVE('',#2730,(#2734,#2741),.PCURVE_S1.);
#2730 = LINE('',#2731,#2732);
#2731 = CARTESIAN_POINT('',(-8.21,46.,-42.08));
#2732 = VECTOR('',#2733,1.);
#2733 = DIRECTION('',(0.,0.,1.));
#2734 = PCURVE('',#246,#2735);
#2735 = DEFINITIONAL_REPRESENTATION('',(#2736),#2740);
#2736 = LINE('',#2737,#2738);
#2737 = CARTESIAN_POINT('',(0.,-31.5));
#2738 = VECTOR('',#2739,1.);
#2739 = DIRECTION('',(1.,0.));
#2740 = ( GEOMETRIC_REPRESENTATION_CONTEXT(2) 
PARAMETRIC_REPRESENTATION_CONTEXT() REPRESENTATION_CONTEXT('2D SPACE',''
  ) );
#2741 = PCURVE('',#759,#2742);
#2742 = DEFINITIONAL_REPRESENTATION('',(#2743),#2747);
#2743 = LINE('',#2744,#2745);
#2744 = CARTESIAN_POINT('',(-24.,42.79));
#2745 = VECTOR('',#2746,1.);
#2746 = DIRECTION('',(1.,0.));
#2747 = ( GEOMETRIC_REPRESENTATION_CONTEXT(2) 
PARAMETRIC_REPRESENTATION_CONTEXT() REPRESENTATION_CONTEXT('2D SPACE',''
  ) );
#2748 = ORIENTED_EDGE('',*,*,#2318,.T.);
#2749 = ORIENTED_EDGE('',*,*,#230,.T.);
#2750 = FACE_BOUND('',#2751,.T.);
#2751 = EDGE_LOOP('',(#2752));
#2752 = ORIENTED_EDGE('',*,*,#2753,.T.);
#2753 = EDGE_CURVE('',#2754,#2754,#2756,.T.);
#2754 = VERTEX_POINT('',#2755);
#2755 = CARTESIAN_POINT('',(-8.21,40.2,-36.73));
#2756 = SURFACE_CURVE('',#2757,(#2762,#2773),.PCURVE_S1.);
#2757 = CIRCLE('',#2758,1.7);
#2758 = AXIS2_PLACEMENT_3D('',#2759,#2760,#2761);
#2759 = CARTESIAN_POINT('',(-8.21,38.5,-36.73));
#2760 = DIRECTION('',(-1.,0.,0.));
#2761 = DIRECTION('',(0.,1.,0.));
#2762 = PCURVE('',#246,#2763);
#2763 = DEFINITIONAL_REPRESENTATION('',(#2764),#2772);
#2764 = ( BOUNDED_CURVE() B_SPLINE_CURVE(2,(#2765,#2766,#2767,#2768,
#2769,#2770,#2771),.UNSPECIFIED.,.T.,.F.) B_SPLINE_CURVE_WITH_KNOTS((1,2
    ,2,2,2,1),(-2.094395102393,0.,2.094395102393,4.188790204786,
6.28318530718,8.377580409573),.UNSPECIFIED.) CURVE() 
GEOMETRIC_REPRESENTATION_ITEM() RATIONAL_B_SPLINE_CURVE((1.,0.5,1.,0.5,
1.,0.5,1.)) REPRESENTATION_ITEM('') );
#2765 = CARTESIAN_POINT('',(5.35,-25.7));
#2766 = CARTESIAN_POINT('',(2.405513627133,-25.7));
#2767 = CARTESIAN_POINT('',(3.877756813566,-23.15));
#2768 = CARTESIAN_POINT('',(5.35,-20.6));
#2769 = CARTESIAN_POINT('',(6.822243186434,-23.15));
#2770 = CARTESIAN_POINT('',(8.294486372867,-25.7));
#2771 = CARTESIAN_POINT('',(5.35,-25.7));
#2772 = ( GEOMETRIC_REPRESENTATION_CONTEXT(2) 
PARAMETRIC_REPRESENTATION_CONTEXT() REPRESENTATION_CONTEXT('2D SPACE',''
  ) );
#2773 = PCURVE('',#2774,#2779);
#2774 = CYLINDRICAL_SURFACE('',#2775,1.7);
#2775 = AXIS2_PLACEMENT_3D('',#2776,#2777,#2778);
#2776 = CARTESIAN_POINT('',(-17.91,38.5,-36.73));
#2777 = DIRECTION('',(-1.,-0.,-0.));
#2778 = DIRECTION('',(0.,1.,0.));
#2779 = DEFINITIONAL_REPRESENTATION('',(#2780),#2784);
#2780 = LINE('',#2781,#2782);
#2781 = CARTESIAN_POINT('',(-6.28318530718,-9.7));
#2782 = VECTOR('',#2783,1.);
#2783 = DIRECTION('',(1.,-0.));
#2784 = ( GEOMETRIC_REPRESENTATION_CONTEXT(2) 
PARAMETRIC_REPRESENTATION_CONTEXT() REPRESENTATION_CONTEXT('2D SPACE',''
  ) );
#2785 = FACE_BOUND('',#2786,.T.);
#2786 = EDGE_LOOP('',(#2787));
#2787 = ORIENTED_EDGE('',*,*,#2788,.T.);
#2788 = EDGE_CURVE('',#2789,#2789,#2791,.T.);
#2789 = VERTEX_POINT('',#2790);
#2790 = CARTESIAN_POINT('',(-8.21,23.7,-36.73));
#2791 = SURFACE_CURVE('',#2792,(#2797,#2808),.PCURVE_S1.);
#2792 = CIRCLE('',#2793,1.7);
#2793 = AXIS2_PLACEMENT_3D('',#2794,#2795,#2796);
#2794 = CARTESIAN_POINT('',(-8.21,22.,-36.73));
#2795 = DIRECTION('',(-1.,0.,0.));
#2796 = DIRECTION('',(0.,1.,0.));
#2797 = PCURVE('',#246,#2798);
#2798 = DEFINITIONAL_REPRESENTATION('',(#2799),#2807);
#2799 = ( BOUNDED_CURVE() B_SPLINE_CURVE(2,(#2800,#2801,#2802,#2803,
#2804,#2805,#2806),.UNSPECIFIED.,.T.,.F.) B_SPLINE_CURVE_WITH_KNOTS((1,2
    ,2,2,2,1),(-2.094395102393,0.,2.094395102393,4.188790204786,
6.28318530718,8.377580409573),.UNSPECIFIED.) CURVE() 
GEOMETRIC_REPRESENTATION_ITEM() RATIONAL_B_SPLINE_CURVE((1.,0.5,1.,0.5,
1.,0.5,1.)) REPRESENTATION_ITEM('') );
#2800 = CARTESIAN_POINT('',(5.35,-9.2));
#2801 = CARTESIAN_POINT('',(2.405513627133,-9.2));
#2802 = CARTESIAN_POINT('',(3.877756813566,-6.65));
#2803 = CARTESIAN_POINT('',(5.35,-4.1));
#2804 = CARTESIAN_POINT('',(6.822243186434,-6.65));
#2805 = CARTESIAN_POINT('',(8.294486372867,-9.2));
#2806 = CARTESIAN_POINT('',(5.35,-9.2));
#2807 = ( GEOMETRIC_REPRESENTATION_CONTEXT(2) 
PARAMETRIC_REPRESENTATION_CONTEXT() REPRESENTATION_CONTEXT('2D SPACE',''
  ) );
#2808 = PCURVE('',#2809,#2814);
#2809 = CYLINDRICAL_SURFACE('',#2810,1.7);
#2810 = AXIS2_PLACEMENT_3D('',#2811,#2812,#2813);
#2811 = CARTESIAN_POINT('',(-17.91,22.,-36.73));
#2812 = DIRECTION('',(-1.,-0.,-0.));
#2813 = DIRECTION('',(0.,1.,0.));
#2814 = DEFINITIONAL_REPRESENTATION('',(#2815),#2819);
#2815 = LINE('',#2816,#2817);
#2816 = CARTESIAN_POINT('',(-6.28318530718,-9.7));
#2817 = VECTOR('',#2818,1.);
#2818 = DIRECTION('',(1.,-0.));
#2819 = ( GEOMETRIC_REPRESENTATION_CONTEXT(2) 
PARAMETRIC_REPRESENTATION_CONTEXT() REPRESENTATION_CONTEXT('2D SPACE',''
  ) );
#2820 = ADVANCED_FACE('',(#2821),#274,.F.);
#2821 = FACE_BOUND('',#2822,.F.);
#2822 = EDGE_LOOP('',(#2823,#2824,#2825,#2826));
#2823 = ORIENTED_EDGE('',*,*,#2341,.F.);
#2824 = ORIENTED_EDGE('',*,*,#258,.T.);
#2825 = ORIENTED_EDGE('',*,*,#2705,.T.);
#2826 = ORIENTED_EDGE('',*,*,#2827,.F.);
#2827 = EDGE_CURVE('',#2342,#2706,#2828,.T.);
#2828 = SURFACE_CURVE('',#2829,(#2833,#2840),.PCURVE_S1.);
#2829 = LINE('',#2830,#2831);
#2830 = CARTESIAN_POINT('',(-16.91,46.,-42.08));
#2831 = VECTOR('',#2832,1.);
#2832 = DIRECTION('',(1.,0.,0.));
#2833 = PCURVE('',#274,#2834);
#2834 = DEFINITIONAL_REPRESENTATION('',(#2835),#2839);
#2835 = LINE('',#2836,#2837);
#2836 = CARTESIAN_POINT('',(0.,31.5));
#2837 = VECTOR('',#2838,1.);
#2838 = DIRECTION('',(1.,0.));
#2839 = ( GEOMETRIC_REPRESENTATION_CONTEXT(2) 
PARAMETRIC_REPRESENTATION_CONTEXT() REPRESENTATION_CONTEXT('2D SPACE',''
  ) );
#2840 = PCURVE('',#759,#2841);
#2841 = DEFINITIONAL_REPRESENTATION('',(#2842),#2846);
#2842 = LINE('',#2843,#2844);
#2843 = CARTESIAN_POINT('',(-24.,34.09));
#2844 = VECTOR('',#2845,1.);
#2845 = DIRECTION('',(0.,1.));
#2846 = ( GEOMETRIC_REPRESENTATION_CONTEXT(2) 
PARAMETRIC_REPRESENTATION_CONTEXT() REPRESENTATION_CONTEXT('2D SPACE',''
  ) );
#2847 = ADVANCED_FACE('',(#2848),#480,.F.);
#2848 = FACE_BOUND('',#2849,.F.);
#2849 = EDGE_LOOP('',(#2850,#2873,#2874,#2875));
#2850 = ORIENTED_EDGE('',*,*,#2851,.F.);
#2851 = EDGE_CURVE('',#460,#2852,#2854,.T.);
#2852 = VERTEX_POINT('',#2853);
#2853 = CARTESIAN_POINT('',(-44.21,20.5,-4.08));
#2854 = SEAM_CURVE('',#2855,(#2859,#2866),.PCURVE_S1.);
#2855 = LINE('',#2856,#2857);
#2856 = CARTESIAN_POINT('',(-44.21,13.5,-4.08));
#2857 = VECTOR('',#2858,1.);
#2858 = DIRECTION('',(-0.,1.,-0.));
#2859 = PCURVE('',#480,#2860);
#2860 = DEFINITIONAL_REPRESENTATION('',(#2861),#2865);
#2861 = LINE('',#2862,#2863);
#2862 = CARTESIAN_POINT('',(6.28318530718,0.));
#2863 = VECTOR('',#2864,1.);
#2864 = DIRECTION('',(0.,-1.));
#2865 = ( GEOMETRIC_REPRESENTATION_CONTEXT(2) 
PARAMETRIC_REPRESENTATION_CONTEXT() REPRESENTATION_CONTEXT('2D SPACE',''
  ) );
#2866 = PCURVE('',#480,#2867);
#2867 = DEFINITIONAL_REPRESENTATION('',(#2868),#2872);
#2868 = LINE('',#2869,#2870);
#2869 = CARTESIAN_POINT('',(0.,0.));
#2870 = VECTOR('',#2871,1.);
#2871 = DIRECTION('',(0.,-1.));
#2872 = ( GEOMETRIC_REPRESENTATION_CONTEXT(2) 
PARAMETRIC_REPRESENTATION_CONTEXT() REPRESENTATION_CONTEXT('2D SPACE',''
  ) );
#2873 = ORIENTED_EDGE('',*,*,#459,.F.);
#2874 = ORIENTED_EDGE('',*,*,#2851,.T.);
#2875 = ORIENTED_EDGE('',*,*,#2876,.T.);
#2876 = EDGE_CURVE('',#2852,#2852,#2877,.T.);
#2877 = SURFACE_CURVE('',#2878,(#2883,#2890),.PCURVE_S1.);
#2878 = CIRCLE('',#2879,1.7);
#2879 = AXIS2_PLACEMENT_3D('',#2880,#2881,#2882);
#2880 = CARTESIAN_POINT('',(-45.91,20.5,-4.08));
#2881 = DIRECTION('',(0.,-1.,0.));
#2882 = DIRECTION('',(1.,0.,0.));
#2883 = PCURVE('',#480,#2884);
#2884 = DEFINITIONAL_REPRESENTATION('',(#2885),#2889);
#2885 = LINE('',#2886,#2887);
#2886 = CARTESIAN_POINT('',(0.,-7.));
#2887 = VECTOR('',#2888,1.);
#2888 = DIRECTION('',(1.,0.));
#2889 = ( GEOMETRIC_REPRESENTATION_CONTEXT(2) 
PARAMETRIC_REPRESENTATION_CONTEXT() REPRESENTATION_CONTEXT('2D SPACE',''
  ) );
#2890 = PCURVE('',#2891,#2896);
#2891 = PLANE('',#2892);
#2892 = AXIS2_PLACEMENT_3D('',#2893,#2894,#2895);
#2893 = CARTESIAN_POINT('',(-45.91,20.5,-4.08));
#2894 = DIRECTION('',(-0.,-1.,-0.));
#2895 = DIRECTION('',(0.,0.,-1.));
#2896 = DEFINITIONAL_REPRESENTATION('',(#2897),#2901);
#2897 = CIRCLE('',#2898,1.7);
#2898 = AXIS2_PLACEMENT_2D('',#2899,#2900);
#2899 = CARTESIAN_POINT('',(0.,0.));
#2900 = DIRECTION('',(0.,1.));
#2901 = ( GEOMETRIC_REPRESENTATION_CONTEXT(2) 
PARAMETRIC_REPRESENTATION_CONTEXT() REPRESENTATION_CONTEXT('2D SPACE',''
  ) );
#2902 = ADVANCED_FACE('',(#2903),#515,.F.);
#2903 = FACE_BOUND('',#2904,.F.);
#2904 = EDGE_LOOP('',(#2905,#2928,#2929,#2930));
#2905 = ORIENTED_EDGE('',*,*,#2906,.F.);
#2906 = EDGE_CURVE('',#495,#2907,#2909,.T.);
#2907 = VERTEX_POINT('',#2908);
#2908 = CARTESIAN_POINT('',(-44.21,20.5,7.92));
#2909 = SEAM_CURVE('',#2910,(#2914,#2921),.PCURVE_S1.);
#2910 = LINE('',#2911,#2912);
#2911 = CARTESIAN_POINT('',(-44.21,13.5,7.92));
#2912 = VECTOR('',#2913,1.);
#2913 = DIRECTION('',(-0.,1.,-0.));
#2914 = PCURVE('',#515,#2915);
#2915 = DEFINITIONAL_REPRESENTATION('',(#2916),#2920);
#2916 = LINE('',#2917,#2918);
#2917 = CARTESIAN_POINT('',(6.28318530718,0.));
#2918 = VECTOR('',#2919,1.);
#2919 = DIRECTION('',(0.,-1.));
#2920 = ( GEOMETRIC_REPRESENTATION_CONTEXT(2) 
PARAMETRIC_REPRESENTATION_CONTEXT() REPRESENTATION_CONTEXT('2D SPACE',''
  ) );
#2921 = PCURVE('',#515,#2922);
#2922 = DEFINITIONAL_REPRESENTATION('',(#2923),#2927);
#2923 = LINE('',#2924,#2925);
#2924 = CARTESIAN_POINT('',(0.,0.));
#2925 = VECTOR('',#2926,1.);
#2926 = DIRECTION('',(0.,-1.));
#2927 = ( GEOMETRIC_REPRESENTATION_CONTEXT(2) 
PARAMETRIC_REPRESENTATION_CONTEXT() REPRESENTATION_CONTEXT('2D SPACE',''
  ) );
#2928 = ORIENTED_EDGE('',*,*,#494,.F.);
#2929 = ORIENTED_EDGE('',*,*,#2906,.T.);
#2930 = ORIENTED_EDGE('',*,*,#2931,.T.);
#2931 = EDGE_CURVE('',#2907,#2907,#2932,.T.);
#2932 = SURFACE_CURVE('',#2933,(#2938,#2945),.PCURVE_S1.);
#2933 = CIRCLE('',#2934,1.7);
#2934 = AXIS2_PLACEMENT_3D('',#2935,#2936,#2937);
#2935 = CARTESIAN_POINT('',(-45.91,20.5,7.92));
#2936 = DIRECTION('',(0.,-1.,0.));
#2937 = DIRECTION('',(1.,0.,0.));
#2938 = PCURVE('',#515,#2939);
#2939 = DEFINITIONAL_REPRESENTATION('',(#2940),#2944);
#2940 = LINE('',#2941,#2942);
#2941 = CARTESIAN_POINT('',(0.,-7.));
#2942 = VECTOR('',#2943,1.);
#2943 = DIRECTION('',(1.,0.));
#2944 = ( GEOMETRIC_REPRESENTATION_CONTEXT(2) 
PARAMETRIC_REPRESENTATION_CONTEXT() REPRESENTATION_CONTEXT('2D SPACE',''
  ) );
#2945 = PCURVE('',#2946,#2951);
#2946 = PLANE('',#2947);
#2947 = AXIS2_PLACEMENT_3D('',#2948,#2949,#2950);
#2948 = CARTESIAN_POINT('',(-45.91,20.5,7.92));
#2949 = DIRECTION('',(-0.,-1.,-0.));
#2950 = DIRECTION('',(0.,0.,-1.));
#2951 = DEFINITIONAL_REPRESENTATION('',(#2952),#2956);
#2952 = CIRCLE('',#2953,1.7);
#2953 = AXIS2_PLACEMENT_2D('',#2954,#2955);
#2954 = CARTESIAN_POINT('',(0.,0.));
#2955 = DIRECTION('',(0.,1.));
#2956 = ( GEOMETRIC_REPRESENTATION_CONTEXT(2) 
PARAMETRIC_REPRESENTATION_CONTEXT() REPRESENTATION_CONTEXT('2D SPACE',''
  ) );
#2957 = ADVANCED_FACE('',(#2958),#652,.F.);
#2958 = FACE_BOUND('',#2959,.F.);
#2959 = EDGE_LOOP('',(#2960,#2980,#3000,#3001,#3002,#3003));
#2960 = ORIENTED_EDGE('',*,*,#2961,.F.);
#2961 = EDGE_CURVE('',#2962,#837,#2964,.T.);
#2962 = VERTEX_POINT('',#2963);
#2963 = CARTESIAN_POINT('',(-46.72492971856,33.44856549331,25.92));
#2964 = SURFACE_CURVE('',#2965,(#2968,#2974),.PCURVE_S1.);
#2965 = B_SPLINE_CURVE_WITH_KNOTS('',1,(#2966,#2967),.UNSPECIFIED.,.F.,
  .F.,(2,2),(0.,1.),.PIECEWISE_BEZIER_KNOTS.);
#2966 = CARTESIAN_POINT('',(-46.72492971856,33.44856549331,25.92));
#2967 = CARTESIAN_POINT('',(-80.63902840777,23.079984990001,25.92));
#2968 = PCURVE('',#652,#2969);
#2969 = DEFINITIONAL_REPRESENTATION('',(#2970),#2973);
#2970 = B_SPLINE_CURVE_WITH_KNOTS('',1,(#2971,#2972),.UNSPECIFIED.,.F.,
  .F.,(2,2),(0.,1.),.PIECEWISE_BEZIER_KNOTS.);
#2971 = CARTESIAN_POINT('',(620.44857826752,8.135545350578E-02));
#2972 = CARTESIAN_POINT('',(207.10578199346,8.135545350578E-02));
#2973 = ( GEOMETRIC_REPRESENTATION_CONTEXT(2) 
PARAMETRIC_REPRESENTATION_CONTEXT() REPRESENTATION_CONTEXT('2D SPACE',''
  ) );
#2974 = PCURVE('',#908,#2975);
#2975 = DEFINITIONAL_REPRESENTATION('',(#2976),#2979);
#2976 = B_SPLINE_CURVE_WITH_KNOTS('',1,(#2977,#2978),.UNSPECIFIED.,.F.,
  .F.,(2,2),(0.,1.),.PIECEWISE_BEZIER_KNOTS.);
#2977 = CARTESIAN_POINT('',(-26.0593415289,-31.74887110205));
#2978 = CARTESIAN_POINT('',(7.854757160308,-42.11745160536));
#2979 = ( GEOMETRIC_REPRESENTATION_CONTEXT(2) 
PARAMETRIC_REPRESENTATION_CONTEXT() REPRESENTATION_CONTEXT('2D SPACE',''
  ) );
#2980 = ORIENTED_EDGE('',*,*,#2981,.T.);
#2981 = EDGE_CURVE('',#2962,#1938,#2982,.T.);
#2982 = SURFACE_CURVE('',#2983,(#2986,#2993),.PCURVE_S1.);
#2983 = B_SPLINE_CURVE_WITH_KNOTS('',1,(#2984,#2985),.UNSPECIFIED.,.F.,
  .F.,(2,2),(0.,1.),.PIECEWISE_BEZIER_KNOTS.);
#2984 = CARTESIAN_POINT('',(-76.6903750006,45.555391256084,39.382));
#2985 = CARTESIAN_POINT('',(291.63705716,-103.2585510313,-126.0893902989
    ));
#2986 = PCURVE('',#652,#2987);
#2987 = DEFINITIONAL_REPRESENTATION('',(#2988),#2992);
#2988 = LINE('',#2989,#2990);
#2989 = CARTESIAN_POINT('',(620.44857826752,0.));
#2990 = VECTOR('',#2991,1.);
#2991 = DIRECTION('',(0.,1.));
#2992 = ( GEOMETRIC_REPRESENTATION_CONTEXT(2) 
PARAMETRIC_REPRESENTATION_CONTEXT() REPRESENTATION_CONTEXT('2D SPACE',''
  ) );
#2993 = PCURVE('',#1951,#2994);
#2994 = DEFINITIONAL_REPRESENTATION('',(#2995),#2999);
#2995 = LINE('',#2996,#2997);
#2996 = CARTESIAN_POINT('',(0.,0.));
#2997 = VECTOR('',#2998,1.);
#2998 = DIRECTION('',(0.,1.));
#2999 = ( GEOMETRIC_REPRESENTATION_CONTEXT(2) 
PARAMETRIC_REPRESENTATION_CONTEXT() REPRESENTATION_CONTEXT('2D SPACE',''
  ) );
#3000 = ORIENTED_EDGE('',*,*,#1962,.T.);
#3001 = ORIENTED_EDGE('',*,*,#793,.T.);
#3002 = ORIENTED_EDGE('',*,*,#530,.T.);
#3003 = ORIENTED_EDGE('',*,*,#836,.T.);
#3004 = ADVANCED_FACE('',(#3005),#759,.T.);
#3005 = FACE_BOUND('',#3006,.T.);
#3006 = EDGE_LOOP('',(#3007,#3008,#3009,#3010,#3011,#3012,#3013,#3014,
    #3015,#3016,#3017,#3018));
#3007 = ORIENTED_EDGE('',*,*,#1981,.F.);
#3008 = ORIENTED_EDGE('',*,*,#741,.T.);
#3009 = ORIENTED_EDGE('',*,*,#1238,.F.);
#3010 = ORIENTED_EDGE('',*,*,#1529,.T.);
#3011 = ORIENTED_EDGE('',*,*,#2052,.T.);
#3012 = ORIENTED_EDGE('',*,*,#2123,.T.);
#3013 = ORIENTED_EDGE('',*,*,#2294,.F.);
#3014 = ORIENTED_EDGE('',*,*,#2728,.F.);
#3015 = ORIENTED_EDGE('',*,*,#2827,.F.);
#3016 = ORIENTED_EDGE('',*,*,#2364,.T.);
#3017 = ORIENTED_EDGE('',*,*,#2242,.F.);
#3018 = ORIENTED_EDGE('',*,*,#2076,.F.);
#3019 = ADVANCED_FACE('',(#3020,#3390,#3425,#3460,#3495),#935,.T.);
#3020 = FACE_BOUND('',#3021,.T.);
#3021 = EDGE_LOOP('',(#3022,#3023,#3024,#3052,#3078,#3134,#3185,#3211,
    #3267,#3318,#3344,#3369,#3370,#3389));
#3022 = ORIENTED_EDGE('',*,*,#1270,.F.);
#3023 = ORIENTED_EDGE('',*,*,#1170,.F.);
#3024 = ORIENTED_EDGE('',*,*,#3025,.T.);
#3025 = EDGE_CURVE('',#1144,#3026,#3028,.T.);
#3026 = VERTEX_POINT('',#3027);
#3027 = CARTESIAN_POINT('',(-61.27633746314,50.058797105144,-6.565));
#3028 = SURFACE_CURVE('',#3029,(#3034,#3045),.PCURVE_S1.);
#3029 = CIRCLE('',#3030,19.5);
#3030 = AXIS2_PLACEMENT_3D('',#3031,#3032,#3033);
#3031 = CARTESIAN_POINT('',(-78.0663577936,44.925572747807,1.92));
#3032 = DIRECTION('',(0.292371704723,-0.956304755963,0.));
#3033 = DIRECTION('',(-0.131931826367,-4.033560718141E-02,-0.99043779814
    ));
#3034 = PCURVE('',#935,#3035);
#3035 = DEFINITIONAL_REPRESENTATION('',(#3036),#3044);
#3036 = ( BOUNDED_CURVE() B_SPLINE_CURVE(2,(#3037,#3038,#3039,#3040,
#3041,#3042,#3043),.UNSPECIFIED.,.T.,.F.) B_SPLINE_CURVE_WITH_KNOTS((1,2
    ,2,2,2,1),(-2.094395102393,0.,2.094395102393,4.188790204786,
6.28318530718,8.377580409573),.UNSPECIFIED.) CURVE() 
GEOMETRIC_REPRESENTATION_ITEM() RATIONAL_B_SPLINE_CURVE((1.,0.5,1.,0.5,
1.,0.5,1.)) REPRESENTATION_ITEM('') );
#3037 = CARTESIAN_POINT('',(280.68646293626,297.30977954661));
#3038 = CARTESIAN_POINT('',(276.02686442743,330.76180701485));
#3039 = CARTESIAN_POINT('',(307.32696927745,318.07112396081));
#3040 = CARTESIAN_POINT('',(338.62707412746,305.38044090678));
#3041 = CARTESIAN_POINT('',(311.98656778628,284.61909649257));
#3042 = CARTESIAN_POINT('',(285.3460614451,263.85775207836));
#3043 = CARTESIAN_POINT('',(280.68646293626,297.30977954661));
#3044 = ( GEOMETRIC_REPRESENTATION_CONTEXT(2) 
PARAMETRIC_REPRESENTATION_CONTEXT() REPRESENTATION_CONTEXT('2D SPACE',''
  ) );
#3045 = PCURVE('',#963,#3046);
#3046 = DEFINITIONAL_REPRESENTATION('',(#3047),#3051);
#3047 = LINE('',#3048,#3049);
#3048 = CARTESIAN_POINT('',(-6.421586753146,-5.93));
#3049 = VECTOR('',#3050,1.);
#3050 = DIRECTION('',(1.,-0.));
#3051 = ( GEOMETRIC_REPRESENTATION_CONTEXT(2) 
PARAMETRIC_REPRESENTATION_CONTEXT() REPRESENTATION_CONTEXT('2D SPACE',''
  ) );
#3052 = ORIENTED_EDGE('',*,*,#3053,.F.);
#3053 = EDGE_CURVE('',#3054,#3026,#3056,.T.);
#3054 = VERTEX_POINT('',#3055);
#3055 = CARTESIAN_POINT('',(-48.3747058648,54.003221725632,-6.565));
#3056 = SURFACE_CURVE('',#3057,(#3061,#3067),.PCURVE_S1.);
#3057 = LINE('',#3058,#3059);
#3058 = CARTESIAN_POINT('',(-206.354640806,5.703908559252,-6.565));
#3059 = VECTOR('',#3060,1.);
#3060 = DIRECTION('',(-0.956304755963,-0.292371704723,
    -1.110223024625E-16));
#3061 = PCURVE('',#935,#3062);
#3062 = DEFINITIONAL_REPRESENTATION('',(#3063),#3066);
#3063 = B_SPLINE_CURVE_WITH_KNOTS('',1,(#3064,#3065),.UNSPECIFIED.,.F.,
  .F.,(2,2),(-165.85,-151.7071858508),.PIECEWISE_BEZIER_KNOTS.);
#3064 = CARTESIAN_POINT('',(291.515,331.7));
#3065 = CARTESIAN_POINT('',(291.515,317.55718585081));
#3066 = ( GEOMETRIC_REPRESENTATION_CONTEXT(2) 
PARAMETRIC_REPRESENTATION_CONTEXT() REPRESENTATION_CONTEXT('2D SPACE',''
  ) );
#3067 = PCURVE('',#3068,#3073);
#3068 = PLANE('',#3069);
#3069 = AXIS2_PLACEMENT_3D('',#3070,#3071,#3072);
#3070 = CARTESIAN_POINT('',(-46.72819606304,50.846689141647,-6.565));
#3071 = DIRECTION('',(7.371137602966E-17,1.386309356961E-16,-1.));
#3072 = DIRECTION('',(-0.292371704723,0.956304755963,1.110223024625E-16)
  );
#3073 = DEFINITIONAL_REPRESENTATION('',(#3074),#3077);
#3074 = B_SPLINE_CURVE_WITH_KNOTS('',1,(#3075,#3076),.UNSPECIFIED.,.F.,
  .F.,(2,2),(-165.85,-151.7071858508),.PIECEWISE_BEZIER_KNOTS.);
#3075 = CARTESIAN_POINT('',(3.5,0.));
#3076 = CARTESIAN_POINT('',(3.5,-14.14281414918));
#3077 = ( GEOMETRIC_REPRESENTATION_CONTEXT(2) 
PARAMETRIC_REPRESENTATION_CONTEXT() REPRESENTATION_CONTEXT('2D SPACE',''
  ) );
#3078 = ORIENTED_EDGE('',*,*,#3079,.F.);
#3079 = EDGE_CURVE('',#3080,#3054,#3082,.T.);
#3080 = VERTEX_POINT('',#3081);
#3081 = CARTESIAN_POINT('',(-42.41,55.82681531438,-4.08));
#3082 = SURFACE_CURVE('',#3083,(#3088,#3095),.PCURVE_S1.);
#3083 = ELLIPSE('',#3084,3.659921147705,3.5);
#3084 = AXIS2_PLACEMENT_3D('',#3085,#3086,#3087);
#3085 = CARTESIAN_POINT('',(-45.91,54.756757929274,-4.08));
#3086 = DIRECTION('',(-0.292371704723,0.956304755963,0.));
#3087 = DIRECTION('',(-0.956304755963,-0.292371704723,0.));
#3088 = PCURVE('',#935,#3089);
#3089 = DEFINITIONAL_REPRESENTATION('',(#3090),#3094);
#3090 = ELLIPSE('',#3091,3.659921147705,3.5);
#3091 = AXIS2_PLACEMENT_2D('',#3092,#3093);
#3092 = CARTESIAN_POINT('',(294.,333.62563826342));
#3093 = DIRECTION('',(0.,-1.));
#3094 = ( GEOMETRIC_REPRESENTATION_CONTEXT(2) 
PARAMETRIC_REPRESENTATION_CONTEXT() REPRESENTATION_CONTEXT('2D SPACE',''
  ) );
#3095 = PCURVE('',#3096,#3101);
#3096 = CYLINDRICAL_SURFACE('',#3097,3.5);
#3097 = AXIS2_PLACEMENT_3D('',#3098,#3099,#3100);
#3098 = CARTESIAN_POINT('',(-45.91,20.5,-4.08));
#3099 = DIRECTION('',(0.,-1.,0.));
#3100 = DIRECTION('',(1.,0.,0.));
#3101 = DEFINITIONAL_REPRESENTATION('',(#3102),#3133);
#3102 = B_SPLINE_CURVE_WITH_KNOTS('',8,(#3103,#3104,#3105,#3106,#3107,
    #3108,#3109,#3110,#3111,#3112,#3113,#3114,#3115,#3116,#3117,#3118,
    #3119,#3120,#3121,#3122,#3123,#3124,#3125,#3126,#3127,#3128,#3129,
    #3130,#3131,#3132),.UNSPECIFIED.,.F.,.F.,(9,7,7,7,9),(3.14159265359,
    4.712388980385,7.068583470577,8.246680715673,9.424777960769),
  .UNSPECIFIED.);
#3103 = CARTESIAN_POINT('',(6.28318530718,-35.32681531438));
#3104 = CARTESIAN_POINT('',(6.08683576633,-35.32681531438));
#3105 = CARTESIAN_POINT('',(5.890486225481,-35.27966697614));
#3106 = CARTESIAN_POINT('',(5.694136684632,-35.18537599933));
#3107 = CARTESIAN_POINT('',(5.497787143782,-35.04780284324));
#3108 = CARTESIAN_POINT('',(5.301437602933,-34.87473322311));
#3109 = CARTESIAN_POINT('',(5.105088062083,-34.67696775049));
#3110 = CARTESIAN_POINT('',(4.908738521234,-34.46686320552));
#3111 = CARTESIAN_POINT('',(4.417864669111,-33.9416000149));
#3112 = CARTESIAN_POINT('',(4.12334035784,-33.62644095846));
#3113 = CARTESIAN_POINT('',(3.828816046554,-33.35294983034));
#3114 = CARTESIAN_POINT('',(3.534291735293,-33.16273519638));
#3115 = CARTESIAN_POINT('',(3.239767424014,-33.08604852113));
#3116 = CARTESIAN_POINT('',(2.945243112744,-33.12942451635));
#3117 = CARTESIAN_POINT('',(2.650718801466,-33.27726279761));
#3118 = CARTESIAN_POINT('',(2.208932334555,-33.6115382452));
#3119 = CARTESIAN_POINT('',(2.061670178919,-33.74171622976));
#3120 = CARTESIAN_POINT('',(1.91440802328,-33.88696475225));
#3121 = CARTESIAN_POINT('',(1.767145867643,-34.04273475734));
#3122 = CARTESIAN_POINT('',(1.619883712007,-34.20386325178));
#3123 = CARTESIAN_POINT('',(1.472621556369,-34.36493428548));
#3124 = CARTESIAN_POINT('',(1.325359400733,-34.52066718893));
#3125 = CARTESIAN_POINT('',(1.030835089459,-34.81183513553));
#3126 = CARTESIAN_POINT('',(0.883572933823,-34.94727007211));
#3127 = CARTESIAN_POINT('',(0.736310778184,-35.06774567211));
#3128 = CARTESIAN_POINT('',(0.589048622548,-35.16891882973));
#3129 = CARTESIAN_POINT('',(0.441786466913,-35.24725425237));
#3130 = CARTESIAN_POINT('',(0.294524311274,-35.3002947426));
#3131 = CARTESIAN_POINT('',(0.147262155637,-35.32681531438));
#3132 = CARTESIAN_POINT('',(6.217248937901E-15,-35.32681531438));
#3133 = ( GEOMETRIC_REPRESENTATION_CONTEXT(2) 
PARAMETRIC_REPRESENTATION_CONTEXT() REPRESENTATION_CONTEXT('2D SPACE',''
  ) );
#3134 = ORIENTED_EDGE('',*,*,#3135,.F.);
#3135 = EDGE_CURVE('',#3136,#3080,#3138,.T.);
#3136 = VERTEX_POINT('',#3137);
#3137 = CARTESIAN_POINT('',(-47.75149702957,54.193755787518,
    -1.103611468565));
#3138 = SURFACE_CURVE('',#3139,(#3144,#3151),.PCURVE_S1.);
#3139 = ELLIPSE('',#3140,3.659921147705,3.5);
#3140 = AXIS2_PLACEMENT_3D('',#3141,#3142,#3143);
#3141 = CARTESIAN_POINT('',(-45.91,54.756757929274,-4.08));
#3142 = DIRECTION('',(-0.292371704723,0.956304755963,0.));
#3143 = DIRECTION('',(-0.956304755963,-0.292371704723,0.));
#3144 = PCURVE('',#935,#3145);
#3145 = DEFINITIONAL_REPRESENTATION('',(#3146),#3150);
#3146 = ELLIPSE('',#3147,3.659921147705,3.5);
#3147 = AXIS2_PLACEMENT_2D('',#3148,#3149);
#3148 = CARTESIAN_POINT('',(294.,333.62563826342));
#3149 = DIRECTION('',(0.,-1.));
#3150 = ( GEOMETRIC_REPRESENTATION_CONTEXT(2) 
PARAMETRIC_REPRESENTATION_CONTEXT() REPRESENTATION_CONTEXT('2D SPACE',''
  ) );
#3151 = PCURVE('',#3096,#3152);
#3152 = DEFINITIONAL_REPRESENTATION('',(#3153),#3184);
#3153 = B_SPLINE_CURVE_WITH_KNOTS('',8,(#3154,#3155,#3156,#3157,#3158,
    #3159,#3160,#3161,#3162,#3163,#3164,#3165,#3166,#3167,#3168,#3169,
    #3170,#3171,#3172,#3173,#3174,#3175,#3176,#3177,#3178,#3179,#3180,
    #3181,#3182,#3183),.UNSPECIFIED.,.F.,.F.,(9,7,7,7,9),(3.14159265359,
    4.712388980385,7.068583470577,8.246680715673,9.424777960769),
  .UNSPECIFIED.);
#3154 = CARTESIAN_POINT('',(6.28318530718,-35.32681531438));
#3155 = CARTESIAN_POINT('',(6.08683576633,-35.32681531438));
#3156 = CARTESIAN_POINT('',(5.890486225481,-35.27966697614));
#3157 = CARTESIAN_POINT('',(5.694136684632,-35.18537599933));
#3158 = CARTESIAN_POINT('',(5.497787143782,-35.04780284324));
#3159 = CARTESIAN_POINT('',(5.301437602933,-34.87473322311));
#3160 = CARTESIAN_POINT('',(5.105088062083,-34.67696775049));
#3161 = CARTESIAN_POINT('',(4.908738521234,-34.46686320552));
#3162 = CARTESIAN_POINT('',(4.417864669111,-33.9416000149));
#3163 = CARTESIAN_POINT('',(4.12334035784,-33.62644095846));
#3164 = CARTESIAN_POINT('',(3.828816046554,-33.35294983034));
#3165 = CARTESIAN_POINT('',(3.534291735293,-33.16273519638));
#3166 = CARTESIAN_POINT('',(3.239767424014,-33.08604852113));
#3167 = CARTESIAN_POINT('',(2.945243112744,-33.12942451635));
#3168 = CARTESIAN_POINT('',(2.650718801466,-33.27726279761));
#3169 = CARTESIAN_POINT('',(2.208932334555,-33.6115382452));
#3170 = CARTESIAN_POINT('',(2.061670178919,-33.74171622976));
#3171 = CARTESIAN_POINT('',(1.91440802328,-33.88696475225));
#3172 = CARTESIAN_POINT('',(1.767145867643,-34.04273475734));
#3173 = CARTESIAN_POINT('',(1.619883712007,-34.20386325178));
#3174 = CARTESIAN_POINT('',(1.472621556369,-34.36493428548));
#3175 = CARTESIAN_POINT('',(1.325359400733,-34.52066718893));
#3176 = CARTESIAN_POINT('',(1.030835089459,-34.81183513553));
#3177 = CARTESIAN_POINT('',(0.883572933823,-34.94727007211));
#3178 = CARTESIAN_POINT('',(0.736310778184,-35.06774567211));
#3179 = CARTESIAN_POINT('',(0.589048622548,-35.16891882973));
#3180 = CARTESIAN_POINT('',(0.441786466913,-35.24725425237));
#3181 = CARTESIAN_POINT('',(0.294524311274,-35.3002947426));
#3182 = CARTESIAN_POINT('',(0.147262155637,-35.32681531438));
#3183 = CARTESIAN_POINT('',(6.217248937901E-15,-35.32681531438));
#3184 = ( GEOMETRIC_REPRESENTATION_CONTEXT(2) 
PARAMETRIC_REPRESENTATION_CONTEXT() REPRESENTATION_CONTEXT('2D SPACE',''
  ) );
#3185 = ORIENTED_EDGE('',*,*,#3186,.T.);
#3186 = EDGE_CURVE('',#3136,#3187,#3189,.T.);
#3187 = VERTEX_POINT('',#3188);
#3188 = CARTESIAN_POINT('',(-47.75149702957,54.193755787518,
    4.943611468564));
#3189 = SURFACE_CURVE('',#3190,(#3194,#3200),.PCURVE_S1.);
#3190 = LINE('',#3191,#3192);
#3191 = CARTESIAN_POINT('',(-47.75149702957,54.193755787518,-143.8375));
#3192 = VECTOR('',#3193,1.);
#3193 = DIRECTION('',(-1.061711558629E-16,-3.245977983321E-17,1.));
#3194 = PCURVE('',#935,#3195);
#3195 = DEFINITIONAL_REPRESENTATION('',(#3196),#3199);
#3196 = B_SPLINE_CURVE_WITH_KNOTS('',1,(#3197,#3198),.UNSPECIFIED.,.F.,
  .F.,(2,2),(137.2725,154.2425),.PIECEWISE_BEZIER_KNOTS.);
#3197 = CARTESIAN_POINT('',(291.515,331.7));
#3198 = CARTESIAN_POINT('',(308.485,331.7));
#3199 = ( GEOMETRIC_REPRESENTATION_CONTEXT(2) 
PARAMETRIC_REPRESENTATION_CONTEXT() REPRESENTATION_CONTEXT('2D SPACE',''
  ) );
#3200 = PCURVE('',#3201,#3206);
#3201 = PLANE('',#3202);
#3202 = AXIS2_PLACEMENT_3D('',#3203,#3204,#3205);
#3203 = CARTESIAN_POINT('',(-46.72819606304,50.846689141647,10.405));
#3204 = DIRECTION('',(-0.956304755963,-0.292371704723,
    -1.110223024625E-16));
#3205 = DIRECTION('',(-0.292371704723,0.956304755963,1.110223024625E-16)
  );
#3206 = DEFINITIONAL_REPRESENTATION('',(#3207),#3210);
#3207 = B_SPLINE_CURVE_WITH_KNOTS('',1,(#3208,#3209),.UNSPECIFIED.,.F.,
  .F.,(2,2),(137.2725,154.2425),.PIECEWISE_BEZIER_KNOTS.);
#3208 = CARTESIAN_POINT('',(3.5,16.97));
#3209 = CARTESIAN_POINT('',(3.5,0.));
#3210 = ( GEOMETRIC_REPRESENTATION_CONTEXT(2) 
PARAMETRIC_REPRESENTATION_CONTEXT() REPRESENTATION_CONTEXT('2D SPACE',''
  ) );
#3211 = ORIENTED_EDGE('',*,*,#3212,.F.);
#3212 = EDGE_CURVE('',#3213,#3187,#3215,.T.);
#3213 = VERTEX_POINT('',#3214);
#3214 = CARTESIAN_POINT('',(-42.41,55.82681531438,7.92));
#3215 = SURFACE_CURVE('',#3216,(#3221,#3228),.PCURVE_S1.);
#3216 = ELLIPSE('',#3217,3.659921147705,3.5);
#3217 = AXIS2_PLACEMENT_3D('',#3218,#3219,#3220);
#3218 = CARTESIAN_POINT('',(-45.91,54.756757929274,7.92));
#3219 = DIRECTION('',(-0.292371704723,0.956304755963,0.));
#3220 = DIRECTION('',(-0.956304755963,-0.292371704723,0.));
#3221 = PCURVE('',#935,#3222);
#3222 = DEFINITIONAL_REPRESENTATION('',(#3223),#3227);
#3223 = ELLIPSE('',#3224,3.659921147705,3.5);
#3224 = AXIS2_PLACEMENT_2D('',#3225,#3226);
#3225 = CARTESIAN_POINT('',(306.,333.62563826342));
#3226 = DIRECTION('',(0.,-1.));
#3227 = ( GEOMETRIC_REPRESENTATION_CONTEXT(2) 
PARAMETRIC_REPRESENTATION_CONTEXT() REPRESENTATION_CONTEXT('2D SPACE',''
  ) );
#3228 = PCURVE('',#3229,#3234);
#3229 = CYLINDRICAL_SURFACE('',#3230,3.5);
#3230 = AXIS2_PLACEMENT_3D('',#3231,#3232,#3233);
#3231 = CARTESIAN_POINT('',(-45.91,20.5,7.92));
#3232 = DIRECTION('',(0.,-1.,0.));
#3233 = DIRECTION('',(1.,0.,0.));
#3234 = DEFINITIONAL_REPRESENTATION('',(#3235),#3266);
#3235 = B_SPLINE_CURVE_WITH_KNOTS('',8,(#3236,#3237,#3238,#3239,#3240,
    #3241,#3242,#3243,#3244,#3245,#3246,#3247,#3248,#3249,#3250,#3251,
    #3252,#3253,#3254,#3255,#3256,#3257,#3258,#3259,#3260,#3261,#3262,
    #3263,#3264,#3265),.UNSPECIFIED.,.F.,.F.,(9,7,7,7,9),(3.14159265359,
    4.712388980385,7.068583470577,8.246680715673,9.424777960769),
  .UNSPECIFIED.);
#3236 = CARTESIAN_POINT('',(6.28318530718,-35.32681531438));
#3237 = CARTESIAN_POINT('',(6.08683576633,-35.32681531438));
#3238 = CARTESIAN_POINT('',(5.890486225481,-35.27966697614));
#3239 = CARTESIAN_POINT('',(5.694136684632,-35.18537599933));
#3240 = CARTESIAN_POINT('',(5.497787143782,-35.04780284324));
#3241 = CARTESIAN_POINT('',(5.301437602933,-34.87473322311));
#3242 = CARTESIAN_POINT('',(5.105088062083,-34.67696775049));
#3243 = CARTESIAN_POINT('',(4.908738521234,-34.46686320552));
#3244 = CARTESIAN_POINT('',(4.417864669111,-33.9416000149));
#3245 = CARTESIAN_POINT('',(4.12334035784,-33.62644095846));
#3246 = CARTESIAN_POINT('',(3.828816046552,-33.35294983034));
#3247 = CARTESIAN_POINT('',(3.534291735298,-33.16273519638));
#3248 = CARTESIAN_POINT('',(3.23976742401,-33.08604852113));
#3249 = CARTESIAN_POINT('',(2.945243112745,-33.12942451635));
#3250 = CARTESIAN_POINT('',(2.650718801466,-33.27726279761));
#3251 = CARTESIAN_POINT('',(2.208932334555,-33.6115382452));
#3252 = CARTESIAN_POINT('',(2.061670178919,-33.74171622976));
#3253 = CARTESIAN_POINT('',(1.91440802328,-33.88696475225));
#3254 = CARTESIAN_POINT('',(1.767145867643,-34.04273475734));
#3255 = CARTESIAN_POINT('',(1.619883712007,-34.20386325178));
#3256 = CARTESIAN_POINT('',(1.472621556369,-34.36493428548));
#3257 = CARTESIAN_POINT('',(1.325359400733,-34.52066718893));
#3258 = CARTESIAN_POINT('',(1.030835089459,-34.81183513553));
#3259 = CARTESIAN_POINT('',(0.883572933823,-34.94727007211));
#3260 = CARTESIAN_POINT('',(0.736310778184,-35.06774567211));
#3261 = CARTESIAN_POINT('',(0.589048622548,-35.16891882973));
#3262 = CARTESIAN_POINT('',(0.441786466913,-35.24725425237));
#3263 = CARTESIAN_POINT('',(0.294524311274,-35.3002947426));
#3264 = CARTESIAN_POINT('',(0.147262155637,-35.32681531438));
#3265 = CARTESIAN_POINT('',(6.217248937901E-15,-35.32681531438));
#3266 = ( GEOMETRIC_REPRESENTATION_CONTEXT(2) 
PARAMETRIC_REPRESENTATION_CONTEXT() REPRESENTATION_CONTEXT('2D SPACE',''
  ) );
#3267 = ORIENTED_EDGE('',*,*,#3268,.F.);
#3268 = EDGE_CURVE('',#3269,#3213,#3271,.T.);
#3269 = VERTEX_POINT('',#3270);
#3270 = CARTESIAN_POINT('',(-48.3747058648,54.003221725632,10.405));
#3271 = SURFACE_CURVE('',#3272,(#3277,#3284),.PCURVE_S1.);
#3272 = ELLIPSE('',#3273,3.659921147705,3.5);
#3273 = AXIS2_PLACEMENT_3D('',#3274,#3275,#3276);
#3274 = CARTESIAN_POINT('',(-45.91,54.756757929274,7.92));
#3275 = DIRECTION('',(-0.292371704723,0.956304755963,0.));
#3276 = DIRECTION('',(-0.956304755963,-0.292371704723,0.));
#3277 = PCURVE('',#935,#3278);
#3278 = DEFINITIONAL_REPRESENTATION('',(#3279),#3283);
#3279 = ELLIPSE('',#3280,3.659921147705,3.5);
#3280 = AXIS2_PLACEMENT_2D('',#3281,#3282);
#3281 = CARTESIAN_POINT('',(306.,333.62563826342));
#3282 = DIRECTION('',(0.,-1.));
#3283 = ( GEOMETRIC_REPRESENTATION_CONTEXT(2) 
PARAMETRIC_REPRESENTATION_CONTEXT() REPRESENTATION_CONTEXT('2D SPACE',''
  ) );
#3284 = PCURVE('',#3229,#3285);
#3285 = DEFINITIONAL_REPRESENTATION('',(#3286),#3317);
#3286 = B_SPLINE_CURVE_WITH_KNOTS('',8,(#3287,#3288,#3289,#3290,#3291,
    #3292,#3293,#3294,#3295,#3296,#3297,#3298,#3299,#3300,#3301,#3302,
    #3303,#3304,#3305,#3306,#3307,#3308,#3309,#3310,#3311,#3312,#3313,
    #3314,#3315,#3316),.UNSPECIFIED.,.F.,.F.,(9,7,7,7,9),(3.14159265359,
    4.712388980385,7.068583470577,8.246680715673,9.424777960769),
  .UNSPECIFIED.);
#3287 = CARTESIAN_POINT('',(6.28318530718,-35.32681531438));
#3288 = CARTESIAN_POINT('',(6.08683576633,-35.32681531438));
#3289 = CARTESIAN_POINT('',(5.890486225481,-35.27966697614));
#3290 = CARTESIAN_POINT('',(5.694136684632,-35.18537599933));
#3291 = CARTESIAN_POINT('',(5.497787143782,-35.04780284324));
#3292 = CARTESIAN_POINT('',(5.301437602933,-34.87473322311));
#3293 = CARTESIAN_POINT('',(5.105088062083,-34.67696775049));
#3294 = CARTESIAN_POINT('',(4.908738521234,-34.46686320552));
#3295 = CARTESIAN_POINT('',(4.417864669111,-33.9416000149));
#3296 = CARTESIAN_POINT('',(4.12334035784,-33.62644095846));
#3297 = CARTESIAN_POINT('',(3.828816046552,-33.35294983034));
#3298 = CARTESIAN_POINT('',(3.534291735298,-33.16273519638));
#3299 = CARTESIAN_POINT('',(3.23976742401,-33.08604852113));
#3300 = CARTESIAN_POINT('',(2.945243112745,-33.12942451635));
#3301 = CARTESIAN_POINT('',(2.650718801466,-33.27726279761));
#3302 = CARTESIAN_POINT('',(2.208932334555,-33.6115382452));
#3303 = CARTESIAN_POINT('',(2.061670178919,-33.74171622976));
#3304 = CARTESIAN_POINT('',(1.91440802328,-33.88696475225));
#3305 = CARTESIAN_POINT('',(1.767145867643,-34.04273475734));
#3306 = CARTESIAN_POINT('',(1.619883712007,-34.20386325178));
#3307 = CARTESIAN_POINT('',(1.472621556369,-34.36493428548));
#3308 = CARTESIAN_POINT('',(1.325359400733,-34.52066718893));
#3309 = CARTESIAN_POINT('',(1.030835089459,-34.81183513553));
#3310 = CARTESIAN_POINT('',(0.883572933823,-34.94727007211));
#3311 = CARTESIAN_POINT('',(0.736310778184,-35.06774567211));
#3312 = CARTESIAN_POINT('',(0.589048622548,-35.16891882973));
#3313 = CARTESIAN_POINT('',(0.441786466913,-35.24725425237));
#3314 = CARTESIAN_POINT('',(0.294524311274,-35.3002947426));
#3315 = CARTESIAN_POINT('',(0.147262155637,-35.32681531438));
#3316 = CARTESIAN_POINT('',(6.217248937901E-15,-35.32681531438));
#3317 = ( GEOMETRIC_REPRESENTATION_CONTEXT(2) 
PARAMETRIC_REPRESENTATION_CONTEXT() REPRESENTATION_CONTEXT('2D SPACE',''
  ) );
#3318 = ORIENTED_EDGE('',*,*,#3319,.T.);
#3319 = EDGE_CURVE('',#3269,#3320,#3322,.T.);
#3320 = VERTEX_POINT('',#3321);
#3321 = CARTESIAN_POINT('',(-61.27633746314,50.058797105144,10.405));
#3322 = SURFACE_CURVE('',#3323,(#3327,#3333),.PCURVE_S1.);
#3323 = LINE('',#3324,#3325);
#3324 = CARTESIAN_POINT('',(-206.354640806,5.703908559252,10.405));
#3325 = VECTOR('',#3326,1.);
#3326 = DIRECTION('',(-0.956304755963,-0.292371704723,
    -1.110223024625E-16));
#3327 = PCURVE('',#935,#3328);
#3328 = DEFINITIONAL_REPRESENTATION('',(#3329),#3332);
#3329 = B_SPLINE_CURVE_WITH_KNOTS('',1,(#3330,#3331),.UNSPECIFIED.,.F.,
  .F.,(2,2),(-165.85,-151.7071858508),.PIECEWISE_BEZIER_KNOTS.);
#3330 = CARTESIAN_POINT('',(308.485,331.7));
#3331 = CARTESIAN_POINT('',(308.485,317.55718585081));
#3332 = ( GEOMETRIC_REPRESENTATION_CONTEXT(2) 
PARAMETRIC_REPRESENTATION_CONTEXT() REPRESENTATION_CONTEXT('2D SPACE',''
  ) );
#3333 = PCURVE('',#3334,#3339);
#3334 = PLANE('',#3335);
#3335 = AXIS2_PLACEMENT_3D('',#3336,#3337,#3338);
#3336 = CARTESIAN_POINT('',(-46.72819606304,50.846689141647,10.405));
#3337 = DIRECTION('',(7.371137602966E-17,1.386309356961E-16,-1.));
#3338 = DIRECTION('',(-0.292371704723,0.956304755963,1.110223024625E-16)
  );
#3339 = DEFINITIONAL_REPRESENTATION('',(#3340),#3343);
#3340 = B_SPLINE_CURVE_WITH_KNOTS('',1,(#3341,#3342),.UNSPECIFIED.,.F.,
  .F.,(2,2),(-165.85,-151.7071858508),.PIECEWISE_BEZIER_KNOTS.);
#3341 = CARTESIAN_POINT('',(3.5,0.));
#3342 = CARTESIAN_POINT('',(3.5,-14.14281414918));
#3343 = ( GEOMETRIC_REPRESENTATION_CONTEXT(2) 
PARAMETRIC_REPRESENTATION_CONTEXT() REPRESENTATION_CONTEXT('2D SPACE',''
  ) );
#3344 = ORIENTED_EDGE('',*,*,#3345,.T.);
#3345 = EDGE_CURVE('',#3320,#921,#3346,.T.);
#3346 = SURFACE_CURVE('',#3347,(#3352,#3363),.PCURVE_S1.);
#3347 = CIRCLE('',#3348,19.5);
#3348 = AXIS2_PLACEMENT_3D('',#3349,#3350,#3351);
#3349 = CARTESIAN_POINT('',(-78.0663577936,44.925572747807,1.92));
#3350 = DIRECTION('',(0.292371704723,-0.956304755963,-1.110223024625E-16
    ));
#3351 = DIRECTION('',(7.371137602966E-17,1.386309356961E-16,-1.));
#3352 = PCURVE('',#935,#3353);
#3353 = DEFINITIONAL_REPRESENTATION('',(#3354),#3362);
#3354 = ( BOUNDED_CURVE() B_SPLINE_CURVE(2,(#3355,#3356,#3357,#3358,
#3359,#3360,#3361),.UNSPECIFIED.,.T.,.F.) B_SPLINE_CURVE_WITH_KNOTS((1,2
    ,2,2,2,1),(-2.094395102393,0.,2.094395102393,4.188790204786,
6.28318530718,8.377580409573),.UNSPECIFIED.) CURVE() 
GEOMETRIC_REPRESENTATION_ITEM() RATIONAL_B_SPLINE_CURVE((1.,0.5,1.,0.5,
1.,0.5,1.)) REPRESENTATION_ITEM('') );
#3355 = CARTESIAN_POINT('',(280.5,300.));
#3356 = CARTESIAN_POINT('',(280.5,333.77499074759));
#3357 = CARTESIAN_POINT('',(309.75,316.88749537379));
#3358 = CARTESIAN_POINT('',(339.,300.));
#3359 = CARTESIAN_POINT('',(309.75,283.1125046262));
#3360 = CARTESIAN_POINT('',(280.5,266.2250092524));
#3361 = CARTESIAN_POINT('',(280.5,300.));
#3362 = ( GEOMETRIC_REPRESENTATION_CONTEXT(2) 
PARAMETRIC_REPRESENTATION_CONTEXT() REPRESENTATION_CONTEXT('2D SPACE',''
  ) );
#3363 = PCURVE('',#963,#3364);
#3364 = DEFINITIONAL_REPRESENTATION('',(#3365),#3368);
#3365 = B_SPLINE_CURVE_WITH_KNOTS('',1,(#3366,#3367),.UNSPECIFIED.,.F.,
  .F.,(2,2),(2.020976990507,3.279994099556),.PIECEWISE_BEZIER_KNOTS.);
#3366 = CARTESIAN_POINT('',(-4.262208316672,-5.93));
#3367 = CARTESIAN_POINT('',(-3.003191207624,-5.93));
#3368 = ( GEOMETRIC_REPRESENTATION_CONTEXT(2) 
PARAMETRIC_REPRESENTATION_CONTEXT() REPRESENTATION_CONTEXT('2D SPACE',''
  ) );
#3369 = ORIENTED_EDGE('',*,*,#920,.F.);
#3370 = ORIENTED_EDGE('',*,*,#3371,.T.);
#3371 = EDGE_CURVE('',#893,#1894,#3372,.T.);
#3372 = SURFACE_CURVE('',#3373,(#3377,#3383),.PCURVE_S1.);
#3373 = LINE('',#3374,#3375);
#3374 = CARTESIAN_POINT('',(-216.2628168985,2.67467513048,25.92));
#3375 = VECTOR('',#3376,1.);
#3376 = DIRECTION('',(0.956304755963,0.292371704723,-0.));
#3377 = PCURVE('',#935,#3378);
#3378 = DEFINITIONAL_REPRESENTATION('',(#3379),#3382);
#3379 = B_SPLINE_CURVE_WITH_KNOTS('',1,(#3380,#3381),.UNSPECIFIED.,.F.,
  .F.,(2,2),(89.158624765681,186.40795811898),.PIECEWISE_BEZIER_KNOTS.);
#3380 = CARTESIAN_POINT('',(324.,244.64772670393));
#3381 = CARTESIAN_POINT('',(324.,341.89706005723));
#3382 = ( GEOMETRIC_REPRESENTATION_CONTEXT(2) 
PARAMETRIC_REPRESENTATION_CONTEXT() REPRESENTATION_CONTEXT('2D SPACE',''
  ) );
#3383 = PCURVE('',#908,#3384);
#3384 = DEFINITIONAL_REPRESENTATION('',(#3385),#3388);
#3385 = B_SPLINE_CURVE_WITH_KNOTS('',1,(#3386,#3387),.UNSPECIFIED.,.F.,
  .F.,(2,2),(89.158624765681,186.40795811898),.PIECEWISE_BEZIER_KNOTS.);
#3386 = CARTESIAN_POINT('',(58.215728752538,-36.4553023514));
#3387 = CARTESIAN_POINT('',(-34.78427124746,-8.022348975749));
#3388 = ( GEOMETRIC_REPRESENTATION_CONTEXT(2) 
PARAMETRIC_REPRESENTATION_CONTEXT() REPRESENTATION_CONTEXT('2D SPACE',''
  ) );
#3389 = ORIENTED_EDGE('',*,*,#1893,.F.);
#3390 = FACE_BOUND('',#3391,.T.);
#3391 = EDGE_LOOP('',(#3392));
#3392 = ORIENTED_EDGE('',*,*,#3393,.T.);
#3393 = EDGE_CURVE('',#3394,#3394,#3396,.T.);
#3394 = VERTEX_POINT('',#3395);
#3395 = CARTESIAN_POINT('',(-51.57671605342,53.024268968627,-17.08));
#3396 = SURFACE_CURVE('',#3397,(#3402,#3413),.PCURVE_S1.);
#3397 = CIRCLE('',#3398,1.7);
#3398 = AXIS2_PLACEMENT_3D('',#3399,#3400,#3401);
#3399 = CARTESIAN_POINT('',(-53.20243413856,52.527237070598,-17.08));
#3400 = DIRECTION('',(0.292371704723,-0.956304755963,0.));
#3401 = DIRECTION('',(0.956304755963,0.292371704723,0.));
#3402 = PCURVE('',#935,#3403);
#3403 = DEFINITIONAL_REPRESENTATION('',(#3404),#3412);
#3404 = ( BOUNDED_CURVE() B_SPLINE_CURVE(2,(#3405,#3406,#3407,#3408,
#3409,#3410,#3411),.UNSPECIFIED.,.T.,.F.) B_SPLINE_CURVE_WITH_KNOTS((1,2
    ,2,2,2,1),(-2.094395102393,0.,2.094395102393,4.188790204786,
6.28318530718,8.377580409573),.UNSPECIFIED.) CURVE() 
GEOMETRIC_REPRESENTATION_ITEM() RATIONAL_B_SPLINE_CURVE((1.,0.5,1.,0.5,
1.,0.5,1.)) REPRESENTATION_ITEM('') );
#3405 = CARTESIAN_POINT('',(281.,327.7));
#3406 = CARTESIAN_POINT('',(283.94448637286,327.7));
#3407 = CARTESIAN_POINT('',(282.47224318643,325.15));
#3408 = CARTESIAN_POINT('',(281.,322.6));
#3409 = CARTESIAN_POINT('',(279.52775681356,325.15));
#3410 = CARTESIAN_POINT('',(278.05551362713,327.7));
#3411 = CARTESIAN_POINT('',(281.,327.7));
#3412 = ( GEOMETRIC_REPRESENTATION_CONTEXT(2) 
PARAMETRIC_REPRESENTATION_CONTEXT() REPRESENTATION_CONTEXT('2D SPACE',''
  ) );
#3413 = PCURVE('',#3414,#3419);
#3414 = CYLINDRICAL_SURFACE('',#3415,1.7);
#3415 = AXIS2_PLACEMENT_3D('',#3416,#3417,#3418);
#3416 = CARTESIAN_POINT('',(-49.02151876103,38.852079060327,-17.08));
#3417 = DIRECTION('',(0.292371704723,-0.956304755963,0.));
#3418 = DIRECTION('',(0.956304755963,0.292371704723,0.));
#3419 = DEFINITIONAL_REPRESENTATION('',(#3420),#3424);
#3420 = LINE('',#3421,#3422);
#3421 = CARTESIAN_POINT('',(0.,-14.3));
#3422 = VECTOR('',#3423,1.);
#3423 = DIRECTION('',(1.,0.));
#3424 = ( GEOMETRIC_REPRESENTATION_CONTEXT(2) 
PARAMETRIC_REPRESENTATION_CONTEXT() REPRESENTATION_CONTEXT('2D SPACE',''
  ) );
#3425 = FACE_BOUND('',#3426,.T.);
#3426 = EDGE_LOOP('',(#3427));
#3427 = ORIENTED_EDGE('',*,*,#3428,.T.);
#3428 = EDGE_CURVE('',#3429,#3429,#3431,.T.);
#3429 = VERTEX_POINT('',#3430);
#3430 = CARTESIAN_POINT('',(-51.57671605342,53.024268968627,20.92));
#3431 = SURFACE_CURVE('',#3432,(#3437,#3448),.PCURVE_S1.);
#3432 = CIRCLE('',#3433,1.7);
#3433 = AXIS2_PLACEMENT_3D('',#3434,#3435,#3436);
#3434 = CARTESIAN_POINT('',(-53.20243413856,52.527237070598,20.92));
#3435 = DIRECTION('',(0.292371704723,-0.956304755963,0.));
#3436 = DIRECTION('',(0.956304755963,0.292371704723,0.));
#3437 = PCURVE('',#935,#3438);
#3438 = DEFINITIONAL_REPRESENTATION('',(#3439),#3447);
#3439 = ( BOUNDED_CURVE() B_SPLINE_CURVE(2,(#3440,#3441,#3442,#3443,
#3444,#3445,#3446),.UNSPECIFIED.,.T.,.F.) B_SPLINE_CURVE_WITH_KNOTS((1,2
    ,2,2,2,1),(-2.094395102393,0.,2.094395102393,4.188790204786,
6.28318530718,8.377580409573),.UNSPECIFIED.) CURVE() 
GEOMETRIC_REPRESENTATION_ITEM() RATIONAL_B_SPLINE_CURVE((1.,0.5,1.,0.5,
1.,0.5,1.)) REPRESENTATION_ITEM('') );
#3440 = CARTESIAN_POINT('',(319.,327.7));
#3441 = CARTESIAN_POINT('',(321.94448637286,327.7));
#3442 = CARTESIAN_POINT('',(320.47224318643,325.15));
#3443 = CARTESIAN_POINT('',(319.,322.6));
#3444 = CARTESIAN_POINT('',(317.52775681356,325.15));
#3445 = CARTESIAN_POINT('',(316.05551362713,327.7));
#3446 = CARTESIAN_POINT('',(319.,327.7));
#3447 = ( GEOMETRIC_REPRESENTATION_CONTEXT(2) 
PARAMETRIC_REPRESENTATION_CONTEXT() REPRESENTATION_CONTEXT('2D SPACE',''
  ) );
#3448 = PCURVE('',#3449,#3454);
#3449 = CYLINDRICAL_SURFACE('',#3450,1.7);
#3450 = AXIS2_PLACEMENT_3D('',#3451,#3452,#3453);
#3451 = CARTESIAN_POINT('',(-49.02151876103,38.852079060327,20.92));
#3452 = DIRECTION('',(0.292371704723,-0.956304755963,0.));
#3453 = DIRECTION('',(0.956304755963,0.292371704723,0.));
#3454 = DEFINITIONAL_REPRESENTATION('',(#3455),#3459);
#3455 = LINE('',#3456,#3457);
#3456 = CARTESIAN_POINT('',(0.,-14.3));
#3457 = VECTOR('',#3458,1.);
#3458 = DIRECTION('',(1.,0.));
#3459 = ( GEOMETRIC_REPRESENTATION_CONTEXT(2) 
PARAMETRIC_REPRESENTATION_CONTEXT() REPRESENTATION_CONTEXT('2D SPACE',''
  ) );
#3460 = FACE_BOUND('',#3461,.T.);
#3461 = EDGE_LOOP('',(#3462));
#3462 = ORIENTED_EDGE('',*,*,#3463,.T.);
#3463 = EDGE_CURVE('',#3464,#3464,#3466,.T.);
#3464 = VERTEX_POINT('',#3465);
#3465 = CARTESIAN_POINT('',(-42.96997324976,55.655614311132,-17.08));
#3466 = SURFACE_CURVE('',#3467,(#3472,#3483),.PCURVE_S1.);
#3467 = CIRCLE('',#3468,1.7);
#3468 = AXIS2_PLACEMENT_3D('',#3469,#3470,#3471);
#3469 = CARTESIAN_POINT('',(-44.59569133489,55.158582413103,-17.08));
#3470 = DIRECTION('',(0.292371704723,-0.956304755963,0.));
#3471 = DIRECTION('',(0.956304755963,0.292371704723,0.));
#3472 = PCURVE('',#935,#3473);
#3473 = DEFINITIONAL_REPRESENTATION('',(#3474),#3482);
#3474 = ( BOUNDED_CURVE() B_SPLINE_CURVE(2,(#3475,#3476,#3477,#3478,
#3479,#3480,#3481),.UNSPECIFIED.,.T.,.F.) B_SPLINE_CURVE_WITH_KNOTS((1,2
    ,2,2,2,1),(-2.094395102393,0.,2.094395102393,4.188790204786,
6.28318530718,8.377580409573),.UNSPECIFIED.) CURVE() 
GEOMETRIC_REPRESENTATION_ITEM() RATIONAL_B_SPLINE_CURVE((1.,0.5,1.,0.5,
1.,0.5,1.)) REPRESENTATION_ITEM('') );
#3475 = CARTESIAN_POINT('',(281.,336.7));
#3476 = CARTESIAN_POINT('',(283.94448637286,336.7));
#3477 = CARTESIAN_POINT('',(282.47224318643,334.15));
#3478 = CARTESIAN_POINT('',(281.,331.6));
#3479 = CARTESIAN_POINT('',(279.52775681356,334.15));
#3480 = CARTESIAN_POINT('',(278.05551362713,336.7));
#3481 = CARTESIAN_POINT('',(281.,336.7));
#3482 = ( GEOMETRIC_REPRESENTATION_CONTEXT(2) 
PARAMETRIC_REPRESENTATION_CONTEXT() REPRESENTATION_CONTEXT('2D SPACE',''
  ) );
#3483 = PCURVE('',#3484,#3489);
#3484 = CYLINDRICAL_SURFACE('',#3485,1.7);
#3485 = AXIS2_PLACEMENT_3D('',#3486,#3487,#3488);
#3486 = CARTESIAN_POINT('',(-40.41477595736,41.483424402832,-17.08));
#3487 = DIRECTION('',(0.292371704723,-0.956304755963,0.));
#3488 = DIRECTION('',(0.956304755963,0.292371704723,0.));
#3489 = DEFINITIONAL_REPRESENTATION('',(#3490),#3494);
#3490 = LINE('',#3491,#3492);
#3491 = CARTESIAN_POINT('',(0.,-14.3));
#3492 = VECTOR('',#3493,1.);
#3493 = DIRECTION('',(1.,0.));
#3494 = ( GEOMETRIC_REPRESENTATION_CONTEXT(2) 
PARAMETRIC_REPRESENTATION_CONTEXT() REPRESENTATION_CONTEXT('2D SPACE',''
  ) );
#3495 = FACE_BOUND('',#3496,.T.);
#3496 = EDGE_LOOP('',(#3497));
#3497 = ORIENTED_EDGE('',*,*,#3498,.T.);
#3498 = EDGE_CURVE('',#3499,#3499,#3501,.T.);
#3499 = VERTEX_POINT('',#3500);
#3500 = CARTESIAN_POINT('',(-42.96997324976,55.655614311132,20.92));
#3501 = SURFACE_CURVE('',#3502,(#3507,#3518),.PCURVE_S1.);
#3502 = CIRCLE('',#3503,1.7);
#3503 = AXIS2_PLACEMENT_3D('',#3504,#3505,#3506);
#3504 = CARTESIAN_POINT('',(-44.59569133489,55.158582413103,20.92));
#3505 = DIRECTION('',(0.292371704723,-0.956304755963,0.));
#3506 = DIRECTION('',(0.956304755963,0.292371704723,0.));
#3507 = PCURVE('',#935,#3508);
#3508 = DEFINITIONAL_REPRESENTATION('',(#3509),#3517);
#3509 = ( BOUNDED_CURVE() B_SPLINE_CURVE(2,(#3510,#3511,#3512,#3513,
#3514,#3515,#3516),.UNSPECIFIED.,.T.,.F.) B_SPLINE_CURVE_WITH_KNOTS((1,2
    ,2,2,2,1),(-2.094395102393,0.,2.094395102393,4.188790204786,
6.28318530718,8.377580409573),.UNSPECIFIED.) CURVE() 
GEOMETRIC_REPRESENTATION_ITEM() RATIONAL_B_SPLINE_CURVE((1.,0.5,1.,0.5,
1.,0.5,1.)) REPRESENTATION_ITEM('') );
#3510 = CARTESIAN_POINT('',(319.,336.7));
#3511 = CARTESIAN_POINT('',(321.94448637286,336.7));
#3512 = CARTESIAN_POINT('',(320.47224318643,334.15));
#3513 = CARTESIAN_POINT('',(319.,331.6));
#3514 = CARTESIAN_POINT('',(317.52775681356,334.15));
#3515 = CARTESIAN_POINT('',(316.05551362713,336.7));
#3516 = CARTESIAN_POINT('',(319.,336.7));
#3517 = ( GEOMETRIC_REPRESENTATION_CONTEXT(2) 
PARAMETRIC_REPRESENTATION_CONTEXT() REPRESENTATION_CONTEXT('2D SPACE',''
  ) );
#3518 = PCURVE('',#3519,#3524);
#3519 = CYLINDRICAL_SURFACE('',#3520,1.7);
#3520 = AXIS2_PLACEMENT_3D('',#3521,#3522,#3523);
#3521 = CARTESIAN_POINT('',(-40.41477595736,41.483424402832,20.92));
#3522 = DIRECTION('',(0.292371704723,-0.956304755963,0.));
#3523 = DIRECTION('',(0.956304755963,0.292371704723,0.));
#3524 = DEFINITIONAL_REPRESENTATION('',(#3525),#3529);
#3525 = LINE('',#3526,#3527);
#3526 = CARTESIAN_POINT('',(0.,-14.3));
#3527 = VECTOR('',#3528,1.);
#3528 = DIRECTION('',(1.,0.));
#3529 = ( GEOMETRIC_REPRESENTATION_CONTEXT(2) 
PARAMETRIC_REPRESENTATION_CONTEXT() REPRESENTATION_CONTEXT('2D SPACE',''
  ) );
#3530 = ADVANCED_FACE('',(#3531),#963,.F.);
#3531 = FACE_BOUND('',#3532,.T.);
#3532 = EDGE_LOOP('',(#3533,#3534,#3535,#3556,#3557,#3558,#3580,#3612,
    #3632));
#3533 = ORIENTED_EDGE('',*,*,#1143,.T.);
#3534 = ORIENTED_EDGE('',*,*,#1116,.T.);
#3535 = ORIENTED_EDGE('',*,*,#3536,.F.);
#3536 = EDGE_CURVE('',#947,#1096,#3537,.T.);
#3537 = SURFACE_CURVE('',#3538,(#3543,#3549),.PCURVE_S1.);
#3538 = CIRCLE('',#3539,19.5);
#3539 = AXIS2_PLACEMENT_3D('',#3540,#3541,#3542);
#3540 = CARTESIAN_POINT('',(-76.33259358459,39.254685544947,1.92));
#3541 = DIRECTION('',(-0.292371704723,0.956304755963,1.110223024625E-16)
  );
#3542 = DIRECTION('',(7.371137602966E-17,1.386309356961E-16,-1.));
#3543 = PCURVE('',#963,#3544);
#3544 = DEFINITIONAL_REPRESENTATION('',(#3545),#3548);
#3545 = B_SPLINE_CURVE_WITH_KNOTS('',1,(#3546,#3547),.UNSPECIFIED.,.F.,
  .F.,(2,2),(3.165329060718,6.259448900051),.PIECEWISE_BEZIER_KNOTS.);
#3546 = CARTESIAN_POINT('',(-3.165329060718,0.));
#3547 = CARTESIAN_POINT('',(-6.259448900051,0.));
#3548 = ( GEOMETRIC_REPRESENTATION_CONTEXT(2) 
PARAMETRIC_REPRESENTATION_CONTEXT() REPRESENTATION_CONTEXT('2D SPACE',''
  ) );
#3549 = PCURVE('',#993,#3550);
#3550 = DEFINITIONAL_REPRESENTATION('',(#3551),#3555);
#3551 = CIRCLE('',#3552,19.5);
#3552 = AXIS2_PLACEMENT_2D('',#3553,#3554);
#3553 = CARTESIAN_POINT('',(2.22044604925E-15,2.465190328816E-31));
#3554 = DIRECTION('',(1.,0.));
#3555 = ( GEOMETRIC_REPRESENTATION_CONTEXT(2) 
PARAMETRIC_REPRESENTATION_CONTEXT() REPRESENTATION_CONTEXT('2D SPACE',''
  ) );
#3556 = ORIENTED_EDGE('',*,*,#946,.T.);
#3557 = ORIENTED_EDGE('',*,*,#3345,.F.);
#3558 = ORIENTED_EDGE('',*,*,#3559,.T.);
#3559 = EDGE_CURVE('',#3320,#3560,#3562,.T.);
#3560 = VERTEX_POINT('',#3561);
#3561 = CARTESIAN_POINT('',(-60.25303649661,46.711730459273,10.405));
#3562 = SURFACE_CURVE('',#3563,(#3567,#3573),.PCURVE_S1.);
#3563 = LINE('',#3564,#3565);
#3564 = CARTESIAN_POINT('',(-59.54257325413,44.387909902283,10.405));
#3565 = VECTOR('',#3566,1.);
#3566 = DIRECTION('',(0.292371704723,-0.956304755963,-1.110223024625E-16
    ));
#3567 = PCURVE('',#963,#3568);
#3568 = DEFINITIONAL_REPRESENTATION('',(#3569),#3572);
#3569 = B_SPLINE_CURVE_WITH_KNOTS('',1,(#3570,#3571),.UNSPECIFIED.,.F.,
  .F.,(2,2),(-5.93,-2.43),.PIECEWISE_BEZIER_KNOTS.);
#3570 = CARTESIAN_POINT('',(-4.262208316672,-5.93));
#3571 = CARTESIAN_POINT('',(-4.262208316672,-2.43));
#3572 = ( GEOMETRIC_REPRESENTATION_CONTEXT(2) 
PARAMETRIC_REPRESENTATION_CONTEXT() REPRESENTATION_CONTEXT('2D SPACE',''
  ) );
#3573 = PCURVE('',#3334,#3574);
#3574 = DEFINITIONAL_REPRESENTATION('',(#3575),#3579);
#3575 = LINE('',#3576,#3577);
#3576 = CARTESIAN_POINT('',(-2.43,-14.14281414918));
#3577 = VECTOR('',#3578,1.);
#3578 = DIRECTION('',(-1.,-1.232595164408E-32));
#3579 = ( GEOMETRIC_REPRESENTATION_CONTEXT(2) 
PARAMETRIC_REPRESENTATION_CONTEXT() REPRESENTATION_CONTEXT('2D SPACE',''
  ) );
#3580 = ORIENTED_EDGE('',*,*,#3581,.F.);
#3581 = EDGE_CURVE('',#3582,#3560,#3584,.T.);
#3582 = VERTEX_POINT('',#3583);
#3583 = CARTESIAN_POINT('',(-60.25303649661,46.711730459273,-6.565));
#3584 = SURFACE_CURVE('',#3585,(#3590,#3596),.PCURVE_S1.);
#3585 = CIRCLE('',#3586,19.5);
#3586 = AXIS2_PLACEMENT_3D('',#3587,#3588,#3589);
#3587 = CARTESIAN_POINT('',(-77.04305682707,41.578506101937,1.92));
#3588 = DIRECTION('',(0.292371704723,-0.956304755963,-1.110223024625E-16
    ));
#3589 = DIRECTION('',(7.371137602966E-17,1.386309356961E-16,-1.));
#3590 = PCURVE('',#963,#3591);
#3591 = DEFINITIONAL_REPRESENTATION('',(#3592),#3595);
#3592 = B_SPLINE_CURVE_WITH_KNOTS('',1,(#3593,#3594),.UNSPECIFIED.,.F.,
  .F.,(2,2),(1.120615663082,2.020976990507),.PIECEWISE_BEZIER_KNOTS.);
#3593 = CARTESIAN_POINT('',(-5.162569644097,-2.43));
#3594 = CARTESIAN_POINT('',(-4.262208316672,-2.43));
#3595 = ( GEOMETRIC_REPRESENTATION_CONTEXT(2) 
PARAMETRIC_REPRESENTATION_CONTEXT() REPRESENTATION_CONTEXT('2D SPACE',''
  ) );
#3596 = PCURVE('',#3597,#3602);
#3597 = PLANE('',#3598);
#3598 = AXIS2_PLACEMENT_3D('',#3599,#3600,#3601);
#3599 = CARTESIAN_POINT('',(-46.72819606304,50.846689141647,10.405));
#3600 = DIRECTION('',(-0.292371704723,0.956304755963,1.110223024625E-16)
  );
#3601 = DIRECTION('',(7.371137602966E-17,1.386309356961E-16,-1.));
#3602 = DEFINITIONAL_REPRESENTATION('',(#3603),#3611);
#3603 = ( BOUNDED_CURVE() B_SPLINE_CURVE(2,(#3604,#3605,#3606,#3607,
#3608,#3609,#3610),.UNSPECIFIED.,.T.,.F.) B_SPLINE_CURVE_WITH_KNOTS((1,2
    ,2,2,2,1),(-2.094395102393,0.,2.094395102393,4.188790204786,
6.28318530718,8.377580409573),.UNSPECIFIED.) CURVE() 
GEOMETRIC_REPRESENTATION_ITEM() RATIONAL_B_SPLINE_CURVE((1.,0.5,1.,0.5,
1.,0.5,1.)) REPRESENTATION_ITEM('') );
#3604 = CARTESIAN_POINT('',(27.985,31.7));
#3605 = CARTESIAN_POINT('',(27.985,-2.074990747593));
#3606 = CARTESIAN_POINT('',(-1.265,14.812504626203));
#3607 = CARTESIAN_POINT('',(-30.515,31.7));
#3608 = CARTESIAN_POINT('',(-1.265,48.587495373797));
#3609 = CARTESIAN_POINT('',(27.985,65.474990747593));
#3610 = CARTESIAN_POINT('',(27.985,31.7));
#3611 = ( GEOMETRIC_REPRESENTATION_CONTEXT(2) 
PARAMETRIC_REPRESENTATION_CONTEXT() REPRESENTATION_CONTEXT('2D SPACE',''
  ) );
#3612 = ORIENTED_EDGE('',*,*,#3613,.F.);
#3613 = EDGE_CURVE('',#3026,#3582,#3614,.T.);
#3614 = SURFACE_CURVE('',#3615,(#3619,#3625),.PCURVE_S1.);
#3615 = LINE('',#3616,#3617);
#3616 = CARTESIAN_POINT('',(-59.54257325413,44.387909902283,-6.565));
#3617 = VECTOR('',#3618,1.);
#3618 = DIRECTION('',(0.292371704723,-0.956304755963,-1.110223024625E-16
    ));
#3619 = PCURVE('',#963,#3620);
#3620 = DEFINITIONAL_REPRESENTATION('',(#3621),#3624);
#3621 = B_SPLINE_CURVE_WITH_KNOTS('',1,(#3622,#3623),.UNSPECIFIED.,.F.,
  .F.,(2,2),(-5.93,-2.43),.PIECEWISE_BEZIER_KNOTS.);
#3622 = CARTESIAN_POINT('',(-5.162569644097,-5.93));
#3623 = CARTESIAN_POINT('',(-5.162569644097,-2.43));
#3624 = ( GEOMETRIC_REPRESENTATION_CONTEXT(2) 
PARAMETRIC_REPRESENTATION_CONTEXT() REPRESENTATION_CONTEXT('2D SPACE',''
  ) );
#3625 = PCURVE('',#3068,#3626);
#3626 = DEFINITIONAL_REPRESENTATION('',(#3627),#3631);
#3627 = LINE('',#3628,#3629);
#3628 = CARTESIAN_POINT('',(-2.43,-14.14281414918));
#3629 = VECTOR('',#3630,1.);
#3630 = DIRECTION('',(-1.,-1.232595164408E-32));
#3631 = ( GEOMETRIC_REPRESENTATION_CONTEXT(2) 
PARAMETRIC_REPRESENTATION_CONTEXT() REPRESENTATION_CONTEXT('2D SPACE',''
  ) );
#3632 = ORIENTED_EDGE('',*,*,#3025,.F.);
#3633 = ADVANCED_FACE('',(#3634),#993,.T.);
#3634 = FACE_BOUND('',#3635,.T.);
#3635 = EDGE_LOOP('',(#3636,#3637,#3638,#3639));
#3636 = ORIENTED_EDGE('',*,*,#978,.F.);
#3637 = ORIENTED_EDGE('',*,*,#3536,.T.);
#3638 = ORIENTED_EDGE('',*,*,#1095,.F.);
#3639 = ORIENTED_EDGE('',*,*,#3640,.T.);
#3640 = EDGE_CURVE('',#1066,#979,#3641,.T.);
#3641 = SURFACE_CURVE('',#3642,(#3647,#3658),.PCURVE_S1.);
#3642 = CIRCLE('',#3643,16.5);
#3643 = AXIS2_PLACEMENT_3D('',#3644,#3645,#3646);
#3644 = CARTESIAN_POINT('',(-76.33259358459,39.254685544947,1.92));
#3645 = DIRECTION('',(0.292371704723,-0.956304755963,-1.110223024625E-16
    ));
#3646 = DIRECTION('',(7.371137602966E-17,1.386309356961E-16,-1.));
#3647 = PCURVE('',#993,#3648);
#3648 = DEFINITIONAL_REPRESENTATION('',(#3649),#3657);
#3649 = ( BOUNDED_CURVE() B_SPLINE_CURVE(2,(#3650,#3651,#3652,#3653,
#3654,#3655,#3656),.UNSPECIFIED.,.T.,.F.) B_SPLINE_CURVE_WITH_KNOTS((1,2
    ,2,2,2,1),(-2.094395102393,0.,2.094395102393,4.188790204786,
6.28318530718,8.377580409573),.UNSPECIFIED.) CURVE() 
GEOMETRIC_REPRESENTATION_ITEM() RATIONAL_B_SPLINE_CURVE((1.,0.5,1.,0.5,
1.,0.5,1.)) REPRESENTATION_ITEM('') );
#3650 = CARTESIAN_POINT('',(16.5,2.465190328816E-31));
#3651 = CARTESIAN_POINT('',(16.5,-28.57883832488));
#3652 = CARTESIAN_POINT('',(-8.25,-14.28941916244));
#3653 = CARTESIAN_POINT('',(-33.,-4.041334437186E-15));
#3654 = CARTESIAN_POINT('',(-8.25,14.289419162443));
#3655 = CARTESIAN_POINT('',(16.5,28.578838324886));
#3656 = CARTESIAN_POINT('',(16.5,2.465190328816E-31));
#3657 = ( GEOMETRIC_REPRESENTATION_CONTEXT(2) 
PARAMETRIC_REPRESENTATION_CONTEXT() REPRESENTATION_CONTEXT('2D SPACE',''
  ) );
#3658 = PCURVE('',#1021,#3659);
#3659 = DEFINITIONAL_REPRESENTATION('',(#3660),#3664);
#3660 = LINE('',#3661,#3662);
#3661 = CARTESIAN_POINT('',(-6.28318530718,-30.));
#3662 = VECTOR('',#3663,1.);
#3663 = DIRECTION('',(1.,-0.));
#3664 = ( GEOMETRIC_REPRESENTATION_CONTEXT(2) 
PARAMETRIC_REPRESENTATION_CONTEXT() REPRESENTATION_CONTEXT('2D SPACE',''
  ) );
#3665 = ADVANCED_FACE('',(#3666),#1021,.F.);
#3666 = FACE_BOUND('',#3667,.T.);
#3667 = EDGE_LOOP('',(#3668,#3690,#3691,#3692));
#3668 = ORIENTED_EDGE('',*,*,#3669,.F.);
#3669 = EDGE_CURVE('',#1005,#1040,#3670,.T.);
#3670 = SURFACE_CURVE('',#3671,(#3676,#3683),.PCURVE_S1.);
#3671 = CIRCLE('',#3672,16.5);
#3672 = AXIS2_PLACEMENT_3D('',#3673,#3674,#3675);
#3673 = CARTESIAN_POINT('',(-67.56144244291,10.565542866055,1.92));
#3674 = DIRECTION('',(-0.292371704723,0.956304755963,1.110223024625E-16)
  );
#3675 = DIRECTION('',(7.371137602966E-17,1.386309356961E-16,-1.));
#3676 = PCURVE('',#1021,#3677);
#3677 = DEFINITIONAL_REPRESENTATION('',(#3678),#3682);
#3678 = LINE('',#3679,#3680);
#3679 = CARTESIAN_POINT('',(-0.,0.));
#3680 = VECTOR('',#3681,1.);
#3681 = DIRECTION('',(-1.,0.));
#3682 = ( GEOMETRIC_REPRESENTATION_CONTEXT(2) 
PARAMETRIC_REPRESENTATION_CONTEXT() REPRESENTATION_CONTEXT('2D SPACE',''
  ) );
#3683 = PCURVE('',#1054,#3684);
#3684 = DEFINITIONAL_REPRESENTATION('',(#3685),#3689);
#3685 = CIRCLE('',#3686,16.5);
#3686 = AXIS2_PLACEMENT_2D('',#3687,#3688);
#3687 = CARTESIAN_POINT('',(1.110223024625E-15,1.232595164408E-31));
#3688 = DIRECTION('',(1.,0.));
#3689 = ( GEOMETRIC_REPRESENTATION_CONTEXT(2) 
PARAMETRIC_REPRESENTATION_CONTEXT() REPRESENTATION_CONTEXT('2D SPACE',''
  ) );
#3690 = ORIENTED_EDGE('',*,*,#1004,.T.);
#3691 = ORIENTED_EDGE('',*,*,#3640,.F.);
#3692 = ORIENTED_EDGE('',*,*,#1065,.T.);
#3693 = ADVANCED_FACE('',(#3694),#1054,.T.);
#3694 = FACE_BOUND('',#3695,.T.);
#3695 = EDGE_LOOP('',(#3696,#3697));
#3696 = ORIENTED_EDGE('',*,*,#1039,.F.);
#3697 = ORIENTED_EDGE('',*,*,#3669,.T.);
#3698 = ADVANCED_FACE('',(#3699,#3759,#3865),#908,.F.);
#3699 = FACE_BOUND('',#3700,.F.);
#3700 = EDGE_LOOP('',(#3701,#3702,#3756,#3757,#3758));
#3701 = ORIENTED_EDGE('',*,*,#1914,.T.);
#3702 = ORIENTED_EDGE('',*,*,#3703,.T.);
#3703 = EDGE_CURVE('',#1915,#2962,#3704,.T.);
#3704 = SURFACE_CURVE('',#3705,(#3720,#3738),.PCURVE_S1.);
#3705 = B_SPLINE_CURVE_WITH_KNOTS('',7,(#3706,#3707,#3708,#3709,#3710,
    #3711,#3712,#3713,#3714,#3715,#3716,#3717,#3718,#3719),
  .UNSPECIFIED.,.F.,.F.,(8,6,8),(0.,2.517927053771E-02,1.),
  .UNSPECIFIED.);
#3706 = CARTESIAN_POINT('',(-38.,29.923465068443,25.92));
#3707 = CARTESIAN_POINT('',(-38.03884721056,29.939160360313,25.92));
#3708 = CARTESIAN_POINT('',(-38.07761955951,29.954825406124,25.92));
#3709 = CARTESIAN_POINT('',(-38.11631713558,29.970460241734,25.92));
#3710 = CARTESIAN_POINT('',(-38.15494008213,29.986064925057,25.92));
#3711 = CARTESIAN_POINT('',(-38.19348859708,30.001639536066,25.92));
#3712 = CARTESIAN_POINT('',(-38.23196293298,30.017184176792,25.92));
#3713 = CARTESIAN_POINT('',(-39.75704539785,30.633357489159,25.92));
#3714 = CARTESIAN_POINT('',(-41.13280167835,31.189199106838,25.92));
#3715 = CARTESIAN_POINT('',(-42.40989263543,31.705177346275,25.92));
#3716 = CARTESIAN_POINT('',(-43.59900425129,32.185609624528,25.92));
#3717 = CARTESIAN_POINT('',(-44.7093645646,32.634224311234,25.92));
#3718 = CARTESIAN_POINT('',(-45.74900259367,33.054265340351,25.92));
#3719 = CARTESIAN_POINT('',(-46.72492971856,33.44856549331,25.92));
#3720 = PCURVE('',#908,#3721);
#3721 = DEFINITIONAL_REPRESENTATION('',(#3722),#3737);
#3722 = B_SPLINE_CURVE_WITH_KNOTS('',7,(#3723,#3724,#3725,#3726,#3727,
    #3728,#3729,#3730,#3731,#3732,#3733,#3734,#3735,#3736),
  .UNSPECIFIED.,.F.,.F.,(8,6,8),(0.,2.517927053771E-02,1.),
  .UNSPECIFIED.);
#3723 = CARTESIAN_POINT('',(-34.78427124746,-35.27397152691));
#3724 = CARTESIAN_POINT('',(-34.74542403689,-35.25827623504));
#3725 = CARTESIAN_POINT('',(-34.70665168794,-35.24261118923));
#3726 = CARTESIAN_POINT('',(-34.66795411187,-35.22697635362));
#3727 = CARTESIAN_POINT('',(-34.62933116533,-35.2113716703));
#3728 = CARTESIAN_POINT('',(-34.59078265037,-35.19579705929));
#3729 = CARTESIAN_POINT('',(-34.55230831447,-35.18025241856));
#3730 = CARTESIAN_POINT('',(-33.0272258496,-34.5640791062));
#3731 = CARTESIAN_POINT('',(-31.6514695691,-34.00823748852));
#3732 = CARTESIAN_POINT('',(-30.37437861203,-33.49225924908));
#3733 = CARTESIAN_POINT('',(-29.18526699616,-33.01182697083));
#3734 = CARTESIAN_POINT('',(-28.07490668285,-32.56321228412));
#3735 = CARTESIAN_POINT('',(-27.03526865379,-32.14317125501));
#3736 = CARTESIAN_POINT('',(-26.0593415289,-31.74887110205));
#3737 = ( GEOMETRIC_REPRESENTATION_CONTEXT(2) 
PARAMETRIC_REPRESENTATION_CONTEXT() REPRESENTATION_CONTEXT('2D SPACE',''
  ) );
#3738 = PCURVE('',#1951,#3739);
#3739 = DEFINITIONAL_REPRESENTATION('',(#3740),#3755);
#3740 = B_SPLINE_CURVE_WITH_KNOTS('',7,(#3741,#3742,#3743,#3744,#3745,
    #3746,#3747,#3748,#3749,#3750,#3751,#3752,#3753,#3754),
  .UNSPECIFIED.,.F.,.F.,(8,6,8),(0.,2.517927053771E-02,1.),
  .UNSPECIFIED.);
#3741 = CARTESIAN_POINT('',(34.661884734799,0.105043425003));
#3742 = CARTESIAN_POINT('',(34.539592447654,0.104937955773));
#3743 = CARTESIAN_POINT('',(34.417272499274,0.104832689798));
#3744 = CARTESIAN_POINT('',(34.294924992849,0.104727626829));
#3745 = CARTESIAN_POINT('',(34.172550051615,0.104622766473));
#3746 = CARTESIAN_POINT('',(34.050147818844,0.104518108193));
#3747 = CARTESIAN_POINT('',(33.927718457852,0.104413651305));
#3748 = CARTESIAN_POINT('',(29.064340637905,0.100273089588));
#3749 = CARTESIAN_POINT('',(24.283323056909,9.653794482173E-02));
#3750 = CARTESIAN_POINT('',(19.470012166665,9.307067400352E-02));
#3751 = CARTESIAN_POINT('',(14.630759844212,8.984226495213E-02));
#3752 = CARTESIAN_POINT('',(9.770497932591,8.682766376752E-02));
#3753 = CARTESIAN_POINT('',(4.892813392594,8.400507186074E-02));
#3754 = CARTESIAN_POINT('',(0.,8.135545350578E-02));
#3755 = ( GEOMETRIC_REPRESENTATION_CONTEXT(2) 
PARAMETRIC_REPRESENTATION_CONTEXT() REPRESENTATION_CONTEXT('2D SPACE',''
  ) );
#3756 = ORIENTED_EDGE('',*,*,#2961,.T.);
#3757 = ORIENTED_EDGE('',*,*,#892,.T.);
#3758 = ORIENTED_EDGE('',*,*,#3371,.T.);
#3759 = FACE_BOUND('',#3760,.F.);
#3760 = EDGE_LOOP('',(#3761,#3789,#3815,#3841));
#3761 = ORIENTED_EDGE('',*,*,#3762,.F.);
#3762 = EDGE_CURVE('',#3763,#3765,#3767,.T.);
#3763 = VERTEX_POINT('',#3764);
#3764 = CARTESIAN_POINT('',(-47.56390763998,44.003328405857,25.92));
#3765 = VERTEX_POINT('',#3766);
#3766 = CARTESIAN_POINT('',(-53.11047522457,42.307572518465,25.92));
#3767 = SURFACE_CURVE('',#3768,(#3772,#3778),.PCURVE_S1.);
#3768 = LINE('',#3769,#3770);
#3769 = CARTESIAN_POINT('',(-57.51989897028,40.959476391848,25.92));
#3770 = VECTOR('',#3771,1.);
#3771 = DIRECTION('',(-0.956304755963,-0.292371704723,0.));
#3772 = PCURVE('',#908,#3773);
#3773 = DEFINITIONAL_REPRESENTATION('',(#3774),#3777);
#3774 = B_SPLINE_CURVE_WITH_KNOTS('',1,(#3775,#3776),.UNSPECIFIED.,.F.,
  .F.,(2,2),(-14.26431607436,6.949355976095),.PIECEWISE_BEZIER_KNOTS.);
#3775 = CARTESIAN_POINT('',(-28.90540557965,-20.06747779614));
#3776 = CARTESIAN_POINT('',(-8.618670106356,-26.26975525696));
#3777 = ( GEOMETRIC_REPRESENTATION_CONTEXT(2) 
PARAMETRIC_REPRESENTATION_CONTEXT() REPRESENTATION_CONTEXT('2D SPACE',''
  ) );
#3778 = PCURVE('',#3779,#3784);
#3779 = PLANE('',#3780);
#3780 = AXIS2_PLACEMENT_3D('',#3781,#3782,#3783);
#3781 = CARTESIAN_POINT('',(-50.33719143228,43.155450462161,20.92));
#3782 = DIRECTION('',(0.292371704723,-0.956304755963,0.));
#3783 = DIRECTION('',(-0.478152377982,-0.146185852361,-0.866025403784));
#3784 = DEFINITIONAL_REPRESENTATION('',(#3785),#3788);
#3785 = B_SPLINE_CURVE_WITH_KNOTS('',1,(#3786,#3787),.UNSPECIFIED.,.F.,
  .F.,(2,2),(-14.26431607436,6.949355976095),.PIECEWISE_BEZIER_KNOTS.);
#3786 = CARTESIAN_POINT('',(-7.70683602523,3.3486315613));
#3787 = CARTESIAN_POINT('',(2.9,-15.02294734195));
#3788 = ( GEOMETRIC_REPRESENTATION_CONTEXT(2) 
PARAMETRIC_REPRESENTATION_CONTEXT() REPRESENTATION_CONTEXT('2D SPACE',''
  ) );
#3789 = ORIENTED_EDGE('',*,*,#3790,.F.);
#3790 = EDGE_CURVE('',#3791,#3763,#3793,.T.);
#3791 = VERTEX_POINT('',#3792);
#3792 = CARTESIAN_POINT('',(-48.44102275415,46.872242673746,25.92));
#3793 = SURFACE_CURVE('',#3794,(#3798,#3804),.PCURVE_S1.);
#3794 = LINE('',#3795,#3796);
#3795 = CARTESIAN_POINT('',(-51.60474000957,57.220295542769,25.92));
#3796 = VECTOR('',#3797,1.);
#3797 = DIRECTION('',(0.292371704723,-0.956304755963,0.));
#3798 = PCURVE('',#908,#3799);
#3799 = DEFINITIONAL_REPRESENTATION('',(#3800),#3803);
#3800 = B_SPLINE_CURVE_WITH_KNOTS('',1,(#3801,#3802),.UNSPECIFIED.,.F.,
  .F.,(2,2),(10.820873580831,13.820873580831),.PIECEWISE_BEZIER_KNOTS.);
#3801 = CARTESIAN_POINT('',(-24.3432484933,-18.32519392161));
#3802 = CARTESIAN_POINT('',(-25.22036360747,-21.1941081895));
#3803 = ( GEOMETRIC_REPRESENTATION_CONTEXT(2) 
PARAMETRIC_REPRESENTATION_CONTEXT() REPRESENTATION_CONTEXT('2D SPACE',''
  ) );
#3804 = PCURVE('',#3805,#3810);
#3805 = PLANE('',#3806);
#3806 = AXIS2_PLACEMENT_3D('',#3807,#3808,#3809);
#3807 = CARTESIAN_POINT('',(-47.56390763998,44.003328405857,
    19.24568421935));
#3808 = DIRECTION('',(0.956304755963,0.292371704723,0.));
#3809 = DIRECTION('',(0.,0.,1.));
#3810 = DEFINITIONAL_REPRESENTATION('',(#3811),#3814);
#3811 = B_SPLINE_CURVE_WITH_KNOTS('',1,(#3812,#3813),.UNSPECIFIED.,.F.,
  .F.,(2,2),(10.820873580831,13.820873580831),.PIECEWISE_BEZIER_KNOTS.);
#3812 = CARTESIAN_POINT('',(6.67431578065,-3.));
#3813 = CARTESIAN_POINT('',(6.67431578065,0.));
#3814 = ( GEOMETRIC_REPRESENTATION_CONTEXT(2) 
PARAMETRIC_REPRESENTATION_CONTEXT() REPRESENTATION_CONTEXT('2D SPACE',''
  ) );
#3815 = ORIENTED_EDGE('',*,*,#3816,.T.);
#3816 = EDGE_CURVE('',#3791,#3817,#3819,.T.);
#3817 = VERTEX_POINT('',#3818);
#3818 = CARTESIAN_POINT('',(-53.98759033874,45.176486786354,25.92));
#3819 = SURFACE_CURVE('',#3820,(#3824,#3830),.PCURVE_S1.);
#3820 = LINE('',#3821,#3822);
#3821 = CARTESIAN_POINT('',(-58.39701408445,43.828390659737,25.92));
#3822 = VECTOR('',#3823,1.);
#3823 = DIRECTION('',(-0.956304755963,-0.292371704723,0.));
#3824 = PCURVE('',#908,#3825);
#3825 = DEFINITIONAL_REPRESENTATION('',(#3826),#3829);
#3826 = B_SPLINE_CURVE_WITH_KNOTS('',1,(#3827,#3828),.UNSPECIFIED.,.F.,
  .F.,(2,2),(-14.26431607436,6.949355976095),.PIECEWISE_BEZIER_KNOTS.);
#3827 = CARTESIAN_POINT('',(-28.02829046548,-17.19856352825));
#3828 = CARTESIAN_POINT('',(-7.741554992187,-23.40084098908));
#3829 = ( GEOMETRIC_REPRESENTATION_CONTEXT(2) 
PARAMETRIC_REPRESENTATION_CONTEXT() REPRESENTATION_CONTEXT('2D SPACE',''
  ) );
#3830 = PCURVE('',#3831,#3836);
#3831 = PLANE('',#3832);
#3832 = AXIS2_PLACEMENT_3D('',#3833,#3834,#3835);
#3833 = CARTESIAN_POINT('',(-51.21430654645,46.02436473005,20.92));
#3834 = DIRECTION('',(0.292371704723,-0.956304755963,0.));
#3835 = DIRECTION('',(-0.478152377982,-0.146185852361,-0.866025403784));
#3836 = DEFINITIONAL_REPRESENTATION('',(#3837),#3840);
#3837 = B_SPLINE_CURVE_WITH_KNOTS('',1,(#3838,#3839),.UNSPECIFIED.,.F.,
  .F.,(2,2),(-14.26431607436,6.949355976095),.PIECEWISE_BEZIER_KNOTS.);
#3838 = CARTESIAN_POINT('',(-7.70683602523,3.3486315613));
#3839 = CARTESIAN_POINT('',(2.9,-15.02294734195));
#3840 = ( GEOMETRIC_REPRESENTATION_CONTEXT(2) 
PARAMETRIC_REPRESENTATION_CONTEXT() REPRESENTATION_CONTEXT('2D SPACE',''
  ) );
#3841 = ORIENTED_EDGE('',*,*,#3842,.F.);
#3842 = EDGE_CURVE('',#3765,#3817,#3843,.T.);
#3843 = SURFACE_CURVE('',#3844,(#3848,#3854),.PCURVE_S1.);
#3844 = LINE('',#3845,#3846);
#3845 = CARTESIAN_POINT('',(-57.15130759416,55.524539655377,25.92));
#3846 = VECTOR('',#3847,1.);
#3847 = DIRECTION('',(-0.292371704723,0.956304755963,0.));
#3848 = PCURVE('',#908,#3849);
#3849 = DEFINITIONAL_REPRESENTATION('',(#3850),#3853);
#3850 = B_SPLINE_CURVE_WITH_KNOTS('',1,(#3851,#3852),.UNSPECIFIED.,.F.,
  .F.,(2,2),(-13.82087358083,-10.82087358083),.PIECEWISE_BEZIER_KNOTS.);
#3851 = CARTESIAN_POINT('',(-19.67379602288,-22.88986407689));
#3852 = CARTESIAN_POINT('',(-18.79668090871,-20.020949809));
#3853 = ( GEOMETRIC_REPRESENTATION_CONTEXT(2) 
PARAMETRIC_REPRESENTATION_CONTEXT() REPRESENTATION_CONTEXT('2D SPACE',''
  ) );
#3854 = PCURVE('',#3855,#3860);
#3855 = PLANE('',#3856);
#3856 = AXIS2_PLACEMENT_3D('',#3857,#3858,#3859);
#3857 = CARTESIAN_POINT('',(-53.11047522457,42.307572518465,
    22.59431578065));
#3858 = DIRECTION('',(-0.956304755963,-0.292371704723,2.22044604925E-16)
  );
#3859 = DIRECTION('',(-2.123423117257E-16,-6.491955966642E-17,-1.));
#3860 = DEFINITIONAL_REPRESENTATION('',(#3861),#3864);
#3861 = B_SPLINE_CURVE_WITH_KNOTS('',1,(#3862,#3863),.UNSPECIFIED.,.F.,
  .F.,(2,2),(-13.82087358083,-10.82087358083),.PIECEWISE_BEZIER_KNOTS.);
#3862 = CARTESIAN_POINT('',(-3.32568421935,1.7763568394E-15));
#3863 = CARTESIAN_POINT('',(-3.32568421935,-3.));
#3864 = ( GEOMETRIC_REPRESENTATION_CONTEXT(2) 
PARAMETRIC_REPRESENTATION_CONTEXT() REPRESENTATION_CONTEXT('2D SPACE',''
  ) );
#3865 = FACE_BOUND('',#3866,.F.);
#3866 = EDGE_LOOP('',(#3867,#3895,#3921,#3947));
#3867 = ORIENTED_EDGE('',*,*,#3868,.F.);
#3868 = EDGE_CURVE('',#3869,#3871,#3873,.T.);
#3869 = VERTEX_POINT('',#3870);
#3870 = CARTESIAN_POINT('',(-38.95716483632,46.634673748361,25.92));
#3871 = VERTEX_POINT('',#3872);
#3872 = CARTESIAN_POINT('',(-44.5037324209,44.938917860969,25.92));
#3873 = SURFACE_CURVE('',#3874,(#3878,#3884),.PCURVE_S1.);
#3874 = LINE('',#3875,#3876);
#3875 = CARTESIAN_POINT('',(-53.21652756845,42.275149063101,25.92));
#3876 = VECTOR('',#3877,1.);
#3877 = DIRECTION('',(-0.956304755963,-0.292371704723,0.));
#3878 = PCURVE('',#908,#3879);
#3879 = DEFINITIONAL_REPRESENTATION('',(#3880),#3883);
#3880 = B_SPLINE_CURVE_WITH_KNOTS('',1,(#3881,#3882),.UNSPECIFIED.,.F.,
  .F.,(2,2),(-15.91179744069,2.449355976095),.PIECEWISE_BEZIER_KNOTS.);
#3881 = CARTESIAN_POINT('',(-34.78427124746,-18.27012818932));
#3882 = CARTESIAN_POINT('',(-17.22541291002,-23.63840991446));
#3883 = ( GEOMETRIC_REPRESENTATION_CONTEXT(2) 
PARAMETRIC_REPRESENTATION_CONTEXT() REPRESENTATION_CONTEXT('2D SPACE',''
  ) );
#3884 = PCURVE('',#3885,#3890);
#3885 = PLANE('',#3886);
#3886 = AXIS2_PLACEMENT_3D('',#3887,#3888,#3889);
#3887 = CARTESIAN_POINT('',(-41.73044862861,45.786795804665,20.92));
#3888 = DIRECTION('',(0.292371704723,-0.956304755963,0.));
#3889 = DIRECTION('',(-0.478152377982,-0.146185852361,-0.866025403784));
#3890 = DEFINITIONAL_REPRESENTATION('',(#3891),#3894);
#3891 = B_SPLINE_CURVE_WITH_KNOTS('',1,(#3892,#3893),.UNSPECIFIED.,.F.,
  .F.,(2,2),(-15.91179744069,2.449355976095),.PIECEWISE_BEZIER_KNOTS.);
#3892 = CARTESIAN_POINT('',(-6.280576708393,0.87827795977));
#3893 = CARTESIAN_POINT('',(2.9,-15.02294734195));
#3894 = ( GEOMETRIC_REPRESENTATION_CONTEXT(2) 
PARAMETRIC_REPRESENTATION_CONTEXT() REPRESENTATION_CONTEXT('2D SPACE',''
  ) );
#3895 = ORIENTED_EDGE('',*,*,#3896,.F.);
#3896 = EDGE_CURVE('',#3897,#3869,#3899,.T.);
#3897 = VERTEX_POINT('',#3898);
#3898 = CARTESIAN_POINT('',(-39.83427995049,49.50358801625,25.92));
#3899 = SURFACE_CURVE('',#3900,(#3904,#3910),.PCURVE_S1.);
#3900 = LINE('',#3901,#3902);
#3901 = CARTESIAN_POINT('',(-42.9979972059,59.851640885274,25.92));
#3902 = VECTOR('',#3903,1.);
#3903 = DIRECTION('',(0.292371704723,-0.956304755963,0.));
#3904 = PCURVE('',#908,#3905);
#3905 = DEFINITIONAL_REPRESENTATION('',(#3906),#3909);
#3906 = B_SPLINE_CURVE_WITH_KNOTS('',1,(#3907,#3908),.UNSPECIFIED.,.F.,
  .F.,(2,2),(10.820873580831,13.820873580831),.PIECEWISE_BEZIER_KNOTS.);
#3907 = CARTESIAN_POINT('',(-32.94999129697,-15.69384857911));
#3908 = CARTESIAN_POINT('',(-33.82710641114,-18.562762847));
#3909 = ( GEOMETRIC_REPRESENTATION_CONTEXT(2) 
PARAMETRIC_REPRESENTATION_CONTEXT() REPRESENTATION_CONTEXT('2D SPACE',''
  ) );
#3910 = PCURVE('',#3911,#3916);
#3911 = PLANE('',#3912);
#3912 = AXIS2_PLACEMENT_3D('',#3913,#3914,#3915);
#3913 = CARTESIAN_POINT('',(-38.95716483632,46.634673748361,
    19.24568421935));
#3914 = DIRECTION('',(0.956304755963,0.292371704723,0.));
#3915 = DIRECTION('',(0.,0.,1.));
#3916 = DEFINITIONAL_REPRESENTATION('',(#3917),#3920);
#3917 = B_SPLINE_CURVE_WITH_KNOTS('',1,(#3918,#3919),.UNSPECIFIED.,.F.,
  .F.,(2,2),(10.820873580831,13.820873580831),.PIECEWISE_BEZIER_KNOTS.);
#3918 = CARTESIAN_POINT('',(6.67431578065,-3.));
#3919 = CARTESIAN_POINT('',(6.67431578065,0.));
#3920 = ( GEOMETRIC_REPRESENTATION_CONTEXT(2) 
PARAMETRIC_REPRESENTATION_CONTEXT() REPRESENTATION_CONTEXT('2D SPACE',''
  ) );
#3921 = ORIENTED_EDGE('',*,*,#3922,.T.);
#3922 = EDGE_CURVE('',#3897,#3923,#3925,.T.);
#3923 = VERTEX_POINT('',#3924);
#3924 = CARTESIAN_POINT('',(-45.38084753507,47.807832128859,25.92));
#3925 = SURFACE_CURVE('',#3926,(#3930,#3936),.PCURVE_S1.);
#3926 = LINE('',#3927,#3928);
#3927 = CARTESIAN_POINT('',(-54.09364268262,45.14406333099,25.92));
#3928 = VECTOR('',#3929,1.);
#3929 = DIRECTION('',(-0.956304755963,-0.292371704723,0.));
#3930 = PCURVE('',#908,#3931);
#3931 = DEFINITIONAL_REPRESENTATION('',(#3932),#3935);
#3932 = B_SPLINE_CURVE_WITH_KNOTS('',1,(#3933,#3934),.UNSPECIFIED.,.F.,
  .F.,(2,2),(-16.82898948506,2.449355976095),.PIECEWISE_BEZIER_KNOTS.);
#3933 = CARTESIAN_POINT('',(-34.78427124746,-15.13305291986));
#3934 = CARTESIAN_POINT('',(-16.34829779585,-20.76949564657));
#3935 = ( GEOMETRIC_REPRESENTATION_CONTEXT(2) 
PARAMETRIC_REPRESENTATION_CONTEXT() REPRESENTATION_CONTEXT('2D SPACE',''
  ) );
#3936 = PCURVE('',#3937,#3942);
#3937 = PLANE('',#3938);
#3938 = AXIS2_PLACEMENT_3D('',#3939,#3940,#3941);
#3939 = CARTESIAN_POINT('',(-42.60756374278,48.655710072554,20.92));
#3940 = DIRECTION('',(0.292371704723,-0.956304755963,0.));
#3941 = DIRECTION('',(-0.478152377982,-0.146185852361,-0.866025403784));
#3942 = DEFINITIONAL_REPRESENTATION('',(#3943),#3946);
#3943 = B_SPLINE_CURVE_WITH_KNOTS('',1,(#3944,#3945),.UNSPECIFIED.,.F.,
  .F.,(2,2),(-16.82898948506,2.449355976095),.PIECEWISE_BEZIER_KNOTS.);
#3944 = CARTESIAN_POINT('',(-6.739172730581,1.672589570349));
#3945 = CARTESIAN_POINT('',(2.9,-15.02294734195));
#3946 = ( GEOMETRIC_REPRESENTATION_CONTEXT(2) 
PARAMETRIC_REPRESENTATION_CONTEXT() REPRESENTATION_CONTEXT('2D SPACE',''
  ) );
#3947 = ORIENTED_EDGE('',*,*,#3948,.F.);
#3948 = EDGE_CURVE('',#3871,#3923,#3949,.T.);
#3949 = SURFACE_CURVE('',#3950,(#3954,#3960),.PCURVE_S1.);
#3950 = LINE('',#3951,#3952);
#3951 = CARTESIAN_POINT('',(-48.54456479049,58.155884997882,25.92));
#3952 = VECTOR('',#3953,1.);
#3953 = DIRECTION('',(-0.292371704723,0.956304755963,0.));
#3954 = PCURVE('',#908,#3955);
#3955 = DEFINITIONAL_REPRESENTATION('',(#3956),#3959);
#3956 = B_SPLINE_CURVE_WITH_KNOTS('',1,(#3957,#3958),.UNSPECIFIED.,.F.,
  .F.,(2,2),(-13.82087358083,-10.82087358083),.PIECEWISE_BEZIER_KNOTS.);
#3957 = CARTESIAN_POINT('',(-28.28053882655,-20.25851873439));
#3958 = CARTESIAN_POINT('',(-27.40342371238,-17.3896044665));
#3959 = ( GEOMETRIC_REPRESENTATION_CONTEXT(2) 
PARAMETRIC_REPRESENTATION_CONTEXT() REPRESENTATION_CONTEXT('2D SPACE',''
  ) );
#3960 = PCURVE('',#3961,#3966);
#3961 = PLANE('',#3962);
#3962 = AXIS2_PLACEMENT_3D('',#3963,#3964,#3965);
#3963 = CARTESIAN_POINT('',(-44.5037324209,44.938917860969,
    22.59431578065));
#3964 = DIRECTION('',(-0.956304755963,-0.292371704723,2.22044604925E-16)
  );
#3965 = DIRECTION('',(-2.123423117257E-16,-6.491955966642E-17,-1.));
#3966 = DEFINITIONAL_REPRESENTATION('',(#3967),#3970);
#3967 = B_SPLINE_CURVE_WITH_KNOTS('',1,(#3968,#3969),.UNSPECIFIED.,.F.,
  .F.,(2,2),(-13.82087358083,-10.82087358083),.PIECEWISE_BEZIER_KNOTS.);
#3968 = CARTESIAN_POINT('',(-3.32568421935,1.7763568394E-15));
#3969 = CARTESIAN_POINT('',(-3.32568421935,-3.));
#3970 = ( GEOMETRIC_REPRESENTATION_CONTEXT(2) 
PARAMETRIC_REPRESENTATION_CONTEXT() REPRESENTATION_CONTEXT('2D SPACE',''
  ) );
#3971 = ADVANCED_FACE('',(#3972,#4075),#1331,.F.);
#3972 = FACE_BOUND('',#3973,.F.);
#3973 = EDGE_LOOP('',(#3974,#3975,#3998,#4026,#4054));
#3974 = ORIENTED_EDGE('',*,*,#1314,.F.);
#3975 = ORIENTED_EDGE('',*,*,#3976,.T.);
#3976 = EDGE_CURVE('',#1315,#3977,#3979,.T.);
#3977 = VERTEX_POINT('',#3978);
#3978 = CARTESIAN_POINT('',(-47.56390763998,44.003328405857,
    -15.40568421935));
#3979 = SURFACE_CURVE('',#3980,(#3984,#3991),.PCURVE_S1.);
#3980 = LINE('',#3981,#3982);
#3981 = CARTESIAN_POINT('',(-47.56390763998,44.003328405857,-57.08));
#3982 = VECTOR('',#3983,1.);
#3983 = DIRECTION('',(0.,0.,1.));
#3984 = PCURVE('',#1331,#3985);
#3985 = DEFINITIONAL_REPRESENTATION('',(#3986),#3990);
#3986 = LINE('',#3987,#3988);
#3987 = CARTESIAN_POINT('',(33.191016151378,22.511473670975));
#3988 = VECTOR('',#3989,1.);
#3989 = DIRECTION('',(-0.866025403784,-0.5));
#3990 = ( GEOMETRIC_REPRESENTATION_CONTEXT(2) 
PARAMETRIC_REPRESENTATION_CONTEXT() REPRESENTATION_CONTEXT('2D SPACE',''
  ) );
#3991 = PCURVE('',#1357,#3992);
#3992 = DEFINITIONAL_REPRESENTATION('',(#3993),#3997);
#3993 = LINE('',#3994,#3995);
#3994 = CARTESIAN_POINT('',(-38.32568421935,0.));
#3995 = VECTOR('',#3996,1.);
#3996 = DIRECTION('',(1.,0.));
#3997 = ( GEOMETRIC_REPRESENTATION_CONTEXT(2) 
PARAMETRIC_REPRESENTATION_CONTEXT() REPRESENTATION_CONTEXT('2D SPACE',''
  ) );
#3998 = ORIENTED_EDGE('',*,*,#3999,.T.);
#3999 = EDGE_CURVE('',#3977,#4000,#4002,.T.);
#4000 = VERTEX_POINT('',#4001);
#4001 = CARTESIAN_POINT('',(-50.33719143228,43.155450462161,
    -13.7313684387));
#4002 = SURFACE_CURVE('',#4003,(#4007,#4014),.PCURVE_S1.);
#4003 = LINE('',#4004,#4005);
#4004 = CARTESIAN_POINT('',(-47.56390763998,44.003328405857,
    -15.40568421935));
#4005 = VECTOR('',#4006,1.);
#4006 = DIRECTION('',(-0.828184212424,-0.253201323638,0.5));
#4007 = PCURVE('',#1331,#4008);
#4008 = DEFINITIONAL_REPRESENTATION('',(#4009),#4013);
#4009 = LINE('',#4010,#4011);
#4010 = CARTESIAN_POINT('',(-2.9,1.67431578065));
#4011 = VECTOR('',#4012,1.);
#4012 = DIRECTION('',(-2.22044604925E-16,-1.));
#4013 = ( GEOMETRIC_REPRESENTATION_CONTEXT(2) 
PARAMETRIC_REPRESENTATION_CONTEXT() REPRESENTATION_CONTEXT('2D SPACE',''
  ) );
#4014 = PCURVE('',#4015,#4020);
#4015 = PLANE('',#4016);
#4016 = AXIS2_PLACEMENT_3D('',#4017,#4018,#4019);
#4017 = CARTESIAN_POINT('',(-47.56390763998,44.003328405857,
    -15.40568421935));
#4018 = DIRECTION('',(0.478152377982,0.146185852361,0.866025403784));
#4019 = DIRECTION('',(-0.828184212424,-0.253201323638,0.5));
#4020 = DEFINITIONAL_REPRESENTATION('',(#4021),#4025);
#4021 = LINE('',#4022,#4023);
#4022 = CARTESIAN_POINT('',(0.,0.));
#4023 = VECTOR('',#4024,1.);
#4024 = DIRECTION('',(1.,0.));
#4025 = ( GEOMETRIC_REPRESENTATION_CONTEXT(2) 
PARAMETRIC_REPRESENTATION_CONTEXT() REPRESENTATION_CONTEXT('2D SPACE',''
  ) );
#4026 = ORIENTED_EDGE('',*,*,#4027,.T.);
#4027 = EDGE_CURVE('',#4000,#4028,#4030,.T.);
#4028 = VERTEX_POINT('',#4029);
#4029 = CARTESIAN_POINT('',(-53.11047522457,42.307572518465,
    -15.40568421935));
#4030 = SURFACE_CURVE('',#4031,(#4035,#4042),.PCURVE_S1.);
#4031 = LINE('',#4032,#4033);
#4032 = CARTESIAN_POINT('',(-50.33719143228,43.155450462161,
    -13.7313684387));
#4033 = VECTOR('',#4034,1.);
#4034 = DIRECTION('',(-0.828184212424,-0.253201323638,-0.5));
#4035 = PCURVE('',#1331,#4036);
#4036 = DEFINITIONAL_REPRESENTATION('',(#4037),#4041);
#4037 = LINE('',#4038,#4039);
#4038 = CARTESIAN_POINT('',(-2.9,-1.67431578065));
#4039 = VECTOR('',#4040,1.);
#4040 = DIRECTION('',(0.866025403784,-0.5));
#4041 = ( GEOMETRIC_REPRESENTATION_CONTEXT(2) 
PARAMETRIC_REPRESENTATION_CONTEXT() REPRESENTATION_CONTEXT('2D SPACE',''
  ) );
#4042 = PCURVE('',#4043,#4048);
#4043 = PLANE('',#4044);
#4044 = AXIS2_PLACEMENT_3D('',#4045,#4046,#4047);
#4045 = CARTESIAN_POINT('',(-50.33719143228,43.155450462161,
    -13.7313684387));
#4046 = DIRECTION('',(-0.478152377982,-0.146185852361,0.866025403784));
#4047 = DIRECTION('',(-0.828184212424,-0.253201323638,-0.5));
#4048 = DEFINITIONAL_REPRESENTATION('',(#4049),#4053);
#4049 = LINE('',#4050,#4051);
#4050 = CARTESIAN_POINT('',(-0.,0.));
#4051 = VECTOR('',#4052,1.);
#4052 = DIRECTION('',(1.,2.775557561563E-17));
#4053 = ( GEOMETRIC_REPRESENTATION_CONTEXT(2) 
PARAMETRIC_REPRESENTATION_CONTEXT() REPRESENTATION_CONTEXT('2D SPACE',''
  ) );
#4054 = ORIENTED_EDGE('',*,*,#4055,.T.);
#4055 = EDGE_CURVE('',#4028,#1317,#4056,.T.);
#4056 = SURFACE_CURVE('',#4057,(#4061,#4068),.PCURVE_S1.);
#4057 = LINE('',#4058,#4059);
#4058 = CARTESIAN_POINT('',(-53.11047522457,42.307572518465,
    -15.40568421935));
#4059 = VECTOR('',#4060,1.);
#4060 = DIRECTION('',(0.,0.,-1.));
#4061 = PCURVE('',#1331,#4062);
#4062 = DEFINITIONAL_REPRESENTATION('',(#4063),#4067);
#4063 = LINE('',#4064,#4065);
#4064 = CARTESIAN_POINT('',(-1.33226762955E-15,-3.3486315613));
#4065 = VECTOR('',#4066,1.);
#4066 = DIRECTION('',(0.866025403784,0.5));
#4067 = ( GEOMETRIC_REPRESENTATION_CONTEXT(2) 
PARAMETRIC_REPRESENTATION_CONTEXT() REPRESENTATION_CONTEXT('2D SPACE',''
  ) );
#4068 = PCURVE('',#1407,#4069);
#4069 = DEFINITIONAL_REPRESENTATION('',(#4070),#4074);
#4070 = LINE('',#4071,#4072);
#4071 = CARTESIAN_POINT('',(-0.,0.));
#4072 = VECTOR('',#4073,1.);
#4073 = DIRECTION('',(1.,0.));
#4074 = ( GEOMETRIC_REPRESENTATION_CONTEXT(2) 
PARAMETRIC_REPRESENTATION_CONTEXT() REPRESENTATION_CONTEXT('2D SPACE',''
  ) );
#4075 = FACE_BOUND('',#4076,.F.);
#4076 = EDGE_LOOP('',(#4077));
#4077 = ORIENTED_EDGE('',*,*,#4078,.F.);
#4078 = EDGE_CURVE('',#4079,#4079,#4081,.T.);
#4079 = VERTEX_POINT('',#4080);
#4080 = CARTESIAN_POINT('',(-48.71147334714,43.652482360189,-17.08));
#4081 = SURFACE_CURVE('',#4082,(#4087,#4094),.PCURVE_S1.);
#4082 = CIRCLE('',#4083,1.7);
#4083 = AXIS2_PLACEMENT_3D('',#4084,#4085,#4086);
#4084 = CARTESIAN_POINT('',(-50.33719143228,43.155450462161,-17.08));
#4085 = DIRECTION('',(0.292371704723,-0.956304755963,0.));
#4086 = DIRECTION('',(0.956304755963,0.292371704723,0.));
#4087 = PCURVE('',#1331,#4088);
#4088 = DEFINITIONAL_REPRESENTATION('',(#4089),#4093);
#4089 = CIRCLE('',#4090,1.7);
#4090 = AXIS2_PLACEMENT_2D('',#4091,#4092);
#4091 = CARTESIAN_POINT('',(0.,0.));
#4092 = DIRECTION('',(-0.5,0.866025403784));
#4093 = ( GEOMETRIC_REPRESENTATION_CONTEXT(2) 
PARAMETRIC_REPRESENTATION_CONTEXT() REPRESENTATION_CONTEXT('2D SPACE',''
  ) );
#4094 = PCURVE('',#4095,#4100);
#4095 = CYLINDRICAL_SURFACE('',#4096,1.7);
#4096 = AXIS2_PLACEMENT_3D('',#4097,#4098,#4099);
#4097 = CARTESIAN_POINT('',(-49.02151876103,38.852079060327,-17.08));
#4098 = DIRECTION('',(0.292371704723,-0.956304755963,0.));
#4099 = DIRECTION('',(0.956304755963,0.292371704723,0.));
#4100 = DEFINITIONAL_REPRESENTATION('',(#4101),#4105);
#4101 = LINE('',#4102,#4103);
#4102 = CARTESIAN_POINT('',(0.,-4.5));
#4103 = VECTOR('',#4104,1.);
#4104 = DIRECTION('',(1.,0.));
#4105 = ( GEOMETRIC_REPRESENTATION_CONTEXT(2) 
PARAMETRIC_REPRESENTATION_CONTEXT() REPRESENTATION_CONTEXT('2D SPACE',''
  ) );
#4106 = ADVANCED_FACE('',(#4107),#1357,.F.);
#4107 = FACE_BOUND('',#4108,.F.);
#4108 = EDGE_LOOP('',(#4109,#4110,#4111,#4134));
#4109 = ORIENTED_EDGE('',*,*,#3976,.F.);
#4110 = ORIENTED_EDGE('',*,*,#1342,.F.);
#4111 = ORIENTED_EDGE('',*,*,#4112,.T.);
#4112 = EDGE_CURVE('',#1343,#4113,#4115,.T.);
#4113 = VERTEX_POINT('',#4114);
#4114 = CARTESIAN_POINT('',(-48.44102275415,46.872242673746,
    -15.40568421935));
#4115 = SURFACE_CURVE('',#4116,(#4120,#4127),.PCURVE_S1.);
#4116 = LINE('',#4117,#4118);
#4117 = CARTESIAN_POINT('',(-48.44102275415,46.872242673746,-57.08));
#4118 = VECTOR('',#4119,1.);
#4119 = DIRECTION('',(0.,0.,1.));
#4120 = PCURVE('',#1357,#4121);
#4121 = DEFINITIONAL_REPRESENTATION('',(#4122),#4126);
#4122 = LINE('',#4123,#4124);
#4123 = CARTESIAN_POINT('',(-38.32568421935,-3.));
#4124 = VECTOR('',#4125,1.);
#4125 = DIRECTION('',(1.,0.));
#4126 = ( GEOMETRIC_REPRESENTATION_CONTEXT(2) 
PARAMETRIC_REPRESENTATION_CONTEXT() REPRESENTATION_CONTEXT('2D SPACE',''
  ) );
#4127 = PCURVE('',#1383,#4128);
#4128 = DEFINITIONAL_REPRESENTATION('',(#4129),#4133);
#4129 = LINE('',#4130,#4131);
#4130 = CARTESIAN_POINT('',(33.191016151378,22.511473670975));
#4131 = VECTOR('',#4132,1.);
#4132 = DIRECTION('',(-0.866025403784,-0.5));
#4133 = ( GEOMETRIC_REPRESENTATION_CONTEXT(2) 
PARAMETRIC_REPRESENTATION_CONTEXT() REPRESENTATION_CONTEXT('2D SPACE',''
  ) );
#4134 = ORIENTED_EDGE('',*,*,#4135,.F.);
#4135 = EDGE_CURVE('',#3977,#4113,#4136,.T.);
#4136 = SURFACE_CURVE('',#4137,(#4141,#4148),.PCURVE_S1.);
#4137 = LINE('',#4138,#4139);
#4138 = CARTESIAN_POINT('',(-47.56390763998,44.003328405857,
    -15.40568421935));
#4139 = VECTOR('',#4140,1.);
#4140 = DIRECTION('',(-0.292371704723,0.956304755963,0.));
#4141 = PCURVE('',#1357,#4142);
#4142 = DEFINITIONAL_REPRESENTATION('',(#4143),#4147);
#4143 = LINE('',#4144,#4145);
#4144 = CARTESIAN_POINT('',(3.3486315613,0.));
#4145 = VECTOR('',#4146,1.);
#4146 = DIRECTION('',(0.,-1.));
#4147 = ( GEOMETRIC_REPRESENTATION_CONTEXT(2) 
PARAMETRIC_REPRESENTATION_CONTEXT() REPRESENTATION_CONTEXT('2D SPACE',''
  ) );
#4148 = PCURVE('',#4015,#4149);
#4149 = DEFINITIONAL_REPRESENTATION('',(#4150),#4154);
#4150 = LINE('',#4151,#4152);
#4151 = CARTESIAN_POINT('',(0.,0.));
#4152 = VECTOR('',#4153,1.);
#4153 = DIRECTION('',(0.,-1.));
#4154 = ( GEOMETRIC_REPRESENTATION_CONTEXT(2) 
PARAMETRIC_REPRESENTATION_CONTEXT() REPRESENTATION_CONTEXT('2D SPACE',''
  ) );
#4155 = ADVANCED_FACE('',(#4156),#1407,.F.);
#4156 = FACE_BOUND('',#4157,.F.);
#4157 = EDGE_LOOP('',(#4158,#4159,#4182,#4203));
#4158 = ORIENTED_EDGE('',*,*,#4055,.F.);
#4159 = ORIENTED_EDGE('',*,*,#4160,.T.);
#4160 = EDGE_CURVE('',#4028,#4161,#4163,.T.);
#4161 = VERTEX_POINT('',#4162);
#4162 = CARTESIAN_POINT('',(-53.98759033874,45.176486786354,
    -15.40568421935));
#4163 = SURFACE_CURVE('',#4164,(#4168,#4175),.PCURVE_S1.);
#4164 = LINE('',#4165,#4166);
#4165 = CARTESIAN_POINT('',(-53.11047522457,42.307572518465,
    -15.40568421935));
#4166 = VECTOR('',#4167,1.);
#4167 = DIRECTION('',(-0.292371704723,0.956304755963,0.));
#4168 = PCURVE('',#1407,#4169);
#4169 = DEFINITIONAL_REPRESENTATION('',(#4170),#4174);
#4170 = LINE('',#4171,#4172);
#4171 = CARTESIAN_POINT('',(-0.,0.));
#4172 = VECTOR('',#4173,1.);
#4173 = DIRECTION('',(0.,-1.));
#4174 = ( GEOMETRIC_REPRESENTATION_CONTEXT(2) 
PARAMETRIC_REPRESENTATION_CONTEXT() REPRESENTATION_CONTEXT('2D SPACE',''
  ) );
#4175 = PCURVE('',#4043,#4176);
#4176 = DEFINITIONAL_REPRESENTATION('',(#4177),#4181);
#4177 = LINE('',#4178,#4179);
#4178 = CARTESIAN_POINT('',(3.3486315613,-1.7763568394E-15));
#4179 = VECTOR('',#4180,1.);
#4180 = DIRECTION('',(-2.775557561563E-17,-1.));
#4181 = ( GEOMETRIC_REPRESENTATION_CONTEXT(2) 
PARAMETRIC_REPRESENTATION_CONTEXT() REPRESENTATION_CONTEXT('2D SPACE',''
  ) );
#4182 = ORIENTED_EDGE('',*,*,#4183,.T.);
#4183 = EDGE_CURVE('',#4161,#1369,#4184,.T.);
#4184 = SURFACE_CURVE('',#4185,(#4189,#4196),.PCURVE_S1.);
#4185 = LINE('',#4186,#4187);
#4186 = CARTESIAN_POINT('',(-53.98759033874,45.176486786354,
    -15.40568421935));
#4187 = VECTOR('',#4188,1.);
#4188 = DIRECTION('',(0.,0.,-1.));
#4189 = PCURVE('',#1407,#4190);
#4190 = DEFINITIONAL_REPRESENTATION('',(#4191),#4195);
#4191 = LINE('',#4192,#4193);
#4192 = CARTESIAN_POINT('',(2.218671295934E-31,-3.));
#4193 = VECTOR('',#4194,1.);
#4194 = DIRECTION('',(1.,0.));
#4195 = ( GEOMETRIC_REPRESENTATION_CONTEXT(2) 
PARAMETRIC_REPRESENTATION_CONTEXT() REPRESENTATION_CONTEXT('2D SPACE',''
  ) );
#4196 = PCURVE('',#1383,#4197);
#4197 = DEFINITIONAL_REPRESENTATION('',(#4198),#4202);
#4198 = LINE('',#4199,#4200);
#4199 = CARTESIAN_POINT('',(-1.33226762955E-15,-3.3486315613));
#4200 = VECTOR('',#4201,1.);
#4201 = DIRECTION('',(0.866025403784,0.5));
#4202 = ( GEOMETRIC_REPRESENTATION_CONTEXT(2) 
PARAMETRIC_REPRESENTATION_CONTEXT() REPRESENTATION_CONTEXT('2D SPACE',''
  ) );
#4203 = ORIENTED_EDGE('',*,*,#1394,.F.);
#4204 = ADVANCED_FACE('',(#4205,#4254),#1383,.T.);
#4205 = FACE_BOUND('',#4206,.T.);
#4206 = EDGE_LOOP('',(#4207,#4208,#4209,#4232,#4253));
#4207 = ORIENTED_EDGE('',*,*,#1368,.F.);
#4208 = ORIENTED_EDGE('',*,*,#4112,.T.);
#4209 = ORIENTED_EDGE('',*,*,#4210,.T.);
#4210 = EDGE_CURVE('',#4113,#4211,#4213,.T.);
#4211 = VERTEX_POINT('',#4212);
#4212 = CARTESIAN_POINT('',(-51.21430654645,46.02436473005,
    -13.7313684387));
#4213 = SURFACE_CURVE('',#4214,(#4218,#4225),.PCURVE_S1.);
#4214 = LINE('',#4215,#4216);
#4215 = CARTESIAN_POINT('',(-48.44102275415,46.872242673746,
    -15.40568421935));
#4216 = VECTOR('',#4217,1.);
#4217 = DIRECTION('',(-0.828184212424,-0.253201323638,0.5));
#4218 = PCURVE('',#1383,#4219);
#4219 = DEFINITIONAL_REPRESENTATION('',(#4220),#4224);
#4220 = LINE('',#4221,#4222);
#4221 = CARTESIAN_POINT('',(-2.9,1.67431578065));
#4222 = VECTOR('',#4223,1.);
#4223 = DIRECTION('',(-2.22044604925E-16,-1.));
#4224 = ( GEOMETRIC_REPRESENTATION_CONTEXT(2) 
PARAMETRIC_REPRESENTATION_CONTEXT() REPRESENTATION_CONTEXT('2D SPACE',''
  ) );
#4225 = PCURVE('',#4015,#4226);
#4226 = DEFINITIONAL_REPRESENTATION('',(#4227),#4231);
#4227 = LINE('',#4228,#4229);
#4228 = CARTESIAN_POINT('',(7.771561172376E-16,-3.));
#4229 = VECTOR('',#4230,1.);
#4230 = DIRECTION('',(1.,0.));
#4231 = ( GEOMETRIC_REPRESENTATION_CONTEXT(2) 
PARAMETRIC_REPRESENTATION_CONTEXT() REPRESENTATION_CONTEXT('2D SPACE',''
  ) );
#4232 = ORIENTED_EDGE('',*,*,#4233,.T.);
#4233 = EDGE_CURVE('',#4211,#4161,#4234,.T.);
#4234 = SURFACE_CURVE('',#4235,(#4239,#4246),.PCURVE_S1.);
#4235 = LINE('',#4236,#4237);
#4236 = CARTESIAN_POINT('',(-51.21430654645,46.02436473005,
    -13.7313684387));
#4237 = VECTOR('',#4238,1.);
#4238 = DIRECTION('',(-0.828184212424,-0.253201323638,-0.5));
#4239 = PCURVE('',#1383,#4240);
#4240 = DEFINITIONAL_REPRESENTATION('',(#4241),#4245);
#4241 = LINE('',#4242,#4243);
#4242 = CARTESIAN_POINT('',(-2.9,-1.67431578065));
#4243 = VECTOR('',#4244,1.);
#4244 = DIRECTION('',(0.866025403784,-0.5));
#4245 = ( GEOMETRIC_REPRESENTATION_CONTEXT(2) 
PARAMETRIC_REPRESENTATION_CONTEXT() REPRESENTATION_CONTEXT('2D SPACE',''
  ) );
#4246 = PCURVE('',#4043,#4247);
#4247 = DEFINITIONAL_REPRESENTATION('',(#4248),#4252);
#4248 = LINE('',#4249,#4250);
#4249 = CARTESIAN_POINT('',(7.771561172376E-16,-3.));
#4250 = VECTOR('',#4251,1.);
#4251 = DIRECTION('',(1.,2.775557561563E-17));
#4252 = ( GEOMETRIC_REPRESENTATION_CONTEXT(2) 
PARAMETRIC_REPRESENTATION_CONTEXT() REPRESENTATION_CONTEXT('2D SPACE',''
  ) );
#4253 = ORIENTED_EDGE('',*,*,#4183,.T.);
#4254 = FACE_BOUND('',#4255,.T.);
#4255 = EDGE_LOOP('',(#4256));
#4256 = ORIENTED_EDGE('',*,*,#4257,.F.);
#4257 = EDGE_CURVE('',#4258,#4258,#4260,.T.);
#4258 = VERTEX_POINT('',#4259);
#4259 = CARTESIAN_POINT('',(-49.58858846131,46.521396628078,-17.08));
#4260 = SURFACE_CURVE('',#4261,(#4266,#4273),.PCURVE_S1.);
#4261 = CIRCLE('',#4262,1.7);
#4262 = AXIS2_PLACEMENT_3D('',#4263,#4264,#4265);
#4263 = CARTESIAN_POINT('',(-51.21430654645,46.02436473005,-17.08));
#4264 = DIRECTION('',(0.292371704723,-0.956304755963,0.));
#4265 = DIRECTION('',(0.956304755963,0.292371704723,0.));
#4266 = PCURVE('',#1383,#4267);
#4267 = DEFINITIONAL_REPRESENTATION('',(#4268),#4272);
#4268 = CIRCLE('',#4269,1.7);
#4269 = AXIS2_PLACEMENT_2D('',#4270,#4271);
#4270 = CARTESIAN_POINT('',(0.,0.));
#4271 = DIRECTION('',(-0.5,0.866025403784));
#4272 = ( GEOMETRIC_REPRESENTATION_CONTEXT(2) 
PARAMETRIC_REPRESENTATION_CONTEXT() REPRESENTATION_CONTEXT('2D SPACE',''
  ) );
#4273 = PCURVE('',#3414,#4274);
#4274 = DEFINITIONAL_REPRESENTATION('',(#4275),#4279);
#4275 = LINE('',#4276,#4277);
#4276 = CARTESIAN_POINT('',(0.,-7.5));
#4277 = VECTOR('',#4278,1.);
#4278 = DIRECTION('',(1.,0.));
#4279 = ( GEOMETRIC_REPRESENTATION_CONTEXT(2) 
PARAMETRIC_REPRESENTATION_CONTEXT() REPRESENTATION_CONTEXT('2D SPACE',''
  ) );
#4280 = ADVANCED_FACE('',(#4281,#4384),#1437,.F.);
#4281 = FACE_BOUND('',#4282,.F.);
#4282 = EDGE_LOOP('',(#4283,#4284,#4307,#4335,#4363));
#4283 = ORIENTED_EDGE('',*,*,#1420,.F.);
#4284 = ORIENTED_EDGE('',*,*,#4285,.T.);
#4285 = EDGE_CURVE('',#1421,#4286,#4288,.T.);
#4286 = VERTEX_POINT('',#4287);
#4287 = CARTESIAN_POINT('',(-38.95716483632,46.634673748361,
    -15.40568421935));
#4288 = SURFACE_CURVE('',#4289,(#4293,#4300),.PCURVE_S1.);
#4289 = LINE('',#4290,#4291);
#4290 = CARTESIAN_POINT('',(-38.95716483632,46.634673748361,-57.08));
#4291 = VECTOR('',#4292,1.);
#4292 = DIRECTION('',(0.,0.,1.));
#4293 = PCURVE('',#1437,#4294);
#4294 = DEFINITIONAL_REPRESENTATION('',(#4295),#4299);
#4295 = LINE('',#4296,#4297);
#4296 = CARTESIAN_POINT('',(33.191016151378,22.511473670975));
#4297 = VECTOR('',#4298,1.);
#4298 = DIRECTION('',(-0.866025403784,-0.5));
#4299 = ( GEOMETRIC_REPRESENTATION_CONTEXT(2) 
PARAMETRIC_REPRESENTATION_CONTEXT() REPRESENTATION_CONTEXT('2D SPACE',''
  ) );
#4300 = PCURVE('',#1463,#4301);
#4301 = DEFINITIONAL_REPRESENTATION('',(#4302),#4306);
#4302 = LINE('',#4303,#4304);
#4303 = CARTESIAN_POINT('',(-38.32568421935,0.));
#4304 = VECTOR('',#4305,1.);
#4305 = DIRECTION('',(1.,0.));
#4306 = ( GEOMETRIC_REPRESENTATION_CONTEXT(2) 
PARAMETRIC_REPRESENTATION_CONTEXT() REPRESENTATION_CONTEXT('2D SPACE',''
  ) );
#4307 = ORIENTED_EDGE('',*,*,#4308,.T.);
#4308 = EDGE_CURVE('',#4286,#4309,#4311,.T.);
#4309 = VERTEX_POINT('',#4310);
#4310 = CARTESIAN_POINT('',(-41.73044862861,45.786795804665,
    -13.7313684387));
#4311 = SURFACE_CURVE('',#4312,(#4316,#4323),.PCURVE_S1.);
#4312 = LINE('',#4313,#4314);
#4313 = CARTESIAN_POINT('',(-38.95716483632,46.634673748361,
    -15.40568421935));
#4314 = VECTOR('',#4315,1.);
#4315 = DIRECTION('',(-0.828184212424,-0.253201323638,0.5));
#4316 = PCURVE('',#1437,#4317);
#4317 = DEFINITIONAL_REPRESENTATION('',(#4318),#4322);
#4318 = LINE('',#4319,#4320);
#4319 = CARTESIAN_POINT('',(-2.9,1.67431578065));
#4320 = VECTOR('',#4321,1.);
#4321 = DIRECTION('',(-2.22044604925E-16,-1.));
#4322 = ( GEOMETRIC_REPRESENTATION_CONTEXT(2) 
PARAMETRIC_REPRESENTATION_CONTEXT() REPRESENTATION_CONTEXT('2D SPACE',''
  ) );
#4323 = PCURVE('',#4324,#4329);
#4324 = PLANE('',#4325);
#4325 = AXIS2_PLACEMENT_3D('',#4326,#4327,#4328);
#4326 = CARTESIAN_POINT('',(-38.95716483632,46.634673748361,
    -15.40568421935));
#4327 = DIRECTION('',(0.478152377982,0.146185852361,0.866025403784));
#4328 = DIRECTION('',(-0.828184212424,-0.253201323638,0.5));
#4329 = DEFINITIONAL_REPRESENTATION('',(#4330),#4334);
#4330 = LINE('',#4331,#4332);
#4331 = CARTESIAN_POINT('',(0.,0.));
#4332 = VECTOR('',#4333,1.);
#4333 = DIRECTION('',(1.,0.));
#4334 = ( GEOMETRIC_REPRESENTATION_CONTEXT(2) 
PARAMETRIC_REPRESENTATION_CONTEXT() REPRESENTATION_CONTEXT('2D SPACE',''
  ) );
#4335 = ORIENTED_EDGE('',*,*,#4336,.T.);
#4336 = EDGE_CURVE('',#4309,#4337,#4339,.T.);
#4337 = VERTEX_POINT('',#4338);
#4338 = CARTESIAN_POINT('',(-44.5037324209,44.938917860969,
    -15.40568421935));
#4339 = SURFACE_CURVE('',#4340,(#4344,#4351),.PCURVE_S1.);
#4340 = LINE('',#4341,#4342);
#4341 = CARTESIAN_POINT('',(-41.73044862861,45.786795804665,
    -13.7313684387));
#4342 = VECTOR('',#4343,1.);
#4343 = DIRECTION('',(-0.828184212424,-0.253201323638,-0.5));
#4344 = PCURVE('',#1437,#4345);
#4345 = DEFINITIONAL_REPRESENTATION('',(#4346),#4350);
#4346 = LINE('',#4347,#4348);
#4347 = CARTESIAN_POINT('',(-2.9,-1.67431578065));
#4348 = VECTOR('',#4349,1.);
#4349 = DIRECTION('',(0.866025403784,-0.5));
#4350 = ( GEOMETRIC_REPRESENTATION_CONTEXT(2) 
PARAMETRIC_REPRESENTATION_CONTEXT() REPRESENTATION_CONTEXT('2D SPACE',''
  ) );
#4351 = PCURVE('',#4352,#4357);
#4352 = PLANE('',#4353);
#4353 = AXIS2_PLACEMENT_3D('',#4354,#4355,#4356);
#4354 = CARTESIAN_POINT('',(-41.73044862861,45.786795804665,
    -13.7313684387));
#4355 = DIRECTION('',(-0.478152377982,-0.146185852361,0.866025403784));
#4356 = DIRECTION('',(-0.828184212424,-0.253201323638,-0.5));
#4357 = DEFINITIONAL_REPRESENTATION('',(#4358),#4362);
#4358 = LINE('',#4359,#4360);
#4359 = CARTESIAN_POINT('',(-0.,0.));
#4360 = VECTOR('',#4361,1.);
#4361 = DIRECTION('',(1.,2.775557561563E-17));
#4362 = ( GEOMETRIC_REPRESENTATION_CONTEXT(2) 
PARAMETRIC_REPRESENTATION_CONTEXT() REPRESENTATION_CONTEXT('2D SPACE',''
  ) );
#4363 = ORIENTED_EDGE('',*,*,#4364,.T.);
#4364 = EDGE_CURVE('',#4337,#1423,#4365,.T.);
#4365 = SURFACE_CURVE('',#4366,(#4370,#4377),.PCURVE_S1.);
#4366 = LINE('',#4367,#4368);
#4367 = CARTESIAN_POINT('',(-44.5037324209,44.938917860969,
    -15.40568421935));
#4368 = VECTOR('',#4369,1.);
#4369 = DIRECTION('',(0.,0.,-1.));
#4370 = PCURVE('',#1437,#4371);
#4371 = DEFINITIONAL_REPRESENTATION('',(#4372),#4376);
#4372 = LINE('',#4373,#4374);
#4373 = CARTESIAN_POINT('',(-1.33226762955E-15,-3.3486315613));
#4374 = VECTOR('',#4375,1.);
#4375 = DIRECTION('',(0.866025403784,0.5));
#4376 = ( GEOMETRIC_REPRESENTATION_CONTEXT(2) 
PARAMETRIC_REPRESENTATION_CONTEXT() REPRESENTATION_CONTEXT('2D SPACE',''
  ) );
#4377 = PCURVE('',#1513,#4378);
#4378 = DEFINITIONAL_REPRESENTATION('',(#4379),#4383);
#4379 = LINE('',#4380,#4381);
#4380 = CARTESIAN_POINT('',(-0.,0.));
#4381 = VECTOR('',#4382,1.);
#4382 = DIRECTION('',(1.,0.));
#4383 = ( GEOMETRIC_REPRESENTATION_CONTEXT(2) 
PARAMETRIC_REPRESENTATION_CONTEXT() REPRESENTATION_CONTEXT('2D SPACE',''
  ) );
#4384 = FACE_BOUND('',#4385,.F.);
#4385 = EDGE_LOOP('',(#4386));
#4386 = ORIENTED_EDGE('',*,*,#4387,.F.);
#4387 = EDGE_CURVE('',#4388,#4388,#4390,.T.);
#4388 = VERTEX_POINT('',#4389);
#4389 = CARTESIAN_POINT('',(-40.10473054347,46.283827702694,-17.08));
#4390 = SURFACE_CURVE('',#4391,(#4396,#4403),.PCURVE_S1.);
#4391 = CIRCLE('',#4392,1.7);
#4392 = AXIS2_PLACEMENT_3D('',#4393,#4394,#4395);
#4393 = CARTESIAN_POINT('',(-41.73044862861,45.786795804665,-17.08));
#4394 = DIRECTION('',(0.292371704723,-0.956304755963,0.));
#4395 = DIRECTION('',(0.956304755963,0.292371704723,0.));
#4396 = PCURVE('',#1437,#4397);
#4397 = DEFINITIONAL_REPRESENTATION('',(#4398),#4402);
#4398 = CIRCLE('',#4399,1.7);
#4399 = AXIS2_PLACEMENT_2D('',#4400,#4401);
#4400 = CARTESIAN_POINT('',(0.,0.));
#4401 = DIRECTION('',(-0.5,0.866025403784));
#4402 = ( GEOMETRIC_REPRESENTATION_CONTEXT(2) 
PARAMETRIC_REPRESENTATION_CONTEXT() REPRESENTATION_CONTEXT('2D SPACE',''
  ) );
#4403 = PCURVE('',#4404,#4409);
#4404 = CYLINDRICAL_SURFACE('',#4405,1.7);
#4405 = AXIS2_PLACEMENT_3D('',#4406,#4407,#4408);
#4406 = CARTESIAN_POINT('',(-40.41477595736,41.483424402832,-17.08));
#4407 = DIRECTION('',(0.292371704723,-0.956304755963,0.));
#4408 = DIRECTION('',(0.956304755963,0.292371704723,0.));
#4409 = DEFINITIONAL_REPRESENTATION('',(#4410),#4414);
#4410 = LINE('',#4411,#4412);
#4411 = CARTESIAN_POINT('',(0.,-4.5));
#4412 = VECTOR('',#4413,1.);
#4413 = DIRECTION('',(1.,0.));
#4414 = ( GEOMETRIC_REPRESENTATION_CONTEXT(2) 
PARAMETRIC_REPRESENTATION_CONTEXT() REPRESENTATION_CONTEXT('2D SPACE',''
  ) );
#4415 = ADVANCED_FACE('',(#4416),#1513,.F.);
#4416 = FACE_BOUND('',#4417,.F.);
#4417 = EDGE_LOOP('',(#4418,#4419,#4442,#4463));
#4418 = ORIENTED_EDGE('',*,*,#4364,.F.);
#4419 = ORIENTED_EDGE('',*,*,#4420,.T.);
#4420 = EDGE_CURVE('',#4337,#4421,#4423,.T.);
#4421 = VERTEX_POINT('',#4422);
#4422 = CARTESIAN_POINT('',(-45.38084753507,47.807832128859,
    -15.40568421935));
#4423 = SURFACE_CURVE('',#4424,(#4428,#4435),.PCURVE_S1.);
#4424 = LINE('',#4425,#4426);
#4425 = CARTESIAN_POINT('',(-44.5037324209,44.938917860969,
    -15.40568421935));
#4426 = VECTOR('',#4427,1.);
#4427 = DIRECTION('',(-0.292371704723,0.956304755963,0.));
#4428 = PCURVE('',#1513,#4429);
#4429 = DEFINITIONAL_REPRESENTATION('',(#4430),#4434);
#4430 = LINE('',#4431,#4432);
#4431 = CARTESIAN_POINT('',(-0.,0.));
#4432 = VECTOR('',#4433,1.);
#4433 = DIRECTION('',(0.,-1.));
#4434 = ( GEOMETRIC_REPRESENTATION_CONTEXT(2) 
PARAMETRIC_REPRESENTATION_CONTEXT() REPRESENTATION_CONTEXT('2D SPACE',''
  ) );
#4435 = PCURVE('',#4352,#4436);
#4436 = DEFINITIONAL_REPRESENTATION('',(#4437),#4441);
#4437 = LINE('',#4438,#4439);
#4438 = CARTESIAN_POINT('',(3.3486315613,-1.7763568394E-15));
#4439 = VECTOR('',#4440,1.);
#4440 = DIRECTION('',(-2.775557561563E-17,-1.));
#4441 = ( GEOMETRIC_REPRESENTATION_CONTEXT(2) 
PARAMETRIC_REPRESENTATION_CONTEXT() REPRESENTATION_CONTEXT('2D SPACE',''
  ) );
#4442 = ORIENTED_EDGE('',*,*,#4443,.T.);
#4443 = EDGE_CURVE('',#4421,#1475,#4444,.T.);
#4444 = SURFACE_CURVE('',#4445,(#4449,#4456),.PCURVE_S1.);
#4445 = LINE('',#4446,#4447);
#4446 = CARTESIAN_POINT('',(-45.38084753507,47.807832128859,
    -15.40568421935));
#4447 = VECTOR('',#4448,1.);
#4448 = DIRECTION('',(0.,0.,-1.));
#4449 = PCURVE('',#1513,#4450);
#4450 = DEFINITIONAL_REPRESENTATION('',(#4451),#4455);
#4451 = LINE('',#4452,#4453);
#4452 = CARTESIAN_POINT('',(2.218671295934E-31,-3.));
#4453 = VECTOR('',#4454,1.);
#4454 = DIRECTION('',(1.,0.));
#4455 = ( GEOMETRIC_REPRESENTATION_CONTEXT(2) 
PARAMETRIC_REPRESENTATION_CONTEXT() REPRESENTATION_CONTEXT('2D SPACE',''
  ) );
#4456 = PCURVE('',#1489,#4457);
#4457 = DEFINITIONAL_REPRESENTATION('',(#4458),#4462);
#4458 = LINE('',#4459,#4460);
#4459 = CARTESIAN_POINT('',(-1.33226762955E-15,-3.3486315613));
#4460 = VECTOR('',#4461,1.);
#4461 = DIRECTION('',(0.866025403784,0.5));
#4462 = ( GEOMETRIC_REPRESENTATION_CONTEXT(2) 
PARAMETRIC_REPRESENTATION_CONTEXT() REPRESENTATION_CONTEXT('2D SPACE',''
  ) );
#4463 = ORIENTED_EDGE('',*,*,#1500,.F.);
#4464 = ADVANCED_FACE('',(#4465,#4536),#1489,.T.);
#4465 = FACE_BOUND('',#4466,.T.);
#4466 = EDGE_LOOP('',(#4467,#4468,#4491,#4514,#4535));
#4467 = ORIENTED_EDGE('',*,*,#1474,.F.);
#4468 = ORIENTED_EDGE('',*,*,#4469,.T.);
#4469 = EDGE_CURVE('',#1449,#4470,#4472,.T.);
#4470 = VERTEX_POINT('',#4471);
#4471 = CARTESIAN_POINT('',(-39.83427995049,49.50358801625,
    -15.40568421935));
#4472 = SURFACE_CURVE('',#4473,(#4477,#4484),.PCURVE_S1.);
#4473 = LINE('',#4474,#4475);
#4474 = CARTESIAN_POINT('',(-39.83427995049,49.50358801625,-57.08));
#4475 = VECTOR('',#4476,1.);
#4476 = DIRECTION('',(0.,0.,1.));
#4477 = PCURVE('',#1489,#4478);
#4478 = DEFINITIONAL_REPRESENTATION('',(#4479),#4483);
#4479 = LINE('',#4480,#4481);
#4480 = CARTESIAN_POINT('',(33.191016151378,22.511473670975));
#4481 = VECTOR('',#4482,1.);
#4482 = DIRECTION('',(-0.866025403784,-0.5));
#4483 = ( GEOMETRIC_REPRESENTATION_CONTEXT(2) 
PARAMETRIC_REPRESENTATION_CONTEXT() REPRESENTATION_CONTEXT('2D SPACE',''
  ) );
#4484 = PCURVE('',#1463,#4485);
#4485 = DEFINITIONAL_REPRESENTATION('',(#4486),#4490);
#4486 = LINE('',#4487,#4488);
#4487 = CARTESIAN_POINT('',(-38.32568421935,-3.));
#4488 = VECTOR('',#4489,1.);
#4489 = DIRECTION('',(1.,0.));
#4490 = ( GEOMETRIC_REPRESENTATION_CONTEXT(2) 
PARAMETRIC_REPRESENTATION_CONTEXT() REPRESENTATION_CONTEXT('2D SPACE',''
  ) );
#4491 = ORIENTED_EDGE('',*,*,#4492,.T.);
#4492 = EDGE_CURVE('',#4470,#4493,#4495,.T.);
#4493 = VERTEX_POINT('',#4494);
#4494 = CARTESIAN_POINT('',(-42.60756374278,48.655710072554,
    -13.7313684387));
#4495 = SURFACE_CURVE('',#4496,(#4500,#4507),.PCURVE_S1.);
#4496 = LINE('',#4497,#4498);
#4497 = CARTESIAN_POINT('',(-39.83427995049,49.50358801625,
    -15.40568421935));
#4498 = VECTOR('',#4499,1.);
#4499 = DIRECTION('',(-0.828184212424,-0.253201323638,0.5));
#4500 = PCURVE('',#1489,#4501);
#4501 = DEFINITIONAL_REPRESENTATION('',(#4502),#4506);
#4502 = LINE('',#4503,#4504);
#4503 = CARTESIAN_POINT('',(-2.9,1.67431578065));
#4504 = VECTOR('',#4505,1.);
#4505 = DIRECTION('',(-2.22044604925E-16,-1.));
#4506 = ( GEOMETRIC_REPRESENTATION_CONTEXT(2) 
PARAMETRIC_REPRESENTATION_CONTEXT() REPRESENTATION_CONTEXT('2D SPACE',''
  ) );
#4507 = PCURVE('',#4324,#4508);
#4508 = DEFINITIONAL_REPRESENTATION('',(#4509),#4513);
#4509 = LINE('',#4510,#4511);
#4510 = CARTESIAN_POINT('',(7.771561172376E-16,-3.));
#4511 = VECTOR('',#4512,1.);
#4512 = DIRECTION('',(1.,0.));
#4513 = ( GEOMETRIC_REPRESENTATION_CONTEXT(2) 
PARAMETRIC_REPRESENTATION_CONTEXT() REPRESENTATION_CONTEXT('2D SPACE',''
  ) );
#4514 = ORIENTED_EDGE('',*,*,#4515,.T.);
#4515 = EDGE_CURVE('',#4493,#4421,#4516,.T.);
#4516 = SURFACE_CURVE('',#4517,(#4521,#4528),.PCURVE_S1.);
#4517 = LINE('',#4518,#4519);
#4518 = CARTESIAN_POINT('',(-42.60756374278,48.655710072554,
    -13.7313684387));
#4519 = VECTOR('',#4520,1.);
#4520 = DIRECTION('',(-0.828184212424,-0.253201323638,-0.5));
#4521 = PCURVE('',#1489,#4522);
#4522 = DEFINITIONAL_REPRESENTATION('',(#4523),#4527);
#4523 = LINE('',#4524,#4525);
#4524 = CARTESIAN_POINT('',(-2.9,-1.67431578065));
#4525 = VECTOR('',#4526,1.);
#4526 = DIRECTION('',(0.866025403784,-0.5));
#4527 = ( GEOMETRIC_REPRESENTATION_CONTEXT(2) 
PARAMETRIC_REPRESENTATION_CONTEXT() REPRESENTATION_CONTEXT('2D SPACE',''
  ) );
#4528 = PCURVE('',#4352,#4529);
#4529 = DEFINITIONAL_REPRESENTATION('',(#4530),#4534);
#4530 = LINE('',#4531,#4532);
#4531 = CARTESIAN_POINT('',(7.771561172376E-16,-3.));
#4532 = VECTOR('',#4533,1.);
#4533 = DIRECTION('',(1.,2.775557561563E-17));
#4534 = ( GEOMETRIC_REPRESENTATION_CONTEXT(2) 
PARAMETRIC_REPRESENTATION_CONTEXT() REPRESENTATION_CONTEXT('2D SPACE',''
  ) );
#4535 = ORIENTED_EDGE('',*,*,#4443,.T.);
#4536 = FACE_BOUND('',#4537,.T.);
#4537 = EDGE_LOOP('',(#4538));
#4538 = ORIENTED_EDGE('',*,*,#4539,.F.);
#4539 = EDGE_CURVE('',#4540,#4540,#4542,.T.);
#4540 = VERTEX_POINT('',#4541);
#4541 = CARTESIAN_POINT('',(-40.98184565764,49.152741970583,-17.08));
#4542 = SURFACE_CURVE('',#4543,(#4548,#4555),.PCURVE_S1.);
#4543 = CIRCLE('',#4544,1.7);
#4544 = AXIS2_PLACEMENT_3D('',#4545,#4546,#4547);
#4545 = CARTESIAN_POINT('',(-42.60756374278,48.655710072554,-17.08));
#4546 = DIRECTION('',(0.292371704723,-0.956304755963,0.));
#4547 = DIRECTION('',(0.956304755963,0.292371704723,0.));
#4548 = PCURVE('',#1489,#4549);
#4549 = DEFINITIONAL_REPRESENTATION('',(#4550),#4554);
#4550 = CIRCLE('',#4551,1.7);
#4551 = AXIS2_PLACEMENT_2D('',#4552,#4553);
#4552 = CARTESIAN_POINT('',(0.,0.));
#4553 = DIRECTION('',(-0.5,0.866025403784));
#4554 = ( GEOMETRIC_REPRESENTATION_CONTEXT(2) 
PARAMETRIC_REPRESENTATION_CONTEXT() REPRESENTATION_CONTEXT('2D SPACE',''
  ) );
#4555 = PCURVE('',#3484,#4556);
#4556 = DEFINITIONAL_REPRESENTATION('',(#4557),#4561);
#4557 = LINE('',#4558,#4559);
#4558 = CARTESIAN_POINT('',(0.,-7.5));
#4559 = VECTOR('',#4560,1.);
#4560 = DIRECTION('',(1.,0.));
#4561 = ( GEOMETRIC_REPRESENTATION_CONTEXT(2) 
PARAMETRIC_REPRESENTATION_CONTEXT() REPRESENTATION_CONTEXT('2D SPACE',''
  ) );
#4562 = ADVANCED_FACE('',(#4563),#1463,.F.);
#4563 = FACE_BOUND('',#4564,.F.);
#4564 = EDGE_LOOP('',(#4565,#4566,#4567,#4568));
#4565 = ORIENTED_EDGE('',*,*,#4285,.F.);
#4566 = ORIENTED_EDGE('',*,*,#1448,.F.);
#4567 = ORIENTED_EDGE('',*,*,#4469,.T.);
#4568 = ORIENTED_EDGE('',*,*,#4569,.F.);
#4569 = EDGE_CURVE('',#4286,#4470,#4570,.T.);
#4570 = SURFACE_CURVE('',#4571,(#4575,#4582),.PCURVE_S1.);
#4571 = LINE('',#4572,#4573);
#4572 = CARTESIAN_POINT('',(-38.95716483632,46.634673748361,
    -15.40568421935));
#4573 = VECTOR('',#4574,1.);
#4574 = DIRECTION('',(-0.292371704723,0.956304755963,0.));
#4575 = PCURVE('',#1463,#4576);
#4576 = DEFINITIONAL_REPRESENTATION('',(#4577),#4581);
#4577 = LINE('',#4578,#4579);
#4578 = CARTESIAN_POINT('',(3.3486315613,0.));
#4579 = VECTOR('',#4580,1.);
#4580 = DIRECTION('',(0.,-1.));
#4581 = ( GEOMETRIC_REPRESENTATION_CONTEXT(2) 
PARAMETRIC_REPRESENTATION_CONTEXT() REPRESENTATION_CONTEXT('2D SPACE',''
  ) );
#4582 = PCURVE('',#4324,#4583);
#4583 = DEFINITIONAL_REPRESENTATION('',(#4584),#4588);
#4584 = LINE('',#4585,#4586);
#4585 = CARTESIAN_POINT('',(0.,0.));
#4586 = VECTOR('',#4587,1.);
#4587 = DIRECTION('',(0.,-1.));
#4588 = ( GEOMETRIC_REPRESENTATION_CONTEXT(2) 
PARAMETRIC_REPRESENTATION_CONTEXT() REPRESENTATION_CONTEXT('2D SPACE',''
  ) );
#4589 = ADVANCED_FACE('',(#4590),#1592,.T.);
#4590 = FACE_BOUND('',#4591,.T.);
#4591 = EDGE_LOOP('',(#4592,#4593,#4616,#4644));
#4592 = ORIENTED_EDGE('',*,*,#1575,.T.);
#4593 = ORIENTED_EDGE('',*,*,#4594,.T.);
#4594 = EDGE_CURVE('',#1578,#4595,#4597,.T.);
#4595 = VERTEX_POINT('',#4596);
#4596 = CARTESIAN_POINT('',(-13.91,38.5,43.9186315613));
#4597 = SURFACE_CURVE('',#4598,(#4602,#4609),.PCURVE_S1.);
#4598 = LINE('',#4599,#4600);
#4599 = CARTESIAN_POINT('',(-17.91,38.5,43.9186315613));
#4600 = VECTOR('',#4601,1.);
#4601 = DIRECTION('',(1.,0.,0.));
#4602 = PCURVE('',#1592,#4603);
#4603 = DEFINITIONAL_REPRESENTATION('',(#4604),#4608);
#4604 = LINE('',#4605,#4606);
#4605 = CARTESIAN_POINT('',(0.,0.));
#4606 = VECTOR('',#4607,1.);
#4607 = DIRECTION('',(0.,-1.));
#4608 = ( GEOMETRIC_REPRESENTATION_CONTEXT(2) 
PARAMETRIC_REPRESENTATION_CONTEXT() REPRESENTATION_CONTEXT('2D SPACE',''
  ) );
#4609 = PCURVE('',#1618,#4610);
#4610 = DEFINITIONAL_REPRESENTATION('',(#4611),#4615);
#4611 = LINE('',#4612,#4613);
#4612 = CARTESIAN_POINT('',(3.3486315613,0.));
#4613 = VECTOR('',#4614,1.);
#4614 = DIRECTION('',(0.,-1.));
#4615 = ( GEOMETRIC_REPRESENTATION_CONTEXT(2) 
PARAMETRIC_REPRESENTATION_CONTEXT() REPRESENTATION_CONTEXT('2D SPACE',''
  ) );
#4616 = ORIENTED_EDGE('',*,*,#4617,.T.);
#4617 = EDGE_CURVE('',#4595,#4618,#4620,.T.);
#4618 = VERTEX_POINT('',#4619);
#4619 = CARTESIAN_POINT('',(-13.91,35.6,42.24431578065));
#4620 = SURFACE_CURVE('',#4621,(#4625,#4632),.PCURVE_S1.);
#4621 = LINE('',#4622,#4623);
#4622 = CARTESIAN_POINT('',(-13.91,38.5,43.9186315613));
#4623 = VECTOR('',#4624,1.);
#4624 = DIRECTION('',(0.,-0.866025403784,-0.5));
#4625 = PCURVE('',#1592,#4626);
#4626 = DEFINITIONAL_REPRESENTATION('',(#4627),#4631);
#4627 = LINE('',#4628,#4629);
#4628 = CARTESIAN_POINT('',(0.,-4.));
#4629 = VECTOR('',#4630,1.);
#4630 = DIRECTION('',(1.,0.));
#4631 = ( GEOMETRIC_REPRESENTATION_CONTEXT(2) 
PARAMETRIC_REPRESENTATION_CONTEXT() REPRESENTATION_CONTEXT('2D SPACE',''
  ) );
#4632 = PCURVE('',#4633,#4638);
#4633 = PLANE('',#4634);
#4634 = AXIS2_PLACEMENT_3D('',#4635,#4636,#4637);
#4635 = CARTESIAN_POINT('',(-13.91,38.5,40.57));
#4636 = DIRECTION('',(1.,0.,0.));
#4637 = DIRECTION('',(0.,-0.5,0.866025403784));
#4638 = DEFINITIONAL_REPRESENTATION('',(#4639),#4643);
#4639 = LINE('',#4640,#4641);
#4640 = CARTESIAN_POINT('',(2.9,-1.67431578065));
#4641 = VECTOR('',#4642,1.);
#4642 = DIRECTION('',(1.665334536938E-16,1.));
#4643 = ( GEOMETRIC_REPRESENTATION_CONTEXT(2) 
PARAMETRIC_REPRESENTATION_CONTEXT() REPRESENTATION_CONTEXT('2D SPACE',''
  ) );
#4644 = ORIENTED_EDGE('',*,*,#4645,.F.);
#4645 = EDGE_CURVE('',#1576,#4618,#4646,.T.);
#4646 = SURFACE_CURVE('',#4647,(#4651,#4658),.PCURVE_S1.);
#4647 = LINE('',#4648,#4649);
#4648 = CARTESIAN_POINT('',(-17.91,35.6,42.24431578065));
#4649 = VECTOR('',#4650,1.);
#4650 = DIRECTION('',(1.,0.,0.));
#4651 = PCURVE('',#1592,#4652);
#4652 = DEFINITIONAL_REPRESENTATION('',(#4653),#4657);
#4653 = LINE('',#4654,#4655);
#4654 = CARTESIAN_POINT('',(3.3486315613,0.));
#4655 = VECTOR('',#4656,1.);
#4656 = DIRECTION('',(0.,-1.));
#4657 = ( GEOMETRIC_REPRESENTATION_CONTEXT(2) 
PARAMETRIC_REPRESENTATION_CONTEXT() REPRESENTATION_CONTEXT('2D SPACE',''
  ) );
#4658 = PCURVE('',#1720,#4659);
#4659 = DEFINITIONAL_REPRESENTATION('',(#4660),#4664);
#4660 = LINE('',#4661,#4662);
#4661 = CARTESIAN_POINT('',(0.,0.));
#4662 = VECTOR('',#4663,1.);
#4663 = DIRECTION('',(0.,-1.));
#4664 = ( GEOMETRIC_REPRESENTATION_CONTEXT(2) 
PARAMETRIC_REPRESENTATION_CONTEXT() REPRESENTATION_CONTEXT('2D SPACE',''
  ) );
#4665 = ADVANCED_FACE('',(#4666),#1720,.T.);
#4666 = FACE_BOUND('',#4667,.T.);
#4667 = EDGE_LOOP('',(#4668,#4669,#4670,#4693));
#4668 = ORIENTED_EDGE('',*,*,#1707,.T.);
#4669 = ORIENTED_EDGE('',*,*,#4645,.T.);
#4670 = ORIENTED_EDGE('',*,*,#4671,.T.);
#4671 = EDGE_CURVE('',#4618,#4672,#4674,.T.);
#4672 = VERTEX_POINT('',#4673);
#4673 = CARTESIAN_POINT('',(-13.91,35.6,38.89568421935));
#4674 = SURFACE_CURVE('',#4675,(#4679,#4686),.PCURVE_S1.);
#4675 = LINE('',#4676,#4677);
#4676 = CARTESIAN_POINT('',(-13.91,35.6,42.24431578065));
#4677 = VECTOR('',#4678,1.);
#4678 = DIRECTION('',(0.,-2.775557561563E-16,-1.));
#4679 = PCURVE('',#1720,#4680);
#4680 = DEFINITIONAL_REPRESENTATION('',(#4681),#4685);
#4681 = LINE('',#4682,#4683);
#4682 = CARTESIAN_POINT('',(0.,-4.));
#4683 = VECTOR('',#4684,1.);
#4684 = DIRECTION('',(1.,-0.));
#4685 = ( GEOMETRIC_REPRESENTATION_CONTEXT(2) 
PARAMETRIC_REPRESENTATION_CONTEXT() REPRESENTATION_CONTEXT('2D SPACE',''
  ) );
#4686 = PCURVE('',#4633,#4687);
#4687 = DEFINITIONAL_REPRESENTATION('',(#4688),#4692);
#4688 = LINE('',#4689,#4690);
#4689 = CARTESIAN_POINT('',(2.9,1.67431578065));
#4690 = VECTOR('',#4691,1.);
#4691 = DIRECTION('',(-0.866025403784,0.5));
#4692 = ( GEOMETRIC_REPRESENTATION_CONTEXT(2) 
PARAMETRIC_REPRESENTATION_CONTEXT() REPRESENTATION_CONTEXT('2D SPACE',''
  ) );
#4693 = ORIENTED_EDGE('',*,*,#4694,.F.);
#4694 = EDGE_CURVE('',#1682,#4672,#4695,.T.);
#4695 = SURFACE_CURVE('',#4696,(#4700,#4707),.PCURVE_S1.);
#4696 = LINE('',#4697,#4698);
#4697 = CARTESIAN_POINT('',(-17.91,35.6,38.89568421935));
#4698 = VECTOR('',#4699,1.);
#4699 = DIRECTION('',(1.,0.,0.));
#4700 = PCURVE('',#1720,#4701);
#4701 = DEFINITIONAL_REPRESENTATION('',(#4702),#4706);
#4702 = LINE('',#4703,#4704);
#4703 = CARTESIAN_POINT('',(3.3486315613,0.));
#4704 = VECTOR('',#4705,1.);
#4705 = DIRECTION('',(0.,-1.));
#4706 = ( GEOMETRIC_REPRESENTATION_CONTEXT(2) 
PARAMETRIC_REPRESENTATION_CONTEXT() REPRESENTATION_CONTEXT('2D SPACE',''
  ) );
#4707 = PCURVE('',#1696,#4708);
#4708 = DEFINITIONAL_REPRESENTATION('',(#4709),#4713);
#4709 = LINE('',#4710,#4711);
#4710 = CARTESIAN_POINT('',(0.,0.));
#4711 = VECTOR('',#4712,1.);
#4712 = DIRECTION('',(0.,-1.));
#4713 = ( GEOMETRIC_REPRESENTATION_CONTEXT(2) 
PARAMETRIC_REPRESENTATION_CONTEXT() REPRESENTATION_CONTEXT('2D SPACE',''
  ) );
#4714 = ADVANCED_FACE('',(#4715),#1696,.T.);
#4715 = FACE_BOUND('',#4716,.T.);
#4716 = EDGE_LOOP('',(#4717,#4718,#4719,#4742));
#4717 = ORIENTED_EDGE('',*,*,#1681,.T.);
#4718 = ORIENTED_EDGE('',*,*,#4694,.T.);
#4719 = ORIENTED_EDGE('',*,*,#4720,.T.);
#4720 = EDGE_CURVE('',#4672,#4721,#4723,.T.);
#4721 = VERTEX_POINT('',#4722);
#4722 = CARTESIAN_POINT('',(-13.91,38.5,37.2213684387));
#4723 = SURFACE_CURVE('',#4724,(#4728,#4735),.PCURVE_S1.);
#4724 = LINE('',#4725,#4726);
#4725 = CARTESIAN_POINT('',(-13.91,35.6,38.89568421935));
#4726 = VECTOR('',#4727,1.);
#4727 = DIRECTION('',(0.,0.866025403784,-0.5));
#4728 = PCURVE('',#1696,#4729);
#4729 = DEFINITIONAL_REPRESENTATION('',(#4730),#4734);
#4730 = LINE('',#4731,#4732);
#4731 = CARTESIAN_POINT('',(0.,-4.));
#4732 = VECTOR('',#4733,1.);
#4733 = DIRECTION('',(1.,0.));
#4734 = ( GEOMETRIC_REPRESENTATION_CONTEXT(2) 
PARAMETRIC_REPRESENTATION_CONTEXT() REPRESENTATION_CONTEXT('2D SPACE',''
  ) );
#4735 = PCURVE('',#4633,#4736);
#4736 = DEFINITIONAL_REPRESENTATION('',(#4737),#4741);
#4737 = LINE('',#4738,#4739);
#4738 = CARTESIAN_POINT('',(6.661338147751E-16,3.3486315613));
#4739 = VECTOR('',#4740,1.);
#4740 = DIRECTION('',(-0.866025403784,-0.5));
#4741 = ( GEOMETRIC_REPRESENTATION_CONTEXT(2) 
PARAMETRIC_REPRESENTATION_CONTEXT() REPRESENTATION_CONTEXT('2D SPACE',''
  ) );
#4742 = ORIENTED_EDGE('',*,*,#4743,.F.);
#4743 = EDGE_CURVE('',#1656,#4721,#4744,.T.);
#4744 = SURFACE_CURVE('',#4745,(#4749,#4756),.PCURVE_S1.);
#4745 = LINE('',#4746,#4747);
#4746 = CARTESIAN_POINT('',(-17.91,38.5,37.2213684387));
#4747 = VECTOR('',#4748,1.);
#4748 = DIRECTION('',(1.,0.,0.));
#4749 = PCURVE('',#1696,#4750);
#4750 = DEFINITIONAL_REPRESENTATION('',(#4751),#4755);
#4751 = LINE('',#4752,#4753);
#4752 = CARTESIAN_POINT('',(3.3486315613,0.));
#4753 = VECTOR('',#4754,1.);
#4754 = DIRECTION('',(0.,-1.));
#4755 = ( GEOMETRIC_REPRESENTATION_CONTEXT(2) 
PARAMETRIC_REPRESENTATION_CONTEXT() REPRESENTATION_CONTEXT('2D SPACE',''
  ) );
#4756 = PCURVE('',#1670,#4757);
#4757 = DEFINITIONAL_REPRESENTATION('',(#4758),#4762);
#4758 = LINE('',#4759,#4760);
#4759 = CARTESIAN_POINT('',(0.,0.));
#4760 = VECTOR('',#4761,1.);
#4761 = DIRECTION('',(0.,-1.));
#4762 = ( GEOMETRIC_REPRESENTATION_CONTEXT(2) 
PARAMETRIC_REPRESENTATION_CONTEXT() REPRESENTATION_CONTEXT('2D SPACE',''
  ) );
#4763 = ADVANCED_FACE('',(#4764),#1670,.T.);
#4764 = FACE_BOUND('',#4765,.T.);
#4765 = EDGE_LOOP('',(#4766,#4767,#4768,#4791));
#4766 = ORIENTED_EDGE('',*,*,#1655,.T.);
#4767 = ORIENTED_EDGE('',*,*,#4743,.T.);
#4768 = ORIENTED_EDGE('',*,*,#4769,.T.);
#4769 = EDGE_CURVE('',#4721,#4770,#4772,.T.);
#4770 = VERTEX_POINT('',#4771);
#4771 = CARTESIAN_POINT('',(-13.91,41.4,38.89568421935));
#4772 = SURFACE_CURVE('',#4773,(#4777,#4784),.PCURVE_S1.);
#4773 = LINE('',#4774,#4775);
#4774 = CARTESIAN_POINT('',(-13.91,38.5,37.2213684387));
#4775 = VECTOR('',#4776,1.);
#4776 = DIRECTION('',(0.,0.866025403784,0.5));
#4777 = PCURVE('',#1670,#4778);
#4778 = DEFINITIONAL_REPRESENTATION('',(#4779),#4783);
#4779 = LINE('',#4780,#4781);
#4780 = CARTESIAN_POINT('',(0.,-4.));
#4781 = VECTOR('',#4782,1.);
#4782 = DIRECTION('',(1.,0.));
#4783 = ( GEOMETRIC_REPRESENTATION_CONTEXT(2) 
PARAMETRIC_REPRESENTATION_CONTEXT() REPRESENTATION_CONTEXT('2D SPACE',''
  ) );
#4784 = PCURVE('',#4633,#4785);
#4785 = DEFINITIONAL_REPRESENTATION('',(#4786),#4790);
#4786 = LINE('',#4787,#4788);
#4787 = CARTESIAN_POINT('',(-2.9,1.67431578065));
#4788 = VECTOR('',#4789,1.);
#4789 = DIRECTION('',(-6.661338147751E-16,-1.));
#4790 = ( GEOMETRIC_REPRESENTATION_CONTEXT(2) 
PARAMETRIC_REPRESENTATION_CONTEXT() REPRESENTATION_CONTEXT('2D SPACE',''
  ) );
#4791 = ORIENTED_EDGE('',*,*,#4792,.F.);
#4792 = EDGE_CURVE('',#1630,#4770,#4793,.T.);
#4793 = SURFACE_CURVE('',#4794,(#4798,#4805),.PCURVE_S1.);
#4794 = LINE('',#4795,#4796);
#4795 = CARTESIAN_POINT('',(-17.91,41.4,38.89568421935));
#4796 = VECTOR('',#4797,1.);
#4797 = DIRECTION('',(1.,0.,0.));
#4798 = PCURVE('',#1670,#4799);
#4799 = DEFINITIONAL_REPRESENTATION('',(#4800),#4804);
#4800 = LINE('',#4801,#4802);
#4801 = CARTESIAN_POINT('',(3.3486315613,0.));
#4802 = VECTOR('',#4803,1.);
#4803 = DIRECTION('',(0.,-1.));
#4804 = ( GEOMETRIC_REPRESENTATION_CONTEXT(2) 
PARAMETRIC_REPRESENTATION_CONTEXT() REPRESENTATION_CONTEXT('2D SPACE',''
  ) );
#4805 = PCURVE('',#1644,#4806);
#4806 = DEFINITIONAL_REPRESENTATION('',(#4807),#4811);
#4807 = LINE('',#4808,#4809);
#4808 = CARTESIAN_POINT('',(0.,0.));
#4809 = VECTOR('',#4810,1.);
#4810 = DIRECTION('',(0.,-1.));
#4811 = ( GEOMETRIC_REPRESENTATION_CONTEXT(2) 
PARAMETRIC_REPRESENTATION_CONTEXT() REPRESENTATION_CONTEXT('2D SPACE',''
  ) );
#4812 = ADVANCED_FACE('',(#4813),#1644,.T.);
#4813 = FACE_BOUND('',#4814,.T.);
#4814 = EDGE_LOOP('',(#4815,#4816,#4817,#4840));
#4815 = ORIENTED_EDGE('',*,*,#1629,.T.);
#4816 = ORIENTED_EDGE('',*,*,#4792,.T.);
#4817 = ORIENTED_EDGE('',*,*,#4818,.T.);
#4818 = EDGE_CURVE('',#4770,#4819,#4821,.T.);
#4819 = VERTEX_POINT('',#4820);
#4820 = CARTESIAN_POINT('',(-13.91,41.4,42.24431578065));
#4821 = SURFACE_CURVE('',#4822,(#4826,#4833),.PCURVE_S1.);
#4822 = LINE('',#4823,#4824);
#4823 = CARTESIAN_POINT('',(-13.91,41.4,38.89568421935));
#4824 = VECTOR('',#4825,1.);
#4825 = DIRECTION('',(0.,4.440892098501E-16,1.));
#4826 = PCURVE('',#1644,#4827);
#4827 = DEFINITIONAL_REPRESENTATION('',(#4828),#4832);
#4828 = LINE('',#4829,#4830);
#4829 = CARTESIAN_POINT('',(0.,-4.));
#4830 = VECTOR('',#4831,1.);
#4831 = DIRECTION('',(1.,0.));
#4832 = ( GEOMETRIC_REPRESENTATION_CONTEXT(2) 
PARAMETRIC_REPRESENTATION_CONTEXT() REPRESENTATION_CONTEXT('2D SPACE',''
  ) );
#4833 = PCURVE('',#4633,#4834);
#4834 = DEFINITIONAL_REPRESENTATION('',(#4835),#4839);
#4835 = LINE('',#4836,#4837);
#4836 = CARTESIAN_POINT('',(-2.9,-1.67431578065));
#4837 = VECTOR('',#4838,1.);
#4838 = DIRECTION('',(0.866025403784,-0.5));
#4839 = ( GEOMETRIC_REPRESENTATION_CONTEXT(2) 
PARAMETRIC_REPRESENTATION_CONTEXT() REPRESENTATION_CONTEXT('2D SPACE',''
  ) );
#4840 = ORIENTED_EDGE('',*,*,#4841,.F.);
#4841 = EDGE_CURVE('',#1604,#4819,#4842,.T.);
#4842 = SURFACE_CURVE('',#4843,(#4847,#4854),.PCURVE_S1.);
#4843 = LINE('',#4844,#4845);
#4844 = CARTESIAN_POINT('',(-17.91,41.4,42.24431578065));
#4845 = VECTOR('',#4846,1.);
#4846 = DIRECTION('',(1.,0.,0.));
#4847 = PCURVE('',#1644,#4848);
#4848 = DEFINITIONAL_REPRESENTATION('',(#4849),#4853);
#4849 = LINE('',#4850,#4851);
#4850 = CARTESIAN_POINT('',(3.3486315613,0.));
#4851 = VECTOR('',#4852,1.);
#4852 = DIRECTION('',(0.,-1.));
#4853 = ( GEOMETRIC_REPRESENTATION_CONTEXT(2) 
PARAMETRIC_REPRESENTATION_CONTEXT() REPRESENTATION_CONTEXT('2D SPACE',''
  ) );
#4854 = PCURVE('',#1618,#4855);
#4855 = DEFINITIONAL_REPRESENTATION('',(#4856),#4860);
#4856 = LINE('',#4857,#4858);
#4857 = CARTESIAN_POINT('',(0.,0.));
#4858 = VECTOR('',#4859,1.);
#4859 = DIRECTION('',(0.,-1.));
#4860 = ( GEOMETRIC_REPRESENTATION_CONTEXT(2) 
PARAMETRIC_REPRESENTATION_CONTEXT() REPRESENTATION_CONTEXT('2D SPACE',''
  ) );
#4861 = ADVANCED_FACE('',(#4862),#1618,.T.);
#4862 = FACE_BOUND('',#4863,.T.);
#4863 = EDGE_LOOP('',(#4864,#4865,#4866,#4887));
#4864 = ORIENTED_EDGE('',*,*,#1603,.T.);
#4865 = ORIENTED_EDGE('',*,*,#4841,.T.);
#4866 = ORIENTED_EDGE('',*,*,#4867,.T.);
#4867 = EDGE_CURVE('',#4819,#4595,#4868,.T.);
#4868 = SURFACE_CURVE('',#4869,(#4873,#4880),.PCURVE_S1.);
#4869 = LINE('',#4870,#4871);
#4870 = CARTESIAN_POINT('',(-13.91,41.4,42.24431578065));
#4871 = VECTOR('',#4872,1.);
#4872 = DIRECTION('',(0.,-0.866025403784,0.5));
#4873 = PCURVE('',#1618,#4874);
#4874 = DEFINITIONAL_REPRESENTATION('',(#4875),#4879);
#4875 = LINE('',#4876,#4877);
#4876 = CARTESIAN_POINT('',(0.,-4.));
#4877 = VECTOR('',#4878,1.);
#4878 = DIRECTION('',(1.,0.));
#4879 = ( GEOMETRIC_REPRESENTATION_CONTEXT(2) 
PARAMETRIC_REPRESENTATION_CONTEXT() REPRESENTATION_CONTEXT('2D SPACE',''
  ) );
#4880 = PCURVE('',#4633,#4881);
#4881 = DEFINITIONAL_REPRESENTATION('',(#4882),#4886);
#4882 = LINE('',#4883,#4884);
#4883 = CARTESIAN_POINT('',(-6.661338147751E-16,-3.3486315613));
#4884 = VECTOR('',#4885,1.);
#4885 = DIRECTION('',(0.866025403784,0.5));
#4886 = ( GEOMETRIC_REPRESENTATION_CONTEXT(2) 
PARAMETRIC_REPRESENTATION_CONTEXT() REPRESENTATION_CONTEXT('2D SPACE',''
  ) );
#4887 = ORIENTED_EDGE('',*,*,#4594,.F.);
#4888 = ADVANCED_FACE('',(#4889),#1750,.T.);
#4889 = FACE_BOUND('',#4890,.T.);
#4890 = EDGE_LOOP('',(#4891,#4892,#4915,#4943));
#4891 = ORIENTED_EDGE('',*,*,#1733,.T.);
#4892 = ORIENTED_EDGE('',*,*,#4893,.T.);
#4893 = EDGE_CURVE('',#1736,#4894,#4896,.T.);
#4894 = VERTEX_POINT('',#4895);
#4895 = CARTESIAN_POINT('',(-13.91,22.,43.9186315613));
#4896 = SURFACE_CURVE('',#4897,(#4901,#4908),.PCURVE_S1.);
#4897 = LINE('',#4898,#4899);
#4898 = CARTESIAN_POINT('',(-17.91,22.,43.9186315613));
#4899 = VECTOR('',#4900,1.);
#4900 = DIRECTION('',(1.,0.,0.));
#4901 = PCURVE('',#1750,#4902);
#4902 = DEFINITIONAL_REPRESENTATION('',(#4903),#4907);
#4903 = LINE('',#4904,#4905);
#4904 = CARTESIAN_POINT('',(0.,0.));
#4905 = VECTOR('',#4906,1.);
#4906 = DIRECTION('',(0.,-1.));
#4907 = ( GEOMETRIC_REPRESENTATION_CONTEXT(2) 
PARAMETRIC_REPRESENTATION_CONTEXT() REPRESENTATION_CONTEXT('2D SPACE',''
  ) );
#4908 = PCURVE('',#1776,#4909);
#4909 = DEFINITIONAL_REPRESENTATION('',(#4910),#4914);
#4910 = LINE('',#4911,#4912);
#4911 = CARTESIAN_POINT('',(3.3486315613,0.));
#4912 = VECTOR('',#4913,1.);
#4913 = DIRECTION('',(0.,-1.));
#4914 = ( GEOMETRIC_REPRESENTATION_CONTEXT(2) 
PARAMETRIC_REPRESENTATION_CONTEXT() REPRESENTATION_CONTEXT('2D SPACE',''
  ) );
#4915 = ORIENTED_EDGE('',*,*,#4916,.T.);
#4916 = EDGE_CURVE('',#4894,#4917,#4919,.T.);
#4917 = VERTEX_POINT('',#4918);
#4918 = CARTESIAN_POINT('',(-13.91,19.1,42.24431578065));
#4919 = SURFACE_CURVE('',#4920,(#4924,#4931),.PCURVE_S1.);
#4920 = LINE('',#4921,#4922);
#4921 = CARTESIAN_POINT('',(-13.91,22.,43.9186315613));
#4922 = VECTOR('',#4923,1.);
#4923 = DIRECTION('',(0.,-0.866025403784,-0.5));
#4924 = PCURVE('',#1750,#4925);
#4925 = DEFINITIONAL_REPRESENTATION('',(#4926),#4930);
#4926 = LINE('',#4927,#4928);
#4927 = CARTESIAN_POINT('',(0.,-4.));
#4928 = VECTOR('',#4929,1.);
#4929 = DIRECTION('',(1.,0.));
#4930 = ( GEOMETRIC_REPRESENTATION_CONTEXT(2) 
PARAMETRIC_REPRESENTATION_CONTEXT() REPRESENTATION_CONTEXT('2D SPACE',''
  ) );
#4931 = PCURVE('',#4932,#4937);
#4932 = PLANE('',#4933);
#4933 = AXIS2_PLACEMENT_3D('',#4934,#4935,#4936);
#4934 = CARTESIAN_POINT('',(-13.91,22.,40.57));
#4935 = DIRECTION('',(1.,0.,0.));
#4936 = DIRECTION('',(0.,-0.5,0.866025403784));
#4937 = DEFINITIONAL_REPRESENTATION('',(#4938),#4942);
#4938 = LINE('',#4939,#4940);
#4939 = CARTESIAN_POINT('',(2.9,-1.67431578065));
#4940 = VECTOR('',#4941,1.);
#4941 = DIRECTION('',(1.665334536938E-16,1.));
#4942 = ( GEOMETRIC_REPRESENTATION_CONTEXT(2) 
PARAMETRIC_REPRESENTATION_CONTEXT() REPRESENTATION_CONTEXT('2D SPACE',''
  ) );
#4943 = ORIENTED_EDGE('',*,*,#4944,.F.);
#4944 = EDGE_CURVE('',#1734,#4917,#4945,.T.);
#4945 = SURFACE_CURVE('',#4946,(#4950,#4957),.PCURVE_S1.);
#4946 = LINE('',#4947,#4948);
#4947 = CARTESIAN_POINT('',(-17.91,19.1,42.24431578065));
#4948 = VECTOR('',#4949,1.);
#4949 = DIRECTION('',(1.,0.,0.));
#4950 = PCURVE('',#1750,#4951);
#4951 = DEFINITIONAL_REPRESENTATION('',(#4952),#4956);
#4952 = LINE('',#4953,#4954);
#4953 = CARTESIAN_POINT('',(3.3486315613,0.));
#4954 = VECTOR('',#4955,1.);
#4955 = DIRECTION('',(0.,-1.));
#4956 = ( GEOMETRIC_REPRESENTATION_CONTEXT(2) 
PARAMETRIC_REPRESENTATION_CONTEXT() REPRESENTATION_CONTEXT('2D SPACE',''
  ) );
#4957 = PCURVE('',#1878,#4958);
#4958 = DEFINITIONAL_REPRESENTATION('',(#4959),#4963);
#4959 = LINE('',#4960,#4961);
#4960 = CARTESIAN_POINT('',(0.,0.));
#4961 = VECTOR('',#4962,1.);
#4962 = DIRECTION('',(0.,-1.));
#4963 = ( GEOMETRIC_REPRESENTATION_CONTEXT(2) 
PARAMETRIC_REPRESENTATION_CONTEXT() REPRESENTATION_CONTEXT('2D SPACE',''
  ) );
#4964 = ADVANCED_FACE('',(#4965),#1878,.T.);
#4965 = FACE_BOUND('',#4966,.T.);
#4966 = EDGE_LOOP('',(#4967,#4968,#4969,#4992));
#4967 = ORIENTED_EDGE('',*,*,#1865,.T.);
#4968 = ORIENTED_EDGE('',*,*,#4944,.T.);
#4969 = ORIENTED_EDGE('',*,*,#4970,.T.);
#4970 = EDGE_CURVE('',#4917,#4971,#4973,.T.);
#4971 = VERTEX_POINT('',#4972);
#4972 = CARTESIAN_POINT('',(-13.91,19.1,38.89568421935));
#4973 = SURFACE_CURVE('',#4974,(#4978,#4985),.PCURVE_S1.);
#4974 = LINE('',#4975,#4976);
#4975 = CARTESIAN_POINT('',(-13.91,19.1,42.24431578065));
#4976 = VECTOR('',#4977,1.);
#4977 = DIRECTION('',(0.,-2.775557561563E-16,-1.));
#4978 = PCURVE('',#1878,#4979);
#4979 = DEFINITIONAL_REPRESENTATION('',(#4980),#4984);
#4980 = LINE('',#4981,#4982);
#4981 = CARTESIAN_POINT('',(0.,-4.));
#4982 = VECTOR('',#4983,1.);
#4983 = DIRECTION('',(1.,-0.));
#4984 = ( GEOMETRIC_REPRESENTATION_CONTEXT(2) 
PARAMETRIC_REPRESENTATION_CONTEXT() REPRESENTATION_CONTEXT('2D SPACE',''
  ) );
#4985 = PCURVE('',#4932,#4986);
#4986 = DEFINITIONAL_REPRESENTATION('',(#4987),#4991);
#4987 = LINE('',#4988,#4989);
#4988 = CARTESIAN_POINT('',(2.9,1.67431578065));
#4989 = VECTOR('',#4990,1.);
#4990 = DIRECTION('',(-0.866025403784,0.5));
#4991 = ( GEOMETRIC_REPRESENTATION_CONTEXT(2) 
PARAMETRIC_REPRESENTATION_CONTEXT() REPRESENTATION_CONTEXT('2D SPACE',''
  ) );
#4992 = ORIENTED_EDGE('',*,*,#4993,.F.);
#4993 = EDGE_CURVE('',#1840,#4971,#4994,.T.);
#4994 = SURFACE_CURVE('',#4995,(#4999,#5006),.PCURVE_S1.);
#4995 = LINE('',#4996,#4997);
#4996 = CARTESIAN_POINT('',(-17.91,19.1,38.89568421935));
#4997 = VECTOR('',#4998,1.);
#4998 = DIRECTION('',(1.,0.,0.));
#4999 = PCURVE('',#1878,#5000);
#5000 = DEFINITIONAL_REPRESENTATION('',(#5001),#5005);
#5001 = LINE('',#5002,#5003);
#5002 = CARTESIAN_POINT('',(3.3486315613,0.));
#5003 = VECTOR('',#5004,1.);
#5004 = DIRECTION('',(0.,-1.));
#5005 = ( GEOMETRIC_REPRESENTATION_CONTEXT(2) 
PARAMETRIC_REPRESENTATION_CONTEXT() REPRESENTATION_CONTEXT('2D SPACE',''
  ) );
#5006 = PCURVE('',#1854,#5007);
#5007 = DEFINITIONAL_REPRESENTATION('',(#5008),#5012);
#5008 = LINE('',#5009,#5010);
#5009 = CARTESIAN_POINT('',(0.,0.));
#5010 = VECTOR('',#5011,1.);
#5011 = DIRECTION('',(0.,-1.));
#5012 = ( GEOMETRIC_REPRESENTATION_CONTEXT(2) 
PARAMETRIC_REPRESENTATION_CONTEXT() REPRESENTATION_CONTEXT('2D SPACE',''
  ) );
#5013 = ADVANCED_FACE('',(#5014),#1776,.T.);
#5014 = FACE_BOUND('',#5015,.T.);
#5015 = EDGE_LOOP('',(#5016,#5017,#5040,#5061));
#5016 = ORIENTED_EDGE('',*,*,#1761,.T.);
#5017 = ORIENTED_EDGE('',*,*,#5018,.T.);
#5018 = EDGE_CURVE('',#1762,#5019,#5021,.T.);
#5019 = VERTEX_POINT('',#5020);
#5020 = CARTESIAN_POINT('',(-13.91,24.9,42.24431578065));
#5021 = SURFACE_CURVE('',#5022,(#5026,#5033),.PCURVE_S1.);
#5022 = LINE('',#5023,#5024);
#5023 = CARTESIAN_POINT('',(-17.91,24.9,42.24431578065));
#5024 = VECTOR('',#5025,1.);
#5025 = DIRECTION('',(1.,0.,0.));
#5026 = PCURVE('',#1776,#5027);
#5027 = DEFINITIONAL_REPRESENTATION('',(#5028),#5032);
#5028 = LINE('',#5029,#5030);
#5029 = CARTESIAN_POINT('',(0.,0.));
#5030 = VECTOR('',#5031,1.);
#5031 = DIRECTION('',(0.,-1.));
#5032 = ( GEOMETRIC_REPRESENTATION_CONTEXT(2) 
PARAMETRIC_REPRESENTATION_CONTEXT() REPRESENTATION_CONTEXT('2D SPACE',''
  ) );
#5033 = PCURVE('',#1802,#5034);
#5034 = DEFINITIONAL_REPRESENTATION('',(#5035),#5039);
#5035 = LINE('',#5036,#5037);
#5036 = CARTESIAN_POINT('',(3.3486315613,0.));
#5037 = VECTOR('',#5038,1.);
#5038 = DIRECTION('',(0.,-1.));
#5039 = ( GEOMETRIC_REPRESENTATION_CONTEXT(2) 
PARAMETRIC_REPRESENTATION_CONTEXT() REPRESENTATION_CONTEXT('2D SPACE',''
  ) );
#5040 = ORIENTED_EDGE('',*,*,#5041,.T.);
#5041 = EDGE_CURVE('',#5019,#4894,#5042,.T.);
#5042 = SURFACE_CURVE('',#5043,(#5047,#5054),.PCURVE_S1.);
#5043 = LINE('',#5044,#5045);
#5044 = CARTESIAN_POINT('',(-13.91,24.9,42.24431578065));
#5045 = VECTOR('',#5046,1.);
#5046 = DIRECTION('',(0.,-0.866025403784,0.5));
#5047 = PCURVE('',#1776,#5048);
#5048 = DEFINITIONAL_REPRESENTATION('',(#5049),#5053);
#5049 = LINE('',#5050,#5051);
#5050 = CARTESIAN_POINT('',(0.,-4.));
#5051 = VECTOR('',#5052,1.);
#5052 = DIRECTION('',(1.,0.));
#5053 = ( GEOMETRIC_REPRESENTATION_CONTEXT(2) 
PARAMETRIC_REPRESENTATION_CONTEXT() REPRESENTATION_CONTEXT('2D SPACE',''
  ) );
#5054 = PCURVE('',#4932,#5055);
#5055 = DEFINITIONAL_REPRESENTATION('',(#5056),#5060);
#5056 = LINE('',#5057,#5058);
#5057 = CARTESIAN_POINT('',(-6.661338147751E-16,-3.3486315613));
#5058 = VECTOR('',#5059,1.);
#5059 = DIRECTION('',(0.866025403784,0.5));
#5060 = ( GEOMETRIC_REPRESENTATION_CONTEXT(2) 
PARAMETRIC_REPRESENTATION_CONTEXT() REPRESENTATION_CONTEXT('2D SPACE',''
  ) );
#5061 = ORIENTED_EDGE('',*,*,#4893,.F.);
#5062 = ADVANCED_FACE('',(#5063),#1854,.T.);
#5063 = FACE_BOUND('',#5064,.T.);
#5064 = EDGE_LOOP('',(#5065,#5066,#5067,#5090));
#5065 = ORIENTED_EDGE('',*,*,#1839,.T.);
#5066 = ORIENTED_EDGE('',*,*,#4993,.T.);
#5067 = ORIENTED_EDGE('',*,*,#5068,.T.);
#5068 = EDGE_CURVE('',#4971,#5069,#5071,.T.);
#5069 = VERTEX_POINT('',#5070);
#5070 = CARTESIAN_POINT('',(-13.91,22.,37.2213684387));
#5071 = SURFACE_CURVE('',#5072,(#5076,#5083),.PCURVE_S1.);
#5072 = LINE('',#5073,#5074);
#5073 = CARTESIAN_POINT('',(-13.91,19.1,38.89568421935));
#5074 = VECTOR('',#5075,1.);
#5075 = DIRECTION('',(0.,0.866025403784,-0.5));
#5076 = PCURVE('',#1854,#5077);
#5077 = DEFINITIONAL_REPRESENTATION('',(#5078),#5082);
#5078 = LINE('',#5079,#5080);
#5079 = CARTESIAN_POINT('',(0.,-4.));
#5080 = VECTOR('',#5081,1.);
#5081 = DIRECTION('',(1.,0.));
#5082 = ( GEOMETRIC_REPRESENTATION_CONTEXT(2) 
PARAMETRIC_REPRESENTATION_CONTEXT() REPRESENTATION_CONTEXT('2D SPACE',''
  ) );
#5083 = PCURVE('',#4932,#5084);
#5084 = DEFINITIONAL_REPRESENTATION('',(#5085),#5089);
#5085 = LINE('',#5086,#5087);
#5086 = CARTESIAN_POINT('',(6.661338147751E-16,3.3486315613));
#5087 = VECTOR('',#5088,1.);
#5088 = DIRECTION('',(-0.866025403784,-0.5));
#5089 = ( GEOMETRIC_REPRESENTATION_CONTEXT(2) 
PARAMETRIC_REPRESENTATION_CONTEXT() REPRESENTATION_CONTEXT('2D SPACE',''
  ) );
#5090 = ORIENTED_EDGE('',*,*,#5091,.F.);
#5091 = EDGE_CURVE('',#1814,#5069,#5092,.T.);
#5092 = SURFACE_CURVE('',#5093,(#5097,#5104),.PCURVE_S1.);
#5093 = LINE('',#5094,#5095);
#5094 = CARTESIAN_POINT('',(-17.91,22.,37.2213684387));
#5095 = VECTOR('',#5096,1.);
#5096 = DIRECTION('',(1.,0.,0.));
#5097 = PCURVE('',#1854,#5098);
#5098 = DEFINITIONAL_REPRESENTATION('',(#5099),#5103);
#5099 = LINE('',#5100,#5101);
#5100 = CARTESIAN_POINT('',(3.3486315613,0.));
#5101 = VECTOR('',#5102,1.);
#5102 = DIRECTION('',(0.,-1.));
#5103 = ( GEOMETRIC_REPRESENTATION_CONTEXT(2) 
PARAMETRIC_REPRESENTATION_CONTEXT() REPRESENTATION_CONTEXT('2D SPACE',''
  ) );
#5104 = PCURVE('',#1828,#5105);
#5105 = DEFINITIONAL_REPRESENTATION('',(#5106),#5110);
#5106 = LINE('',#5107,#5108);
#5107 = CARTESIAN_POINT('',(0.,0.));
#5108 = VECTOR('',#5109,1.);
#5109 = DIRECTION('',(0.,-1.));
#5110 = ( GEOMETRIC_REPRESENTATION_CONTEXT(2) 
PARAMETRIC_REPRESENTATION_CONTEXT() REPRESENTATION_CONTEXT('2D SPACE',''
  ) );
#5111 = ADVANCED_FACE('',(#5112),#1802,.T.);
#5112 = FACE_BOUND('',#5113,.T.);
#5113 = EDGE_LOOP('',(#5114,#5115,#5138,#5159));
#5114 = ORIENTED_EDGE('',*,*,#1787,.T.);
#5115 = ORIENTED_EDGE('',*,*,#5116,.T.);
#5116 = EDGE_CURVE('',#1788,#5117,#5119,.T.);
#5117 = VERTEX_POINT('',#5118);
#5118 = CARTESIAN_POINT('',(-13.91,24.9,38.89568421935));
#5119 = SURFACE_CURVE('',#5120,(#5124,#5131),.PCURVE_S1.);
#5120 = LINE('',#5121,#5122);
#5121 = CARTESIAN_POINT('',(-17.91,24.9,38.89568421935));
#5122 = VECTOR('',#5123,1.);
#5123 = DIRECTION('',(1.,0.,0.));
#5124 = PCURVE('',#1802,#5125);
#5125 = DEFINITIONAL_REPRESENTATION('',(#5126),#5130);
#5126 = LINE('',#5127,#5128);
#5127 = CARTESIAN_POINT('',(0.,0.));
#5128 = VECTOR('',#5129,1.);
#5129 = DIRECTION('',(0.,-1.));
#5130 = ( GEOMETRIC_REPRESENTATION_CONTEXT(2) 
PARAMETRIC_REPRESENTATION_CONTEXT() REPRESENTATION_CONTEXT('2D SPACE',''
  ) );
#5131 = PCURVE('',#1828,#5132);
#5132 = DEFINITIONAL_REPRESENTATION('',(#5133),#5137);
#5133 = LINE('',#5134,#5135);
#5134 = CARTESIAN_POINT('',(3.3486315613,0.));
#5135 = VECTOR('',#5136,1.);
#5136 = DIRECTION('',(0.,-1.));
#5137 = ( GEOMETRIC_REPRESENTATION_CONTEXT(2) 
PARAMETRIC_REPRESENTATION_CONTEXT() REPRESENTATION_CONTEXT('2D SPACE',''
  ) );
#5138 = ORIENTED_EDGE('',*,*,#5139,.T.);
#5139 = EDGE_CURVE('',#5117,#5019,#5140,.T.);
#5140 = SURFACE_CURVE('',#5141,(#5145,#5152),.PCURVE_S1.);
#5141 = LINE('',#5142,#5143);
#5142 = CARTESIAN_POINT('',(-13.91,24.9,38.89568421935));
#5143 = VECTOR('',#5144,1.);
#5144 = DIRECTION('',(0.,4.440892098501E-16,1.));
#5145 = PCURVE('',#1802,#5146);
#5146 = DEFINITIONAL_REPRESENTATION('',(#5147),#5151);
#5147 = LINE('',#5148,#5149);
#5148 = CARTESIAN_POINT('',(0.,-4.));
#5149 = VECTOR('',#5150,1.);
#5150 = DIRECTION('',(1.,0.));
#5151 = ( GEOMETRIC_REPRESENTATION_CONTEXT(2) 
PARAMETRIC_REPRESENTATION_CONTEXT() REPRESENTATION_CONTEXT('2D SPACE',''
  ) );
#5152 = PCURVE('',#4932,#5153);
#5153 = DEFINITIONAL_REPRESENTATION('',(#5154),#5158);
#5154 = LINE('',#5155,#5156);
#5155 = CARTESIAN_POINT('',(-2.9,-1.67431578065));
#5156 = VECTOR('',#5157,1.);
#5157 = DIRECTION('',(0.866025403784,-0.5));
#5158 = ( GEOMETRIC_REPRESENTATION_CONTEXT(2) 
PARAMETRIC_REPRESENTATION_CONTEXT() REPRESENTATION_CONTEXT('2D SPACE',''
  ) );
#5159 = ORIENTED_EDGE('',*,*,#5018,.F.);
#5160 = ADVANCED_FACE('',(#5161),#1828,.T.);
#5161 = FACE_BOUND('',#5162,.T.);
#5162 = EDGE_LOOP('',(#5163,#5164,#5165,#5186));
#5163 = ORIENTED_EDGE('',*,*,#1813,.T.);
#5164 = ORIENTED_EDGE('',*,*,#5091,.T.);
#5165 = ORIENTED_EDGE('',*,*,#5166,.T.);
#5166 = EDGE_CURVE('',#5069,#5117,#5167,.T.);
#5167 = SURFACE_CURVE('',#5168,(#5172,#5179),.PCURVE_S1.);
#5168 = LINE('',#5169,#5170);
#5169 = CARTESIAN_POINT('',(-13.91,22.,37.2213684387));
#5170 = VECTOR('',#5171,1.);
#5171 = DIRECTION('',(0.,0.866025403784,0.5));
#5172 = PCURVE('',#1828,#5173);
#5173 = DEFINITIONAL_REPRESENTATION('',(#5174),#5178);
#5174 = LINE('',#5175,#5176);
#5175 = CARTESIAN_POINT('',(0.,-4.));
#5176 = VECTOR('',#5177,1.);
#5177 = DIRECTION('',(1.,0.));
#5178 = ( GEOMETRIC_REPRESENTATION_CONTEXT(2) 
PARAMETRIC_REPRESENTATION_CONTEXT() REPRESENTATION_CONTEXT('2D SPACE',''
  ) );
#5179 = PCURVE('',#4932,#5180);
#5180 = DEFINITIONAL_REPRESENTATION('',(#5181),#5185);
#5181 = LINE('',#5182,#5183);
#5182 = CARTESIAN_POINT('',(-2.9,1.67431578065));
#5183 = VECTOR('',#5184,1.);
#5184 = DIRECTION('',(-6.661338147751E-16,-1.));
#5185 = ( GEOMETRIC_REPRESENTATION_CONTEXT(2) 
PARAMETRIC_REPRESENTATION_CONTEXT() REPRESENTATION_CONTEXT('2D SPACE',''
  ) );
#5186 = ORIENTED_EDGE('',*,*,#5116,.F.);
#5187 = ADVANCED_FACE('',(#5188),#1951,.F.);
#5188 = FACE_BOUND('',#5189,.F.);
#5189 = EDGE_LOOP('',(#5190,#5191,#5192));
#5190 = ORIENTED_EDGE('',*,*,#2981,.F.);
#5191 = ORIENTED_EDGE('',*,*,#3703,.F.);
#5192 = ORIENTED_EDGE('',*,*,#1937,.T.);
#5193 = ADVANCED_FACE('',(#5194),#2190,.F.);
#5194 = FACE_BOUND('',#5195,.T.);
#5195 = EDGE_LOOP('',(#5196,#5224,#5245,#5246));
#5196 = ORIENTED_EDGE('',*,*,#5197,.T.);
#5197 = EDGE_CURVE('',#5198,#5198,#5200,.T.);
#5198 = VERTEX_POINT('',#5199);
#5199 = CARTESIAN_POINT('',(-13.91,40.2,40.57));
#5200 = SURFACE_CURVE('',#5201,(#5206,#5213),.PCURVE_S1.);
#5201 = CIRCLE('',#5202,1.7);
#5202 = AXIS2_PLACEMENT_3D('',#5203,#5204,#5205);
#5203 = CARTESIAN_POINT('',(-13.91,38.5,40.57));
#5204 = DIRECTION('',(-1.,0.,0.));
#5205 = DIRECTION('',(0.,1.,0.));
#5206 = PCURVE('',#2190,#5207);
#5207 = DEFINITIONAL_REPRESENTATION('',(#5208),#5212);
#5208 = LINE('',#5209,#5210);
#5209 = CARTESIAN_POINT('',(-6.28318530718,-4.));
#5210 = VECTOR('',#5211,1.);
#5211 = DIRECTION('',(1.,-0.));
#5212 = ( GEOMETRIC_REPRESENTATION_CONTEXT(2) 
PARAMETRIC_REPRESENTATION_CONTEXT() REPRESENTATION_CONTEXT('2D SPACE',''
  ) );
#5213 = PCURVE('',#4633,#5214);
#5214 = DEFINITIONAL_REPRESENTATION('',(#5215),#5223);
#5215 = ( BOUNDED_CURVE() B_SPLINE_CURVE(2,(#5216,#5217,#5218,#5219,
#5220,#5221,#5222),.UNSPECIFIED.,.T.,.F.) B_SPLINE_CURVE_WITH_KNOTS((1,2
    ,2,2,2,1),(-2.094395102393,0.,2.094395102393,4.188790204786,
6.28318530718,8.377580409573),.UNSPECIFIED.) CURVE() 
GEOMETRIC_REPRESENTATION_ITEM() RATIONAL_B_SPLINE_CURVE((1.,0.5,1.,0.5,
1.,0.5,1.)) REPRESENTATION_ITEM('') );
#5216 = CARTESIAN_POINT('',(-0.85,-1.472243186434));
#5217 = CARTESIAN_POINT('',(-3.4,-6.661338147751E-16));
#5218 = CARTESIAN_POINT('',(-0.85,1.472243186434));
#5219 = CARTESIAN_POINT('',(1.7,2.944486372867));
#5220 = CARTESIAN_POINT('',(1.7,9.992007221626E-16));
#5221 = CARTESIAN_POINT('',(1.7,-2.944486372867));
#5222 = CARTESIAN_POINT('',(-0.85,-1.472243186434));
#5223 = ( GEOMETRIC_REPRESENTATION_CONTEXT(2) 
PARAMETRIC_REPRESENTATION_CONTEXT() REPRESENTATION_CONTEXT('2D SPACE',''
  ) );
#5224 = ORIENTED_EDGE('',*,*,#5225,.T.);
#5225 = EDGE_CURVE('',#5198,#2170,#5226,.T.);
#5226 = SEAM_CURVE('',#5227,(#5231,#5238),.PCURVE_S1.);
#5227 = LINE('',#5228,#5229);
#5228 = CARTESIAN_POINT('',(-17.91,40.2,40.57));
#5229 = VECTOR('',#5230,1.);
#5230 = DIRECTION('',(1.,0.,0.));
#5231 = PCURVE('',#2190,#5232);
#5232 = DEFINITIONAL_REPRESENTATION('',(#5233),#5237);
#5233 = LINE('',#5234,#5235);
#5234 = CARTESIAN_POINT('',(-6.28318530718,0.));
#5235 = VECTOR('',#5236,1.);
#5236 = DIRECTION('',(-0.,-1.));
#5237 = ( GEOMETRIC_REPRESENTATION_CONTEXT(2) 
PARAMETRIC_REPRESENTATION_CONTEXT() REPRESENTATION_CONTEXT('2D SPACE',''
  ) );
#5238 = PCURVE('',#2190,#5239);
#5239 = DEFINITIONAL_REPRESENTATION('',(#5240),#5244);
#5240 = LINE('',#5241,#5242);
#5241 = CARTESIAN_POINT('',(-0.,0.));
#5242 = VECTOR('',#5243,1.);
#5243 = DIRECTION('',(-0.,-1.));
#5244 = ( GEOMETRIC_REPRESENTATION_CONTEXT(2) 
PARAMETRIC_REPRESENTATION_CONTEXT() REPRESENTATION_CONTEXT('2D SPACE',''
  ) );
#5245 = ORIENTED_EDGE('',*,*,#2169,.F.);
#5246 = ORIENTED_EDGE('',*,*,#5225,.F.);
#5247 = ADVANCED_FACE('',(#5248),#2225,.F.);
#5248 = FACE_BOUND('',#5249,.T.);
#5249 = EDGE_LOOP('',(#5250,#5278,#5299,#5300));
#5250 = ORIENTED_EDGE('',*,*,#5251,.T.);
#5251 = EDGE_CURVE('',#5252,#5252,#5254,.T.);
#5252 = VERTEX_POINT('',#5253);
#5253 = CARTESIAN_POINT('',(-13.91,23.7,40.57));
#5254 = SURFACE_CURVE('',#5255,(#5260,#5267),.PCURVE_S1.);
#5255 = CIRCLE('',#5256,1.7);
#5256 = AXIS2_PLACEMENT_3D('',#5257,#5258,#5259);
#5257 = CARTESIAN_POINT('',(-13.91,22.,40.57));
#5258 = DIRECTION('',(-1.,0.,0.));
#5259 = DIRECTION('',(0.,1.,0.));
#5260 = PCURVE('',#2225,#5261);
#5261 = DEFINITIONAL_REPRESENTATION('',(#5262),#5266);
#5262 = LINE('',#5263,#5264);
#5263 = CARTESIAN_POINT('',(-6.28318530718,-4.));
#5264 = VECTOR('',#5265,1.);
#5265 = DIRECTION('',(1.,-0.));
#5266 = ( GEOMETRIC_REPRESENTATION_CONTEXT(2) 
PARAMETRIC_REPRESENTATION_CONTEXT() REPRESENTATION_CONTEXT('2D SPACE',''
  ) );
#5267 = PCURVE('',#4932,#5268);
#5268 = DEFINITIONAL_REPRESENTATION('',(#5269),#5277);
#5269 = ( BOUNDED_CURVE() B_SPLINE_CURVE(2,(#5270,#5271,#5272,#5273,
#5274,#5275,#5276),.UNSPECIFIED.,.T.,.F.) B_SPLINE_CURVE_WITH_KNOTS((1,2
    ,2,2,2,1),(-2.094395102393,0.,2.094395102393,4.188790204786,
6.28318530718,8.377580409573),.UNSPECIFIED.) CURVE() 
GEOMETRIC_REPRESENTATION_ITEM() RATIONAL_B_SPLINE_CURVE((1.,0.5,1.,0.5,
1.,0.5,1.)) REPRESENTATION_ITEM('') );
#5270 = CARTESIAN_POINT('',(-0.85,-1.472243186434));
#5271 = CARTESIAN_POINT('',(-3.4,-6.661338147751E-16));
#5272 = CARTESIAN_POINT('',(-0.85,1.472243186434));
#5273 = CARTESIAN_POINT('',(1.7,2.944486372867));
#5274 = CARTESIAN_POINT('',(1.7,9.992007221626E-16));
#5275 = CARTESIAN_POINT('',(1.7,-2.944486372867));
#5276 = CARTESIAN_POINT('',(-0.85,-1.472243186434));
#5277 = ( GEOMETRIC_REPRESENTATION_CONTEXT(2) 
PARAMETRIC_REPRESENTATION_CONTEXT() REPRESENTATION_CONTEXT('2D SPACE',''
  ) );
#5278 = ORIENTED_EDGE('',*,*,#5279,.T.);
#5279 = EDGE_CURVE('',#5252,#2205,#5280,.T.);
#5280 = SEAM_CURVE('',#5281,(#5285,#5292),.PCURVE_S1.);
#5281 = LINE('',#5282,#5283);
#5282 = CARTESIAN_POINT('',(-17.91,23.7,40.57));
#5283 = VECTOR('',#5284,1.);
#5284 = DIRECTION('',(1.,0.,0.));
#5285 = PCURVE('',#2225,#5286);
#5286 = DEFINITIONAL_REPRESENTATION('',(#5287),#5291);
#5287 = LINE('',#5288,#5289);
#5288 = CARTESIAN_POINT('',(-6.28318530718,0.));
#5289 = VECTOR('',#5290,1.);
#5290 = DIRECTION('',(-0.,-1.));
#5291 = ( GEOMETRIC_REPRESENTATION_CONTEXT(2) 
PARAMETRIC_REPRESENTATION_CONTEXT() REPRESENTATION_CONTEXT('2D SPACE',''
  ) );
#5292 = PCURVE('',#2225,#5293);
#5293 = DEFINITIONAL_REPRESENTATION('',(#5294),#5298);
#5294 = LINE('',#5295,#5296);
#5295 = CARTESIAN_POINT('',(-0.,0.));
#5296 = VECTOR('',#5297,1.);
#5297 = DIRECTION('',(-0.,-1.));
#5298 = ( GEOMETRIC_REPRESENTATION_CONTEXT(2) 
PARAMETRIC_REPRESENTATION_CONTEXT() REPRESENTATION_CONTEXT('2D SPACE',''
  ) );
#5299 = ORIENTED_EDGE('',*,*,#2204,.F.);
#5300 = ORIENTED_EDGE('',*,*,#5279,.F.);
#5301 = ADVANCED_FACE('',(#5302),#2405,.T.);
#5302 = FACE_BOUND('',#5303,.T.);
#5303 = EDGE_LOOP('',(#5304,#5305,#5328,#5356));
#5304 = ORIENTED_EDGE('',*,*,#2388,.T.);
#5305 = ORIENTED_EDGE('',*,*,#5306,.T.);
#5306 = EDGE_CURVE('',#2391,#5307,#5309,.T.);
#5307 = VERTEX_POINT('',#5308);
#5308 = CARTESIAN_POINT('',(-13.91,38.5,-33.3813684387));
#5309 = SURFACE_CURVE('',#5310,(#5314,#5321),.PCURVE_S1.);
#5310 = LINE('',#5311,#5312);
#5311 = CARTESIAN_POINT('',(-17.91,38.5,-33.3813684387));
#5312 = VECTOR('',#5313,1.);
#5313 = DIRECTION('',(1.,0.,0.));
#5314 = PCURVE('',#2405,#5315);
#5315 = DEFINITIONAL_REPRESENTATION('',(#5316),#5320);
#5316 = LINE('',#5317,#5318);
#5317 = CARTESIAN_POINT('',(0.,0.));
#5318 = VECTOR('',#5319,1.);
#5319 = DIRECTION('',(0.,-1.));
#5320 = ( GEOMETRIC_REPRESENTATION_CONTEXT(2) 
PARAMETRIC_REPRESENTATION_CONTEXT() REPRESENTATION_CONTEXT('2D SPACE',''
  ) );
#5321 = PCURVE('',#2431,#5322);
#5322 = DEFINITIONAL_REPRESENTATION('',(#5323),#5327);
#5323 = LINE('',#5324,#5325);
#5324 = CARTESIAN_POINT('',(3.3486315613,0.));
#5325 = VECTOR('',#5326,1.);
#5326 = DIRECTION('',(0.,-1.));
#5327 = ( GEOMETRIC_REPRESENTATION_CONTEXT(2) 
PARAMETRIC_REPRESENTATION_CONTEXT() REPRESENTATION_CONTEXT('2D SPACE',''
  ) );
#5328 = ORIENTED_EDGE('',*,*,#5329,.T.);
#5329 = EDGE_CURVE('',#5307,#5330,#5332,.T.);
#5330 = VERTEX_POINT('',#5331);
#5331 = CARTESIAN_POINT('',(-13.91,35.6,-35.05568421935));
#5332 = SURFACE_CURVE('',#5333,(#5337,#5344),.PCURVE_S1.);
#5333 = LINE('',#5334,#5335);
#5334 = CARTESIAN_POINT('',(-13.91,38.5,-33.3813684387));
#5335 = VECTOR('',#5336,1.);
#5336 = DIRECTION('',(0.,-0.866025403784,-0.5));
#5337 = PCURVE('',#2405,#5338);
#5338 = DEFINITIONAL_REPRESENTATION('',(#5339),#5343);
#5339 = LINE('',#5340,#5341);
#5340 = CARTESIAN_POINT('',(0.,-4.));
#5341 = VECTOR('',#5342,1.);
#5342 = DIRECTION('',(1.,0.));
#5343 = ( GEOMETRIC_REPRESENTATION_CONTEXT(2) 
PARAMETRIC_REPRESENTATION_CONTEXT() REPRESENTATION_CONTEXT('2D SPACE',''
  ) );
#5344 = PCURVE('',#5345,#5350);
#5345 = PLANE('',#5346);
#5346 = AXIS2_PLACEMENT_3D('',#5347,#5348,#5349);
#5347 = CARTESIAN_POINT('',(-13.91,38.5,-36.73));
#5348 = DIRECTION('',(1.,0.,0.));
#5349 = DIRECTION('',(0.,-0.5,0.866025403784));
#5350 = DEFINITIONAL_REPRESENTATION('',(#5351),#5355);
#5351 = LINE('',#5352,#5353);
#5352 = CARTESIAN_POINT('',(2.9,-1.67431578065));
#5353 = VECTOR('',#5354,1.);
#5354 = DIRECTION('',(1.665334536938E-16,1.));
#5355 = ( GEOMETRIC_REPRESENTATION_CONTEXT(2) 
PARAMETRIC_REPRESENTATION_CONTEXT() REPRESENTATION_CONTEXT('2D SPACE',''
  ) );
#5356 = ORIENTED_EDGE('',*,*,#5357,.F.);
#5357 = EDGE_CURVE('',#2389,#5330,#5358,.T.);
#5358 = SURFACE_CURVE('',#5359,(#5363,#5370),.PCURVE_S1.);
#5359 = LINE('',#5360,#5361);
#5360 = CARTESIAN_POINT('',(-17.91,35.6,-35.05568421935));
#5361 = VECTOR('',#5362,1.);
#5362 = DIRECTION('',(1.,0.,0.));
#5363 = PCURVE('',#2405,#5364);
#5364 = DEFINITIONAL_REPRESENTATION('',(#5365),#5369);
#5365 = LINE('',#5366,#5367);
#5366 = CARTESIAN_POINT('',(3.3486315613,0.));
#5367 = VECTOR('',#5368,1.);
#5368 = DIRECTION('',(0.,-1.));
#5369 = ( GEOMETRIC_REPRESENTATION_CONTEXT(2) 
PARAMETRIC_REPRESENTATION_CONTEXT() REPRESENTATION_CONTEXT('2D SPACE',''
  ) );
#5370 = PCURVE('',#2533,#5371);
#5371 = DEFINITIONAL_REPRESENTATION('',(#5372),#5376);
#5372 = LINE('',#5373,#5374);
#5373 = CARTESIAN_POINT('',(0.,0.));
#5374 = VECTOR('',#5375,1.);
#5375 = DIRECTION('',(0.,-1.));
#5376 = ( GEOMETRIC_REPRESENTATION_CONTEXT(2) 
PARAMETRIC_REPRESENTATION_CONTEXT() REPRESENTATION_CONTEXT('2D SPACE',''
  ) );
#5377 = ADVANCED_FACE('',(#5378),#2533,.T.);
#5378 = FACE_BOUND('',#5379,.T.);
#5379 = EDGE_LOOP('',(#5380,#5381,#5382,#5405));
#5380 = ORIENTED_EDGE('',*,*,#2520,.T.);
#5381 = ORIENTED_EDGE('',*,*,#5357,.T.);
#5382 = ORIENTED_EDGE('',*,*,#5383,.T.);
#5383 = EDGE_CURVE('',#5330,#5384,#5386,.T.);
#5384 = VERTEX_POINT('',#5385);
#5385 = CARTESIAN_POINT('',(-13.91,35.6,-38.40431578065));
#5386 = SURFACE_CURVE('',#5387,(#5391,#5398),.PCURVE_S1.);
#5387 = LINE('',#5388,#5389);
#5388 = CARTESIAN_POINT('',(-13.91,35.6,-35.05568421935));
#5389 = VECTOR('',#5390,1.);
#5390 = DIRECTION('',(0.,-2.775557561563E-16,-1.));
#5391 = PCURVE('',#2533,#5392);
#5392 = DEFINITIONAL_REPRESENTATION('',(#5393),#5397);
#5393 = LINE('',#5394,#5395);
#5394 = CARTESIAN_POINT('',(0.,-4.));
#5395 = VECTOR('',#5396,1.);
#5396 = DIRECTION('',(1.,-0.));
#5397 = ( GEOMETRIC_REPRESENTATION_CONTEXT(2) 
PARAMETRIC_REPRESENTATION_CONTEXT() REPRESENTATION_CONTEXT('2D SPACE',''
  ) );
#5398 = PCURVE('',#5345,#5399);
#5399 = DEFINITIONAL_REPRESENTATION('',(#5400),#5404);
#5400 = LINE('',#5401,#5402);
#5401 = CARTESIAN_POINT('',(2.9,1.67431578065));
#5402 = VECTOR('',#5403,1.);
#5403 = DIRECTION('',(-0.866025403784,0.5));
#5404 = ( GEOMETRIC_REPRESENTATION_CONTEXT(2) 
PARAMETRIC_REPRESENTATION_CONTEXT() REPRESENTATION_CONTEXT('2D SPACE',''
  ) );
#5405 = ORIENTED_EDGE('',*,*,#5406,.F.);
#5406 = EDGE_CURVE('',#2495,#5384,#5407,.T.);
#5407 = SURFACE_CURVE('',#5408,(#5412,#5419),.PCURVE_S1.);
#5408 = LINE('',#5409,#5410);
#5409 = CARTESIAN_POINT('',(-17.91,35.6,-38.40431578065));
#5410 = VECTOR('',#5411,1.);
#5411 = DIRECTION('',(1.,0.,0.));
#5412 = PCURVE('',#2533,#5413);
#5413 = DEFINITIONAL_REPRESENTATION('',(#5414),#5418);
#5414 = LINE('',#5415,#5416);
#5415 = CARTESIAN_POINT('',(3.3486315613,0.));
#5416 = VECTOR('',#5417,1.);
#5417 = DIRECTION('',(0.,-1.));
#5418 = ( GEOMETRIC_REPRESENTATION_CONTEXT(2) 
PARAMETRIC_REPRESENTATION_CONTEXT() REPRESENTATION_CONTEXT('2D SPACE',''
  ) );
#5419 = PCURVE('',#2509,#5420);
#5420 = DEFINITIONAL_REPRESENTATION('',(#5421),#5425);
#5421 = LINE('',#5422,#5423);
#5422 = CARTESIAN_POINT('',(0.,0.));
#5423 = VECTOR('',#5424,1.);
#5424 = DIRECTION('',(0.,-1.));
#5425 = ( GEOMETRIC_REPRESENTATION_CONTEXT(2) 
PARAMETRIC_REPRESENTATION_CONTEXT() REPRESENTATION_CONTEXT('2D SPACE',''
  ) );
#5426 = ADVANCED_FACE('',(#5427),#2509,.T.);
#5427 = FACE_BOUND('',#5428,.T.);
#5428 = EDGE_LOOP('',(#5429,#5430,#5431,#5454));
#5429 = ORIENTED_EDGE('',*,*,#2494,.T.);
#5430 = ORIENTED_EDGE('',*,*,#5406,.T.);
#5431 = ORIENTED_EDGE('',*,*,#5432,.T.);
#5432 = EDGE_CURVE('',#5384,#5433,#5435,.T.);
#5433 = VERTEX_POINT('',#5434);
#5434 = CARTESIAN_POINT('',(-13.91,38.5,-40.0786315613));
#5435 = SURFACE_CURVE('',#5436,(#5440,#5447),.PCURVE_S1.);
#5436 = LINE('',#5437,#5438);
#5437 = CARTESIAN_POINT('',(-13.91,35.6,-38.40431578065));
#5438 = VECTOR('',#5439,1.);
#5439 = DIRECTION('',(0.,0.866025403784,-0.5));
#5440 = PCURVE('',#2509,#5441);
#5441 = DEFINITIONAL_REPRESENTATION('',(#5442),#5446);
#5442 = LINE('',#5443,#5444);
#5443 = CARTESIAN_POINT('',(0.,-4.));
#5444 = VECTOR('',#5445,1.);
#5445 = DIRECTION('',(1.,0.));
#5446 = ( GEOMETRIC_REPRESENTATION_CONTEXT(2) 
PARAMETRIC_REPRESENTATION_CONTEXT() REPRESENTATION_CONTEXT('2D SPACE',''
  ) );
#5447 = PCURVE('',#5345,#5448);
#5448 = DEFINITIONAL_REPRESENTATION('',(#5449),#5453);
#5449 = LINE('',#5450,#5451);
#5450 = CARTESIAN_POINT('',(6.661338147751E-16,3.3486315613));
#5451 = VECTOR('',#5452,1.);
#5452 = DIRECTION('',(-0.866025403784,-0.5));
#5453 = ( GEOMETRIC_REPRESENTATION_CONTEXT(2) 
PARAMETRIC_REPRESENTATION_CONTEXT() REPRESENTATION_CONTEXT('2D SPACE',''
  ) );
#5454 = ORIENTED_EDGE('',*,*,#5455,.F.);
#5455 = EDGE_CURVE('',#2469,#5433,#5456,.T.);
#5456 = SURFACE_CURVE('',#5457,(#5461,#5468),.PCURVE_S1.);
#5457 = LINE('',#5458,#5459);
#5458 = CARTESIAN_POINT('',(-17.91,38.5,-40.0786315613));
#5459 = VECTOR('',#5460,1.);
#5460 = DIRECTION('',(1.,0.,0.));
#5461 = PCURVE('',#2509,#5462);
#5462 = DEFINITIONAL_REPRESENTATION('',(#5463),#5467);
#5463 = LINE('',#5464,#5465);
#5464 = CARTESIAN_POINT('',(3.3486315613,0.));
#5465 = VECTOR('',#5466,1.);
#5466 = DIRECTION('',(0.,-1.));
#5467 = ( GEOMETRIC_REPRESENTATION_CONTEXT(2) 
PARAMETRIC_REPRESENTATION_CONTEXT() REPRESENTATION_CONTEXT('2D SPACE',''
  ) );
#5468 = PCURVE('',#2483,#5469);
#5469 = DEFINITIONAL_REPRESENTATION('',(#5470),#5474);
#5470 = LINE('',#5471,#5472);
#5471 = CARTESIAN_POINT('',(0.,0.));
#5472 = VECTOR('',#5473,1.);
#5473 = DIRECTION('',(0.,-1.));
#5474 = ( GEOMETRIC_REPRESENTATION_CONTEXT(2) 
PARAMETRIC_REPRESENTATION_CONTEXT() REPRESENTATION_CONTEXT('2D SPACE',''
  ) );
#5475 = ADVANCED_FACE('',(#5476),#2483,.T.);
#5476 = FACE_BOUND('',#5477,.T.);
#5477 = EDGE_LOOP('',(#5478,#5479,#5480,#5503));
#5478 = ORIENTED_EDGE('',*,*,#2468,.T.);
#5479 = ORIENTED_EDGE('',*,*,#5455,.T.);
#5480 = ORIENTED_EDGE('',*,*,#5481,.T.);
#5481 = EDGE_CURVE('',#5433,#5482,#5484,.T.);
#5482 = VERTEX_POINT('',#5483);
#5483 = CARTESIAN_POINT('',(-13.91,41.4,-38.40431578065));
#5484 = SURFACE_CURVE('',#5485,(#5489,#5496),.PCURVE_S1.);
#5485 = LINE('',#5486,#5487);
#5486 = CARTESIAN_POINT('',(-13.91,38.5,-40.0786315613));
#5487 = VECTOR('',#5488,1.);
#5488 = DIRECTION('',(0.,0.866025403784,0.5));
#5489 = PCURVE('',#2483,#5490);
#5490 = DEFINITIONAL_REPRESENTATION('',(#5491),#5495);
#5491 = LINE('',#5492,#5493);
#5492 = CARTESIAN_POINT('',(0.,-4.));
#5493 = VECTOR('',#5494,1.);
#5494 = DIRECTION('',(1.,0.));
#5495 = ( GEOMETRIC_REPRESENTATION_CONTEXT(2) 
PARAMETRIC_REPRESENTATION_CONTEXT() REPRESENTATION_CONTEXT('2D SPACE',''
  ) );
#5496 = PCURVE('',#5345,#5497);
#5497 = DEFINITIONAL_REPRESENTATION('',(#5498),#5502);
#5498 = LINE('',#5499,#5500);
#5499 = CARTESIAN_POINT('',(-2.9,1.67431578065));
#5500 = VECTOR('',#5501,1.);
#5501 = DIRECTION('',(-6.661338147751E-16,-1.));
#5502 = ( GEOMETRIC_REPRESENTATION_CONTEXT(2) 
PARAMETRIC_REPRESENTATION_CONTEXT() REPRESENTATION_CONTEXT('2D SPACE',''
  ) );
#5503 = ORIENTED_EDGE('',*,*,#5504,.F.);
#5504 = EDGE_CURVE('',#2443,#5482,#5505,.T.);
#5505 = SURFACE_CURVE('',#5506,(#5510,#5517),.PCURVE_S1.);
#5506 = LINE('',#5507,#5508);
#5507 = CARTESIAN_POINT('',(-17.91,41.4,-38.40431578065));
#5508 = VECTOR('',#5509,1.);
#5509 = DIRECTION('',(1.,0.,0.));
#5510 = PCURVE('',#2483,#5511);
#5511 = DEFINITIONAL_REPRESENTATION('',(#5512),#5516);
#5512 = LINE('',#5513,#5514);
#5513 = CARTESIAN_POINT('',(3.3486315613,0.));
#5514 = VECTOR('',#5515,1.);
#5515 = DIRECTION('',(0.,-1.));
#5516 = ( GEOMETRIC_REPRESENTATION_CONTEXT(2) 
PARAMETRIC_REPRESENTATION_CONTEXT() REPRESENTATION_CONTEXT('2D SPACE',''
  ) );
#5517 = PCURVE('',#2457,#5518);
#5518 = DEFINITIONAL_REPRESENTATION('',(#5519),#5523);
#5519 = LINE('',#5520,#5521);
#5520 = CARTESIAN_POINT('',(0.,0.));
#5521 = VECTOR('',#5522,1.);
#5522 = DIRECTION('',(0.,-1.));
#5523 = ( GEOMETRIC_REPRESENTATION_CONTEXT(2) 
PARAMETRIC_REPRESENTATION_CONTEXT() REPRESENTATION_CONTEXT('2D SPACE',''
  ) );
#5524 = ADVANCED_FACE('',(#5525),#2457,.T.);
#5525 = FACE_BOUND('',#5526,.T.);
#5526 = EDGE_LOOP('',(#5527,#5528,#5529,#5552));
#5527 = ORIENTED_EDGE('',*,*,#2442,.T.);
#5528 = ORIENTED_EDGE('',*,*,#5504,.T.);
#5529 = ORIENTED_EDGE('',*,*,#5530,.T.);
#5530 = EDGE_CURVE('',#5482,#5531,#5533,.T.);
#5531 = VERTEX_POINT('',#5532);
#5532 = CARTESIAN_POINT('',(-13.91,41.4,-35.05568421935));
#5533 = SURFACE_CURVE('',#5534,(#5538,#5545),.PCURVE_S1.);
#5534 = LINE('',#5535,#5536);
#5535 = CARTESIAN_POINT('',(-13.91,41.4,-38.40431578065));
#5536 = VECTOR('',#5537,1.);
#5537 = DIRECTION('',(0.,4.440892098501E-16,1.));
#5538 = PCURVE('',#2457,#5539);
#5539 = DEFINITIONAL_REPRESENTATION('',(#5540),#5544);
#5540 = LINE('',#5541,#5542);
#5541 = CARTESIAN_POINT('',(0.,-4.));
#5542 = VECTOR('',#5543,1.);
#5543 = DIRECTION('',(1.,0.));
#5544 = ( GEOMETRIC_REPRESENTATION_CONTEXT(2) 
PARAMETRIC_REPRESENTATION_CONTEXT() REPRESENTATION_CONTEXT('2D SPACE',''
  ) );
#5545 = PCURVE('',#5345,#5546);
#5546 = DEFINITIONAL_REPRESENTATION('',(#5547),#5551);
#5547 = LINE('',#5548,#5549);
#5548 = CARTESIAN_POINT('',(-2.9,-1.67431578065));
#5549 = VECTOR('',#5550,1.);
#5550 = DIRECTION('',(0.866025403784,-0.5));
#5551 = ( GEOMETRIC_REPRESENTATION_CONTEXT(2) 
PARAMETRIC_REPRESENTATION_CONTEXT() REPRESENTATION_CONTEXT('2D SPACE',''
  ) );
#5552 = ORIENTED_EDGE('',*,*,#5553,.F.);
#5553 = EDGE_CURVE('',#2417,#5531,#5554,.T.);
#5554 = SURFACE_CURVE('',#5555,(#5559,#5566),.PCURVE_S1.);
#5555 = LINE('',#5556,#5557);
#5556 = CARTESIAN_POINT('',(-17.91,41.4,-35.05568421935));
#5557 = VECTOR('',#5558,1.);
#5558 = DIRECTION('',(1.,0.,0.));
#5559 = PCURVE('',#2457,#5560);
#5560 = DEFINITIONAL_REPRESENTATION('',(#5561),#5565);
#5561 = LINE('',#5562,#5563);
#5562 = CARTESIAN_POINT('',(3.3486315613,0.));
#5563 = VECTOR('',#5564,1.);
#5564 = DIRECTION('',(0.,-1.));
#5565 = ( GEOMETRIC_REPRESENTATION_CONTEXT(2) 
PARAMETRIC_REPRESENTATION_CONTEXT() REPRESENTATION_CONTEXT('2D SPACE',''
  ) );
#5566 = PCURVE('',#2431,#5567);
#5567 = DEFINITIONAL_REPRESENTATION('',(#5568),#5572);
#5568 = LINE('',#5569,#5570);
#5569 = CARTESIAN_POINT('',(0.,0.));
#5570 = VECTOR('',#5571,1.);
#5571 = DIRECTION('',(0.,-1.));
#5572 = ( GEOMETRIC_REPRESENTATION_CONTEXT(2) 
PARAMETRIC_REPRESENTATION_CONTEXT() REPRESENTATION_CONTEXT('2D SPACE',''
  ) );
#5573 = ADVANCED_FACE('',(#5574),#2431,.T.);
#5574 = FACE_BOUND('',#5575,.T.);
#5575 = EDGE_LOOP('',(#5576,#5577,#5578,#5599));
#5576 = ORIENTED_EDGE('',*,*,#2416,.T.);
#5577 = ORIENTED_EDGE('',*,*,#5553,.T.);
#5578 = ORIENTED_EDGE('',*,*,#5579,.T.);
#5579 = EDGE_CURVE('',#5531,#5307,#5580,.T.);
#5580 = SURFACE_CURVE('',#5581,(#5585,#5592),.PCURVE_S1.);
#5581 = LINE('',#5582,#5583);
#5582 = CARTESIAN_POINT('',(-13.91,41.4,-35.05568421935));
#5583 = VECTOR('',#5584,1.);
#5584 = DIRECTION('',(0.,-0.866025403784,0.5));
#5585 = PCURVE('',#2431,#5586);
#5586 = DEFINITIONAL_REPRESENTATION('',(#5587),#5591);
#5587 = LINE('',#5588,#5589);
#5588 = CARTESIAN_POINT('',(0.,-4.));
#5589 = VECTOR('',#5590,1.);
#5590 = DIRECTION('',(1.,0.));
#5591 = ( GEOMETRIC_REPRESENTATION_CONTEXT(2) 
PARAMETRIC_REPRESENTATION_CONTEXT() REPRESENTATION_CONTEXT('2D SPACE',''
  ) );
#5592 = PCURVE('',#5345,#5593);
#5593 = DEFINITIONAL_REPRESENTATION('',(#5594),#5598);
#5594 = LINE('',#5595,#5596);
#5595 = CARTESIAN_POINT('',(-6.661338147751E-16,-3.3486315613));
#5596 = VECTOR('',#5597,1.);
#5597 = DIRECTION('',(0.866025403784,0.5));
#5598 = ( GEOMETRIC_REPRESENTATION_CONTEXT(2) 
PARAMETRIC_REPRESENTATION_CONTEXT() REPRESENTATION_CONTEXT('2D SPACE',''
  ) );
#5599 = ORIENTED_EDGE('',*,*,#5306,.F.);
#5600 = ADVANCED_FACE('',(#5601),#2563,.T.);
#5601 = FACE_BOUND('',#5602,.T.);
#5602 = EDGE_LOOP('',(#5603,#5604,#5627,#5655));
#5603 = ORIENTED_EDGE('',*,*,#2546,.T.);
#5604 = ORIENTED_EDGE('',*,*,#5605,.T.);
#5605 = EDGE_CURVE('',#2549,#5606,#5608,.T.);
#5606 = VERTEX_POINT('',#5607);
#5607 = CARTESIAN_POINT('',(-13.91,22.,-33.3813684387));
#5608 = SURFACE_CURVE('',#5609,(#5613,#5620),.PCURVE_S1.);
#5609 = LINE('',#5610,#5611);
#5610 = CARTESIAN_POINT('',(-17.91,22.,-33.3813684387));
#5611 = VECTOR('',#5612,1.);
#5612 = DIRECTION('',(1.,0.,0.));
#5613 = PCURVE('',#2563,#5614);
#5614 = DEFINITIONAL_REPRESENTATION('',(#5615),#5619);
#5615 = LINE('',#5616,#5617);
#5616 = CARTESIAN_POINT('',(0.,0.));
#5617 = VECTOR('',#5618,1.);
#5618 = DIRECTION('',(0.,-1.));
#5619 = ( GEOMETRIC_REPRESENTATION_CONTEXT(2) 
PARAMETRIC_REPRESENTATION_CONTEXT() REPRESENTATION_CONTEXT('2D SPACE',''
  ) );
#5620 = PCURVE('',#2589,#5621);
#5621 = DEFINITIONAL_REPRESENTATION('',(#5622),#5626);
#5622 = LINE('',#5623,#5624);
#5623 = CARTESIAN_POINT('',(3.3486315613,0.));
#5624 = VECTOR('',#5625,1.);
#5625 = DIRECTION('',(0.,-1.));
#5626 = ( GEOMETRIC_REPRESENTATION_CONTEXT(2) 
PARAMETRIC_REPRESENTATION_CONTEXT() REPRESENTATION_CONTEXT('2D SPACE',''
  ) );
#5627 = ORIENTED_EDGE('',*,*,#5628,.T.);
#5628 = EDGE_CURVE('',#5606,#5629,#5631,.T.);
#5629 = VERTEX_POINT('',#5630);
#5630 = CARTESIAN_POINT('',(-13.91,19.1,-35.05568421935));
#5631 = SURFACE_CURVE('',#5632,(#5636,#5643),.PCURVE_S1.);
#5632 = LINE('',#5633,#5634);
#5633 = CARTESIAN_POINT('',(-13.91,22.,-33.3813684387));
#5634 = VECTOR('',#5635,1.);
#5635 = DIRECTION('',(0.,-0.866025403784,-0.5));
#5636 = PCURVE('',#2563,#5637);
#5637 = DEFINITIONAL_REPRESENTATION('',(#5638),#5642);
#5638 = LINE('',#5639,#5640);
#5639 = CARTESIAN_POINT('',(0.,-4.));
#5640 = VECTOR('',#5641,1.);
#5641 = DIRECTION('',(1.,0.));
#5642 = ( GEOMETRIC_REPRESENTATION_CONTEXT(2) 
PARAMETRIC_REPRESENTATION_CONTEXT() REPRESENTATION_CONTEXT('2D SPACE',''
  ) );
#5643 = PCURVE('',#5644,#5649);
#5644 = PLANE('',#5645);
#5645 = AXIS2_PLACEMENT_3D('',#5646,#5647,#5648);
#5646 = CARTESIAN_POINT('',(-13.91,22.,-36.73));
#5647 = DIRECTION('',(1.,0.,0.));
#5648 = DIRECTION('',(0.,-0.5,0.866025403784));
#5649 = DEFINITIONAL_REPRESENTATION('',(#5650),#5654);
#5650 = LINE('',#5651,#5652);
#5651 = CARTESIAN_POINT('',(2.9,-1.67431578065));
#5652 = VECTOR('',#5653,1.);
#5653 = DIRECTION('',(1.665334536938E-16,1.));
#5654 = ( GEOMETRIC_REPRESENTATION_CONTEXT(2) 
PARAMETRIC_REPRESENTATION_CONTEXT() REPRESENTATION_CONTEXT('2D SPACE',''
  ) );
#5655 = ORIENTED_EDGE('',*,*,#5656,.F.);
#5656 = EDGE_CURVE('',#2547,#5629,#5657,.T.);
#5657 = SURFACE_CURVE('',#5658,(#5662,#5669),.PCURVE_S1.);
#5658 = LINE('',#5659,#5660);
#5659 = CARTESIAN_POINT('',(-17.91,19.1,-35.05568421935));
#5660 = VECTOR('',#5661,1.);
#5661 = DIRECTION('',(1.,0.,0.));
#5662 = PCURVE('',#2563,#5663);
#5663 = DEFINITIONAL_REPRESENTATION('',(#5664),#5668);
#5664 = LINE('',#5665,#5666);
#5665 = CARTESIAN_POINT('',(3.3486315613,0.));
#5666 = VECTOR('',#5667,1.);
#5667 = DIRECTION('',(0.,-1.));
#5668 = ( GEOMETRIC_REPRESENTATION_CONTEXT(2) 
PARAMETRIC_REPRESENTATION_CONTEXT() REPRESENTATION_CONTEXT('2D SPACE',''
  ) );
#5669 = PCURVE('',#2691,#5670);
#5670 = DEFINITIONAL_REPRESENTATION('',(#5671),#5675);
#5671 = LINE('',#5672,#5673);
#5672 = CARTESIAN_POINT('',(0.,0.));
#5673 = VECTOR('',#5674,1.);
#5674 = DIRECTION('',(0.,-1.));
#5675 = ( GEOMETRIC_REPRESENTATION_CONTEXT(2) 
PARAMETRIC_REPRESENTATION_CONTEXT() REPRESENTATION_CONTEXT('2D SPACE',''
  ) );
#5676 = ADVANCED_FACE('',(#5677),#2691,.T.);
#5677 = FACE_BOUND('',#5678,.T.);
#5678 = EDGE_LOOP('',(#5679,#5680,#5681,#5704));
#5679 = ORIENTED_EDGE('',*,*,#2678,.T.);
#5680 = ORIENTED_EDGE('',*,*,#5656,.T.);
#5681 = ORIENTED_EDGE('',*,*,#5682,.T.);
#5682 = EDGE_CURVE('',#5629,#5683,#5685,.T.);
#5683 = VERTEX_POINT('',#5684);
#5684 = CARTESIAN_POINT('',(-13.91,19.1,-38.40431578065));
#5685 = SURFACE_CURVE('',#5686,(#5690,#5697),.PCURVE_S1.);
#5686 = LINE('',#5687,#5688);
#5687 = CARTESIAN_POINT('',(-13.91,19.1,-35.05568421935));
#5688 = VECTOR('',#5689,1.);
#5689 = DIRECTION('',(0.,-2.775557561563E-16,-1.));
#5690 = PCURVE('',#2691,#5691);
#5691 = DEFINITIONAL_REPRESENTATION('',(#5692),#5696);
#5692 = LINE('',#5693,#5694);
#5693 = CARTESIAN_POINT('',(0.,-4.));
#5694 = VECTOR('',#5695,1.);
#5695 = DIRECTION('',(1.,-0.));
#5696 = ( GEOMETRIC_REPRESENTATION_CONTEXT(2) 
PARAMETRIC_REPRESENTATION_CONTEXT() REPRESENTATION_CONTEXT('2D SPACE',''
  ) );
#5697 = PCURVE('',#5644,#5698);
#5698 = DEFINITIONAL_REPRESENTATION('',(#5699),#5703);
#5699 = LINE('',#5700,#5701);
#5700 = CARTESIAN_POINT('',(2.9,1.67431578065));
#5701 = VECTOR('',#5702,1.);
#5702 = DIRECTION('',(-0.866025403784,0.5));
#5703 = ( GEOMETRIC_REPRESENTATION_CONTEXT(2) 
PARAMETRIC_REPRESENTATION_CONTEXT() REPRESENTATION_CONTEXT('2D SPACE',''
  ) );
#5704 = ORIENTED_EDGE('',*,*,#5705,.F.);
#5705 = EDGE_CURVE('',#2653,#5683,#5706,.T.);
#5706 = SURFACE_CURVE('',#5707,(#5711,#5718),.PCURVE_S1.);
#5707 = LINE('',#5708,#5709);
#5708 = CARTESIAN_POINT('',(-17.91,19.1,-38.40431578065));
#5709 = VECTOR('',#5710,1.);
#5710 = DIRECTION('',(1.,0.,0.));
#5711 = PCURVE('',#2691,#5712);
#5712 = DEFINITIONAL_REPRESENTATION('',(#5713),#5717);
#5713 = LINE('',#5714,#5715);
#5714 = CARTESIAN_POINT('',(3.3486315613,0.));
#5715 = VECTOR('',#5716,1.);
#5716 = DIRECTION('',(0.,-1.));
#5717 = ( GEOMETRIC_REPRESENTATION_CONTEXT(2) 
PARAMETRIC_REPRESENTATION_CONTEXT() REPRESENTATION_CONTEXT('2D SPACE',''
  ) );
#5718 = PCURVE('',#2667,#5719);
#5719 = DEFINITIONAL_REPRESENTATION('',(#5720),#5724);
#5720 = LINE('',#5721,#5722);
#5721 = CARTESIAN_POINT('',(0.,0.));
#5722 = VECTOR('',#5723,1.);
#5723 = DIRECTION('',(0.,-1.));
#5724 = ( GEOMETRIC_REPRESENTATION_CONTEXT(2) 
PARAMETRIC_REPRESENTATION_CONTEXT() REPRESENTATION_CONTEXT('2D SPACE',''
  ) );
#5725 = ADVANCED_FACE('',(#5726),#2589,.T.);
#5726 = FACE_BOUND('',#5727,.T.);
#5727 = EDGE_LOOP('',(#5728,#5729,#5752,#5773));
#5728 = ORIENTED_EDGE('',*,*,#2574,.T.);
#5729 = ORIENTED_EDGE('',*,*,#5730,.T.);
#5730 = EDGE_CURVE('',#2575,#5731,#5733,.T.);
#5731 = VERTEX_POINT('',#5732);
#5732 = CARTESIAN_POINT('',(-13.91,24.9,-35.05568421935));
#5733 = SURFACE_CURVE('',#5734,(#5738,#5745),.PCURVE_S1.);
#5734 = LINE('',#5735,#5736);
#5735 = CARTESIAN_POINT('',(-17.91,24.9,-35.05568421935));
#5736 = VECTOR('',#5737,1.);
#5737 = DIRECTION('',(1.,0.,0.));
#5738 = PCURVE('',#2589,#5739);
#5739 = DEFINITIONAL_REPRESENTATION('',(#5740),#5744);
#5740 = LINE('',#5741,#5742);
#5741 = CARTESIAN_POINT('',(0.,0.));
#5742 = VECTOR('',#5743,1.);
#5743 = DIRECTION('',(0.,-1.));
#5744 = ( GEOMETRIC_REPRESENTATION_CONTEXT(2) 
PARAMETRIC_REPRESENTATION_CONTEXT() REPRESENTATION_CONTEXT('2D SPACE',''
  ) );
#5745 = PCURVE('',#2615,#5746);
#5746 = DEFINITIONAL_REPRESENTATION('',(#5747),#5751);
#5747 = LINE('',#5748,#5749);
#5748 = CARTESIAN_POINT('',(3.3486315613,0.));
#5749 = VECTOR('',#5750,1.);
#5750 = DIRECTION('',(0.,-1.));
#5751 = ( GEOMETRIC_REPRESENTATION_CONTEXT(2) 
PARAMETRIC_REPRESENTATION_CONTEXT() REPRESENTATION_CONTEXT('2D SPACE',''
  ) );
#5752 = ORIENTED_EDGE('',*,*,#5753,.T.);
#5753 = EDGE_CURVE('',#5731,#5606,#5754,.T.);
#5754 = SURFACE_CURVE('',#5755,(#5759,#5766),.PCURVE_S1.);
#5755 = LINE('',#5756,#5757);
#5756 = CARTESIAN_POINT('',(-13.91,24.9,-35.05568421935));
#5757 = VECTOR('',#5758,1.);
#5758 = DIRECTION('',(0.,-0.866025403784,0.5));
#5759 = PCURVE('',#2589,#5760);
#5760 = DEFINITIONAL_REPRESENTATION('',(#5761),#5765);
#5761 = LINE('',#5762,#5763);
#5762 = CARTESIAN_POINT('',(0.,-4.));
#5763 = VECTOR('',#5764,1.);
#5764 = DIRECTION('',(1.,0.));
#5765 = ( GEOMETRIC_REPRESENTATION_CONTEXT(2) 
PARAMETRIC_REPRESENTATION_CONTEXT() REPRESENTATION_CONTEXT('2D SPACE',''
  ) );
#5766 = PCURVE('',#5644,#5767);
#5767 = DEFINITIONAL_REPRESENTATION('',(#5768),#5772);
#5768 = LINE('',#5769,#5770);
#5769 = CARTESIAN_POINT('',(-6.661338147751E-16,-3.3486315613));
#5770 = VECTOR('',#5771,1.);
#5771 = DIRECTION('',(0.866025403784,0.5));
#5772 = ( GEOMETRIC_REPRESENTATION_CONTEXT(2) 
PARAMETRIC_REPRESENTATION_CONTEXT() REPRESENTATION_CONTEXT('2D SPACE',''
  ) );
#5773 = ORIENTED_EDGE('',*,*,#5605,.F.);
#5774 = ADVANCED_FACE('',(#5775),#2667,.T.);
#5775 = FACE_BOUND('',#5776,.T.);
#5776 = EDGE_LOOP('',(#5777,#5778,#5779,#5802));
#5777 = ORIENTED_EDGE('',*,*,#2652,.T.);
#5778 = ORIENTED_EDGE('',*,*,#5705,.T.);
#5779 = ORIENTED_EDGE('',*,*,#5780,.T.);
#5780 = EDGE_CURVE('',#5683,#5781,#5783,.T.);
#5781 = VERTEX_POINT('',#5782);
#5782 = CARTESIAN_POINT('',(-13.91,22.,-40.0786315613));
#5783 = SURFACE_CURVE('',#5784,(#5788,#5795),.PCURVE_S1.);
#5784 = LINE('',#5785,#5786);
#5785 = CARTESIAN_POINT('',(-13.91,19.1,-38.40431578065));
#5786 = VECTOR('',#5787,1.);
#5787 = DIRECTION('',(0.,0.866025403784,-0.5));
#5788 = PCURVE('',#2667,#5789);
#5789 = DEFINITIONAL_REPRESENTATION('',(#5790),#5794);
#5790 = LINE('',#5791,#5792);
#5791 = CARTESIAN_POINT('',(0.,-4.));
#5792 = VECTOR('',#5793,1.);
#5793 = DIRECTION('',(1.,0.));
#5794 = ( GEOMETRIC_REPRESENTATION_CONTEXT(2) 
PARAMETRIC_REPRESENTATION_CONTEXT() REPRESENTATION_CONTEXT('2D SPACE',''
  ) );
#5795 = PCURVE('',#5644,#5796);
#5796 = DEFINITIONAL_REPRESENTATION('',(#5797),#5801);
#5797 = LINE('',#5798,#5799);
#5798 = CARTESIAN_POINT('',(6.661338147751E-16,3.3486315613));
#5799 = VECTOR('',#5800,1.);
#5800 = DIRECTION('',(-0.866025403784,-0.5));
#5801 = ( GEOMETRIC_REPRESENTATION_CONTEXT(2) 
PARAMETRIC_REPRESENTATION_CONTEXT() REPRESENTATION_CONTEXT('2D SPACE',''
  ) );
#5802 = ORIENTED_EDGE('',*,*,#5803,.F.);
#5803 = EDGE_CURVE('',#2627,#5781,#5804,.T.);
#5804 = SURFACE_CURVE('',#5805,(#5809,#5816),.PCURVE_S1.);
#5805 = LINE('',#5806,#5807);
#5806 = CARTESIAN_POINT('',(-17.91,22.,-40.0786315613));
#5807 = VECTOR('',#5808,1.);
#5808 = DIRECTION('',(1.,0.,0.));
#5809 = PCURVE('',#2667,#5810);
#5810 = DEFINITIONAL_REPRESENTATION('',(#5811),#5815);
#5811 = LINE('',#5812,#5813);
#5812 = CARTESIAN_POINT('',(3.3486315613,0.));
#5813 = VECTOR('',#5814,1.);
#5814 = DIRECTION('',(0.,-1.));
#5815 = ( GEOMETRIC_REPRESENTATION_CONTEXT(2) 
PARAMETRIC_REPRESENTATION_CONTEXT() REPRESENTATION_CONTEXT('2D SPACE',''
  ) );
#5816 = PCURVE('',#2641,#5817);
#5817 = DEFINITIONAL_REPRESENTATION('',(#5818),#5822);
#5818 = LINE('',#5819,#5820);
#5819 = CARTESIAN_POINT('',(0.,0.));
#5820 = VECTOR('',#5821,1.);
#5821 = DIRECTION('',(0.,-1.));
#5822 = ( GEOMETRIC_REPRESENTATION_CONTEXT(2) 
PARAMETRIC_REPRESENTATION_CONTEXT() REPRESENTATION_CONTEXT('2D SPACE',''
  ) );
#5823 = ADVANCED_FACE('',(#5824),#2615,.T.);
#5824 = FACE_BOUND('',#5825,.T.);
#5825 = EDGE_LOOP('',(#5826,#5827,#5850,#5871));
#5826 = ORIENTED_EDGE('',*,*,#2600,.T.);
#5827 = ORIENTED_EDGE('',*,*,#5828,.T.);
#5828 = EDGE_CURVE('',#2601,#5829,#5831,.T.);
#5829 = VERTEX_POINT('',#5830);
#5830 = CARTESIAN_POINT('',(-13.91,24.9,-38.40431578065));
#5831 = SURFACE_CURVE('',#5832,(#5836,#5843),.PCURVE_S1.);
#5832 = LINE('',#5833,#5834);
#5833 = CARTESIAN_POINT('',(-17.91,24.9,-38.40431578065));
#5834 = VECTOR('',#5835,1.);
#5835 = DIRECTION('',(1.,0.,0.));
#5836 = PCURVE('',#2615,#5837);
#5837 = DEFINITIONAL_REPRESENTATION('',(#5838),#5842);
#5838 = LINE('',#5839,#5840);
#5839 = CARTESIAN_POINT('',(0.,0.));
#5840 = VECTOR('',#5841,1.);
#5841 = DIRECTION('',(0.,-1.));
#5842 = ( GEOMETRIC_REPRESENTATION_CONTEXT(2) 
PARAMETRIC_REPRESENTATION_CONTEXT() REPRESENTATION_CONTEXT('2D SPACE',''
  ) );
#5843 = PCURVE('',#2641,#5844);
#5844 = DEFINITIONAL_REPRESENTATION('',(#5845),#5849);
#5845 = LINE('',#5846,#5847);
#5846 = CARTESIAN_POINT('',(3.3486315613,0.));
#5847 = VECTOR('',#5848,1.);
#5848 = DIRECTION('',(0.,-1.));
#5849 = ( GEOMETRIC_REPRESENTATION_CONTEXT(2) 
PARAMETRIC_REPRESENTATION_CONTEXT() REPRESENTATION_CONTEXT('2D SPACE',''
  ) );
#5850 = ORIENTED_EDGE('',*,*,#5851,.T.);
#5851 = EDGE_CURVE('',#5829,#5731,#5852,.T.);
#5852 = SURFACE_CURVE('',#5853,(#5857,#5864),.PCURVE_S1.);
#5853 = LINE('',#5854,#5855);
#5854 = CARTESIAN_POINT('',(-13.91,24.9,-38.40431578065));
#5855 = VECTOR('',#5856,1.);
#5856 = DIRECTION('',(0.,4.440892098501E-16,1.));
#5857 = PCURVE('',#2615,#5858);
#5858 = DEFINITIONAL_REPRESENTATION('',(#5859),#5863);
#5859 = LINE('',#5860,#5861);
#5860 = CARTESIAN_POINT('',(0.,-4.));
#5861 = VECTOR('',#5862,1.);
#5862 = DIRECTION('',(1.,0.));
#5863 = ( GEOMETRIC_REPRESENTATION_CONTEXT(2) 
PARAMETRIC_REPRESENTATION_CONTEXT() REPRESENTATION_CONTEXT('2D SPACE',''
  ) );
#5864 = PCURVE('',#5644,#5865);
#5865 = DEFINITIONAL_REPRESENTATION('',(#5866),#5870);
#5866 = LINE('',#5867,#5868);
#5867 = CARTESIAN_POINT('',(-2.9,-1.67431578065));
#5868 = VECTOR('',#5869,1.);
#5869 = DIRECTION('',(0.866025403784,-0.5));
#5870 = ( GEOMETRIC_REPRESENTATION_CONTEXT(2) 
PARAMETRIC_REPRESENTATION_CONTEXT() REPRESENTATION_CONTEXT('2D SPACE',''
  ) );
#5871 = ORIENTED_EDGE('',*,*,#5730,.F.);
#5872 = ADVANCED_FACE('',(#5873),#2641,.T.);
#5873 = FACE_BOUND('',#5874,.T.);
#5874 = EDGE_LOOP('',(#5875,#5876,#5877,#5898));
#5875 = ORIENTED_EDGE('',*,*,#2626,.T.);
#5876 = ORIENTED_EDGE('',*,*,#5803,.T.);
#5877 = ORIENTED_EDGE('',*,*,#5878,.T.);
#5878 = EDGE_CURVE('',#5781,#5829,#5879,.T.);
#5879 = SURFACE_CURVE('',#5880,(#5884,#5891),.PCURVE_S1.);
#5880 = LINE('',#5881,#5882);
#5881 = CARTESIAN_POINT('',(-13.91,22.,-40.0786315613));
#5882 = VECTOR('',#5883,1.);
#5883 = DIRECTION('',(0.,0.866025403784,0.5));
#5884 = PCURVE('',#2641,#5885);
#5885 = DEFINITIONAL_REPRESENTATION('',(#5886),#5890);
#5886 = LINE('',#5887,#5888);
#5887 = CARTESIAN_POINT('',(0.,-4.));
#5888 = VECTOR('',#5889,1.);
#5889 = DIRECTION('',(1.,0.));
#5890 = ( GEOMETRIC_REPRESENTATION_CONTEXT(2) 
PARAMETRIC_REPRESENTATION_CONTEXT() REPRESENTATION_CONTEXT('2D SPACE',''
  ) );
#5891 = PCURVE('',#5644,#5892);
#5892 = DEFINITIONAL_REPRESENTATION('',(#5893),#5897);
#5893 = LINE('',#5894,#5895);
#5894 = CARTESIAN_POINT('',(-2.9,1.67431578065));
#5895 = VECTOR('',#5896,1.);
#5896 = DIRECTION('',(-6.661338147751E-16,-1.));
#5897 = ( GEOMETRIC_REPRESENTATION_CONTEXT(2) 
PARAMETRIC_REPRESENTATION_CONTEXT() REPRESENTATION_CONTEXT('2D SPACE',''
  ) );
#5898 = ORIENTED_EDGE('',*,*,#5828,.F.);
#5899 = ADVANCED_FACE('',(#5900),#2774,.F.);
#5900 = FACE_BOUND('',#5901,.T.);
#5901 = EDGE_LOOP('',(#5902,#5930,#5951,#5952));
#5902 = ORIENTED_EDGE('',*,*,#5903,.T.);
#5903 = EDGE_CURVE('',#5904,#5904,#5906,.T.);
#5904 = VERTEX_POINT('',#5905);
#5905 = CARTESIAN_POINT('',(-13.91,40.2,-36.73));
#5906 = SURFACE_CURVE('',#5907,(#5912,#5919),.PCURVE_S1.);
#5907 = CIRCLE('',#5908,1.7);
#5908 = AXIS2_PLACEMENT_3D('',#5909,#5910,#5911);
#5909 = CARTESIAN_POINT('',(-13.91,38.5,-36.73));
#5910 = DIRECTION('',(-1.,0.,0.));
#5911 = DIRECTION('',(0.,1.,0.));
#5912 = PCURVE('',#2774,#5913);
#5913 = DEFINITIONAL_REPRESENTATION('',(#5914),#5918);
#5914 = LINE('',#5915,#5916);
#5915 = CARTESIAN_POINT('',(-6.28318530718,-4.));
#5916 = VECTOR('',#5917,1.);
#5917 = DIRECTION('',(1.,-0.));
#5918 = ( GEOMETRIC_REPRESENTATION_CONTEXT(2) 
PARAMETRIC_REPRESENTATION_CONTEXT() REPRESENTATION_CONTEXT('2D SPACE',''
  ) );
#5919 = PCURVE('',#5345,#5920);
#5920 = DEFINITIONAL_REPRESENTATION('',(#5921),#5929);
#5921 = ( BOUNDED_CURVE() B_SPLINE_CURVE(2,(#5922,#5923,#5924,#5925,
#5926,#5927,#5928),.UNSPECIFIED.,.T.,.F.) B_SPLINE_CURVE_WITH_KNOTS((1,2
    ,2,2,2,1),(-2.094395102393,0.,2.094395102393,4.188790204786,
6.28318530718,8.377580409573),.UNSPECIFIED.) CURVE() 
GEOMETRIC_REPRESENTATION_ITEM() RATIONAL_B_SPLINE_CURVE((1.,0.5,1.,0.5,
1.,0.5,1.)) REPRESENTATION_ITEM('') );
#5922 = CARTESIAN_POINT('',(-0.85,-1.472243186434));
#5923 = CARTESIAN_POINT('',(-3.4,-6.661338147751E-16));
#5924 = CARTESIAN_POINT('',(-0.85,1.472243186434));
#5925 = CARTESIAN_POINT('',(1.7,2.944486372867));
#5926 = CARTESIAN_POINT('',(1.7,9.992007221626E-16));
#5927 = CARTESIAN_POINT('',(1.7,-2.944486372867));
#5928 = CARTESIAN_POINT('',(-0.85,-1.472243186434));
#5929 = ( GEOMETRIC_REPRESENTATION_CONTEXT(2) 
PARAMETRIC_REPRESENTATION_CONTEXT() REPRESENTATION_CONTEXT('2D SPACE',''
  ) );
#5930 = ORIENTED_EDGE('',*,*,#5931,.T.);
#5931 = EDGE_CURVE('',#5904,#2754,#5932,.T.);
#5932 = SEAM_CURVE('',#5933,(#5937,#5944),.PCURVE_S1.);
#5933 = LINE('',#5934,#5935);
#5934 = CARTESIAN_POINT('',(-17.91,40.2,-36.73));
#5935 = VECTOR('',#5936,1.);
#5936 = DIRECTION('',(1.,0.,0.));
#5937 = PCURVE('',#2774,#5938);
#5938 = DEFINITIONAL_REPRESENTATION('',(#5939),#5943);
#5939 = LINE('',#5940,#5941);
#5940 = CARTESIAN_POINT('',(-6.28318530718,0.));
#5941 = VECTOR('',#5942,1.);
#5942 = DIRECTION('',(-0.,-1.));
#5943 = ( GEOMETRIC_REPRESENTATION_CONTEXT(2) 
PARAMETRIC_REPRESENTATION_CONTEXT() REPRESENTATION_CONTEXT('2D SPACE',''
  ) );
#5944 = PCURVE('',#2774,#5945);
#5945 = DEFINITIONAL_REPRESENTATION('',(#5946),#5950);
#5946 = LINE('',#5947,#5948);
#5947 = CARTESIAN_POINT('',(-0.,0.));
#5948 = VECTOR('',#5949,1.);
#5949 = DIRECTION('',(-0.,-1.));
#5950 = ( GEOMETRIC_REPRESENTATION_CONTEXT(2) 
PARAMETRIC_REPRESENTATION_CONTEXT() REPRESENTATION_CONTEXT('2D SPACE',''
  ) );
#5951 = ORIENTED_EDGE('',*,*,#2753,.F.);
#5952 = ORIENTED_EDGE('',*,*,#5931,.F.);
#5953 = ADVANCED_FACE('',(#5954),#2809,.F.);
#5954 = FACE_BOUND('',#5955,.T.);
#5955 = EDGE_LOOP('',(#5956,#5984,#6005,#6006));
#5956 = ORIENTED_EDGE('',*,*,#5957,.T.);
#5957 = EDGE_CURVE('',#5958,#5958,#5960,.T.);
#5958 = VERTEX_POINT('',#5959);
#5959 = CARTESIAN_POINT('',(-13.91,23.7,-36.73));
#5960 = SURFACE_CURVE('',#5961,(#5966,#5973),.PCURVE_S1.);
#5961 = CIRCLE('',#5962,1.7);
#5962 = AXIS2_PLACEMENT_3D('',#5963,#5964,#5965);
#5963 = CARTESIAN_POINT('',(-13.91,22.,-36.73));
#5964 = DIRECTION('',(-1.,0.,0.));
#5965 = DIRECTION('',(0.,1.,0.));
#5966 = PCURVE('',#2809,#5967);
#5967 = DEFINITIONAL_REPRESENTATION('',(#5968),#5972);
#5968 = LINE('',#5969,#5970);
#5969 = CARTESIAN_POINT('',(-6.28318530718,-4.));
#5970 = VECTOR('',#5971,1.);
#5971 = DIRECTION('',(1.,-0.));
#5972 = ( GEOMETRIC_REPRESENTATION_CONTEXT(2) 
PARAMETRIC_REPRESENTATION_CONTEXT() REPRESENTATION_CONTEXT('2D SPACE',''
  ) );
#5973 = PCURVE('',#5644,#5974);
#5974 = DEFINITIONAL_REPRESENTATION('',(#5975),#5983);
#5975 = ( BOUNDED_CURVE() B_SPLINE_CURVE(2,(#5976,#5977,#5978,#5979,
#5980,#5981,#5982),.UNSPECIFIED.,.T.,.F.) B_SPLINE_CURVE_WITH_KNOTS((1,2
    ,2,2,2,1),(-2.094395102393,0.,2.094395102393,4.188790204786,
6.28318530718,8.377580409573),.UNSPECIFIED.) CURVE() 
GEOMETRIC_REPRESENTATION_ITEM() RATIONAL_B_SPLINE_CURVE((1.,0.5,1.,0.5,
1.,0.5,1.)) REPRESENTATION_ITEM('') );
#5976 = CARTESIAN_POINT('',(-0.85,-1.472243186434));
#5977 = CARTESIAN_POINT('',(-3.4,-6.661338147751E-16));
#5978 = CARTESIAN_POINT('',(-0.85,1.472243186434));
#5979 = CARTESIAN_POINT('',(1.7,2.944486372867));
#5980 = CARTESIAN_POINT('',(1.7,9.992007221626E-16));
#5981 = CARTESIAN_POINT('',(1.7,-2.944486372867));
#5982 = CARTESIAN_POINT('',(-0.85,-1.472243186434));
#5983 = ( GEOMETRIC_REPRESENTATION_CONTEXT(2) 
PARAMETRIC_REPRESENTATION_CONTEXT() REPRESENTATION_CONTEXT('2D SPACE',''
  ) );
#5984 = ORIENTED_EDGE('',*,*,#5985,.T.);
#5985 = EDGE_CURVE('',#5958,#2789,#5986,.T.);
#5986 = SEAM_CURVE('',#5987,(#5991,#5998),.PCURVE_S1.);
#5987 = LINE('',#5988,#5989);
#5988 = CARTESIAN_POINT('',(-17.91,23.7,-36.73));
#5989 = VECTOR('',#5990,1.);
#5990 = DIRECTION('',(1.,0.,0.));
#5991 = PCURVE('',#2809,#5992);
#5992 = DEFINITIONAL_REPRESENTATION('',(#5993),#5997);
#5993 = LINE('',#5994,#5995);
#5994 = CARTESIAN_POINT('',(-6.28318530718,0.));
#5995 = VECTOR('',#5996,1.);
#5996 = DIRECTION('',(-0.,-1.));
#5997 = ( GEOMETRIC_REPRESENTATION_CONTEXT(2) 
PARAMETRIC_REPRESENTATION_CONTEXT() REPRESENTATION_CONTEXT('2D SPACE',''
  ) );
#5998 = PCURVE('',#2809,#5999);
#5999 = DEFINITIONAL_REPRESENTATION('',(#6000),#6004);
#6000 = LINE('',#6001,#6002);
#6001 = CARTESIAN_POINT('',(-0.,0.));
#6002 = VECTOR('',#6003,1.);
#6003 = DIRECTION('',(-0.,-1.));
#6004 = ( GEOMETRIC_REPRESENTATION_CONTEXT(2) 
PARAMETRIC_REPRESENTATION_CONTEXT() REPRESENTATION_CONTEXT('2D SPACE',''
  ) );
#6005 = ORIENTED_EDGE('',*,*,#2788,.F.);
#6006 = ORIENTED_EDGE('',*,*,#5985,.F.);
#6007 = ADVANCED_FACE('',(#6008,#6034),#2891,.F.);
#6008 = FACE_BOUND('',#6009,.F.);
#6009 = EDGE_LOOP('',(#6010));
#6010 = ORIENTED_EDGE('',*,*,#6011,.T.);
#6011 = EDGE_CURVE('',#6012,#6012,#6014,.T.);
#6012 = VERTEX_POINT('',#6013);
#6013 = CARTESIAN_POINT('',(-42.41,20.5,-4.08));
#6014 = SURFACE_CURVE('',#6015,(#6020,#6027),.PCURVE_S1.);
#6015 = CIRCLE('',#6016,3.5);
#6016 = AXIS2_PLACEMENT_3D('',#6017,#6018,#6019);
#6017 = CARTESIAN_POINT('',(-45.91,20.5,-4.08));
#6018 = DIRECTION('',(0.,-1.,0.));
#6019 = DIRECTION('',(1.,0.,0.));
#6020 = PCURVE('',#2891,#6021);
#6021 = DEFINITIONAL_REPRESENTATION('',(#6022),#6026);
#6022 = CIRCLE('',#6023,3.5);
#6023 = AXIS2_PLACEMENT_2D('',#6024,#6025);
#6024 = CARTESIAN_POINT('',(0.,0.));
#6025 = DIRECTION('',(0.,1.));
#6026 = ( GEOMETRIC_REPRESENTATION_CONTEXT(2) 
PARAMETRIC_REPRESENTATION_CONTEXT() REPRESENTATION_CONTEXT('2D SPACE',''
  ) );
#6027 = PCURVE('',#3096,#6028);
#6028 = DEFINITIONAL_REPRESENTATION('',(#6029),#6033);
#6029 = LINE('',#6030,#6031);
#6030 = CARTESIAN_POINT('',(0.,0.));
#6031 = VECTOR('',#6032,1.);
#6032 = DIRECTION('',(1.,0.));
#6033 = ( GEOMETRIC_REPRESENTATION_CONTEXT(2) 
PARAMETRIC_REPRESENTATION_CONTEXT() REPRESENTATION_CONTEXT('2D SPACE',''
  ) );
#6034 = FACE_BOUND('',#6035,.F.);
#6035 = EDGE_LOOP('',(#6036));
#6036 = ORIENTED_EDGE('',*,*,#2876,.F.);
#6037 = ADVANCED_FACE('',(#6038,#6064),#2946,.F.);
#6038 = FACE_BOUND('',#6039,.F.);
#6039 = EDGE_LOOP('',(#6040));
#6040 = ORIENTED_EDGE('',*,*,#6041,.T.);
#6041 = EDGE_CURVE('',#6042,#6042,#6044,.T.);
#6042 = VERTEX_POINT('',#6043);
#6043 = CARTESIAN_POINT('',(-42.41,20.5,7.92));
#6044 = SURFACE_CURVE('',#6045,(#6050,#6057),.PCURVE_S1.);
#6045 = CIRCLE('',#6046,3.5);
#6046 = AXIS2_PLACEMENT_3D('',#6047,#6048,#6049);
#6047 = CARTESIAN_POINT('',(-45.91,20.5,7.92));
#6048 = DIRECTION('',(0.,-1.,0.));
#6049 = DIRECTION('',(1.,0.,0.));
#6050 = PCURVE('',#2946,#6051);
#6051 = DEFINITIONAL_REPRESENTATION('',(#6052),#6056);
#6052 = CIRCLE('',#6053,3.5);
#6053 = AXIS2_PLACEMENT_2D('',#6054,#6055);
#6054 = CARTESIAN_POINT('',(0.,0.));
#6055 = DIRECTION('',(0.,1.));
#6056 = ( GEOMETRIC_REPRESENTATION_CONTEXT(2) 
PARAMETRIC_REPRESENTATION_CONTEXT() REPRESENTATION_CONTEXT('2D SPACE',''
  ) );
#6057 = PCURVE('',#3229,#6058);
#6058 = DEFINITIONAL_REPRESENTATION('',(#6059),#6063);
#6059 = LINE('',#6060,#6061);
#6060 = CARTESIAN_POINT('',(0.,0.));
#6061 = VECTOR('',#6062,1.);
#6062 = DIRECTION('',(1.,0.));
#6063 = ( GEOMETRIC_REPRESENTATION_CONTEXT(2) 
PARAMETRIC_REPRESENTATION_CONTEXT() REPRESENTATION_CONTEXT('2D SPACE',''
  ) );
#6064 = FACE_BOUND('',#6065,.F.);
#6065 = EDGE_LOOP('',(#6066));
#6066 = ORIENTED_EDGE('',*,*,#2931,.F.);
#6067 = ADVANCED_FACE('',(#6068),#3068,.F.);
#6068 = FACE_BOUND('',#6069,.F.);
#6069 = EDGE_LOOP('',(#6070,#6071,#6092,#6113));
#6070 = ORIENTED_EDGE('',*,*,#3053,.F.);
#6071 = ORIENTED_EDGE('',*,*,#6072,.T.);
#6072 = EDGE_CURVE('',#3054,#6073,#6075,.T.);
#6073 = VERTEX_POINT('',#6074);
#6074 = CARTESIAN_POINT('',(-48.3747058648,50.343300577928,-6.565));
#6075 = SURFACE_CURVE('',#6076,(#6080,#6086),.PCURVE_S1.);
#6076 = LINE('',#6077,#6078);
#6077 = CARTESIAN_POINT('',(-48.3747058648,20.5,-6.565));
#6078 = VECTOR('',#6079,1.);
#6079 = DIRECTION('',(0.,-1.,0.));
#6080 = PCURVE('',#3068,#6081);
#6081 = DEFINITIONAL_REPRESENTATION('',(#6082),#6085);
#6082 = B_SPLINE_CURVE_WITH_KNOTS('',1,(#6083,#6084),.UNSPECIFIED.,.F.,
  .F.,(2,2),(-33.8692138404,-29.47730846315),.PIECEWISE_BEZIER_KNOTS.);
#6083 = CARTESIAN_POINT('',(3.85,-0.544678603058));
#6084 = CARTESIAN_POINT('',(-0.35,-1.828747465184));
#6085 = ( GEOMETRIC_REPRESENTATION_CONTEXT(2) 
PARAMETRIC_REPRESENTATION_CONTEXT() REPRESENTATION_CONTEXT('2D SPACE',''
  ) );
#6086 = PCURVE('',#3096,#6087);
#6087 = DEFINITIONAL_REPRESENTATION('',(#6088),#6091);
#6088 = B_SPLINE_CURVE_WITH_KNOTS('',1,(#6089,#6090),.UNSPECIFIED.,.F.,
  .F.,(2,2),(-33.8692138404,-29.47730846315),.PIECEWISE_BEZIER_KNOTS.);
#6089 = CARTESIAN_POINT('',(3.931090862936,-33.8692138404));
#6090 = CARTESIAN_POINT('',(3.931090862936,-29.47730846315));
#6091 = ( GEOMETRIC_REPRESENTATION_CONTEXT(2) 
PARAMETRIC_REPRESENTATION_CONTEXT() REPRESENTATION_CONTEXT('2D SPACE',''
  ) );
#6092 = ORIENTED_EDGE('',*,*,#6093,.T.);
#6093 = EDGE_CURVE('',#6073,#3582,#6094,.T.);
#6094 = SURFACE_CURVE('',#6095,(#6099,#6106),.PCURVE_S1.);
#6095 = LINE('',#6096,#6097);
#6096 = CARTESIAN_POINT('',(-46.72819606304,50.846689141647,-6.565));
#6097 = VECTOR('',#6098,1.);
#6098 = DIRECTION('',(-0.956304755963,-0.292371704723,
    -1.110223024625E-16));
#6099 = PCURVE('',#3068,#6100);
#6100 = DEFINITIONAL_REPRESENTATION('',(#6101),#6105);
#6101 = LINE('',#6102,#6103);
#6102 = CARTESIAN_POINT('',(0.,0.));
#6103 = VECTOR('',#6104,1.);
#6104 = DIRECTION('',(-1.232595164408E-32,-1.));
#6105 = ( GEOMETRIC_REPRESENTATION_CONTEXT(2) 
PARAMETRIC_REPRESENTATION_CONTEXT() REPRESENTATION_CONTEXT('2D SPACE',''
  ) );
#6106 = PCURVE('',#3597,#6107);
#6107 = DEFINITIONAL_REPRESENTATION('',(#6108),#6112);
#6108 = LINE('',#6109,#6110);
#6109 = CARTESIAN_POINT('',(16.97,1.884048472789E-15));
#6110 = VECTOR('',#6111,1.);
#6111 = DIRECTION('',(0.,1.));
#6112 = ( GEOMETRIC_REPRESENTATION_CONTEXT(2) 
PARAMETRIC_REPRESENTATION_CONTEXT() REPRESENTATION_CONTEXT('2D SPACE',''
  ) );
#6113 = ORIENTED_EDGE('',*,*,#3613,.F.);
#6114 = ADVANCED_FACE('',(#6115),#3096,.F.);
#6115 = FACE_BOUND('',#6116,.F.);
#6116 = EDGE_LOOP('',(#6117,#6118,#6139,#6140,#6167,#6202,#6203,#6204));
#6117 = ORIENTED_EDGE('',*,*,#6011,.F.);
#6118 = ORIENTED_EDGE('',*,*,#6119,.T.);
#6119 = EDGE_CURVE('',#6012,#3080,#6120,.T.);
#6120 = SEAM_CURVE('',#6121,(#6125,#6132),.PCURVE_S1.);
#6121 = LINE('',#6122,#6123);
#6122 = CARTESIAN_POINT('',(-42.41,20.5,-4.08));
#6123 = VECTOR('',#6124,1.);
#6124 = DIRECTION('',(-0.,1.,-0.));
#6125 = PCURVE('',#3096,#6126);
#6126 = DEFINITIONAL_REPRESENTATION('',(#6127),#6131);
#6127 = LINE('',#6128,#6129);
#6128 = CARTESIAN_POINT('',(6.28318530718,0.));
#6129 = VECTOR('',#6130,1.);
#6130 = DIRECTION('',(0.,-1.));
#6131 = ( GEOMETRIC_REPRESENTATION_CONTEXT(2) 
PARAMETRIC_REPRESENTATION_CONTEXT() REPRESENTATION_CONTEXT('2D SPACE',''
  ) );
#6132 = PCURVE('',#3096,#6133);
#6133 = DEFINITIONAL_REPRESENTATION('',(#6134),#6138);
#6134 = LINE('',#6135,#6136);
#6135 = CARTESIAN_POINT('',(0.,0.));
#6136 = VECTOR('',#6137,1.);
#6137 = DIRECTION('',(0.,-1.));
#6138 = ( GEOMETRIC_REPRESENTATION_CONTEXT(2) 
PARAMETRIC_REPRESENTATION_CONTEXT() REPRESENTATION_CONTEXT('2D SPACE',''
  ) );
#6139 = ORIENTED_EDGE('',*,*,#3135,.F.);
#6140 = ORIENTED_EDGE('',*,*,#6141,.F.);
#6141 = EDGE_CURVE('',#6142,#3136,#6144,.T.);
#6142 = VERTEX_POINT('',#6143);
#6143 = CARTESIAN_POINT('',(-46.72819606304,50.846689141647,
    -0.676978518667));
#6144 = SURFACE_CURVE('',#6145,(#6150,#6160),.PCURVE_S1.);
#6145 = ELLIPSE('',#6146,11.971062669416,3.5);
#6146 = AXIS2_PLACEMENT_3D('',#6147,#6148,#6149);
#6147 = CARTESIAN_POINT('',(-45.91,48.1704904064,-4.08));
#6148 = DIRECTION('',(-0.956304755963,-0.292371704723,
    -1.110223024625E-16));
#6149 = DIRECTION('',(0.292371704723,-0.956304755963,3.394292418897E-17)
  );
#6150 = PCURVE('',#3096,#6151);
#6151 = DEFINITIONAL_REPRESENTATION('',(#6152),#6159);
#6152 = B_SPLINE_CURVE_WITH_KNOTS('',5,(#6153,#6154,#6155,#6156,#6157,
    #6158),.UNSPECIFIED.,.F.,.F.,(6,6),(1.776783060638,2.159615188169),
  .PIECEWISE_BEZIER_KNOTS.);
#6153 = CARTESIAN_POINT('',(1.776783060638,-30.01198247706));
#6154 = CARTESIAN_POINT('',(1.853349486144,-30.86998351927));
#6155 = CARTESIAN_POINT('',(1.92991591165,-31.71082645784));
#6156 = CARTESIAN_POINT('',(2.006482337157,-32.52402964288));
#6157 = CARTESIAN_POINT('',(2.083048762663,-33.2995415042));
#6158 = CARTESIAN_POINT('',(2.159615188169,-34.0284624521));
#6159 = ( GEOMETRIC_REPRESENTATION_CONTEXT(2) 
PARAMETRIC_REPRESENTATION_CONTEXT() REPRESENTATION_CONTEXT('2D SPACE',''
  ) );
#6160 = PCURVE('',#3201,#6161);
#6161 = DEFINITIONAL_REPRESENTATION('',(#6162),#6166);
#6162 = ELLIPSE('',#6163,11.971062669416,3.5);
#6163 = AXIS2_PLACEMENT_2D('',#6164,#6165);
#6164 = CARTESIAN_POINT('',(-2.79847895617,14.485));
#6165 = DIRECTION('',(-1.,-1.449652266515E-16));
#6166 = ( GEOMETRIC_REPRESENTATION_CONTEXT(2) 
PARAMETRIC_REPRESENTATION_CONTEXT() REPRESENTATION_CONTEXT('2D SPACE',''
  ) );
#6167 = ORIENTED_EDGE('',*,*,#6168,.F.);
#6168 = EDGE_CURVE('',#6073,#6142,#6169,.T.);
#6169 = SURFACE_CURVE('',#6170,(#6175,#6195),.PCURVE_S1.);
#6170 = ELLIPSE('',#6171,3.659921147705,3.5);
#6171 = AXIS2_PLACEMENT_3D('',#6172,#6173,#6174);
#6172 = CARTESIAN_POINT('',(-45.91,51.096836781569,-4.08));
#6173 = DIRECTION('',(-0.292371704723,0.956304755963,1.110223024625E-16)
  );
#6174 = DIRECTION('',(-0.956304755963,-0.292371704723,3.631375887197E-16
    ));
#6175 = PCURVE('',#3096,#6176);
#6176 = DEFINITIONAL_REPRESENTATION('',(#6177),#6194);
#6177 = B_SPLINE_CURVE_WITH_KNOTS('',8,(#6178,#6179,#6180,#6181,#6182,
    #6183,#6184,#6185,#6186,#6187,#6188,#6189,#6190,#6191,#6192,#6193),
  .UNSPECIFIED.,.F.,.F.,(9,7,9),(4.559136081348,6.28318530718,
    8.007234533011),.UNSPECIFIED.);
#6178 = CARTESIAN_POINT('',(4.865641879421,-30.76018500988));
#6179 = CARTESIAN_POINT('',(4.650135726192,-30.53228379726));
#6180 = CARTESIAN_POINT('',(4.434629572962,-30.29571232938));
#6181 = CARTESIAN_POINT('',(4.219123419734,-30.06660033349));
#6182 = CARTESIAN_POINT('',(4.003617266495,-29.86193047725));
#6183 = CARTESIAN_POINT('',(3.788111113274,-29.69716697873));
#6184 = CARTESIAN_POINT('',(3.572604960047,-29.58357558839));
#6185 = CARTESIAN_POINT('',(3.357098806819,-29.52677939646));
#6186 = CARTESIAN_POINT('',(2.926086500361,-29.52677939646));
#6187 = CARTESIAN_POINT('',(2.71058034713,-29.5835755884));
#6188 = CARTESIAN_POINT('',(2.495074193902,-29.69716697876));
#6189 = CARTESIAN_POINT('',(2.279568040673,-29.86193047737));
#6190 = CARTESIAN_POINT('',(2.06406188744,-30.0666003336));
#6191 = CARTESIAN_POINT('',(1.848555734215,-30.2957123294));
#6192 = CARTESIAN_POINT('',(1.633049580987,-30.53228379726));
#6193 = CARTESIAN_POINT('',(1.417543427758,-30.76018500988));
#6194 = ( GEOMETRIC_REPRESENTATION_CONTEXT(2) 
PARAMETRIC_REPRESENTATION_CONTEXT() REPRESENTATION_CONTEXT('2D SPACE',''
  ) );
#6195 = PCURVE('',#3597,#6196);
#6196 = DEFINITIONAL_REPRESENTATION('',(#6197),#6201);
#6197 = ELLIPSE('',#6198,3.659921147705,3.5);
#6198 = AXIS2_PLACEMENT_2D('',#6199,#6200);
#6199 = CARTESIAN_POINT('',(14.485,-0.855580878317));
#6200 = DIRECTION('',(-4.741598911822E-16,1.));
#6201 = ( GEOMETRIC_REPRESENTATION_CONTEXT(2) 
PARAMETRIC_REPRESENTATION_CONTEXT() REPRESENTATION_CONTEXT('2D SPACE',''
  ) );
#6202 = ORIENTED_EDGE('',*,*,#6072,.F.);
#6203 = ORIENTED_EDGE('',*,*,#3079,.F.);
#6204 = ORIENTED_EDGE('',*,*,#6119,.F.);
#6205 = ADVANCED_FACE('',(#6206),#3334,.T.);
#6206 = FACE_BOUND('',#6207,.T.);
#6207 = EDGE_LOOP('',(#6208,#6209,#6230,#6251));
#6208 = ORIENTED_EDGE('',*,*,#3319,.F.);
#6209 = ORIENTED_EDGE('',*,*,#6210,.T.);
#6210 = EDGE_CURVE('',#3269,#6211,#6213,.T.);
#6211 = VERTEX_POINT('',#6212);
#6212 = CARTESIAN_POINT('',(-48.3747058648,50.343300577928,10.405));
#6213 = SURFACE_CURVE('',#6214,(#6218,#6224),.PCURVE_S1.);
#6214 = LINE('',#6215,#6216);
#6215 = CARTESIAN_POINT('',(-48.3747058648,20.5,10.405));
#6216 = VECTOR('',#6217,1.);
#6217 = DIRECTION('',(0.,-1.,0.));
#6218 = PCURVE('',#3334,#6219);
#6219 = DEFINITIONAL_REPRESENTATION('',(#6220),#6223);
#6220 = B_SPLINE_CURVE_WITH_KNOTS('',1,(#6221,#6222),.UNSPECIFIED.,.F.,
  .F.,(2,2),(-33.8692138404,-29.47730846315),.PIECEWISE_BEZIER_KNOTS.);
#6221 = CARTESIAN_POINT('',(3.85,-0.544678603058));
#6222 = CARTESIAN_POINT('',(-0.35,-1.828747465184));
#6223 = ( GEOMETRIC_REPRESENTATION_CONTEXT(2) 
PARAMETRIC_REPRESENTATION_CONTEXT() REPRESENTATION_CONTEXT('2D SPACE',''
  ) );
#6224 = PCURVE('',#3229,#6225);
#6225 = DEFINITIONAL_REPRESENTATION('',(#6226),#6229);
#6226 = B_SPLINE_CURVE_WITH_KNOTS('',1,(#6227,#6228),.UNSPECIFIED.,.F.,
  .F.,(2,2),(-33.8692138404,-29.47730846315),.PIECEWISE_BEZIER_KNOTS.);
#6227 = CARTESIAN_POINT('',(2.352094444244,-33.8692138404));
#6228 = CARTESIAN_POINT('',(2.352094444244,-29.47730846315));
#6229 = ( GEOMETRIC_REPRESENTATION_CONTEXT(2) 
PARAMETRIC_REPRESENTATION_CONTEXT() REPRESENTATION_CONTEXT('2D SPACE',''
  ) );
#6230 = ORIENTED_EDGE('',*,*,#6231,.T.);
#6231 = EDGE_CURVE('',#6211,#3560,#6232,.T.);
#6232 = SURFACE_CURVE('',#6233,(#6237,#6244),.PCURVE_S1.);
#6233 = LINE('',#6234,#6235);
#6234 = CARTESIAN_POINT('',(-46.72819606304,50.846689141647,10.405));
#6235 = VECTOR('',#6236,1.);
#6236 = DIRECTION('',(-0.956304755963,-0.292371704723,
    -1.110223024625E-16));
#6237 = PCURVE('',#3334,#6238);
#6238 = DEFINITIONAL_REPRESENTATION('',(#6239),#6243);
#6239 = LINE('',#6240,#6241);
#6240 = CARTESIAN_POINT('',(0.,0.));
#6241 = VECTOR('',#6242,1.);
#6242 = DIRECTION('',(-1.232595164408E-32,-1.));
#6243 = ( GEOMETRIC_REPRESENTATION_CONTEXT(2) 
PARAMETRIC_REPRESENTATION_CONTEXT() REPRESENTATION_CONTEXT('2D SPACE',''
  ) );
#6244 = PCURVE('',#3597,#6245);
#6245 = DEFINITIONAL_REPRESENTATION('',(#6246),#6250);
#6246 = LINE('',#6247,#6248);
#6247 = CARTESIAN_POINT('',(0.,-0.));
#6248 = VECTOR('',#6249,1.);
#6249 = DIRECTION('',(0.,1.));
#6250 = ( GEOMETRIC_REPRESENTATION_CONTEXT(2) 
PARAMETRIC_REPRESENTATION_CONTEXT() REPRESENTATION_CONTEXT('2D SPACE',''
  ) );
#6251 = ORIENTED_EDGE('',*,*,#3559,.F.);
#6252 = ADVANCED_FACE('',(#6253),#3201,.T.);
#6253 = FACE_BOUND('',#6254,.T.);
#6254 = EDGE_LOOP('',(#6255,#6256,#6279,#6304));
#6255 = ORIENTED_EDGE('',*,*,#6141,.F.);
#6256 = ORIENTED_EDGE('',*,*,#6257,.F.);
#6257 = EDGE_CURVE('',#6258,#6142,#6260,.T.);
#6258 = VERTEX_POINT('',#6259);
#6259 = CARTESIAN_POINT('',(-46.72819606304,50.846689141647,
    4.516978518667));
#6260 = SURFACE_CURVE('',#6261,(#6265,#6272),.PCURVE_S1.);
#6261 = LINE('',#6262,#6263);
#6262 = CARTESIAN_POINT('',(-46.72819606304,50.846689141647,10.405));
#6263 = VECTOR('',#6264,1.);
#6264 = DIRECTION('',(7.371137602966E-17,1.386309356961E-16,-1.));
#6265 = PCURVE('',#3201,#6266);
#6266 = DEFINITIONAL_REPRESENTATION('',(#6267),#6271);
#6267 = LINE('',#6268,#6269);
#6268 = CARTESIAN_POINT('',(0.,0.));
#6269 = VECTOR('',#6270,1.);
#6270 = DIRECTION('',(0.,1.));
#6271 = ( GEOMETRIC_REPRESENTATION_CONTEXT(2) 
PARAMETRIC_REPRESENTATION_CONTEXT() REPRESENTATION_CONTEXT('2D SPACE',''
  ) );
#6272 = PCURVE('',#3597,#6273);
#6273 = DEFINITIONAL_REPRESENTATION('',(#6274),#6278);
#6274 = LINE('',#6275,#6276);
#6275 = CARTESIAN_POINT('',(0.,-0.));
#6276 = VECTOR('',#6277,1.);
#6277 = DIRECTION('',(1.,0.));
#6278 = ( GEOMETRIC_REPRESENTATION_CONTEXT(2) 
PARAMETRIC_REPRESENTATION_CONTEXT() REPRESENTATION_CONTEXT('2D SPACE',''
  ) );
#6279 = ORIENTED_EDGE('',*,*,#6280,.F.);
#6280 = EDGE_CURVE('',#3187,#6258,#6281,.T.);
#6281 = SURFACE_CURVE('',#6282,(#6287,#6294),.PCURVE_S1.);
#6282 = ELLIPSE('',#6283,11.971062669416,3.5);
#6283 = AXIS2_PLACEMENT_3D('',#6284,#6285,#6286);
#6284 = CARTESIAN_POINT('',(-45.91,48.1704904064,7.92));
#6285 = DIRECTION('',(-0.956304755963,-0.292371704723,
    -1.110223024625E-16));
#6286 = DIRECTION('',(0.292371704723,-0.956304755963,3.394292418897E-17)
  );
#6287 = PCURVE('',#3201,#6288);
#6288 = DEFINITIONAL_REPRESENTATION('',(#6289),#6293);
#6289 = ELLIPSE('',#6290,11.971062669416,3.5);
#6290 = AXIS2_PLACEMENT_2D('',#6291,#6292);
#6291 = CARTESIAN_POINT('',(-2.79847895617,2.485));
#6292 = DIRECTION('',(-1.,-1.449652266515E-16));
#6293 = ( GEOMETRIC_REPRESENTATION_CONTEXT(2) 
PARAMETRIC_REPRESENTATION_CONTEXT() REPRESENTATION_CONTEXT('2D SPACE',''
  ) );
#6294 = PCURVE('',#3229,#6295);
#6295 = DEFINITIONAL_REPRESENTATION('',(#6296),#6303);
#6296 = B_SPLINE_CURVE_WITH_KNOTS('',5,(#6297,#6298,#6299,#6300,#6301,
    #6302),.UNSPECIFIED.,.F.,.F.,(6,6),(4.123570119011,4.506402246541),
  .PIECEWISE_BEZIER_KNOTS.);
#6297 = CARTESIAN_POINT('',(4.123570119011,-34.0284624521));
#6298 = CARTESIAN_POINT('',(4.200136544517,-33.2995415042));
#6299 = CARTESIAN_POINT('',(4.276702970023,-32.52402964288));
#6300 = CARTESIAN_POINT('',(4.353269395529,-31.71082645784));
#6301 = CARTESIAN_POINT('',(4.429835821035,-30.86998351927));
#6302 = CARTESIAN_POINT('',(4.506402246541,-30.01198247706));
#6303 = ( GEOMETRIC_REPRESENTATION_CONTEXT(2) 
PARAMETRIC_REPRESENTATION_CONTEXT() REPRESENTATION_CONTEXT('2D SPACE',''
  ) );
#6304 = ORIENTED_EDGE('',*,*,#3186,.F.);
#6305 = ADVANCED_FACE('',(#6306),#3229,.F.);
#6306 = FACE_BOUND('',#6307,.F.);
#6307 = EDGE_LOOP('',(#6308,#6309,#6330,#6331,#6332,#6367,#6368,#6369));
#6308 = ORIENTED_EDGE('',*,*,#6041,.F.);
#6309 = ORIENTED_EDGE('',*,*,#6310,.T.);
#6310 = EDGE_CURVE('',#6042,#3213,#6311,.T.);
#6311 = SEAM_CURVE('',#6312,(#6316,#6323),.PCURVE_S1.);
#6312 = LINE('',#6313,#6314);
#6313 = CARTESIAN_POINT('',(-42.41,20.5,7.92));
#6314 = VECTOR('',#6315,1.);
#6315 = DIRECTION('',(-0.,1.,-0.));
#6316 = PCURVE('',#3229,#6317);
#6317 = DEFINITIONAL_REPRESENTATION('',(#6318),#6322);
#6318 = LINE('',#6319,#6320);
#6319 = CARTESIAN_POINT('',(6.28318530718,0.));
#6320 = VECTOR('',#6321,1.);
#6321 = DIRECTION('',(0.,-1.));
#6322 = ( GEOMETRIC_REPRESENTATION_CONTEXT(2) 
PARAMETRIC_REPRESENTATION_CONTEXT() REPRESENTATION_CONTEXT('2D SPACE',''
  ) );
#6323 = PCURVE('',#3229,#6324);
#6324 = DEFINITIONAL_REPRESENTATION('',(#6325),#6329);
#6325 = LINE('',#6326,#6327);
#6326 = CARTESIAN_POINT('',(0.,0.));
#6327 = VECTOR('',#6328,1.);
#6328 = DIRECTION('',(0.,-1.));
#6329 = ( GEOMETRIC_REPRESENTATION_CONTEXT(2) 
PARAMETRIC_REPRESENTATION_CONTEXT() REPRESENTATION_CONTEXT('2D SPACE',''
  ) );
#6330 = ORIENTED_EDGE('',*,*,#3268,.F.);
#6331 = ORIENTED_EDGE('',*,*,#6210,.T.);
#6332 = ORIENTED_EDGE('',*,*,#6333,.F.);
#6333 = EDGE_CURVE('',#6258,#6211,#6334,.T.);
#6334 = SURFACE_CURVE('',#6335,(#6340,#6360),.PCURVE_S1.);
#6335 = ELLIPSE('',#6336,3.659921147705,3.5);
#6336 = AXIS2_PLACEMENT_3D('',#6337,#6338,#6339);
#6337 = CARTESIAN_POINT('',(-45.91,51.096836781569,7.92));
#6338 = DIRECTION('',(-0.292371704723,0.956304755963,1.110223024625E-16)
  );
#6339 = DIRECTION('',(-0.956304755963,-0.292371704723,3.631375887197E-16
    ));
#6340 = PCURVE('',#3229,#6341);
#6341 = DEFINITIONAL_REPRESENTATION('',(#6342),#6359);
#6342 = B_SPLINE_CURVE_WITH_KNOTS('',8,(#6343,#6344,#6345,#6346,#6347,
    #6348,#6349,#6350,#6351,#6352,#6353,#6354,#6355,#6356,#6357,#6358),
  .UNSPECIFIED.,.F.,.F.,(9,7,9),(4.559136081348,6.28318530718,
    8.007234533011),.UNSPECIFIED.);
#6343 = CARTESIAN_POINT('',(4.865641879421,-30.76018500988));
#6344 = CARTESIAN_POINT('',(4.650135726192,-30.53228379726));
#6345 = CARTESIAN_POINT('',(4.43462957296,-30.29571232941));
#6346 = CARTESIAN_POINT('',(4.219123419742,-30.06660033349));
#6347 = CARTESIAN_POINT('',(4.00361726648,-29.86193047731));
#6348 = CARTESIAN_POINT('',(3.788111113288,-29.69716697861));
#6349 = CARTESIAN_POINT('',(3.572604960043,-29.58357558841));
#6350 = CARTESIAN_POINT('',(3.357098806819,-29.52677939646));
#6351 = CARTESIAN_POINT('',(2.926086500361,-29.52677939646));
#6352 = CARTESIAN_POINT('',(2.71058034713,-29.58357558841));
#6353 = CARTESIAN_POINT('',(2.4950741939,-29.69716697871));
#6354 = CARTESIAN_POINT('',(2.279568040669,-29.86193047746));
#6355 = CARTESIAN_POINT('',(2.064061887443,-30.06660033355));
#6356 = CARTESIAN_POINT('',(1.848555734216,-30.29571232941));
#6357 = CARTESIAN_POINT('',(1.633049580987,-30.53228379726));
#6358 = CARTESIAN_POINT('',(1.417543427758,-30.76018500988));
#6359 = ( GEOMETRIC_REPRESENTATION_CONTEXT(2) 
PARAMETRIC_REPRESENTATION_CONTEXT() REPRESENTATION_CONTEXT('2D SPACE',''
  ) );
#6360 = PCURVE('',#3597,#6361);
#6361 = DEFINITIONAL_REPRESENTATION('',(#6362),#6366);
#6362 = ELLIPSE('',#6363,3.659921147705,3.5);
#6363 = AXIS2_PLACEMENT_2D('',#6364,#6365);
#6364 = CARTESIAN_POINT('',(2.485,-0.855580878317));
#6365 = DIRECTION('',(-4.741598911822E-16,1.));
#6366 = ( GEOMETRIC_REPRESENTATION_CONTEXT(2) 
PARAMETRIC_REPRESENTATION_CONTEXT() REPRESENTATION_CONTEXT('2D SPACE',''
  ) );
#6367 = ORIENTED_EDGE('',*,*,#6280,.F.);
#6368 = ORIENTED_EDGE('',*,*,#3212,.F.);
#6369 = ORIENTED_EDGE('',*,*,#6310,.F.);
#6370 = ADVANCED_FACE('',(#6371),#3414,.F.);
#6371 = FACE_BOUND('',#6372,.F.);
#6372 = EDGE_LOOP('',(#6373,#6374,#6395,#6396));
#6373 = ORIENTED_EDGE('',*,*,#4257,.F.);
#6374 = ORIENTED_EDGE('',*,*,#6375,.T.);
#6375 = EDGE_CURVE('',#4258,#3394,#6376,.T.);
#6376 = SEAM_CURVE('',#6377,(#6381,#6388),.PCURVE_S1.);
#6377 = LINE('',#6378,#6379);
#6378 = CARTESIAN_POINT('',(-47.39580067589,39.349110958356,-17.08));
#6379 = VECTOR('',#6380,1.);
#6380 = DIRECTION('',(-0.292371704723,0.956304755963,0.));
#6381 = PCURVE('',#3414,#6382);
#6382 = DEFINITIONAL_REPRESENTATION('',(#6383),#6387);
#6383 = LINE('',#6384,#6385);
#6384 = CARTESIAN_POINT('',(6.28318530718,0.));
#6385 = VECTOR('',#6386,1.);
#6386 = DIRECTION('',(0.,-1.));
#6387 = ( GEOMETRIC_REPRESENTATION_CONTEXT(2) 
PARAMETRIC_REPRESENTATION_CONTEXT() REPRESENTATION_CONTEXT('2D SPACE',''
  ) );
#6388 = PCURVE('',#3414,#6389);
#6389 = DEFINITIONAL_REPRESENTATION('',(#6390),#6394);
#6390 = LINE('',#6391,#6392);
#6391 = CARTESIAN_POINT('',(0.,0.));
#6392 = VECTOR('',#6393,1.);
#6393 = DIRECTION('',(0.,-1.));
#6394 = ( GEOMETRIC_REPRESENTATION_CONTEXT(2) 
PARAMETRIC_REPRESENTATION_CONTEXT() REPRESENTATION_CONTEXT('2D SPACE',''
  ) );
#6395 = ORIENTED_EDGE('',*,*,#3393,.T.);
#6396 = ORIENTED_EDGE('',*,*,#6375,.F.);
#6397 = ADVANCED_FACE('',(#6398),#3449,.F.);
#6398 = FACE_BOUND('',#6399,.F.);
#6399 = EDGE_LOOP('',(#6400,#6424,#6445,#6446));
#6400 = ORIENTED_EDGE('',*,*,#6401,.F.);
#6401 = EDGE_CURVE('',#6402,#6402,#6404,.T.);
#6402 = VERTEX_POINT('',#6403);
#6403 = CARTESIAN_POINT('',(-49.58858846131,46.521396628078,20.92));
#6404 = SURFACE_CURVE('',#6405,(#6410,#6417),.PCURVE_S1.);
#6405 = CIRCLE('',#6406,1.7);
#6406 = AXIS2_PLACEMENT_3D('',#6407,#6408,#6409);
#6407 = CARTESIAN_POINT('',(-51.21430654645,46.02436473005,20.92));
#6408 = DIRECTION('',(0.292371704723,-0.956304755963,0.));
#6409 = DIRECTION('',(0.956304755963,0.292371704723,0.));
#6410 = PCURVE('',#3449,#6411);
#6411 = DEFINITIONAL_REPRESENTATION('',(#6412),#6416);
#6412 = LINE('',#6413,#6414);
#6413 = CARTESIAN_POINT('',(0.,-7.5));
#6414 = VECTOR('',#6415,1.);
#6415 = DIRECTION('',(1.,0.));
#6416 = ( GEOMETRIC_REPRESENTATION_CONTEXT(2) 
PARAMETRIC_REPRESENTATION_CONTEXT() REPRESENTATION_CONTEXT('2D SPACE',''
  ) );
#6417 = PCURVE('',#3831,#6418);
#6418 = DEFINITIONAL_REPRESENTATION('',(#6419),#6423);
#6419 = CIRCLE('',#6420,1.7);
#6420 = AXIS2_PLACEMENT_2D('',#6421,#6422);
#6421 = CARTESIAN_POINT('',(0.,0.));
#6422 = DIRECTION('',(-0.5,0.866025403784));
#6423 = ( GEOMETRIC_REPRESENTATION_CONTEXT(2) 
PARAMETRIC_REPRESENTATION_CONTEXT() REPRESENTATION_CONTEXT('2D SPACE',''
  ) );
#6424 = ORIENTED_EDGE('',*,*,#6425,.T.);
#6425 = EDGE_CURVE('',#6402,#3429,#6426,.T.);
#6426 = SEAM_CURVE('',#6427,(#6431,#6438),.PCURVE_S1.);
#6427 = LINE('',#6428,#6429);
#6428 = CARTESIAN_POINT('',(-47.39580067589,39.349110958356,20.92));
#6429 = VECTOR('',#6430,1.);
#6430 = DIRECTION('',(-0.292371704723,0.956304755963,0.));
#6431 = PCURVE('',#3449,#6432);
#6432 = DEFINITIONAL_REPRESENTATION('',(#6433),#6437);
#6433 = LINE('',#6434,#6435);
#6434 = CARTESIAN_POINT('',(6.28318530718,0.));
#6435 = VECTOR('',#6436,1.);
#6436 = DIRECTION('',(0.,-1.));
#6437 = ( GEOMETRIC_REPRESENTATION_CONTEXT(2) 
PARAMETRIC_REPRESENTATION_CONTEXT() REPRESENTATION_CONTEXT('2D SPACE',''
  ) );
#6438 = PCURVE('',#3449,#6439);
#6439 = DEFINITIONAL_REPRESENTATION('',(#6440),#6444);
#6440 = LINE('',#6441,#6442);
#6441 = CARTESIAN_POINT('',(0.,0.));
#6442 = VECTOR('',#6443,1.);
#6443 = DIRECTION('',(0.,-1.));
#6444 = ( GEOMETRIC_REPRESENTATION_CONTEXT(2) 
PARAMETRIC_REPRESENTATION_CONTEXT() REPRESENTATION_CONTEXT('2D SPACE',''
  ) );
#6445 = ORIENTED_EDGE('',*,*,#3428,.T.);
#6446 = ORIENTED_EDGE('',*,*,#6425,.F.);
#6447 = ADVANCED_FACE('',(#6448),#3484,.F.);
#6448 = FACE_BOUND('',#6449,.F.);
#6449 = EDGE_LOOP('',(#6450,#6451,#6472,#6473));
#6450 = ORIENTED_EDGE('',*,*,#4539,.F.);
#6451 = ORIENTED_EDGE('',*,*,#6452,.T.);
#6452 = EDGE_CURVE('',#4540,#3464,#6453,.T.);
#6453 = SEAM_CURVE('',#6454,(#6458,#6465),.PCURVE_S1.);
#6454 = LINE('',#6455,#6456);
#6455 = CARTESIAN_POINT('',(-38.78905787222,41.98045630086,-17.08));
#6456 = VECTOR('',#6457,1.);
#6457 = DIRECTION('',(-0.292371704723,0.956304755963,0.));
#6458 = PCURVE('',#3484,#6459);
#6459 = DEFINITIONAL_REPRESENTATION('',(#6460),#6464);
#6460 = LINE('',#6461,#6462);
#6461 = CARTESIAN_POINT('',(6.28318530718,0.));
#6462 = VECTOR('',#6463,1.);
#6463 = DIRECTION('',(0.,-1.));
#6464 = ( GEOMETRIC_REPRESENTATION_CONTEXT(2) 
PARAMETRIC_REPRESENTATION_CONTEXT() REPRESENTATION_CONTEXT('2D SPACE',''
  ) );
#6465 = PCURVE('',#3484,#6466);
#6466 = DEFINITIONAL_REPRESENTATION('',(#6467),#6471);
#6467 = LINE('',#6468,#6469);
#6468 = CARTESIAN_POINT('',(0.,0.));
#6469 = VECTOR('',#6470,1.);
#6470 = DIRECTION('',(0.,-1.));
#6471 = ( GEOMETRIC_REPRESENTATION_CONTEXT(2) 
PARAMETRIC_REPRESENTATION_CONTEXT() REPRESENTATION_CONTEXT('2D SPACE',''
  ) );
#6472 = ORIENTED_EDGE('',*,*,#3463,.T.);
#6473 = ORIENTED_EDGE('',*,*,#6452,.F.);
#6474 = ADVANCED_FACE('',(#6475),#3519,.F.);
#6475 = FACE_BOUND('',#6476,.F.);
#6476 = EDGE_LOOP('',(#6477,#6501,#6522,#6523));
#6477 = ORIENTED_EDGE('',*,*,#6478,.F.);
#6478 = EDGE_CURVE('',#6479,#6479,#6481,.T.);
#6479 = VERTEX_POINT('',#6480);
#6480 = CARTESIAN_POINT('',(-40.98184565764,49.152741970583,20.92));
#6481 = SURFACE_CURVE('',#6482,(#6487,#6494),.PCURVE_S1.);
#6482 = CIRCLE('',#6483,1.7);
#6483 = AXIS2_PLACEMENT_3D('',#6484,#6485,#6486);
#6484 = CARTESIAN_POINT('',(-42.60756374278,48.655710072554,20.92));
#6485 = DIRECTION('',(0.292371704723,-0.956304755963,0.));
#6486 = DIRECTION('',(0.956304755963,0.292371704723,0.));
#6487 = PCURVE('',#3519,#6488);
#6488 = DEFINITIONAL_REPRESENTATION('',(#6489),#6493);
#6489 = LINE('',#6490,#6491);
#6490 = CARTESIAN_POINT('',(0.,-7.5));
#6491 = VECTOR('',#6492,1.);
#6492 = DIRECTION('',(1.,0.));
#6493 = ( GEOMETRIC_REPRESENTATION_CONTEXT(2) 
PARAMETRIC_REPRESENTATION_CONTEXT() REPRESENTATION_CONTEXT('2D SPACE',''
  ) );
#6494 = PCURVE('',#3937,#6495);
#6495 = DEFINITIONAL_REPRESENTATION('',(#6496),#6500);
#6496 = CIRCLE('',#6497,1.7);
#6497 = AXIS2_PLACEMENT_2D('',#6498,#6499);
#6498 = CARTESIAN_POINT('',(0.,0.));
#6499 = DIRECTION('',(-0.5,0.866025403784));
#6500 = ( GEOMETRIC_REPRESENTATION_CONTEXT(2) 
PARAMETRIC_REPRESENTATION_CONTEXT() REPRESENTATION_CONTEXT('2D SPACE',''
  ) );
#6501 = ORIENTED_EDGE('',*,*,#6502,.T.);
#6502 = EDGE_CURVE('',#6479,#3499,#6503,.T.);
#6503 = SEAM_CURVE('',#6504,(#6508,#6515),.PCURVE_S1.);
#6504 = LINE('',#6505,#6506);
#6505 = CARTESIAN_POINT('',(-38.78905787222,41.98045630086,20.92));
#6506 = VECTOR('',#6507,1.);
#6507 = DIRECTION('',(-0.292371704723,0.956304755963,0.));
#6508 = PCURVE('',#3519,#6509);
#6509 = DEFINITIONAL_REPRESENTATION('',(#6510),#6514);
#6510 = LINE('',#6511,#6512);
#6511 = CARTESIAN_POINT('',(6.28318530718,0.));
#6512 = VECTOR('',#6513,1.);
#6513 = DIRECTION('',(0.,-1.));
#6514 = ( GEOMETRIC_REPRESENTATION_CONTEXT(2) 
PARAMETRIC_REPRESENTATION_CONTEXT() REPRESENTATION_CONTEXT('2D SPACE',''
  ) );
#6515 = PCURVE('',#3519,#6516);
#6516 = DEFINITIONAL_REPRESENTATION('',(#6517),#6521);
#6517 = LINE('',#6518,#6519);
#6518 = CARTESIAN_POINT('',(0.,0.));
#6519 = VECTOR('',#6520,1.);
#6520 = DIRECTION('',(0.,-1.));
#6521 = ( GEOMETRIC_REPRESENTATION_CONTEXT(2) 
PARAMETRIC_REPRESENTATION_CONTEXT() REPRESENTATION_CONTEXT('2D SPACE',''
  ) );
#6522 = ORIENTED_EDGE('',*,*,#3498,.T.);
#6523 = ORIENTED_EDGE('',*,*,#6502,.F.);
#6524 = ADVANCED_FACE('',(#6525),#3597,.T.);
#6525 = FACE_BOUND('',#6526,.T.);
#6526 = EDGE_LOOP('',(#6527,#6528,#6529,#6530,#6531,#6532));
#6527 = ORIENTED_EDGE('',*,*,#6231,.F.);
#6528 = ORIENTED_EDGE('',*,*,#6333,.F.);
#6529 = ORIENTED_EDGE('',*,*,#6257,.T.);
#6530 = ORIENTED_EDGE('',*,*,#6168,.F.);
#6531 = ORIENTED_EDGE('',*,*,#6093,.T.);
#6532 = ORIENTED_EDGE('',*,*,#3581,.T.);
#6533 = ADVANCED_FACE('',(#6534,#6637),#3779,.F.);
#6534 = FACE_BOUND('',#6535,.F.);
#6535 = EDGE_LOOP('',(#6536,#6566,#6594,#6615,#6616));
#6536 = ORIENTED_EDGE('',*,*,#6537,.T.);
#6537 = EDGE_CURVE('',#6538,#6540,#6542,.T.);
#6538 = VERTEX_POINT('',#6539);
#6539 = CARTESIAN_POINT('',(-53.11047522457,42.307572518465,
    19.24568421935));
#6540 = VERTEX_POINT('',#6541);
#6541 = CARTESIAN_POINT('',(-50.33719143228,43.155450462161,
    17.5713684387));
#6542 = SURFACE_CURVE('',#6543,(#6547,#6554),.PCURVE_S1.);
#6543 = LINE('',#6544,#6545);
#6544 = CARTESIAN_POINT('',(-53.11047522457,42.307572518465,
    19.24568421935));
#6545 = VECTOR('',#6546,1.);
#6546 = DIRECTION('',(0.828184212424,0.253201323638,-0.5));
#6547 = PCURVE('',#3779,#6548);
#6548 = DEFINITIONAL_REPRESENTATION('',(#6549),#6553);
#6549 = LINE('',#6550,#6551);
#6550 = CARTESIAN_POINT('',(2.9,-1.67431578065));
#6551 = VECTOR('',#6552,1.);
#6552 = DIRECTION('',(7.771561172376E-16,1.));
#6553 = ( GEOMETRIC_REPRESENTATION_CONTEXT(2) 
PARAMETRIC_REPRESENTATION_CONTEXT() REPRESENTATION_CONTEXT('2D SPACE',''
  ) );
#6554 = PCURVE('',#6555,#6560);
#6555 = PLANE('',#6556);
#6556 = AXIS2_PLACEMENT_3D('',#6557,#6558,#6559);
#6557 = CARTESIAN_POINT('',(-53.11047522457,42.307572518465,
    19.24568421935));
#6558 = DIRECTION('',(-0.478152377982,-0.146185852361,-0.866025403784));
#6559 = DIRECTION('',(0.828184212424,0.253201323638,-0.5));
#6560 = DEFINITIONAL_REPRESENTATION('',(#6561),#6565);
#6561 = LINE('',#6562,#6563);
#6562 = CARTESIAN_POINT('',(0.,0.));
#6563 = VECTOR('',#6564,1.);
#6564 = DIRECTION('',(1.,0.));
#6565 = ( GEOMETRIC_REPRESENTATION_CONTEXT(2) 
PARAMETRIC_REPRESENTATION_CONTEXT() REPRESENTATION_CONTEXT('2D SPACE',''
  ) );
#6566 = ORIENTED_EDGE('',*,*,#6567,.T.);
#6567 = EDGE_CURVE('',#6540,#6568,#6570,.T.);
#6568 = VERTEX_POINT('',#6569);
#6569 = CARTESIAN_POINT('',(-47.56390763998,44.003328405857,
    19.24568421935));
#6570 = SURFACE_CURVE('',#6571,(#6575,#6582),.PCURVE_S1.);
#6571 = LINE('',#6572,#6573);
#6572 = CARTESIAN_POINT('',(-50.33719143228,43.155450462161,
    17.5713684387));
#6573 = VECTOR('',#6574,1.);
#6574 = DIRECTION('',(0.828184212424,0.253201323638,0.5));
#6575 = PCURVE('',#3779,#6576);
#6576 = DEFINITIONAL_REPRESENTATION('',(#6577),#6581);
#6577 = LINE('',#6578,#6579);
#6578 = CARTESIAN_POINT('',(2.9,1.67431578065));
#6579 = VECTOR('',#6580,1.);
#6580 = DIRECTION('',(-0.866025403784,0.5));
#6581 = ( GEOMETRIC_REPRESENTATION_CONTEXT(2) 
PARAMETRIC_REPRESENTATION_CONTEXT() REPRESENTATION_CONTEXT('2D SPACE',''
  ) );
#6582 = PCURVE('',#6583,#6588);
#6583 = PLANE('',#6584);
#6584 = AXIS2_PLACEMENT_3D('',#6585,#6586,#6587);
#6585 = CARTESIAN_POINT('',(-50.33719143228,43.155450462161,
    17.5713684387));
#6586 = DIRECTION('',(0.478152377982,0.146185852361,-0.866025403784));
#6587 = DIRECTION('',(0.828184212424,0.253201323638,0.5));
#6588 = DEFINITIONAL_REPRESENTATION('',(#6589),#6593);
#6589 = LINE('',#6590,#6591);
#6590 = CARTESIAN_POINT('',(0.,0.));
#6591 = VECTOR('',#6592,1.);
#6592 = DIRECTION('',(1.,-2.775557561563E-17));
#6593 = ( GEOMETRIC_REPRESENTATION_CONTEXT(2) 
PARAMETRIC_REPRESENTATION_CONTEXT() REPRESENTATION_CONTEXT('2D SPACE',''
  ) );
#6594 = ORIENTED_EDGE('',*,*,#6595,.T.);
#6595 = EDGE_CURVE('',#6568,#3763,#6596,.T.);
#6596 = SURFACE_CURVE('',#6597,(#6601,#6608),.PCURVE_S1.);
#6597 = LINE('',#6598,#6599);
#6598 = CARTESIAN_POINT('',(-47.56390763998,44.003328405857,
    19.24568421935));
#6599 = VECTOR('',#6600,1.);
#6600 = DIRECTION('',(0.,0.,1.));
#6601 = PCURVE('',#3779,#6602);
#6602 = DEFINITIONAL_REPRESENTATION('',(#6603),#6607);
#6603 = LINE('',#6604,#6605);
#6604 = CARTESIAN_POINT('',(-2.22044604925E-16,3.3486315613));
#6605 = VECTOR('',#6606,1.);
#6606 = DIRECTION('',(-0.866025403784,-0.5));
#6607 = ( GEOMETRIC_REPRESENTATION_CONTEXT(2) 
PARAMETRIC_REPRESENTATION_CONTEXT() REPRESENTATION_CONTEXT('2D SPACE',''
  ) );
#6608 = PCURVE('',#3805,#6609);
#6609 = DEFINITIONAL_REPRESENTATION('',(#6610),#6614);
#6610 = LINE('',#6611,#6612);
#6611 = CARTESIAN_POINT('',(0.,0.));
#6612 = VECTOR('',#6613,1.);
#6613 = DIRECTION('',(1.,0.));
#6614 = ( GEOMETRIC_REPRESENTATION_CONTEXT(2) 
PARAMETRIC_REPRESENTATION_CONTEXT() REPRESENTATION_CONTEXT('2D SPACE',''
  ) );
#6615 = ORIENTED_EDGE('',*,*,#3762,.T.);
#6616 = ORIENTED_EDGE('',*,*,#6617,.T.);
#6617 = EDGE_CURVE('',#3765,#6538,#6618,.T.);
#6618 = SURFACE_CURVE('',#6619,(#6623,#6630),.PCURVE_S1.);
#6619 = LINE('',#6620,#6621);
#6620 = CARTESIAN_POINT('',(-53.11047522457,42.307572518465,60.92));
#6621 = VECTOR('',#6622,1.);
#6622 = DIRECTION('',(0.,0.,-1.));
#6623 = PCURVE('',#3779,#6624);
#6624 = DEFINITIONAL_REPRESENTATION('',(#6625),#6629);
#6625 = LINE('',#6626,#6627);
#6626 = CARTESIAN_POINT('',(-33.19101615137,-22.51147367097));
#6627 = VECTOR('',#6628,1.);
#6628 = DIRECTION('',(0.866025403784,0.5));
#6629 = ( GEOMETRIC_REPRESENTATION_CONTEXT(2) 
PARAMETRIC_REPRESENTATION_CONTEXT() REPRESENTATION_CONTEXT('2D SPACE',''
  ) );
#6630 = PCURVE('',#3855,#6631);
#6631 = DEFINITIONAL_REPRESENTATION('',(#6632),#6636);
#6632 = LINE('',#6633,#6634);
#6633 = CARTESIAN_POINT('',(-38.32568421935,2.077425909325E-15));
#6634 = VECTOR('',#6635,1.);
#6635 = DIRECTION('',(1.,0.));
#6636 = ( GEOMETRIC_REPRESENTATION_CONTEXT(2) 
PARAMETRIC_REPRESENTATION_CONTEXT() REPRESENTATION_CONTEXT('2D SPACE',''
  ) );
#6637 = FACE_BOUND('',#6638,.F.);
#6638 = EDGE_LOOP('',(#6639));
#6639 = ORIENTED_EDGE('',*,*,#6640,.F.);
#6640 = EDGE_CURVE('',#6641,#6641,#6643,.T.);
#6641 = VERTEX_POINT('',#6642);
#6642 = CARTESIAN_POINT('',(-48.71147334714,43.652482360189,20.92));
#6643 = SURFACE_CURVE('',#6644,(#6649,#6656),.PCURVE_S1.);
#6644 = CIRCLE('',#6645,1.7);
#6645 = AXIS2_PLACEMENT_3D('',#6646,#6647,#6648);
#6646 = CARTESIAN_POINT('',(-50.33719143228,43.155450462161,20.92));
#6647 = DIRECTION('',(0.292371704723,-0.956304755963,0.));
#6648 = DIRECTION('',(0.956304755963,0.292371704723,0.));
#6649 = PCURVE('',#3779,#6650);
#6650 = DEFINITIONAL_REPRESENTATION('',(#6651),#6655);
#6651 = CIRCLE('',#6652,1.7);
#6652 = AXIS2_PLACEMENT_2D('',#6653,#6654);
#6653 = CARTESIAN_POINT('',(0.,0.));
#6654 = DIRECTION('',(-0.5,0.866025403784));
#6655 = ( GEOMETRIC_REPRESENTATION_CONTEXT(2) 
PARAMETRIC_REPRESENTATION_CONTEXT() REPRESENTATION_CONTEXT('2D SPACE',''
  ) );
#6656 = PCURVE('',#6657,#6662);
#6657 = CYLINDRICAL_SURFACE('',#6658,1.7);
#6658 = AXIS2_PLACEMENT_3D('',#6659,#6660,#6661);
#6659 = CARTESIAN_POINT('',(-49.02151876103,38.852079060327,20.92));
#6660 = DIRECTION('',(0.292371704723,-0.956304755963,0.));
#6661 = DIRECTION('',(0.956304755963,0.292371704723,0.));
#6662 = DEFINITIONAL_REPRESENTATION('',(#6663),#6667);
#6663 = LINE('',#6664,#6665);
#6664 = CARTESIAN_POINT('',(0.,-4.5));
#6665 = VECTOR('',#6666,1.);
#6666 = DIRECTION('',(1.,0.));
#6667 = ( GEOMETRIC_REPRESENTATION_CONTEXT(2) 
PARAMETRIC_REPRESENTATION_CONTEXT() REPRESENTATION_CONTEXT('2D SPACE',''
  ) );
#6668 = ADVANCED_FACE('',(#6669),#3805,.F.);
#6669 = FACE_BOUND('',#6670,.F.);
#6670 = EDGE_LOOP('',(#6671,#6672,#6695,#6716));
#6671 = ORIENTED_EDGE('',*,*,#6595,.F.);
#6672 = ORIENTED_EDGE('',*,*,#6673,.T.);
#6673 = EDGE_CURVE('',#6568,#6674,#6676,.T.);
#6674 = VERTEX_POINT('',#6675);
#6675 = CARTESIAN_POINT('',(-48.44102275415,46.872242673746,
    19.24568421935));
#6676 = SURFACE_CURVE('',#6677,(#6681,#6688),.PCURVE_S1.);
#6677 = LINE('',#6678,#6679);
#6678 = CARTESIAN_POINT('',(-47.56390763998,44.003328405857,
    19.24568421935));
#6679 = VECTOR('',#6680,1.);
#6680 = DIRECTION('',(-0.292371704723,0.956304755963,0.));
#6681 = PCURVE('',#3805,#6682);
#6682 = DEFINITIONAL_REPRESENTATION('',(#6683),#6687);
#6683 = LINE('',#6684,#6685);
#6684 = CARTESIAN_POINT('',(0.,0.));
#6685 = VECTOR('',#6686,1.);
#6686 = DIRECTION('',(0.,-1.));
#6687 = ( GEOMETRIC_REPRESENTATION_CONTEXT(2) 
PARAMETRIC_REPRESENTATION_CONTEXT() REPRESENTATION_CONTEXT('2D SPACE',''
  ) );
#6688 = PCURVE('',#6583,#6689);
#6689 = DEFINITIONAL_REPRESENTATION('',(#6690),#6694);
#6690 = LINE('',#6691,#6692);
#6691 = CARTESIAN_POINT('',(3.3486315613,3.885780586188E-15));
#6692 = VECTOR('',#6693,1.);
#6693 = DIRECTION('',(3.977409240553E-17,-1.));
#6694 = ( GEOMETRIC_REPRESENTATION_CONTEXT(2) 
PARAMETRIC_REPRESENTATION_CONTEXT() REPRESENTATION_CONTEXT('2D SPACE',''
  ) );
#6695 = ORIENTED_EDGE('',*,*,#6696,.T.);
#6696 = EDGE_CURVE('',#6674,#3791,#6697,.T.);
#6697 = SURFACE_CURVE('',#6698,(#6702,#6709),.PCURVE_S1.);
#6698 = LINE('',#6699,#6700);
#6699 = CARTESIAN_POINT('',(-48.44102275415,46.872242673746,
    19.24568421935));
#6700 = VECTOR('',#6701,1.);
#6701 = DIRECTION('',(0.,0.,1.));
#6702 = PCURVE('',#3805,#6703);
#6703 = DEFINITIONAL_REPRESENTATION('',(#6704),#6708);
#6704 = LINE('',#6705,#6706);
#6705 = CARTESIAN_POINT('',(0.,-3.));
#6706 = VECTOR('',#6707,1.);
#6707 = DIRECTION('',(1.,0.));
#6708 = ( GEOMETRIC_REPRESENTATION_CONTEXT(2) 
PARAMETRIC_REPRESENTATION_CONTEXT() REPRESENTATION_CONTEXT('2D SPACE',''
  ) );
#6709 = PCURVE('',#3831,#6710);
#6710 = DEFINITIONAL_REPRESENTATION('',(#6711),#6715);
#6711 = LINE('',#6712,#6713);
#6712 = CARTESIAN_POINT('',(-2.22044604925E-16,3.3486315613));
#6713 = VECTOR('',#6714,1.);
#6714 = DIRECTION('',(-0.866025403784,-0.5));
#6715 = ( GEOMETRIC_REPRESENTATION_CONTEXT(2) 
PARAMETRIC_REPRESENTATION_CONTEXT() REPRESENTATION_CONTEXT('2D SPACE',''
  ) );
#6716 = ORIENTED_EDGE('',*,*,#3790,.T.);
#6717 = ADVANCED_FACE('',(#6718),#3855,.F.);
#6718 = FACE_BOUND('',#6719,.F.);
#6719 = EDGE_LOOP('',(#6720,#6721,#6722,#6745));
#6720 = ORIENTED_EDGE('',*,*,#6617,.F.);
#6721 = ORIENTED_EDGE('',*,*,#3842,.T.);
#6722 = ORIENTED_EDGE('',*,*,#6723,.T.);
#6723 = EDGE_CURVE('',#3817,#6724,#6726,.T.);
#6724 = VERTEX_POINT('',#6725);
#6725 = CARTESIAN_POINT('',(-53.98759033874,45.176486786354,
    19.24568421935));
#6726 = SURFACE_CURVE('',#6727,(#6731,#6738),.PCURVE_S1.);
#6727 = LINE('',#6728,#6729);
#6728 = CARTESIAN_POINT('',(-53.98759033874,45.176486786354,60.92));
#6729 = VECTOR('',#6730,1.);
#6730 = DIRECTION('',(0.,0.,-1.));
#6731 = PCURVE('',#3855,#6732);
#6732 = DEFINITIONAL_REPRESENTATION('',(#6733),#6737);
#6733 = LINE('',#6734,#6735);
#6734 = CARTESIAN_POINT('',(-38.32568421935,-3.));
#6735 = VECTOR('',#6736,1.);
#6736 = DIRECTION('',(1.,0.));
#6737 = ( GEOMETRIC_REPRESENTATION_CONTEXT(2) 
PARAMETRIC_REPRESENTATION_CONTEXT() REPRESENTATION_CONTEXT('2D SPACE',''
  ) );
#6738 = PCURVE('',#3831,#6739);
#6739 = DEFINITIONAL_REPRESENTATION('',(#6740),#6744);
#6740 = LINE('',#6741,#6742);
#6741 = CARTESIAN_POINT('',(-33.19101615137,-22.51147367097));
#6742 = VECTOR('',#6743,1.);
#6743 = DIRECTION('',(0.866025403784,0.5));
#6744 = ( GEOMETRIC_REPRESENTATION_CONTEXT(2) 
PARAMETRIC_REPRESENTATION_CONTEXT() REPRESENTATION_CONTEXT('2D SPACE',''
  ) );
#6745 = ORIENTED_EDGE('',*,*,#6746,.F.);
#6746 = EDGE_CURVE('',#6538,#6724,#6747,.T.);
#6747 = SURFACE_CURVE('',#6748,(#6752,#6759),.PCURVE_S1.);
#6748 = LINE('',#6749,#6750);
#6749 = CARTESIAN_POINT('',(-53.11047522457,42.307572518465,
    19.24568421935));
#6750 = VECTOR('',#6751,1.);
#6751 = DIRECTION('',(-0.292371704723,0.956304755963,0.));
#6752 = PCURVE('',#3855,#6753);
#6753 = DEFINITIONAL_REPRESENTATION('',(#6754),#6758);
#6754 = LINE('',#6755,#6756);
#6755 = CARTESIAN_POINT('',(3.3486315613,0.));
#6756 = VECTOR('',#6757,1.);
#6757 = DIRECTION('',(0.,-1.));
#6758 = ( GEOMETRIC_REPRESENTATION_CONTEXT(2) 
PARAMETRIC_REPRESENTATION_CONTEXT() REPRESENTATION_CONTEXT('2D SPACE',''
  ) );
#6759 = PCURVE('',#6555,#6760);
#6760 = DEFINITIONAL_REPRESENTATION('',(#6761),#6765);
#6761 = LINE('',#6762,#6763);
#6762 = CARTESIAN_POINT('',(0.,0.));
#6763 = VECTOR('',#6764,1.);
#6764 = DIRECTION('',(0.,-1.));
#6765 = ( GEOMETRIC_REPRESENTATION_CONTEXT(2) 
PARAMETRIC_REPRESENTATION_CONTEXT() REPRESENTATION_CONTEXT('2D SPACE',''
  ) );
#6766 = ADVANCED_FACE('',(#6767,#6816),#3831,.T.);
#6767 = FACE_BOUND('',#6768,.T.);
#6768 = EDGE_LOOP('',(#6769,#6792,#6813,#6814,#6815));
#6769 = ORIENTED_EDGE('',*,*,#6770,.T.);
#6770 = EDGE_CURVE('',#6724,#6771,#6773,.T.);
#6771 = VERTEX_POINT('',#6772);
#6772 = CARTESIAN_POINT('',(-51.21430654645,46.02436473005,17.5713684387
    ));
#6773 = SURFACE_CURVE('',#6774,(#6778,#6785),.PCURVE_S1.);
#6774 = LINE('',#6775,#6776);
#6775 = CARTESIAN_POINT('',(-53.98759033874,45.176486786354,
    19.24568421935));
#6776 = VECTOR('',#6777,1.);
#6777 = DIRECTION('',(0.828184212424,0.253201323638,-0.5));
#6778 = PCURVE('',#3831,#6779);
#6779 = DEFINITIONAL_REPRESENTATION('',(#6780),#6784);
#6780 = LINE('',#6781,#6782);
#6781 = CARTESIAN_POINT('',(2.9,-1.67431578065));
#6782 = VECTOR('',#6783,1.);
#6783 = DIRECTION('',(7.771561172376E-16,1.));
#6784 = ( GEOMETRIC_REPRESENTATION_CONTEXT(2) 
PARAMETRIC_REPRESENTATION_CONTEXT() REPRESENTATION_CONTEXT('2D SPACE',''
  ) );
#6785 = PCURVE('',#6555,#6786);
#6786 = DEFINITIONAL_REPRESENTATION('',(#6787),#6791);
#6787 = LINE('',#6788,#6789);
#6788 = CARTESIAN_POINT('',(-8.881784197001E-16,-3.));
#6789 = VECTOR('',#6790,1.);
#6790 = DIRECTION('',(1.,0.));
#6791 = ( GEOMETRIC_REPRESENTATION_CONTEXT(2) 
PARAMETRIC_REPRESENTATION_CONTEXT() REPRESENTATION_CONTEXT('2D SPACE',''
  ) );
#6792 = ORIENTED_EDGE('',*,*,#6793,.T.);
#6793 = EDGE_CURVE('',#6771,#6674,#6794,.T.);
#6794 = SURFACE_CURVE('',#6795,(#6799,#6806),.PCURVE_S1.);
#6795 = LINE('',#6796,#6797);
#6796 = CARTESIAN_POINT('',(-51.21430654645,46.02436473005,17.5713684387
    ));
#6797 = VECTOR('',#6798,1.);
#6798 = DIRECTION('',(0.828184212424,0.253201323638,0.5));
#6799 = PCURVE('',#3831,#6800);
#6800 = DEFINITIONAL_REPRESENTATION('',(#6801),#6805);
#6801 = LINE('',#6802,#6803);
#6802 = CARTESIAN_POINT('',(2.9,1.67431578065));
#6803 = VECTOR('',#6804,1.);
#6804 = DIRECTION('',(-0.866025403784,0.5));
#6805 = ( GEOMETRIC_REPRESENTATION_CONTEXT(2) 
PARAMETRIC_REPRESENTATION_CONTEXT() REPRESENTATION_CONTEXT('2D SPACE',''
  ) );
#6806 = PCURVE('',#6583,#6807);
#6807 = DEFINITIONAL_REPRESENTATION('',(#6808),#6812);
#6808 = LINE('',#6809,#6810);
#6809 = CARTESIAN_POINT('',(6.883382752676E-15,-3.));
#6810 = VECTOR('',#6811,1.);
#6811 = DIRECTION('',(1.,-2.775557561563E-17));
#6812 = ( GEOMETRIC_REPRESENTATION_CONTEXT(2) 
PARAMETRIC_REPRESENTATION_CONTEXT() REPRESENTATION_CONTEXT('2D SPACE',''
  ) );
#6813 = ORIENTED_EDGE('',*,*,#6696,.T.);
#6814 = ORIENTED_EDGE('',*,*,#3816,.T.);
#6815 = ORIENTED_EDGE('',*,*,#6723,.T.);
#6816 = FACE_BOUND('',#6817,.T.);
#6817 = EDGE_LOOP('',(#6818));
#6818 = ORIENTED_EDGE('',*,*,#6401,.F.);
#6819 = ADVANCED_FACE('',(#6820,#6923),#3885,.F.);
#6820 = FACE_BOUND('',#6821,.F.);
#6821 = EDGE_LOOP('',(#6822,#6852,#6880,#6901,#6902));
#6822 = ORIENTED_EDGE('',*,*,#6823,.T.);
#6823 = EDGE_CURVE('',#6824,#6826,#6828,.T.);
#6824 = VERTEX_POINT('',#6825);
#6825 = CARTESIAN_POINT('',(-44.5037324209,44.938917860969,
    19.24568421935));
#6826 = VERTEX_POINT('',#6827);
#6827 = CARTESIAN_POINT('',(-41.73044862861,45.786795804665,
    17.5713684387));
#6828 = SURFACE_CURVE('',#6829,(#6833,#6840),.PCURVE_S1.);
#6829 = LINE('',#6830,#6831);
#6830 = CARTESIAN_POINT('',(-44.5037324209,44.938917860969,
    19.24568421935));
#6831 = VECTOR('',#6832,1.);
#6832 = DIRECTION('',(0.828184212424,0.253201323638,-0.5));
#6833 = PCURVE('',#3885,#6834);
#6834 = DEFINITIONAL_REPRESENTATION('',(#6835),#6839);
#6835 = LINE('',#6836,#6837);
#6836 = CARTESIAN_POINT('',(2.9,-1.67431578065));
#6837 = VECTOR('',#6838,1.);
#6838 = DIRECTION('',(7.771561172376E-16,1.));
#6839 = ( GEOMETRIC_REPRESENTATION_CONTEXT(2) 
PARAMETRIC_REPRESENTATION_CONTEXT() REPRESENTATION_CONTEXT('2D SPACE',''
  ) );
#6840 = PCURVE('',#6841,#6846);
#6841 = PLANE('',#6842);
#6842 = AXIS2_PLACEMENT_3D('',#6843,#6844,#6845);
#6843 = CARTESIAN_POINT('',(-44.5037324209,44.938917860969,
    19.24568421935));
#6844 = DIRECTION('',(-0.478152377982,-0.146185852361,-0.866025403784));
#6845 = DIRECTION('',(0.828184212424,0.253201323638,-0.5));
#6846 = DEFINITIONAL_REPRESENTATION('',(#6847),#6851);
#6847 = LINE('',#6848,#6849);
#6848 = CARTESIAN_POINT('',(0.,0.));
#6849 = VECTOR('',#6850,1.);
#6850 = DIRECTION('',(1.,0.));
#6851 = ( GEOMETRIC_REPRESENTATION_CONTEXT(2) 
PARAMETRIC_REPRESENTATION_CONTEXT() REPRESENTATION_CONTEXT('2D SPACE',''
  ) );
#6852 = ORIENTED_EDGE('',*,*,#6853,.T.);
#6853 = EDGE_CURVE('',#6826,#6854,#6856,.T.);
#6854 = VERTEX_POINT('',#6855);
#6855 = CARTESIAN_POINT('',(-38.95716483632,46.634673748361,
    19.24568421935));
#6856 = SURFACE_CURVE('',#6857,(#6861,#6868),.PCURVE_S1.);
#6857 = LINE('',#6858,#6859);
#6858 = CARTESIAN_POINT('',(-41.73044862861,45.786795804665,
    17.5713684387));
#6859 = VECTOR('',#6860,1.);
#6860 = DIRECTION('',(0.828184212424,0.253201323638,0.5));
#6861 = PCURVE('',#3885,#6862);
#6862 = DEFINITIONAL_REPRESENTATION('',(#6863),#6867);
#6863 = LINE('',#6864,#6865);
#6864 = CARTESIAN_POINT('',(2.9,1.67431578065));
#6865 = VECTOR('',#6866,1.);
#6866 = DIRECTION('',(-0.866025403784,0.5));
#6867 = ( GEOMETRIC_REPRESENTATION_CONTEXT(2) 
PARAMETRIC_REPRESENTATION_CONTEXT() REPRESENTATION_CONTEXT('2D SPACE',''
  ) );
#6868 = PCURVE('',#6869,#6874);
#6869 = PLANE('',#6870);
#6870 = AXIS2_PLACEMENT_3D('',#6871,#6872,#6873);
#6871 = CARTESIAN_POINT('',(-41.73044862861,45.786795804665,
    17.5713684387));
#6872 = DIRECTION('',(0.478152377982,0.146185852361,-0.866025403784));
#6873 = DIRECTION('',(0.828184212424,0.253201323638,0.5));
#6874 = DEFINITIONAL_REPRESENTATION('',(#6875),#6879);
#6875 = LINE('',#6876,#6877);
#6876 = CARTESIAN_POINT('',(0.,0.));
#6877 = VECTOR('',#6878,1.);
#6878 = DIRECTION('',(1.,-2.775557561563E-17));
#6879 = ( GEOMETRIC_REPRESENTATION_CONTEXT(2) 
PARAMETRIC_REPRESENTATION_CONTEXT() REPRESENTATION_CONTEXT('2D SPACE',''
  ) );
#6880 = ORIENTED_EDGE('',*,*,#6881,.T.);
#6881 = EDGE_CURVE('',#6854,#3869,#6882,.T.);
#6882 = SURFACE_CURVE('',#6883,(#6887,#6894),.PCURVE_S1.);
#6883 = LINE('',#6884,#6885);
#6884 = CARTESIAN_POINT('',(-38.95716483632,46.634673748361,
    19.24568421935));
#6885 = VECTOR('',#6886,1.);
#6886 = DIRECTION('',(0.,0.,1.));
#6887 = PCURVE('',#3885,#6888);
#6888 = DEFINITIONAL_REPRESENTATION('',(#6889),#6893);
#6889 = LINE('',#6890,#6891);
#6890 = CARTESIAN_POINT('',(-2.22044604925E-16,3.3486315613));
#6891 = VECTOR('',#6892,1.);
#6892 = DIRECTION('',(-0.866025403784,-0.5));
#6893 = ( GEOMETRIC_REPRESENTATION_CONTEXT(2) 
PARAMETRIC_REPRESENTATION_CONTEXT() REPRESENTATION_CONTEXT('2D SPACE',''
  ) );
#6894 = PCURVE('',#3911,#6895);
#6895 = DEFINITIONAL_REPRESENTATION('',(#6896),#6900);
#6896 = LINE('',#6897,#6898);
#6897 = CARTESIAN_POINT('',(0.,0.));
#6898 = VECTOR('',#6899,1.);
#6899 = DIRECTION('',(1.,0.));
#6900 = ( GEOMETRIC_REPRESENTATION_CONTEXT(2) 
PARAMETRIC_REPRESENTATION_CONTEXT() REPRESENTATION_CONTEXT('2D SPACE',''
  ) );
#6901 = ORIENTED_EDGE('',*,*,#3868,.T.);
#6902 = ORIENTED_EDGE('',*,*,#6903,.T.);
#6903 = EDGE_CURVE('',#3871,#6824,#6904,.T.);
#6904 = SURFACE_CURVE('',#6905,(#6909,#6916),.PCURVE_S1.);
#6905 = LINE('',#6906,#6907);
#6906 = CARTESIAN_POINT('',(-44.5037324209,44.938917860969,60.92));
#6907 = VECTOR('',#6908,1.);
#6908 = DIRECTION('',(0.,0.,-1.));
#6909 = PCURVE('',#3885,#6910);
#6910 = DEFINITIONAL_REPRESENTATION('',(#6911),#6915);
#6911 = LINE('',#6912,#6913);
#6912 = CARTESIAN_POINT('',(-33.19101615137,-22.51147367097));
#6913 = VECTOR('',#6914,1.);
#6914 = DIRECTION('',(0.866025403784,0.5));
#6915 = ( GEOMETRIC_REPRESENTATION_CONTEXT(2) 
PARAMETRIC_REPRESENTATION_CONTEXT() REPRESENTATION_CONTEXT('2D SPACE',''
  ) );
#6916 = PCURVE('',#3961,#6917);
#6917 = DEFINITIONAL_REPRESENTATION('',(#6918),#6922);
#6918 = LINE('',#6919,#6920);
#6919 = CARTESIAN_POINT('',(-38.32568421935,2.077425909325E-15));
#6920 = VECTOR('',#6921,1.);
#6921 = DIRECTION('',(1.,0.));
#6922 = ( GEOMETRIC_REPRESENTATION_CONTEXT(2) 
PARAMETRIC_REPRESENTATION_CONTEXT() REPRESENTATION_CONTEXT('2D SPACE',''
  ) );
#6923 = FACE_BOUND('',#6924,.F.);
#6924 = EDGE_LOOP('',(#6925));
#6925 = ORIENTED_EDGE('',*,*,#6926,.F.);
#6926 = EDGE_CURVE('',#6927,#6927,#6929,.T.);
#6927 = VERTEX_POINT('',#6928);
#6928 = CARTESIAN_POINT('',(-40.10473054347,46.283827702694,20.92));
#6929 = SURFACE_CURVE('',#6930,(#6935,#6942),.PCURVE_S1.);
#6930 = CIRCLE('',#6931,1.7);
#6931 = AXIS2_PLACEMENT_3D('',#6932,#6933,#6934);
#6932 = CARTESIAN_POINT('',(-41.73044862861,45.786795804665,20.92));
#6933 = DIRECTION('',(0.292371704723,-0.956304755963,0.));
#6934 = DIRECTION('',(0.956304755963,0.292371704723,0.));
#6935 = PCURVE('',#3885,#6936);
#6936 = DEFINITIONAL_REPRESENTATION('',(#6937),#6941);
#6937 = CIRCLE('',#6938,1.7);
#6938 = AXIS2_PLACEMENT_2D('',#6939,#6940);
#6939 = CARTESIAN_POINT('',(0.,0.));
#6940 = DIRECTION('',(-0.5,0.866025403784));
#6941 = ( GEOMETRIC_REPRESENTATION_CONTEXT(2) 
PARAMETRIC_REPRESENTATION_CONTEXT() REPRESENTATION_CONTEXT('2D SPACE',''
  ) );
#6942 = PCURVE('',#6943,#6948);
#6943 = CYLINDRICAL_SURFACE('',#6944,1.7);
#6944 = AXIS2_PLACEMENT_3D('',#6945,#6946,#6947);
#6945 = CARTESIAN_POINT('',(-40.41477595736,41.483424402832,20.92));
#6946 = DIRECTION('',(0.292371704723,-0.956304755963,0.));
#6947 = DIRECTION('',(0.956304755963,0.292371704723,0.));
#6948 = DEFINITIONAL_REPRESENTATION('',(#6949),#6953);
#6949 = LINE('',#6950,#6951);
#6950 = CARTESIAN_POINT('',(0.,-4.5));
#6951 = VECTOR('',#6952,1.);
#6952 = DIRECTION('',(1.,0.));
#6953 = ( GEOMETRIC_REPRESENTATION_CONTEXT(2) 
PARAMETRIC_REPRESENTATION_CONTEXT() REPRESENTATION_CONTEXT('2D SPACE',''
  ) );
#6954 = ADVANCED_FACE('',(#6955),#3961,.F.);
#6955 = FACE_BOUND('',#6956,.F.);
#6956 = EDGE_LOOP('',(#6957,#6958,#6959,#6982));
#6957 = ORIENTED_EDGE('',*,*,#6903,.F.);
#6958 = ORIENTED_EDGE('',*,*,#3948,.T.);
#6959 = ORIENTED_EDGE('',*,*,#6960,.T.);
#6960 = EDGE_CURVE('',#3923,#6961,#6963,.T.);
#6961 = VERTEX_POINT('',#6962);
#6962 = CARTESIAN_POINT('',(-45.38084753507,47.807832128859,
    19.24568421935));
#6963 = SURFACE_CURVE('',#6964,(#6968,#6975),.PCURVE_S1.);
#6964 = LINE('',#6965,#6966);
#6965 = CARTESIAN_POINT('',(-45.38084753507,47.807832128859,60.92));
#6966 = VECTOR('',#6967,1.);
#6967 = DIRECTION('',(0.,0.,-1.));
#6968 = PCURVE('',#3961,#6969);
#6969 = DEFINITIONAL_REPRESENTATION('',(#6970),#6974);
#6970 = LINE('',#6971,#6972);
#6971 = CARTESIAN_POINT('',(-38.32568421935,-3.));
#6972 = VECTOR('',#6973,1.);
#6973 = DIRECTION('',(1.,0.));
#6974 = ( GEOMETRIC_REPRESENTATION_CONTEXT(2) 
PARAMETRIC_REPRESENTATION_CONTEXT() REPRESENTATION_CONTEXT('2D SPACE',''
  ) );
#6975 = PCURVE('',#3937,#6976);
#6976 = DEFINITIONAL_REPRESENTATION('',(#6977),#6981);
#6977 = LINE('',#6978,#6979);
#6978 = CARTESIAN_POINT('',(-33.19101615137,-22.51147367097));
#6979 = VECTOR('',#6980,1.);
#6980 = DIRECTION('',(0.866025403784,0.5));
#6981 = ( GEOMETRIC_REPRESENTATION_CONTEXT(2) 
PARAMETRIC_REPRESENTATION_CONTEXT() REPRESENTATION_CONTEXT('2D SPACE',''
  ) );
#6982 = ORIENTED_EDGE('',*,*,#6983,.F.);
#6983 = EDGE_CURVE('',#6824,#6961,#6984,.T.);
#6984 = SURFACE_CURVE('',#6985,(#6989,#6996),.PCURVE_S1.);
#6985 = LINE('',#6986,#6987);
#6986 = CARTESIAN_POINT('',(-44.5037324209,44.938917860969,
    19.24568421935));
#6987 = VECTOR('',#6988,1.);
#6988 = DIRECTION('',(-0.292371704723,0.956304755963,0.));
#6989 = PCURVE('',#3961,#6990);
#6990 = DEFINITIONAL_REPRESENTATION('',(#6991),#6995);
#6991 = LINE('',#6992,#6993);
#6992 = CARTESIAN_POINT('',(3.3486315613,0.));
#6993 = VECTOR('',#6994,1.);
#6994 = DIRECTION('',(0.,-1.));
#6995 = ( GEOMETRIC_REPRESENTATION_CONTEXT(2) 
PARAMETRIC_REPRESENTATION_CONTEXT() REPRESENTATION_CONTEXT('2D SPACE',''
  ) );
#6996 = PCURVE('',#6841,#6997);
#6997 = DEFINITIONAL_REPRESENTATION('',(#6998),#7002);
#6998 = LINE('',#6999,#7000);
#6999 = CARTESIAN_POINT('',(0.,0.));
#7000 = VECTOR('',#7001,1.);
#7001 = DIRECTION('',(0.,-1.));
#7002 = ( GEOMETRIC_REPRESENTATION_CONTEXT(2) 
PARAMETRIC_REPRESENTATION_CONTEXT() REPRESENTATION_CONTEXT('2D SPACE',''
  ) );
#7003 = ADVANCED_FACE('',(#7004,#7075),#3937,.T.);
#7004 = FACE_BOUND('',#7005,.T.);
#7005 = EDGE_LOOP('',(#7006,#7029,#7052,#7073,#7074));
#7006 = ORIENTED_EDGE('',*,*,#7007,.T.);
#7007 = EDGE_CURVE('',#6961,#7008,#7010,.T.);
#7008 = VERTEX_POINT('',#7009);
#7009 = CARTESIAN_POINT('',(-42.60756374278,48.655710072554,
    17.5713684387));
#7010 = SURFACE_CURVE('',#7011,(#7015,#7022),.PCURVE_S1.);
#7011 = LINE('',#7012,#7013);
#7012 = CARTESIAN_POINT('',(-45.38084753507,47.807832128859,
    19.24568421935));
#7013 = VECTOR('',#7014,1.);
#7014 = DIRECTION('',(0.828184212424,0.253201323638,-0.5));
#7015 = PCURVE('',#3937,#7016);
#7016 = DEFINITIONAL_REPRESENTATION('',(#7017),#7021);
#7017 = LINE('',#7018,#7019);
#7018 = CARTESIAN_POINT('',(2.9,-1.67431578065));
#7019 = VECTOR('',#7020,1.);
#7020 = DIRECTION('',(7.771561172376E-16,1.));
#7021 = ( GEOMETRIC_REPRESENTATION_CONTEXT(2) 
PARAMETRIC_REPRESENTATION_CONTEXT() REPRESENTATION_CONTEXT('2D SPACE',''
  ) );
#7022 = PCURVE('',#6841,#7023);
#7023 = DEFINITIONAL_REPRESENTATION('',(#7024),#7028);
#7024 = LINE('',#7025,#7026);
#7025 = CARTESIAN_POINT('',(-8.881784197001E-16,-3.));
#7026 = VECTOR('',#7027,1.);
#7027 = DIRECTION('',(1.,0.));
#7028 = ( GEOMETRIC_REPRESENTATION_CONTEXT(2) 
PARAMETRIC_REPRESENTATION_CONTEXT() REPRESENTATION_CONTEXT('2D SPACE',''
  ) );
#7029 = ORIENTED_EDGE('',*,*,#7030,.T.);
#7030 = EDGE_CURVE('',#7008,#7031,#7033,.T.);
#7031 = VERTEX_POINT('',#7032);
#7032 = CARTESIAN_POINT('',(-39.83427995049,49.50358801625,
    19.24568421935));
#7033 = SURFACE_CURVE('',#7034,(#7038,#7045),.PCURVE_S1.);
#7034 = LINE('',#7035,#7036);
#7035 = CARTESIAN_POINT('',(-42.60756374278,48.655710072554,
    17.5713684387));
#7036 = VECTOR('',#7037,1.);
#7037 = DIRECTION('',(0.828184212424,0.253201323638,0.5));
#7038 = PCURVE('',#3937,#7039);
#7039 = DEFINITIONAL_REPRESENTATION('',(#7040),#7044);
#7040 = LINE('',#7041,#7042);
#7041 = CARTESIAN_POINT('',(2.9,1.67431578065));
#7042 = VECTOR('',#7043,1.);
#7043 = DIRECTION('',(-0.866025403784,0.5));
#7044 = ( GEOMETRIC_REPRESENTATION_CONTEXT(2) 
PARAMETRIC_REPRESENTATION_CONTEXT() REPRESENTATION_CONTEXT('2D SPACE',''
  ) );
#7045 = PCURVE('',#6869,#7046);
#7046 = DEFINITIONAL_REPRESENTATION('',(#7047),#7051);
#7047 = LINE('',#7048,#7049);
#7048 = CARTESIAN_POINT('',(-7.771561172376E-16,-3.));
#7049 = VECTOR('',#7050,1.);
#7050 = DIRECTION('',(1.,-2.775557561563E-17));
#7051 = ( GEOMETRIC_REPRESENTATION_CONTEXT(2) 
PARAMETRIC_REPRESENTATION_CONTEXT() REPRESENTATION_CONTEXT('2D SPACE',''
  ) );
#7052 = ORIENTED_EDGE('',*,*,#7053,.T.);
#7053 = EDGE_CURVE('',#7031,#3897,#7054,.T.);
#7054 = SURFACE_CURVE('',#7055,(#7059,#7066),.PCURVE_S1.);
#7055 = LINE('',#7056,#7057);
#7056 = CARTESIAN_POINT('',(-39.83427995049,49.50358801625,
    19.24568421935));
#7057 = VECTOR('',#7058,1.);
#7058 = DIRECTION('',(0.,0.,1.));
#7059 = PCURVE('',#3937,#7060);
#7060 = DEFINITIONAL_REPRESENTATION('',(#7061),#7065);
#7061 = LINE('',#7062,#7063);
#7062 = CARTESIAN_POINT('',(-2.22044604925E-16,3.3486315613));
#7063 = VECTOR('',#7064,1.);
#7064 = DIRECTION('',(-0.866025403784,-0.5));
#7065 = ( GEOMETRIC_REPRESENTATION_CONTEXT(2) 
PARAMETRIC_REPRESENTATION_CONTEXT() REPRESENTATION_CONTEXT('2D SPACE',''
  ) );
#7066 = PCURVE('',#3911,#7067);
#7067 = DEFINITIONAL_REPRESENTATION('',(#7068),#7072);
#7068 = LINE('',#7069,#7070);
#7069 = CARTESIAN_POINT('',(0.,-3.));
#7070 = VECTOR('',#7071,1.);
#7071 = DIRECTION('',(1.,0.));
#7072 = ( GEOMETRIC_REPRESENTATION_CONTEXT(2) 
PARAMETRIC_REPRESENTATION_CONTEXT() REPRESENTATION_CONTEXT('2D SPACE',''
  ) );
#7073 = ORIENTED_EDGE('',*,*,#3922,.T.);
#7074 = ORIENTED_EDGE('',*,*,#6960,.T.);
#7075 = FACE_BOUND('',#7076,.T.);
#7076 = EDGE_LOOP('',(#7077));
#7077 = ORIENTED_EDGE('',*,*,#6478,.F.);
#7078 = ADVANCED_FACE('',(#7079),#3911,.F.);
#7079 = FACE_BOUND('',#7080,.F.);
#7080 = EDGE_LOOP('',(#7081,#7082,#7103,#7104));
#7081 = ORIENTED_EDGE('',*,*,#6881,.F.);
#7082 = ORIENTED_EDGE('',*,*,#7083,.T.);
#7083 = EDGE_CURVE('',#6854,#7031,#7084,.T.);
#7084 = SURFACE_CURVE('',#7085,(#7089,#7096),.PCURVE_S1.);
#7085 = LINE('',#7086,#7087);
#7086 = CARTESIAN_POINT('',(-38.95716483632,46.634673748361,
    19.24568421935));
#7087 = VECTOR('',#7088,1.);
#7088 = DIRECTION('',(-0.292371704723,0.956304755963,0.));
#7089 = PCURVE('',#3911,#7090);
#7090 = DEFINITIONAL_REPRESENTATION('',(#7091),#7095);
#7091 = LINE('',#7092,#7093);
#7092 = CARTESIAN_POINT('',(0.,0.));
#7093 = VECTOR('',#7094,1.);
#7094 = DIRECTION('',(0.,-1.));
#7095 = ( GEOMETRIC_REPRESENTATION_CONTEXT(2) 
PARAMETRIC_REPRESENTATION_CONTEXT() REPRESENTATION_CONTEXT('2D SPACE',''
  ) );
#7096 = PCURVE('',#6869,#7097);
#7097 = DEFINITIONAL_REPRESENTATION('',(#7098),#7102);
#7098 = LINE('',#7099,#7100);
#7099 = CARTESIAN_POINT('',(3.3486315613,1.7763568394E-15));
#7100 = VECTOR('',#7101,1.);
#7101 = DIRECTION('',(3.977409240553E-17,-1.));
#7102 = ( GEOMETRIC_REPRESENTATION_CONTEXT(2) 
PARAMETRIC_REPRESENTATION_CONTEXT() REPRESENTATION_CONTEXT('2D SPACE',''
  ) );
#7103 = ORIENTED_EDGE('',*,*,#7053,.T.);
#7104 = ORIENTED_EDGE('',*,*,#3896,.T.);
#7105 = ADVANCED_FACE('',(#7106),#4043,.F.);
#7106 = FACE_BOUND('',#7107,.F.);
#7107 = EDGE_LOOP('',(#7108,#7129,#7130,#7131));
#7108 = ORIENTED_EDGE('',*,*,#7109,.T.);
#7109 = EDGE_CURVE('',#4000,#4211,#7110,.T.);
#7110 = SURFACE_CURVE('',#7111,(#7115,#7122),.PCURVE_S1.);
#7111 = LINE('',#7112,#7113);
#7112 = CARTESIAN_POINT('',(-50.33719143228,43.155450462161,
    -13.7313684387));
#7113 = VECTOR('',#7114,1.);
#7114 = DIRECTION('',(-0.292371704723,0.956304755963,0.));
#7115 = PCURVE('',#4043,#7116);
#7116 = DEFINITIONAL_REPRESENTATION('',(#7117),#7121);
#7117 = LINE('',#7118,#7119);
#7118 = CARTESIAN_POINT('',(-0.,0.));
#7119 = VECTOR('',#7120,1.);
#7120 = DIRECTION('',(-2.775557561563E-17,-1.));
#7121 = ( GEOMETRIC_REPRESENTATION_CONTEXT(2) 
PARAMETRIC_REPRESENTATION_CONTEXT() REPRESENTATION_CONTEXT('2D SPACE',''
  ) );
#7122 = PCURVE('',#4015,#7123);
#7123 = DEFINITIONAL_REPRESENTATION('',(#7124),#7128);
#7124 = LINE('',#7125,#7126);
#7125 = CARTESIAN_POINT('',(3.3486315613,-1.7763568394E-15));
#7126 = VECTOR('',#7127,1.);
#7127 = DIRECTION('',(0.,-1.));
#7128 = ( GEOMETRIC_REPRESENTATION_CONTEXT(2) 
PARAMETRIC_REPRESENTATION_CONTEXT() REPRESENTATION_CONTEXT('2D SPACE',''
  ) );
#7129 = ORIENTED_EDGE('',*,*,#4233,.T.);
#7130 = ORIENTED_EDGE('',*,*,#4160,.F.);
#7131 = ORIENTED_EDGE('',*,*,#4027,.F.);
#7132 = ADVANCED_FACE('',(#7133),#4015,.F.);
#7133 = FACE_BOUND('',#7134,.F.);
#7134 = EDGE_LOOP('',(#7135,#7136,#7137,#7138));
#7135 = ORIENTED_EDGE('',*,*,#4135,.T.);
#7136 = ORIENTED_EDGE('',*,*,#4210,.T.);
#7137 = ORIENTED_EDGE('',*,*,#7109,.F.);
#7138 = ORIENTED_EDGE('',*,*,#3999,.F.);
#7139 = ADVANCED_FACE('',(#7140),#4095,.F.);
#7140 = FACE_BOUND('',#7141,.F.);
#7141 = EDGE_LOOP('',(#7142,#7165,#7192,#7193));
#7142 = ORIENTED_EDGE('',*,*,#7143,.F.);
#7143 = EDGE_CURVE('',#7144,#4079,#7146,.T.);
#7144 = VERTEX_POINT('',#7145);
#7145 = CARTESIAN_POINT('',(-47.39580067589,39.349110958356,-17.08));
#7146 = SEAM_CURVE('',#7147,(#7151,#7158),.PCURVE_S1.);
#7147 = LINE('',#7148,#7149);
#7148 = CARTESIAN_POINT('',(-47.39580067589,39.349110958356,-17.08));
#7149 = VECTOR('',#7150,1.);
#7150 = DIRECTION('',(-0.292371704723,0.956304755963,0.));
#7151 = PCURVE('',#4095,#7152);
#7152 = DEFINITIONAL_REPRESENTATION('',(#7153),#7157);
#7153 = LINE('',#7154,#7155);
#7154 = CARTESIAN_POINT('',(6.28318530718,0.));
#7155 = VECTOR('',#7156,1.);
#7156 = DIRECTION('',(0.,-1.));
#7157 = ( GEOMETRIC_REPRESENTATION_CONTEXT(2) 
PARAMETRIC_REPRESENTATION_CONTEXT() REPRESENTATION_CONTEXT('2D SPACE',''
  ) );
#7158 = PCURVE('',#4095,#7159);
#7159 = DEFINITIONAL_REPRESENTATION('',(#7160),#7164);
#7160 = LINE('',#7161,#7162);
#7161 = CARTESIAN_POINT('',(0.,0.));
#7162 = VECTOR('',#7163,1.);
#7163 = DIRECTION('',(0.,-1.));
#7164 = ( GEOMETRIC_REPRESENTATION_CONTEXT(2) 
PARAMETRIC_REPRESENTATION_CONTEXT() REPRESENTATION_CONTEXT('2D SPACE',''
  ) );
#7165 = ORIENTED_EDGE('',*,*,#7166,.F.);
#7166 = EDGE_CURVE('',#7144,#7144,#7167,.T.);
#7167 = SURFACE_CURVE('',#7168,(#7173,#7180),.PCURVE_S1.);
#7168 = CIRCLE('',#7169,1.7);
#7169 = AXIS2_PLACEMENT_3D('',#7170,#7171,#7172);
#7170 = CARTESIAN_POINT('',(-49.02151876103,38.852079060327,-17.08));
#7171 = DIRECTION('',(0.292371704723,-0.956304755963,0.));
#7172 = DIRECTION('',(0.956304755963,0.292371704723,0.));
#7173 = PCURVE('',#4095,#7174);
#7174 = DEFINITIONAL_REPRESENTATION('',(#7175),#7179);
#7175 = LINE('',#7176,#7177);
#7176 = CARTESIAN_POINT('',(0.,0.));
#7177 = VECTOR('',#7178,1.);
#7178 = DIRECTION('',(1.,0.));
#7179 = ( GEOMETRIC_REPRESENTATION_CONTEXT(2) 
PARAMETRIC_REPRESENTATION_CONTEXT() REPRESENTATION_CONTEXT('2D SPACE',''
  ) );
#7180 = PCURVE('',#7181,#7186);
#7181 = PLANE('',#7182);
#7182 = AXIS2_PLACEMENT_3D('',#7183,#7184,#7185);
#7183 = CARTESIAN_POINT('',(-49.02151876103,38.852079060327,-17.08));
#7184 = DIRECTION('',(0.292371704723,-0.956304755963,-0.));
#7185 = DIRECTION('',(0.,0.,-1.));
#7186 = DEFINITIONAL_REPRESENTATION('',(#7187),#7191);
#7187 = CIRCLE('',#7188,1.7);
#7188 = AXIS2_PLACEMENT_2D('',#7189,#7190);
#7189 = CARTESIAN_POINT('',(0.,0.));
#7190 = DIRECTION('',(0.,1.));
#7191 = ( GEOMETRIC_REPRESENTATION_CONTEXT(2) 
PARAMETRIC_REPRESENTATION_CONTEXT() REPRESENTATION_CONTEXT('2D SPACE',''
  ) );
#7192 = ORIENTED_EDGE('',*,*,#7143,.T.);
#7193 = ORIENTED_EDGE('',*,*,#4078,.T.);
#7194 = ADVANCED_FACE('',(#7195),#4352,.F.);
#7195 = FACE_BOUND('',#7196,.F.);
#7196 = EDGE_LOOP('',(#7197,#7218,#7219,#7220));
#7197 = ORIENTED_EDGE('',*,*,#7198,.T.);
#7198 = EDGE_CURVE('',#4309,#4493,#7199,.T.);
#7199 = SURFACE_CURVE('',#7200,(#7204,#7211),.PCURVE_S1.);
#7200 = LINE('',#7201,#7202);
#7201 = CARTESIAN_POINT('',(-41.73044862861,45.786795804665,
    -13.7313684387));
#7202 = VECTOR('',#7203,1.);
#7203 = DIRECTION('',(-0.292371704723,0.956304755963,0.));
#7204 = PCURVE('',#4352,#7205);
#7205 = DEFINITIONAL_REPRESENTATION('',(#7206),#7210);
#7206 = LINE('',#7207,#7208);
#7207 = CARTESIAN_POINT('',(-0.,0.));
#7208 = VECTOR('',#7209,1.);
#7209 = DIRECTION('',(-2.775557561563E-17,-1.));
#7210 = ( GEOMETRIC_REPRESENTATION_CONTEXT(2) 
PARAMETRIC_REPRESENTATION_CONTEXT() REPRESENTATION_CONTEXT('2D SPACE',''
  ) );
#7211 = PCURVE('',#4324,#7212);
#7212 = DEFINITIONAL_REPRESENTATION('',(#7213),#7217);
#7213 = LINE('',#7214,#7215);
#7214 = CARTESIAN_POINT('',(3.3486315613,-1.7763568394E-15));
#7215 = VECTOR('',#7216,1.);
#7216 = DIRECTION('',(0.,-1.));
#7217 = ( GEOMETRIC_REPRESENTATION_CONTEXT(2) 
PARAMETRIC_REPRESENTATION_CONTEXT() REPRESENTATION_CONTEXT('2D SPACE',''
  ) );
#7218 = ORIENTED_EDGE('',*,*,#4515,.T.);
#7219 = ORIENTED_EDGE('',*,*,#4420,.F.);
#7220 = ORIENTED_EDGE('',*,*,#4336,.F.);
#7221 = ADVANCED_FACE('',(#7222),#4324,.F.);
#7222 = FACE_BOUND('',#7223,.F.);
#7223 = EDGE_LOOP('',(#7224,#7225,#7226,#7227));
#7224 = ORIENTED_EDGE('',*,*,#4569,.T.);
#7225 = ORIENTED_EDGE('',*,*,#4492,.T.);
#7226 = ORIENTED_EDGE('',*,*,#7198,.F.);
#7227 = ORIENTED_EDGE('',*,*,#4308,.F.);
#7228 = ADVANCED_FACE('',(#7229),#4404,.F.);
#7229 = FACE_BOUND('',#7230,.F.);
#7230 = EDGE_LOOP('',(#7231,#7254,#7281,#7282));
#7231 = ORIENTED_EDGE('',*,*,#7232,.F.);
#7232 = EDGE_CURVE('',#7233,#4388,#7235,.T.);
#7233 = VERTEX_POINT('',#7234);
#7234 = CARTESIAN_POINT('',(-38.78905787222,41.98045630086,-17.08));
#7235 = SEAM_CURVE('',#7236,(#7240,#7247),.PCURVE_S1.);
#7236 = LINE('',#7237,#7238);
#7237 = CARTESIAN_POINT('',(-38.78905787222,41.98045630086,-17.08));
#7238 = VECTOR('',#7239,1.);
#7239 = DIRECTION('',(-0.292371704723,0.956304755963,0.));
#7240 = PCURVE('',#4404,#7241);
#7241 = DEFINITIONAL_REPRESENTATION('',(#7242),#7246);
#7242 = LINE('',#7243,#7244);
#7243 = CARTESIAN_POINT('',(6.28318530718,0.));
#7244 = VECTOR('',#7245,1.);
#7245 = DIRECTION('',(0.,-1.));
#7246 = ( GEOMETRIC_REPRESENTATION_CONTEXT(2) 
PARAMETRIC_REPRESENTATION_CONTEXT() REPRESENTATION_CONTEXT('2D SPACE',''
  ) );
#7247 = PCURVE('',#4404,#7248);
#7248 = DEFINITIONAL_REPRESENTATION('',(#7249),#7253);
#7249 = LINE('',#7250,#7251);
#7250 = CARTESIAN_POINT('',(0.,0.));
#7251 = VECTOR('',#7252,1.);
#7252 = DIRECTION('',(0.,-1.));
#7253 = ( GEOMETRIC_REPRESENTATION_CONTEXT(2) 
PARAMETRIC_REPRESENTATION_CONTEXT() REPRESENTATION_CONTEXT('2D SPACE',''
  ) );
#7254 = ORIENTED_EDGE('',*,*,#7255,.F.);
#7255 = EDGE_CURVE('',#7233,#7233,#7256,.T.);
#7256 = SURFACE_CURVE('',#7257,(#7262,#7269),.PCURVE_S1.);
#7257 = CIRCLE('',#7258,1.7);
#7258 = AXIS2_PLACEMENT_3D('',#7259,#7260,#7261);
#7259 = CARTESIAN_POINT('',(-40.41477595736,41.483424402832,-17.08));
#7260 = DIRECTION('',(0.292371704723,-0.956304755963,0.));
#7261 = DIRECTION('',(0.956304755963,0.292371704723,0.));
#7262 = PCURVE('',#4404,#7263);
#7263 = DEFINITIONAL_REPRESENTATION('',(#7264),#7268);
#7264 = LINE('',#7265,#7266);
#7265 = CARTESIAN_POINT('',(0.,0.));
#7266 = VECTOR('',#7267,1.);
#7267 = DIRECTION('',(1.,0.));
#7268 = ( GEOMETRIC_REPRESENTATION_CONTEXT(2) 
PARAMETRIC_REPRESENTATION_CONTEXT() REPRESENTATION_CONTEXT('2D SPACE',''
  ) );
#7269 = PCURVE('',#7270,#7275);
#7270 = PLANE('',#7271);
#7271 = AXIS2_PLACEMENT_3D('',#7272,#7273,#7274);
#7272 = CARTESIAN_POINT('',(-40.41477595736,41.483424402832,-17.08));
#7273 = DIRECTION('',(0.292371704723,-0.956304755963,-0.));
#7274 = DIRECTION('',(0.,0.,-1.));
#7275 = DEFINITIONAL_REPRESENTATION('',(#7276),#7280);
#7276 = CIRCLE('',#7277,1.7);
#7277 = AXIS2_PLACEMENT_2D('',#7278,#7279);
#7278 = CARTESIAN_POINT('',(0.,0.));
#7279 = DIRECTION('',(0.,1.));
#7280 = ( GEOMETRIC_REPRESENTATION_CONTEXT(2) 
PARAMETRIC_REPRESENTATION_CONTEXT() REPRESENTATION_CONTEXT('2D SPACE',''
  ) );
#7281 = ORIENTED_EDGE('',*,*,#7232,.T.);
#7282 = ORIENTED_EDGE('',*,*,#4387,.T.);
#7283 = ADVANCED_FACE('',(#7284,#7292),#4633,.F.);
#7284 = FACE_BOUND('',#7285,.F.);
#7285 = EDGE_LOOP('',(#7286,#7287,#7288,#7289,#7290,#7291));
#7286 = ORIENTED_EDGE('',*,*,#4867,.T.);
#7287 = ORIENTED_EDGE('',*,*,#4617,.T.);
#7288 = ORIENTED_EDGE('',*,*,#4671,.T.);
#7289 = ORIENTED_EDGE('',*,*,#4720,.T.);
#7290 = ORIENTED_EDGE('',*,*,#4769,.T.);
#7291 = ORIENTED_EDGE('',*,*,#4818,.T.);
#7292 = FACE_BOUND('',#7293,.F.);
#7293 = EDGE_LOOP('',(#7294));
#7294 = ORIENTED_EDGE('',*,*,#5197,.T.);
#7295 = ADVANCED_FACE('',(#7296,#7304),#4932,.F.);
#7296 = FACE_BOUND('',#7297,.F.);
#7297 = EDGE_LOOP('',(#7298,#7299,#7300,#7301,#7302,#7303));
#7298 = ORIENTED_EDGE('',*,*,#5041,.T.);
#7299 = ORIENTED_EDGE('',*,*,#4916,.T.);
#7300 = ORIENTED_EDGE('',*,*,#4970,.T.);
#7301 = ORIENTED_EDGE('',*,*,#5068,.T.);
#7302 = ORIENTED_EDGE('',*,*,#5166,.T.);
#7303 = ORIENTED_EDGE('',*,*,#5139,.T.);
#7304 = FACE_BOUND('',#7305,.F.);
#7305 = EDGE_LOOP('',(#7306));
#7306 = ORIENTED_EDGE('',*,*,#5251,.T.);
#7307 = ADVANCED_FACE('',(#7308,#7316),#5345,.F.);
#7308 = FACE_BOUND('',#7309,.F.);
#7309 = EDGE_LOOP('',(#7310,#7311,#7312,#7313,#7314,#7315));
#7310 = ORIENTED_EDGE('',*,*,#5579,.T.);
#7311 = ORIENTED_EDGE('',*,*,#5329,.T.);
#7312 = ORIENTED_EDGE('',*,*,#5383,.T.);
#7313 = ORIENTED_EDGE('',*,*,#5432,.T.);
#7314 = ORIENTED_EDGE('',*,*,#5481,.T.);
#7315 = ORIENTED_EDGE('',*,*,#5530,.T.);
#7316 = FACE_BOUND('',#7317,.F.);
#7317 = EDGE_LOOP('',(#7318));
#7318 = ORIENTED_EDGE('',*,*,#5903,.T.);
#7319 = ADVANCED_FACE('',(#7320,#7328),#5644,.F.);
#7320 = FACE_BOUND('',#7321,.F.);
#7321 = EDGE_LOOP('',(#7322,#7323,#7324,#7325,#7326,#7327));
#7322 = ORIENTED_EDGE('',*,*,#5753,.T.);
#7323 = ORIENTED_EDGE('',*,*,#5628,.T.);
#7324 = ORIENTED_EDGE('',*,*,#5682,.T.);
#7325 = ORIENTED_EDGE('',*,*,#5780,.T.);
#7326 = ORIENTED_EDGE('',*,*,#5878,.T.);
#7327 = ORIENTED_EDGE('',*,*,#5851,.T.);
#7328 = FACE_BOUND('',#7329,.F.);
#7329 = EDGE_LOOP('',(#7330));
#7330 = ORIENTED_EDGE('',*,*,#5957,.T.);
#7331 = ADVANCED_FACE('',(#7332),#6555,.F.);
#7332 = FACE_BOUND('',#7333,.F.);
#7333 = EDGE_LOOP('',(#7334,#7335,#7336,#7357));
#7334 = ORIENTED_EDGE('',*,*,#6746,.T.);
#7335 = ORIENTED_EDGE('',*,*,#6770,.T.);
#7336 = ORIENTED_EDGE('',*,*,#7337,.F.);
#7337 = EDGE_CURVE('',#6540,#6771,#7338,.T.);
#7338 = SURFACE_CURVE('',#7339,(#7343,#7350),.PCURVE_S1.);
#7339 = LINE('',#7340,#7341);
#7340 = CARTESIAN_POINT('',(-50.33719143228,43.155450462161,
    17.5713684387));
#7341 = VECTOR('',#7342,1.);
#7342 = DIRECTION('',(-0.292371704723,0.956304755963,0.));
#7343 = PCURVE('',#6555,#7344);
#7344 = DEFINITIONAL_REPRESENTATION('',(#7345),#7349);
#7345 = LINE('',#7346,#7347);
#7346 = CARTESIAN_POINT('',(3.3486315613,-2.22044604925E-16));
#7347 = VECTOR('',#7348,1.);
#7348 = DIRECTION('',(0.,-1.));
#7349 = ( GEOMETRIC_REPRESENTATION_CONTEXT(2) 
PARAMETRIC_REPRESENTATION_CONTEXT() REPRESENTATION_CONTEXT('2D SPACE',''
  ) );
#7350 = PCURVE('',#6583,#7351);
#7351 = DEFINITIONAL_REPRESENTATION('',(#7352),#7356);
#7352 = LINE('',#7353,#7354);
#7353 = CARTESIAN_POINT('',(0.,0.));
#7354 = VECTOR('',#7355,1.);
#7355 = DIRECTION('',(3.977409240553E-17,-1.));
#7356 = ( GEOMETRIC_REPRESENTATION_CONTEXT(2) 
PARAMETRIC_REPRESENTATION_CONTEXT() REPRESENTATION_CONTEXT('2D SPACE',''
  ) );
#7357 = ORIENTED_EDGE('',*,*,#6537,.F.);
#7358 = ADVANCED_FACE('',(#7359),#6583,.F.);
#7359 = FACE_BOUND('',#7360,.F.);
#7360 = EDGE_LOOP('',(#7361,#7362,#7363,#7364));
#7361 = ORIENTED_EDGE('',*,*,#7337,.T.);
#7362 = ORIENTED_EDGE('',*,*,#6793,.T.);
#7363 = ORIENTED_EDGE('',*,*,#6673,.F.);
#7364 = ORIENTED_EDGE('',*,*,#6567,.F.);
#7365 = ADVANCED_FACE('',(#7366),#6657,.F.);
#7366 = FACE_BOUND('',#7367,.F.);
#7367 = EDGE_LOOP('',(#7368,#7391,#7418,#7419));
#7368 = ORIENTED_EDGE('',*,*,#7369,.F.);
#7369 = EDGE_CURVE('',#7370,#6641,#7372,.T.);
#7370 = VERTEX_POINT('',#7371);
#7371 = CARTESIAN_POINT('',(-47.39580067589,39.349110958356,20.92));
#7372 = SEAM_CURVE('',#7373,(#7377,#7384),.PCURVE_S1.);
#7373 = LINE('',#7374,#7375);
#7374 = CARTESIAN_POINT('',(-47.39580067589,39.349110958356,20.92));
#7375 = VECTOR('',#7376,1.);
#7376 = DIRECTION('',(-0.292371704723,0.956304755963,0.));
#7377 = PCURVE('',#6657,#7378);
#7378 = DEFINITIONAL_REPRESENTATION('',(#7379),#7383);
#7379 = LINE('',#7380,#7381);
#7380 = CARTESIAN_POINT('',(6.28318530718,0.));
#7381 = VECTOR('',#7382,1.);
#7382 = DIRECTION('',(0.,-1.));
#7383 = ( GEOMETRIC_REPRESENTATION_CONTEXT(2) 
PARAMETRIC_REPRESENTATION_CONTEXT() REPRESENTATION_CONTEXT('2D SPACE',''
  ) );
#7384 = PCURVE('',#6657,#7385);
#7385 = DEFINITIONAL_REPRESENTATION('',(#7386),#7390);
#7386 = LINE('',#7387,#7388);
#7387 = CARTESIAN_POINT('',(0.,0.));
#7388 = VECTOR('',#7389,1.);
#7389 = DIRECTION('',(0.,-1.));
#7390 = ( GEOMETRIC_REPRESENTATION_CONTEXT(2) 
PARAMETRIC_REPRESENTATION_CONTEXT() REPRESENTATION_CONTEXT('2D SPACE',''
  ) );
#7391 = ORIENTED_EDGE('',*,*,#7392,.F.);
#7392 = EDGE_CURVE('',#7370,#7370,#7393,.T.);
#7393 = SURFACE_CURVE('',#7394,(#7399,#7406),.PCURVE_S1.);
#7394 = CIRCLE('',#7395,1.7);
#7395 = AXIS2_PLACEMENT_3D('',#7396,#7397,#7398);
#7396 = CARTESIAN_POINT('',(-49.02151876103,38.852079060327,20.92));
#7397 = DIRECTION('',(0.292371704723,-0.956304755963,0.));
#7398 = DIRECTION('',(0.956304755963,0.292371704723,0.));
#7399 = PCURVE('',#6657,#7400);
#7400 = DEFINITIONAL_REPRESENTATION('',(#7401),#7405);
#7401 = LINE('',#7402,#7403);
#7402 = CARTESIAN_POINT('',(0.,0.));
#7403 = VECTOR('',#7404,1.);
#7404 = DIRECTION('',(1.,0.));
#7405 = ( GEOMETRIC_REPRESENTATION_CONTEXT(2) 
PARAMETRIC_REPRESENTATION_CONTEXT() REPRESENTATION_CONTEXT('2D SPACE',''
  ) );
#7406 = PCURVE('',#7407,#7412);
#7407 = PLANE('',#7408);
#7408 = AXIS2_PLACEMENT_3D('',#7409,#7410,#7411);
#7409 = CARTESIAN_POINT('',(-49.02151876103,38.852079060327,20.92));
#7410 = DIRECTION('',(0.292371704723,-0.956304755963,-0.));
#7411 = DIRECTION('',(0.,0.,-1.));
#7412 = DEFINITIONAL_REPRESENTATION('',(#7413),#7417);
#7413 = CIRCLE('',#7414,1.7);
#7414 = AXIS2_PLACEMENT_2D('',#7415,#7416);
#7415 = CARTESIAN_POINT('',(0.,0.));
#7416 = DIRECTION('',(0.,1.));
#7417 = ( GEOMETRIC_REPRESENTATION_CONTEXT(2) 
PARAMETRIC_REPRESENTATION_CONTEXT() REPRESENTATION_CONTEXT('2D SPACE',''
  ) );
#7418 = ORIENTED_EDGE('',*,*,#7369,.T.);
#7419 = ORIENTED_EDGE('',*,*,#6640,.T.);
#7420 = ADVANCED_FACE('',(#7421),#6841,.F.);
#7421 = FACE_BOUND('',#7422,.F.);
#7422 = EDGE_LOOP('',(#7423,#7424,#7425,#7446));
#7423 = ORIENTED_EDGE('',*,*,#6983,.T.);
#7424 = ORIENTED_EDGE('',*,*,#7007,.T.);
#7425 = ORIENTED_EDGE('',*,*,#7426,.F.);
#7426 = EDGE_CURVE('',#6826,#7008,#7427,.T.);
#7427 = SURFACE_CURVE('',#7428,(#7432,#7439),.PCURVE_S1.);
#7428 = LINE('',#7429,#7430);
#7429 = CARTESIAN_POINT('',(-41.73044862861,45.786795804665,
    17.5713684387));
#7430 = VECTOR('',#7431,1.);
#7431 = DIRECTION('',(-0.292371704723,0.956304755963,0.));
#7432 = PCURVE('',#6841,#7433);
#7433 = DEFINITIONAL_REPRESENTATION('',(#7434),#7438);
#7434 = LINE('',#7435,#7436);
#7435 = CARTESIAN_POINT('',(3.3486315613,1.7763568394E-15));
#7436 = VECTOR('',#7437,1.);
#7437 = DIRECTION('',(0.,-1.));
#7438 = ( GEOMETRIC_REPRESENTATION_CONTEXT(2) 
PARAMETRIC_REPRESENTATION_CONTEXT() REPRESENTATION_CONTEXT('2D SPACE',''
  ) );
#7439 = PCURVE('',#6869,#7440);
#7440 = DEFINITIONAL_REPRESENTATION('',(#7441),#7445);
#7441 = LINE('',#7442,#7443);
#7442 = CARTESIAN_POINT('',(0.,0.));
#7443 = VECTOR('',#7444,1.);
#7444 = DIRECTION('',(3.977409240553E-17,-1.));
#7445 = ( GEOMETRIC_REPRESENTATION_CONTEXT(2) 
PARAMETRIC_REPRESENTATION_CONTEXT() REPRESENTATION_CONTEXT('2D SPACE',''
  ) );
#7446 = ORIENTED_EDGE('',*,*,#6823,.F.);
#7447 = ADVANCED_FACE('',(#7448),#6869,.F.);
#7448 = FACE_BOUND('',#7449,.F.);
#7449 = EDGE_LOOP('',(#7450,#7451,#7452,#7453));
#7450 = ORIENTED_EDGE('',*,*,#7426,.T.);
#7451 = ORIENTED_EDGE('',*,*,#7030,.T.);
#7452 = ORIENTED_EDGE('',*,*,#7083,.F.);
#7453 = ORIENTED_EDGE('',*,*,#6853,.F.);
#7454 = ADVANCED_FACE('',(#7455),#6943,.F.);
#7455 = FACE_BOUND('',#7456,.F.);
#7456 = EDGE_LOOP('',(#7457,#7480,#7507,#7508));
#7457 = ORIENTED_EDGE('',*,*,#7458,.F.);
#7458 = EDGE_CURVE('',#7459,#6927,#7461,.T.);
#7459 = VERTEX_POINT('',#7460);
#7460 = CARTESIAN_POINT('',(-38.78905787222,41.98045630086,20.92));
#7461 = SEAM_CURVE('',#7462,(#7466,#7473),.PCURVE_S1.);
#7462 = LINE('',#7463,#7464);
#7463 = CARTESIAN_POINT('',(-38.78905787222,41.98045630086,20.92));
#7464 = VECTOR('',#7465,1.);
#7465 = DIRECTION('',(-0.292371704723,0.956304755963,0.));
#7466 = PCURVE('',#6943,#7467);
#7467 = DEFINITIONAL_REPRESENTATION('',(#7468),#7472);
#7468 = LINE('',#7469,#7470);
#7469 = CARTESIAN_POINT('',(6.28318530718,0.));
#7470 = VECTOR('',#7471,1.);
#7471 = DIRECTION('',(0.,-1.));
#7472 = ( GEOMETRIC_REPRESENTATION_CONTEXT(2) 
PARAMETRIC_REPRESENTATION_CONTEXT() REPRESENTATION_CONTEXT('2D SPACE',''
  ) );
#7473 = PCURVE('',#6943,#7474);
#7474 = DEFINITIONAL_REPRESENTATION('',(#7475),#7479);
#7475 = LINE('',#7476,#7477);
#7476 = CARTESIAN_POINT('',(0.,0.));
#7477 = VECTOR('',#7478,1.);
#7478 = DIRECTION('',(0.,-1.));
#7479 = ( GEOMETRIC_REPRESENTATION_CONTEXT(2) 
PARAMETRIC_REPRESENTATION_CONTEXT() REPRESENTATION_CONTEXT('2D SPACE',''
  ) );
#7480 = ORIENTED_EDGE('',*,*,#7481,.F.);
#7481 = EDGE_CURVE('',#7459,#7459,#7482,.T.);
#7482 = SURFACE_CURVE('',#7483,(#7488,#7495),.PCURVE_S1.);
#7483 = CIRCLE('',#7484,1.7);
#7484 = AXIS2_PLACEMENT_3D('',#7485,#7486,#7487);
#7485 = CARTESIAN_POINT('',(-40.41477595736,41.483424402832,20.92));
#7486 = DIRECTION('',(0.292371704723,-0.956304755963,0.));
#7487 = DIRECTION('',(0.956304755963,0.292371704723,0.));
#7488 = PCURVE('',#6943,#7489);
#7489 = DEFINITIONAL_REPRESENTATION('',(#7490),#7494);
#7490 = LINE('',#7491,#7492);
#7491 = CARTESIAN_POINT('',(0.,0.));
#7492 = VECTOR('',#7493,1.);
#7493 = DIRECTION('',(1.,0.));
#7494 = ( GEOMETRIC_REPRESENTATION_CONTEXT(2) 
PARAMETRIC_REPRESENTATION_CONTEXT() REPRESENTATION_CONTEXT('2D SPACE',''
  ) );
#7495 = PCURVE('',#7496,#7501);
#7496 = PLANE('',#7497);
#7497 = AXIS2_PLACEMENT_3D('',#7498,#7499,#7500);
#7498 = CARTESIAN_POINT('',(-40.41477595736,41.483424402832,20.92));
#7499 = DIRECTION('',(0.292371704723,-0.956304755963,-0.));
#7500 = DIRECTION('',(0.,0.,-1.));
#7501 = DEFINITIONAL_REPRESENTATION('',(#7502),#7506);
#7502 = CIRCLE('',#7503,1.7);
#7503 = AXIS2_PLACEMENT_2D('',#7504,#7505);
#7504 = CARTESIAN_POINT('',(0.,0.));
#7505 = DIRECTION('',(0.,1.));
#7506 = ( GEOMETRIC_REPRESENTATION_CONTEXT(2) 
PARAMETRIC_REPRESENTATION_CONTEXT() REPRESENTATION_CONTEXT('2D SPACE',''
  ) );
#7507 = ORIENTED_EDGE('',*,*,#7458,.T.);
#7508 = ORIENTED_EDGE('',*,*,#6926,.T.);
#7509 = ADVANCED_FACE('',(#7510),#7181,.F.);
#7510 = FACE_BOUND('',#7511,.F.);
#7511 = EDGE_LOOP('',(#7512));
#7512 = ORIENTED_EDGE('',*,*,#7166,.T.);
#7513 = ADVANCED_FACE('',(#7514),#7270,.F.);
#7514 = FACE_BOUND('',#7515,.F.);
#7515 = EDGE_LOOP('',(#7516));
#7516 = ORIENTED_EDGE('',*,*,#7255,.T.);
#7517 = ADVANCED_FACE('',(#7518),#7407,.F.);
#7518 = FACE_BOUND('',#7519,.F.);
#7519 = EDGE_LOOP('',(#7520));
#7520 = ORIENTED_EDGE('',*,*,#7392,.T.);
#7521 = ADVANCED_FACE('',(#7522),#7496,.F.);
#7522 = FACE_BOUND('',#7523,.F.);
#7523 = EDGE_LOOP('',(#7524));
#7524 = ORIENTED_EDGE('',*,*,#7481,.T.);
#7525 = ( GEOMETRIC_REPRESENTATION_CONTEXT(3) 
GLOBAL_UNCERTAINTY_ASSIGNED_CONTEXT((#7529)) 
GLOBAL_UNIT_ASSIGNED_CONTEXT((#7526,#7527,#7528)) REPRESENTATION_CONTEXT
('Context #1','3D Context with UNIT and UNCERTAINTY') );
#7526 = ( LENGTH_UNIT() NAMED_UNIT(*) SI_UNIT(.MILLI.,.METRE.) );
#7527 = ( NAMED_UNIT(*) PLANE_ANGLE_UNIT() SI_UNIT($,.RADIAN.) );
#7528 = ( NAMED_UNIT(*) SI_UNIT($,.STERADIAN.) SOLID_ANGLE_UNIT() );
#7529 = UNCERTAINTY_MEASURE_WITH_UNIT(LENGTH_MEASURE(2.E-06),#7526,
  'distance_accuracy_value','confusion accuracy');
#7530 = PRODUCT_RELATED_PRODUCT_CATEGORY('part',$,(#7));
ENDSEC;
END-ISO-10303-21;
