t_unix,j1,j2,j3,j4,j5,j6,j2_speed_rad_s,j3_speed_rad_s,j2_current_a,j3_current_a
1791586825.293,3.432,-1.959,2.403,2.559,22.960,61.227,0.000,0.000,0.684,-1.136
1791586825.303,3.432,-1.959,2.403,2.559,22.960,61.227,0.000,0.000,0.684,-1.136
1791586825.313,3.432,-1.959,2.403,2.559,22.960,61.227,0.000,0.000,0.684,-1.136
1791586825.323,3.432,-1.959,2.403,2.559,22.960,61.227,0.000,0.000,0.684,-1.136
1791586825.333,3.432,-1.959,2.403,2.559,22.960,61.227,0.000,0.000,0.684,-1.136
1791586825.343,3.432,-1.959,2.403,2.559,22.960,61.227,0.000,0.000,0.684,-1.136
1791586825.353,3.432,-1.959,2.403,2.559,22.960,61.227,0.000,0.000,0.684,-1.136
1791586825.363,3.432,-1.959,2.403,2.559,22.960,61.227,0.000,0.000,0.684,-1.136
1791586825.373,3.432,-1.959,2.403,2.559,22.960,61.227,0.000,0.000,0.684,-1.136
1791586825.384,3.432,-1.959,2.403,2.559,22.960,61.227,0.000,0.000,0.684,-1.136
1791586825.394,3.432,-1.959,2.403,2.559,22.960,61.227,0.000,0.000,0.684,-1.136
1791586825.404,3.432,-1.959,2.403,2.559,22.960,61.227,0.000,0.000,0.684,-1.136
1791586825.414,3.432,-1.959,2.403,2.559,22.960,61.227,0.000,0.000,0.684,-1.136
1791586825.424,3.432,-1.959,2.403,2.559,22.960,61.227,0.000,0.000,0.684,-1.136
1791586825.434,3.432,-1.959,2.403,2.559,22.960,61.227,0.000,0.000,0.684,-1.136
1791586825.444,3.432,-1.959,2.403,2.559,22.960,61.227,0.000,0.000,0.684,-1.136
1791586825.454,3.432,-1.959,2.403,2.559,22.960,61.227,0.000,0.000,0.684,-1.136
1791586825.464,3.432,-1.959,2.403,2.559,22.960,61.227,0.000,0.000,0.684,-1.136
1791586825.474,3.432,-1.959,2.403,2.559,22.960,61.227,0.000,0.000,0.684,-1.136
1791586825.484,3.432,-1.959,2.403,2.559,22.960,61.227,0.000,0.000,0.684,-1.136
1791586825.494,3.432,-1.959,2.403,2.559,22.960,61.227,0.000,0.000,0.684,-1.136
1791586825.505,3.432,-1.959,2.403,2.559,22.960,61.227,0.000,0.000,0.684,-1.136
1791586825.515,3.432,-1.959,2.403,2.559,22.960,61.227,0.000,0.000,0.684,-1.136
1791586825.525,3.432,-1.959,2.403,2.559,22.960,61.227,0.000,0.000,0.684,-1.136
1791586825.535,3.432,-1.959,2.403,2.559,22.960,61.227,0.000,0.000,0.684,-1.136
1791586825.545,3.432,-1.959,2.403,2.559,22.960,61.227,0.000,0.000,0.684,-1.136
1791586825.555,3.432,-1.959,2.403,2.559,22.960,61.227,0.000,0.000,0.684,-1.136
1791586825.565,3.432,-1.959,2.403,2.559,22.960,61.227,0.000,0.000,0.684,-1.136
1791586825.575,3.432,-1.959,2.403,2.559,22.960,61.227,0.000,0.000,0.684,-1.136
1791586825.585,3.432,-1.959,2.403,2.559,22.960,61.227,0.000,0.000,0.684,-1.136
1791586825.595,3.432,-1.959,2.403,2.559,22.960,61.227,0.000,0.000,0.684,-1.136
1791586825.605,3.432,-1.959,2.403,2.559,22.960,61.227,0.000,0.000,0.684,-1.136
1791586825.615,3.432,-1.959,2.403,2.559,22.960,61.227,0.000,0.000,0.684,-1.136
1791586825.626,3.432,-1.959,2.403,2.559,22.960,61.227,0.000,0.000,0.684,-1.136
1791586825.636,3.432,-1.959,2.403,2.559,22.960,61.227,0.000,0.000,0.684,-1.136
1791586825.646,3.432,-1.959,2.403,2.559,22.960,61.227,0.000,0.000,0.684,-1.136
1791586825.656,3.432,-1.959,2.403,2.559,22.960,61.227,0.000,0.000,0.684,-1.136
1791586825.666,3.432,-1.959,2.403,2.559,22.960,61.227,0.000,0.000,0.684,-1.136
1791586825.676,3.432,-1.959,2.403,2.559,22.960,61.227,0.000,0.000,0.684,-1.136
1791586825.686,3.432,-1.959,2.403,2.559,22.960,61.227,0.000,0.000,0.684,-1.136
1791586825.696,3.432,-1.959,2.403,2.559,22.960,61.227,0.000,0.000,0.684,-1.136
1791586825.706,3.432,-1.959,2.403,2.559,22.960,61.227,0.000,0.000,0.684,-1.136
1791586825.716,3.432,-1.959,2.403,2.559,22.960,61.227,0.000,0.000,0.684,-1.136
1791586825.726,3.432,-1.959,2.403,2.559,22.960,61.227,0.000,0.000,0.684,-1.136
1791586825.736,3.432,-1.959,2.403,2.559,22.960,61.227,0.000,0.000,0.684,-1.136
1791586825.747,3.432,-1.959,2.403,2.559,22.960,61.227,0.000,0.000,0.684,-1.136
1791586825.757,3.432,-1.959,2.403,2.559,22.960,61.227,0.000,0.000,0.684,-1.136
1791586825.767,3.432,-1.959,2.403,2.559,22.960,61.227,0.000,0.000,0.684,-1.136
1791586825.777,3.432,-1.959,2.403,2.559,22.960,61.227,0.000,0.000,0.684,-1.136
1791586825.787,3.432,-1.959,2.403,2.559,22.960,61.227,0.000,0.000,0.684,-1.136
1791586825.797,3.432,-1.959,2.403,2.559,22.960,61.227,0.000,0.000,0.684,-1.136
1791586825.807,3.432,-1.959,2.403,2.559,22.960,61.227,0.000,0.000,0.000,0.000
1791586825.817,3.432,-1.959,2.403,2.559,22.960,61.227,0.000,0.000,0.002,0.012
1791586825.827,3.432,-1.959,2.403,2.559,22.960,61.227,0.000,0.000,-0.005,0.010
1791586825.837,3.432,-1.959,2.403,2.559,22.960,61.227,0.000,0.000,-0.004,0.010
1791586825.847,3.432,-1.959,2.403,2.559,22.960,61.227,0.000,0.000,-0.002,0.001
1791586825.857,3.432,-1.959,2.403,2.559,22.960,61.227,0.000,0.000,0.000,-0.003
1791586825.867,3.432,-1.959,2.403,2.559,22.960,61.227,0.000,0.000,0.003,-0.002
1791586825.878,3.432,-1.959,2.403,2.559,22.960,61.227,0.000,0.000,-0.007,0.009
1791586825.888,3.432,-1.959,2.403,2.559,22.960,61.227,0.000,0.000,-0.002,0.001
1791586825.898,3.432,-1.959,2.403,2.559,22.960,61.227,0.000,0.000,0.000,0.000
1791586825.908,3.432,-1.959,2.403,2.559,22.960,61.227,0.000,0.000,0.000,0.002
1791586825.918,3.432,-1.959,2.403,2.559,22.960,61.227,0.000,0.000,-0.007,-0.019
1791586825.928,3.432,-1.959,2.403,2.559,22.960,61.227,0.056,-0.020,0.087,-0.077
1791586825.938,3.432,-1.959,2.403,2.559,22.960,61.227,0.130,-0.035,0.135,-0.381
1791586825.948,3.432,-1.959,2.260,2.559,22.960,61.227,0.099,-0.127,0.420,-0.212
1791586825.958,3.432,-1.847,2.254,2.559,22.960,61.227,0.162,-0.166,0.482,-0.347
1791586825.968,3.432,-1.836,2.145,2.559,22.960,61.227,0.181,-0.198,0.717,-0.735
1791586825.978,3.432,-1.695,1.990,2.559,23.200,61.227,0.174,-0.209,1.125,-1.013
1791586825.988,3.432,-1.491,1.781,2.559,23.318,61.227,0.345,-0.285,0.903,-1.337
1791586825.999,3.432,-1.200,1.657,2.559,23.523,61.227,0.382,-0.294,0.951,-1.668
1791586826.009,3.432,-1.009,1.369,2.559,23.582,61.227,0.469,-0.395,0.783,-1.942
1791586826.019,3.432,-0.590,1.181,2.559,23.571,61.227,0.542,-0.497,0.676,-1.820
1791586826.029,3.432,-0.367,0.968,2.559,23.571,61.227,0.561,-0.525,0.647,-1.848
1791586826.039,3.432,0.109,0.487,2.559,23.571,61.227,0.588,-0.649,0.695,-1.594
1791586826.049,3.432,0.591,0.223,2.559,23.428,61.227,0.616,-0.608,0.738,-1.608
1791586826.059,3.432,0.820,-0.335,2.559,23.261,61.227,0.622,-0.702,0.742,-0.996
1791586826.069,3.432,1.067,-0.867,2.559,23.081,61.227,0.605,-0.681,0.859,-0.987
1791586826.079,3.432,1.543,-1.117,2.559,23.072,61.227,0.590,-0.585,0.835,-0.993
1791586826.089,3.432,1.789,-1.623,2.559,23.072,61.227,0.591,-0.637,0.836,-0.870
1791586826.099,3.432,2.274,-1.843,2.559,23.072,61.227,0.600,-0.613,0.821,-0.898
1791586826.109,3.432,2.508,-2.309,2.559,23.072,61.227,0.625,-0.552,0.726,-1.262
1791586826.120,3.432,3.008,-2.522,2.559,23.191,61.227,0.617,-0.588,0.764,-1.162
1791586826.130,3.432,3.253,-2.745,2.559,23.197,61.227,0.624,-0.522,0.675,-1.594
1791586826.140,3.432,3.496,-3.210,2.559,23.197,61.227,0.599,-0.601,0.673,-1.418
1791586826.150,3.432,3.982,-3.449,2.559,23.197,61.227,0.608,-0.588,0.603,-1.462
1791586826.160,3.432,4.218,-3.945,2.559,23.197,61.227,0.584,-0.635,0.725,-1.360
1791586826.170,3.432,4.694,-4.205,2.559,23.197,61.227,0.580,-0.661,0.783,-1.120
1791586826.180,3.432,4.926,-4.704,2.559,23.197,61.227,0.597,-0.627,0.767,-1.202
1791586826.190,3.432,5.401,-4.957,2.559,23.080,61.227,0.584,-0.645,0.861,-1.051
1791586826.200,3.432,5.638,-5.186,2.559,23.080,61.227,0.599,-0.599,0.761,-1.184
1791586826.210,3.432,5.873,-5.688,2.559,23.080,61.227,0.591,-0.591,0.844,-1.141
1791586826.220,3.432,6.365,-5.921,2.559,23.080,61.227,0.626,-0.621,0.688,-1.151
1791586826.230,3.432,6.601,-6.394,2.559,23.080,61.227,0.612,-0.570,0.769,-1.306
1791586826.241,3.432,7.085,-6.628,2.559,23.080,61.227,0.581,-0.608,0.768,-1.254
1791586826.251,3.432,7.333,-7.095,2.559,23.080,61.227,0.625,-0.530,0.600,-1.431
1791586826.261,3.432,7.810,-7.337,2.559,23.080,61.227,0.587,-0.597,0.704,-1.345
1791586826.271,3.432,8.055,-7.579,2.559,23.080,61.227,0.614,-0.638,0.680,-1.214
1791586826.281,3.432,8.287,-8.057,2.559,23.080,61.227,0.599,-0.603,0.659,-1.309
1791586826.291,3.432,8.764,-8.309,2.559,23.080,61.227,0.566,-0.635,0.810,-1.150
1791586826.301,3.432,9.005,-8.782,2.559,23.080,61.227,0.604,-0.599,0.642,-1.222
1791586826.311,3.432,9.471,-9.031,2.559,23.080,61.227,0.578,-0.594,0.783,-1.254
1791586826.321,3.432,9.723,-9.513,2.559,23.080,61.227,0.625,-0.614,0.647,-1.145
1791586826.331,3.432,10.195,-9.744,2.559,23.080,61.227,0.606,-0.543,0.705,-1.347
1791586826.341,3.432,10.435,-9.987,2.559,23.080,61.227,0.554,-0.608,0.808,-1.250
1791586826.351,3.432,10.676,-10.459,2.559,23.080,61.227,0.610,-0.553,0.656,-1.338
1791586826.361,3.432,11.150,-10.700,2.559,23.080,61.227,0.573,-0.589,0.752,-1.331
1791586826.371,3.432,11.395,-11.168,2.559,23.080,61.227,0.609,-0.570,0.712,-1.329
1791586826.382,3.432,11.871,-11.413,2.559,23.080,61.227,0.603,-0.594,0.662,-1.300
1791586826.392,3.432,12.112,-11.892,2.559,23.080,61.227,0.574,-0.602,0.741,-1.319
1791586826.402,3.432,12.593,-12.135,2.559,23.080,61.227,0.614,-0.603,0.668,-1.212
1791586826.412,3.432,12.822,-12.385,2.559,23.080,61.227,0.569,-0.597,0.704,-1.247
1791586826.422,3.432,13.074,-12.861,2.559,23.080,61.227,0.612,-0.609,0.647,-1.200
1791586826.432,3.432,13.544,-13.088,2.559,23.080,61.227,0.594,-0.525,0.680,-1.420
1791586826.442,3.432,13.784,-13.581,2.559,23.080,61.227,0.576,-0.629,0.711,-1.155
1791586826.452,3.432,14.262,-13.802,2.559,23.080,61.227,0.605,-0.540,0.601,-1.400
1791586826.462,3.432,14.498,-14.294,2.559,23.080,61.227,0.572,-0.641,0.689,-1.128
1791586826.472,3.432,14.978,-14.526,2.559,23.080,61.227,0.590,-0.594,0.636,-1.266
1791586826.482,3.432,15.216,-14.757,2.559,23.080,61.227,0.610,-0.550,0.645,-1.428
1791586826.492,3.432,15.457,-15.240,2.559,23.080,61.227,0.581,-0.628,0.659,-1.241
1791586826.502,3.432,15.932,-15.476,2.559,23.080,61.227,0.604,-0.595,0.674,-1.233
1791586826.513,3.432,16.164,-15.958,2.559,23.080,61.227,0.565,-0.610,0.707,-1.268
1791586826.523,3.432,16.647,-16.203,2.559,23.080,61.227,0.592,-0.627,0.626,-1.154
1791586826.533,3.432,16.882,-16.679,2.559,23.080,61.227,0.602,-0.614,0.690,-1.247
1791586826.543,3.432,17.362,-16.926,2.559,23.080,61.227,0.590,-0.627,0.659,-1.137
1791586826.553,3.432,17.607,-17.149,2.559,23.080,61.227,0.617,-0.552,0.561,-1.309
1791586826.563,3.432,17.845,-17.643,2.559,23.080,61.227,0.578,-0.596,0.640,-1.209
1791586826.573,3.432,18.328,-17.868,2.559,23.080,61.227,0.622,-0.597,0.504,-1.267
1791586826.583,3.432,18.557,-18.357,2.559,23.080,61.227,0.604,-0.600,0.643,-1.212
1791586826.593,3.432,19.040,-18.588,2.559,23.080,61.227,0.600,-0.612,0.610,-1.259
1791586826.603,3.432,19.276,-19.064,2.559,23.080,61.227,0.602,-0.567,0.598,-1.323
1791586826.613,3.432,19.754,-19.304,2.559,23.080,61.227,0.607,-0.619,0.616,-1.238
1791586826.623,3.432,19.998,-19.542,2.559,23.080,61.227,0.615,-0.626,0.517,-1.182
1791586826.633,3.432,20.230,-20.012,2.559,23.080,61.227,0.591,-0.602,0.606,-1.294
1791586826.644,3.432,20.707,-20.263,2.559,23.080,61.227,0.576,-0.642,0.657,-1.134
1791586826.654,3.432,20.943,-20.730,2.559,23.080,61.227,0.612,-0.585,0.564,-1.324
1791586826.664,3.432,21.419,-20.978,2.559,23.080,61.227,0.583,-0.608,0.682,-1.169
1791586826.674,3.432,21.659,-21.450,2.559,22.968,61.227,0.607,-0.575,0.541,-1.269
1791586826.684,3.432,22.133,-21.698,2.559,22.968,61.227,0.597,-0.582,0.555,-1.256
1791586826.694,3.432,22.614,-21.932,2.559,22.968,61.227,0.614,-0.627,0.530,-1.187
1791586826.704,3.432,22.853,-22.651,2.559,22.968,61.227,0.588,-0.565,0.540,-1.277
1791586826.714,3.432,23.325,-22.889,2.559,22.968,61.227,0.577,-0.608,0.595,-1.206
1791586826.724,3.432,23.540,-23.119,2.559,22.968,61.227,0.578,-0.533,0.431,-1.318
1791586826.734,3.432,23.933,-23.568,2.559,22.968,61.227,0.499,-0.540,0.456,-1.238
1791586826.745,3.432,24.106,-23.755,2.559,22.968,61.227,0.467,-0.428,0.345,-1.250
1791586826.755,3.432,24.266,-24.117,2.559,22.968,61.227,0.397,-0.433,0.259,-0.987
1791586826.765,3.432,24.549,-24.281,2.559,22.866,61.227,0.351,-0.375,0.184,-0.975
1791586826.775,3.432,24.657,-24.541,2.559,22.866,61.227,0.291,-0.322,0.255,-1.015
1791586826.785,3.432,24.833,-24.645,2.559,22.866,61.227,0.223,-0.282,0.286,-1.094
1791586826.795,3.432,24.824,-24.663,2.559,22.866,61.227,0.187,-0.222,0.346,-1.152
1791586826.805,3.432,24.951,-24.809,2.559,22.866,61.227,0.065,-0.198,0.384,-0.980
1791586826.815,3.432,24.951,-24.947,2.559,22.866,61.227,0.023,-0.135,0.493,-1.019
1791586826.825,3.432,24.951,-24.959,2.559,22.866,61.227,0.037,-0.057,0.489,-1.159
1791586826.835,3.432,24.951,-24.959,2.559,22.866,61.227,0.000,-0.028,0.379,-1.142
1791586826.845,3.432,24.951,-24.959,2.559,22.866,61.227,-0.002,0.039,0.433,-1.118
1791586826.855,3.432,24.951,-24.959,2.559,22.866,61.227,-0.003,0.000,0.436,-1.145
1791586826.866,3.432,24.951,-24.959,2.559,22.994,61.227,-0.004,0.002,0.488,-1.166
1791586826.876,3.432,24.951,-24.959,2.559,22.997,61.227,-0.001,0.010,0.470,-1.220
1791586826.886,3.432,24.951,-24.959,2.559,22.997,61.227,0.000,0.000,0.461,-1.188
1791586826.896,3.432,24.951,-24.959,2.559,22.997,61.227,0.000,0.000,0.457,-1.198
1791586826.906,3.432,24.951,-24.959,2.559,22.997,61.227,0.000,0.000,0.402,-1.218
1791586826.916,3.432,24.951,-24.959,2.559,22.997,61.227,0.002,0.000,0.364,-1.210
1791586826.926,3.432,24.951,-24.959,2.559,22.997,61.227,0.000,0.000,0.395,-1.206
1791586826.936,3.432,24.951,-24.959,2.559,22.997,61.227,0.000,0.000,0.396,-1.213
1791586826.946,3.432,24.951,-24.959,2.559,22.997,61.227,0.000,0.000,0.419,-1.212
1791586826.956,3.432,24.951,-24.959,2.559,22.997,61.227,-0.023,0.000,0.480,-1.216
1791586826.966,3.432,24.951,-24.959,2.559,22.997,61.227,0.000,0.000,0.445,-1.229
1791586826.976,3.432,24.951,-24.959,2.559,22.997,61.227,0.000,0.000,0.433,-1.223
1791586826.987,3.432,24.951,-24.959,2.559,22.997,61.227,0.000,0.000,0.437,-1.238
1791586826.997,3.432,24.951,-24.959,2.559,22.997,61.227,0.000,0.000,0.395,-1.228
1791586827.007,3.432,24.951,-24.959,2.559,22.997,61.227,0.000,0.000,0.408,-1.229
1791586827.017,3.432,24.951,-24.959,2.559,22.997,61.227,0.000,0.000,0.385,-1.237
1791586827.027,3.432,24.951,-24.959,2.559,22.997,61.227,0.000,0.000,0.386,-1.238
1791586827.037,3.432,24.951,-24.959,2.559,22.997,61.227,0.000,0.000,0.405,-1.241
1791586827.047,3.432,24.951,-24.959,2.559,22.997,61.227,0.000,0.000,0.391,-1.238
1791586827.057,3.432,24.951,-24.959,2.559,22.997,61.227,0.000,0.000,0.390,-1.249
1791586827.067,3.432,24.951,-24.959,2.559,22.997,61.227,0.000,0.000,0.393,-1.252
1791586827.077,3.432,24.951,-24.959,2.559,22.997,61.227,0.000,0.000,0.378,-1.241
1791586827.087,3.432,24.951,-24.959,2.559,22.997,61.227,0.000,0.000,0.378,-1.250
1791586827.097,3.432,24.951,-24.959,2.559,22.997,61.227,0.000,0.000,0.382,-1.256
1791586827.107,3.432,24.951,-24.959,2.559,22.997,61.227,-0.002,0.000,0.428,-1.252
1791586827.118,3.432,24.951,-24.959,2.559,22.997,61.227,0.000,0.000,0.406,-1.262
1791586827.128,3.432,24.951,-24.959,2.559,22.997,61.227,0.000,0.000,0.394,-1.262
1791586827.138,3.432,24.951,-24.959,2.559,22.997,61.227,0.000,0.000,0.398,-1.260
1791586827.148,3.432,24.951,-24.959,2.559,22.997,61.227,0.000,0.000,0.382,-1.256
1791586827.158,3.432,24.951,-24.959,2.559,22.997,61.227,0.000,0.000,0.385,-1.270
1791586827.168,3.432,24.951,-24.959,2.559,22.997,61.227,0.000,0.000,0.392,-1.274
1791586827.178,3.432,24.951,-24.959,2.559,22.997,61.227,0.000,0.000,0.392,-1.266
1791586827.188,3.432,24.951,-24.959,2.559,22.997,61.227,0.000,0.000,0.390,-1.262
1791586827.198,3.432,24.951,-24.959,2.559,22.997,61.227,0.000,0.000,0.383,-1.281
1791586827.208,3.432,24.951,-24.959,2.559,22.997,61.227,0.000,0.000,0.393,-1.282
1791586827.218,3.432,24.951,-24.959,2.559,22.997,61.227,0.000,0.000,0.383,-1.287
1791586827.228,3.432,24.951,-24.959,2.559,22.997,61.227,0.000,0.000,0.381,-1.287
1791586827.239,3.432,24.951,-24.959,2.559,22.997,61.227,0.000,0.000,0.380,-1.289
1791586827.249,3.432,24.951,-24.959,2.559,22.997,61.227,0.000,0.000,0.378,-1.288
1791586827.259,3.432,24.951,-24.959,2.559,22.997,61.227,0.000,0.000,0.374,-1.288
1791586827.269,3.432,24.951,-24.959,2.559,22.997,61.227,0.000,0.000,0.356,-1.256
1791586827.279,3.432,24.951,-24.959,2.559,22.997,61.227,0.000,0.000,0.381,-1.258
1791586827.289,3.432,24.951,-24.959,2.559,22.997,61.227,0.000,0.000,0.377,-1.279
1791586827.299,3.432,24.951,-24.959,2.559,22.997,61.227,0.000,0.000,0.367,-1.263
1791586827.309,3.432,24.951,-24.959,2.559,22.997,61.227,0.000,0.000,0.381,-1.268
1791586827.319,3.432,24.951,-24.959,2.559,22.997,61.227,0.000,0.000,0.372,-1.268
1791586827.329,3.432,24.951,-24.959,2.559,22.997,61.227,0.000,0.000,0.357,-1.271
1791586827.339,3.432,24.951,-24.959,2.559,22.997,61.227,0.000,0.000,0.361,-1.274
1791586827.350,3.432,24.951,-24.959,2.559,22.997,61.227,0.000,0.000,0.363,-1.272
1791586827.360,3.432,24.951,-24.959,2.559,22.997,61.227,0.000,0.000,0.351,-1.284
1791586827.370,3.432,24.951,-24.959,2.559,22.997,61.227,0.000,0.000,0.360,-1.275
1791586827.380,3.432,24.951,-24.959,2.559,22.997,61.227,0.000,0.000,0.353,-1.284
1791586827.390,3.432,24.951,-24.959,2.559,22.997,61.227,0.000,0.000,0.354,-1.282
1791586827.400,3.432,24.951,-24.959,2.559,22.997,61.227,0.000,0.000,0.359,-1.278
1791586827.410,3.432,24.951,-24.959,2.559,22.997,61.227,-0.002,0.000,0.367,-1.288
1791586827.420,3.432,24.951,-24.959,2.559,22.997,61.227,0.000,0.000,0.358,-1.278
1791586827.430,3.432,24.951,-24.959,2.559,22.997,61.227,0.000,0.000,0.370,-1.289
1791586827.440,3.432,24.951,-24.959,2.559,22.997,61.227,0.000,0.000,0.374,-1.268
1791586827.450,3.432,24.951,-24.959,2.559,22.997,61.227,0.000,0.000,0.349,-1.283
1791586827.461,3.432,24.951,-24.959,2.559,22.997,61.227,0.000,0.000,0.355,-1.286
1791586827.471,3.432,24.951,-24.959,2.559,22.997,61.227,0.000,0.000,0.345,-1.285
1791586827.481,3.432,24.951,-24.959,2.559,22.997,61.227,0.000,0.000,0.351,-1.293
1791586827.491,3.432,24.951,-24.959,2.559,22.997,61.227,0.000,0.000,0.352,-1.285
1791586827.501,3.432,24.951,-24.959,2.559,22.997,61.227,0.000,0.000,0.336,-1.288
1791586827.511,3.432,24.951,-24.959,2.559,22.997,61.227,0.000,0.000,0.351,-1.292
1791586827.521,3.432,24.951,-24.959,2.559,22.997,61.227,0.000,0.000,0.366,-1.301
1791586827.531,3.432,24.951,-24.959,2.559,22.997,61.227,0.000,0.000,0.335,-1.299
1791586827.541,3.432,24.951,-24.959,2.559,22.997,61.227,-0.001,0.000,0.401,-1.294
1791586827.551,3.432,24.951,-24.959,2.559,22.997,61.227,0.000,0.000,0.381,-1.291
1791586827.561,3.432,24.951,-24.959,2.559,22.997,61.227,0.000,0.000,0.368,-1.302
1791586827.571,3.432,24.951,-24.959,2.559,22.997,61.227,0.000,0.000,0.364,-1.297
1791586827.581,3.432,24.951,-24.959,2.559,22.997,61.227,0.000,0.000,0.374,-1.295
1791586827.592,3.432,24.951,-24.959,2.559,22.997,61.227,0.000,0.000,0.371,-1.296
1791586827.602,3.432,24.951,-24.959,2.559,22.997,61.227,0.000,0.000,0.378,-1.292
1791586827.612,3.432,24.951,-24.959,2.559,22.997,61.227,0.000,0.000,0.377,-1.296
1791586827.622,3.432,24.951,-24.959,2.559,22.997,61.227,0.000,0.000,0.364,-1.309
1791586827.632,3.432,24.951,-24.959,2.559,22.997,61.227,0.000,0.000,0.365,-1.298
1791586827.642,3.432,24.951,-24.959,2.559,22.997,61.227,0.000,0.000,0.369,-1.312
1791586827.652,3.432,24.951,-24.959,2.559,22.997,61.227,0.000,0.000,0.370,-1.319
1791586827.662,3.432,24.951,-24.959,2.559,22.997,61.227,0.000,0.000,0.370,-1.310
1791586827.672,3.432,24.951,-24.959,2.559,22.997,61.227,0.000,0.000,0.369,-1.316
1791586827.682,3.432,24.951,-24.959,2.559,22.997,61.227,0.000,0.000,0.367,-1.315
1791586827.692,3.432,24.951,-24.959,2.559,22.997,61.227,0.000,0.000,0.363,-1.313
1791586827.702,3.432,24.951,-24.959,2.559,22.997,61.227,0.000,0.000,0.369,-1.317
1791586827.713,3.432,24.951,-24.959,2.559,22.997,61.227,0.000,0.000,0.365,-1.307
1791586827.723,3.432,24.951,-24.959,2.559,22.997,61.227,0.000,0.000,0.365,-1.317
1791586827.733,3.432,24.951,-24.959,2.559,22.997,61.227,0.000,0.000,0.371,-1.320
1791586827.743,3.432,24.951,-24.959,2.559,22.997,61.227,0.000,0.000,0.378,-1.315
1791586827.753,3.432,24.951,-24.959,2.559,22.997,61.227,0.000,0.000,0.358,-1.324
1791586827.763,3.432,24.951,-24.959,2.559,22.997,61.227,0.000,0.000,0.365,-1.332
1791586827.773,3.432,24.951,-24.959,2.559,22.997,61.227,0.000,0.000,0.370,-1.313
1791586827.783,3.432,24.951,-24.959,2.559,22.997,61.227,0.000,0.000,0.378,-1.322
1791586827.793,3.432,24.951,-24.959,2.559,22.997,61.227,0.000,0.000,0.370,-1.324
1791586827.803,3.432,24.951,-24.959,2.559,22.997,61.227,0.000,0.000,0.365,-1.331
1791586827.813,3.432,24.951,-24.959,2.559,22.997,61.227,0.000,0.000,0.360,-1.321
1791586827.823,3.432,24.951,-24.959,2.559,22.997,61.227,0.000,0.000,0.368,-1.327
1791586827.833,3.432,24.951,-24.959,2.559,22.997,61.227,0.000,0.000,0.374,-1.333
1791586827.844,3.432,24.951,-24.959,2.559,22.997,61.227,0.000,0.000,0.371,-1.329
1791586827.854,3.432,24.951,-24.959,2.559,22.997,61.227,0.000,-0.003,0.371,-1.258
1791586827.864,3.432,24.951,-24.959,2.559,22.997,61.227,0.000,0.000,0.367,-1.304
1791586827.874,3.432,24.951,-24.959,2.559,22.997,61.227,0.000,0.000,0.374,-1.303
1791586827.884,3.432,24.951,-24.959,2.559,22.997,61.227,0.000,0.000,0.358,-1.294
1791586827.894,3.432,24.951,-24.959,2.559,22.997,61.227,0.000,0.000,0.369,-1.303
1791586827.904,3.432,24.951,-24.959,2.559,22.997,61.227,0.000,0.000,0.355,-1.301
1791586827.914,3.432,24.951,-24.959,2.559,22.997,61.227,0.000,0.000,0.365,-1.301
1791586827.924,3.432,24.951,-24.959,2.559,22.997,61.227,0.000,0.000,0.359,-1.304
1791586827.934,3.432,24.951,-24.959,2.559,22.997,61.227,0.000,0.000,0.379,-1.301
1791586827.944,3.432,24.951,-24.959,2.559,22.997,61.227,0.000,0.000,0.377,-1.299
1791586827.954,3.432,24.951,-24.959,2.559,22.997,61.227,0.000,0.000,0.369,-1.300
1791586827.965,3.432,24.951,-24.959,2.559,22.997,61.227,0.000,0.000,0.361,-1.302
1791586827.975,3.432,24.951,-24.959,2.559,22.997,61.227,0.000,0.000,0.370,-1.306
1791586827.985,3.432,24.951,-24.959,2.559,22.997,61.227,0.000,0.000,0.365,-1.304
1791586827.995,3.432,24.951,-24.959,2.559,22.997,61.227,0.000,0.000,0.365,-1.295
1791586828.005,3.432,24.951,-24.959,2.559,22.997,61.227,0.000,0.000,0.356,-1.295
1791586828.015,3.432,24.951,-24.959,2.559,22.997,61.227,0.000,0.000,0.366,-1.290
1791586828.025,3.432,24.951,-24.959,2.559,22.997,61.227,0.000,0.000,0.364,-1.296
1791586828.035,3.432,24.951,-24.959,2.559,22.997,61.227,0.000,0.000,0.366,-1.294
1791586828.045,3.432,24.951,-24.959,2.559,22.997,61.227,0.000,0.000,0.344,-1.297
1791586828.055,3.432,24.951,-24.959,2.559,22.997,61.227,0.000,0.000,0.360,-1.301
1791586828.065,3.432,24.951,-24.959,2.559,22.997,61.227,0.000,0.000,0.362,-1.295
1791586828.075,3.432,24.951,-24.959,2.559,22.997,61.227,0.000,0.000,0.359,-1.302
1791586828.086,3.432,24.951,-24.959,2.559,22.997,61.227,0.000,0.000,0.364,-1.302
1791586828.096,3.432,24.951,-24.959,2.559,22.997,61.227,0.000,0.000,0.367,-1.294
1791586828.106,3.432,24.951,-24.959,2.559,22.997,61.227,0.000,0.000,0.360,-1.300
1791586828.116,3.432,24.951,-24.959,2.559,22.997,61.227,0.000,0.000,0.359,-1.310
1791586828.126,3.432,24.951,-24.959,2.559,22.997,61.227,0.000,0.000,0.356,-1.299
1791586828.136,3.432,24.951,-24.959,2.559,22.997,61.227,0.000,0.000,0.357,-1.304
1791586828.146,3.432,24.951,-24.959,2.559,22.997,61.227,0.000,0.000,0.366,-1.309
1791586828.156,3.432,24.951,-24.959,2.559,22.997,61.227,0.000,0.000,0.360,-1.293
1791586828.166,3.432,24.951,-24.959,2.559,22.997,61.227,0.000,0.000,0.356,-1.307
1791586828.176,3.432,24.951,-24.959,2.559,22.997,61.227,0.000,0.000,0.373,-1.295
1791586828.186,3.432,24.951,-24.959,2.559,22.997,61.227,0.000,0.000,0.357,-1.299
1791586828.196,3.432,24.951,-24.959,2.559,22.997,61.227,0.000,0.000,0.357,-1.300
1791586828.207,3.432,24.951,-24.959,2.559,22.997,61.227,0.000,0.000,0.368,-1.301
1791586828.217,3.432,24.951,-24.959,2.559,22.997,61.227,0.000,0.000,0.358,-1.299
1791586828.227,3.432,24.951,-24.959,2.559,22.997,61.227,0.000,0.000,0.360,-1.299
1791586828.237,3.432,24.951,-24.959,2.559,22.997,61.227,0.000,0.000,0.354,-1.299
1791586828.247,3.432,24.951,-24.959,2.559,22.997,61.227,0.000,0.000,0.361,-1.298
1791586828.257,3.432,24.951,-24.959,2.559,22.997,61.227,-0.045,0.017,0.206,-1.167
1791586828.267,3.432,24.951,-24.959,2.559,22.997,61.227,-0.041,0.050,0.049,-0.801
1791586828.277,3.432,24.951,-24.959,2.559,22.997,61.227,-0.198,0.098,0.088,-0.629
1791586828.287,3.432,24.808,-24.831,2.559,22.879,61.227,-0.209,0.158,0.113,-0.517
1791586828.297,3.432,24.616,-24.821,2.559,22.879,61.227,-0.327,0.225,0.131,-0.483
1791586828.307,3.432,24.608,-24.621,2.559,22.879,61.227,-0.237,0.302,-0.090,-0.647
1791586828.317,3.432,24.388,-24.351,2.559,22.879,61.227,-0.356,0.373,0.016,-0.713
1791586828.327,3.432,24.064,-24.202,2.559,22.879,61.227,-0.436,0.358,0.183,-0.565
1791586828.338,3.432,23.890,-23.834,2.559,22.879,61.227,-0.416,0.456,0.087,-0.747
1791586828.348,3.432,23.496,-23.634,2.559,22.879,61.227,-0.488,0.504,0.201,-0.787
1791586828.358,3.432,23.281,-23.195,2.559,22.879,61.227,-0.526,0.588,0.147,-0.831
1791586828.368,3.432,22.827,-22.969,2.559,22.879,61.227,-0.575,0.584,0.082,-0.721
1791586828.378,3.432,22.584,-22.730,2.559,22.879,61.227,-0.611,0.580,0.131,-0.625
1791586828.388,3.432,22.347,-22.231,2.559,22.879,61.227,-0.594,0.640,0.135,-0.803
1791586828.398,3.432,21.859,-21.991,2.559,22.879,61.227,-0.611,0.609,0.226,-0.850
1791586828.408,3.432,21.616,-21.494,2.559,23.007,61.227,-0.612,0.617,0.243,-0.857
1791586828.418,3.432,21.125,-21.255,2.559,23.009,61.227,-0.591,0.629,0.283,-0.937
1791586828.428,3.432,20.883,-20.782,2.559,23.009,61.227,-0.601,0.538,0.256,-0.665
1791586828.438,3.432,20.406,-20.536,2.559,23.009,61.227,-0.569,0.626,0.225,-0.883
1791586828.448,3.432,20.168,-20.303,2.559,23.009,61.227,-0.579,0.585,0.264,-0.823
1791586828.459,3.432,19.925,-19.830,2.559,23.009,61.227,-0.607,0.591,0.276,-0.773
1791586828.469,3.432,19.456,-19.596,2.559,23.009,61.227,-0.577,0.599,0.287,-0.726
1791586828.479,3.432,19.217,-19.109,2.559,23.009,61.227,-0.582,0.608,0.235,-0.806
1791586828.489,3.432,18.739,-18.870,2.559,23.009,61.227,-0.588,0.606,0.244,-0.720
1791586828.499,3.432,18.502,-18.387,2.559,23.009,61.227,-0.581,0.575,0.281,-0.833
1791586828.509,3.432,18.028,-18.139,2.559,23.009,61.227,-0.589,0.616,0.312,-0.863
1791586828.519,3.432,17.783,-17.899,2.559,23.009,61.227,-0.600,0.610,0.285,-0.891
1791586828.529,3.432,17.307,-17.182,2.559,23.009,61.227,-0.549,0.573,0.125,-0.807
1791586828.539,3.432,17.075,-17.182,2.559,23.009,61.227,-0.596,0.618,0.245,-0.907
1791586828.549,3.432,16.595,-16.724,2.559,23.009,61.227,-0.578,0.547,0.215,-0.621
1791586828.559,3.432,16.366,-16.474,2.559,23.009,61.227,-0.580,0.615,0.220,-0.876
1791586828.569,3.432,15.881,-16.009,2.559,23.009,61.227,-0.614,0.589,0.354,-0.749
1791586828.580,3.432,15.638,-15.527,2.559,23.009,61.227,-0.622,0.590,0.397,-0.774
1791586828.590,3.432,15.164,-15.290,2.559,23.009,61.227,-0.565,0.602,0.319,-0.698
1791586828.600,3.432,15.079,-14.810,2.559,23.009,61.227,-0.614,0.569,0.351,-0.748
1791586828.610,3.432,14.602,-14.563,2.559,23.009,61.227,-0.607,0.646,0.375,-0.924
1791586828.620,3.432,14.363,-14.331,2.559,23.009,61.227,-0.567,0.579,0.249,-0.770
1791586828.630,3.432,14.113,-13.843,2.559,23.009,61.227,-0.583,0.603,0.321,-0.860
1791586828.640,3.432,13.645,-13.602,2.559,23.009,61.227,-0.565,0.628,0.267,-0.908
1791586828.650,3.432,13.388,-13.122,2.559,23.009,61.227,-0.617,0.609,0.369,-0.897
1791586828.660,3.432,12.919,-12.884,2.559,23.009,61.227,-0.591,0.599,0.327,-0.816
1791586828.670,3.432,12.668,-12.412,2.559,23.009,61.227,-0.582,0.589,0.307,-0.831
1791586828.680,3.432,12.189,-12.177,2.559,23.009,61.227,-0.596,0.566,0.322,-0.704
1791586828.690,3.432,11.950,-11.936,2.559,23.009,61.227,-0.559,0.627,0.262,-0.908
1791586828.701,3.432,11.464,-11.472,2.559,23.009,61.227,-0.599,0.565,0.368,-0.653
1791586828.711,3.432,11.226,-11.226,2.559,23.009,61.227,-0.588,0.637,0.296,-0.884
1791586828.721,3.432,10.975,-10.760,2.559,23.009,61.227,-0.590,0.570,0.313,-0.703
1791586828.731,3.432,10.493,-10.509,2.559,23.009,61.227,-0.607,0.612,0.412,-0.815
1791586828.741,3.432,10.252,-10.036,2.559,23.009,61.227,-0.569,0.586,0.295,-0.787
1791586828.751,3.432,9.762,-9.794,2.559,23.009,61.227,-0.601,0.591,0.446,-0.783
1791586828.761,3.432,9.529,-9.554,2.559,23.009,61.227,-0.590,0.608,0.385,-0.764
1791586828.771,3.432,9.045,-9.071,2.559,23.009,61.227,-0.592,0.609,0.369,-0.884
1791586828.781,3.432,8.805,-8.833,2.559,23.009,61.227,-0.600,0.584,0.398,-0.738
1791586828.791,3.432,8.562,-8.356,2.559,23.009,61.227,-0.575,0.579,0.334,-0.854
1791586828.801,3.432,8.083,-8.120,2.559,23.009,61.227,-0.611,0.567,0.430,-0.785
1791586828.812,3.432,7.847,-7.641,2.559,23.009,61.227,-0.576,0.581,0.286,-0.823
1791586828.822,3.432,7.361,-7.408,2.559,23.009,61.227,-0.605,0.560,0.367,-0.726
1791586828.832,3.432,7.128,-7.159,2.559,23.009,61.227,-0.591,0.624,0.316,-0.938
1791586828.842,3.432,6.638,-6.697,2.559,23.009,61.227,-0.609,0.578,0.373,-0.771
1791586828.852,3.432,6.398,-6.452,2.559,23.009,61.227,-0.601,0.579,0.413,-0.768
1791586828.862,3.432,6.160,-5.984,2.559,23.009,61.227,-0.573,0.593,0.302,-0.815
1791586828.872,3.432,5.672,-5.745,2.559,23.009,61.227,-0.601,0.569,0.434,-0.712
1791586828.882,3.432,5.428,-5.269,2.559,23.009,61.227,-0.616,0.619,0.417,-0.829
1791586828.892,3.432,4.950,-5.027,2.559,23.009,61.227,-0.600,0.574,0.356,-0.792
1791586828.902,3.432,4.706,-4.795,2.559,23.009,61.227,-0.614,0.557,0.506,-0.632
1791586828.912,3.432,4.229,-4.307,2.559,23.009,61.227,-0.592,0.601,0.371,-0.893
1791586828.922,3.432,3.984,-4.073,2.559,23.009,61.227,-0.624,0.579,0.469,-0.743
1791586828.933,3.432,3.751,-3.589,2.559,23.009,61.227,-0.588,0.603,0.364,-0.823
1791586828.943,3.432,3.270,-3.350,2.559,23.009,61.227,-0.587,0.604,0.344,-0.906
1791586828.953,3.432,3.031,-2.868,2.559,23.009,61.227,-0.609,0.581,0.444,-0.741
1791586828.963,3.432,2.554,-2.635,2.559,23.009,61.227,-0.576,0.612,0.318,-0.897
1791586828.973,3.432,2.311,-2.401,2.559,23.009,61.227,-0.608,0.558,0.430,-0.759
1791586828.983,3.432,1.835,-1.921,2.559,23.009,61.227,-0.585,0.599,0.456,-0.837
1791586828.993,3.432,1.606,-1.699,2.559,23.009,61.227,-0.544,0.539,0.388,-0.809
1791586829.003,3.432,1.392,-1.278,2.559,23.009,61.227,-0.547,0.527,0.532,-1.013
1791586829.013,3.432,1.010,-1.084,2.559,23.009,61.227,-0.435,0.465,0.592,-1.038
1791586829.023,3.432,0.842,-0.759,2.559,23.009,61.227,-0.406,0.392,0.593,-0.976
1791586829.033,3.432,0.555,-0.606,2.559,23.009,61.227,-0.295,0.363,0.453,-1.055
1791586829.043,3.432,0.439,-0.478,2.559,23.009,61.227,-0.262,0.325,0.413,-1.103
1791586829.054,3.432,0.317,-0.344,2.559,23.009,61.227,-0.209,0.186,0.400,-0.852
1791586829.064,3.432,0.154,-0.188,2.559,23.009,61.227,-0.219,0.215,0.573,-1.002
1791586829.074,3.432,0.136,-0.073,2.559,23.009,61.227,-0.141,0.103,0.426,-0.922
1791586829.084,3.432,0.000,0.000,2.559,23.009,61.227,-0.061,0.155,0.585,-1.134
1791586829.094,3.432,-0.039,0.029,2.559,23.009,61.227,-0.023,0.041,0.561,-1.029
1791586829.104,3.432,-0.039,0.032,2.559,23.009,61.227,0.000,0.002,0.652,-1.083
1791586829.114,3.432,-0.039,0.032,2.559,23.009,61.227,0.010,0.000,0.680,-1.109
1791586829.124,3.432,-0.039,0.032,2.559,23.009,61.227,0.000,0.000,0.610,-1.105
1791586829.134,3.432,0.000,0.032,2.559,23.009,61.227,0.001,-0.003,0.570,-1.066
1791586829.144,3.432,0.000,0.032,2.559,22.908,61.227,0.002,0.000,0.555,-1.108
1791586829.155,3.432,-0.039,0.032,2.559,22.908,61.227,-0.023,0.000,0.669,-1.107
1791586829.165,3.432,-0.039,0.032,2.559,22.908,61.227,0.000,0.000,0.645,-1.118
1791586829.175,3.432,-0.039,0.032,2.559,22.908,61.227,0.000,0.000,0.635,-1.129
1791586829.185,3.432,-0.039,0.032,2.559,22.908,61.227,0.000,-0.016,0.628,-1.093
1791586829.195,3.432,0.000,0.032,2.559,22.908,61.227,0.011,0.000,0.569,-1.110
1791586829.205,3.432,0.000,0.032,2.559,22.908,61.227,0.001,0.000,0.592,-1.118
1791586829.215,3.432,0.000,0.032,2.559,22.908,61.227,0.000,0.000,0.603,-1.118
1791586829.225,3.432,0.000,0.032,2.559,22.908,61.227,0.000,0.000,0.612,-1.146
1791586829.235,3.432,0.000,0.032,2.559,22.908,61.227,0.000,0.000,0.612,-1.137
1791586829.245,3.432,0.000,0.032,2.559,22.908,61.227,0.000,0.000,0.618,-1.140
1791586829.255,3.432,0.000,0.032,2.559,22.908,61.227,0.000,-0.002,0.632,-1.102
1791586829.265,3.432,0.000,0.000,2.559,22.908,61.227,0.000,-0.001,0.626,-1.115
1791586829.276,3.432,0.000,0.000,2.559,22.908,61.227,0.000,-0.001,0.632,-1.067
1791586829.286,3.432,0.000,0.000,2.559,22.908,61.227,0.000,0.000,0.631,-1.107
1791586829.296,3.432,0.000,0.000,2.559,22.908,61.227,0.000,0.000,0.637,-1.113
1791586829.306,3.432,0.000,0.000,2.559,22.908,61.227,0.000,0.000,0.638,-1.118
1791586829.316,3.432,0.000,0.000,2.559,22.908,61.227,0.000,0.000,0.651,-1.118
1791586829.326,3.432,0.000,0.000,2.559,22.908,61.227,0.000,0.000,0.646,-1.127
1791586829.336,3.432,0.000,0.000,2.559,22.908,61.227,0.000,0.000,0.660,-1.120
1791586829.346,3.432,0.000,0.000,2.559,22.908,61.227,0.000,0.000,0.673,-1.117
1791586829.356,3.432,0.000,0.000,2.559,22.908,61.227,0.000,0.000,0.658,-1.136
1791586829.366,3.432,0.000,0.000,2.559,22.908,61.227,0.000,0.000,0.671,-1.139
1791586829.376,3.432,0.000,0.000,2.559,22.908,61.227,0.000,0.000,0.669,-1.133
1791586829.386,3.432,0.000,0.000,2.559,22.908,61.227,0.000,0.000,0.681,-1.145
1791586829.397,3.432,0.000,0.000,2.559,22.908,61.227,0.000,0.000,0.675,-1.121
1791586829.407,3.432,0.000,0.000,2.559,22.908,61.227,0.000,0.000,0.680,-1.097
1791586829.417,3.432,0.000,0.000,2.559,22.908,61.227,0.002,0.000,0.663,-1.112
1791586829.427,3.432,0.000,0.000,2.559,22.908,61.227,0.000,0.000,0.682,-1.124
1791586829.437,3.432,0.000,0.000,2.559,22.908,61.227,0.000,0.000,0.694,-1.123
1791586829.447,3.432,0.000,0.000,2.559,22.908,61.227,0.000,0.000,0.693,-1.125
1791586829.457,3.432,0.000,0.000,2.559,22.908,61.227,0.000,0.000,0.699,-1.130
1791586829.467,3.432,0.000,0.000,2.559,22.908,61.227,0.000,0.000,0.682,-1.128
1791586829.477,3.432,0.000,0.000,2.559,22.908,61.227,0.008,0.000,0.697,-1.140
1791586829.487,3.432,0.000,0.000,2.559,22.908,61.227,0.000,0.000,0.684,-1.127
1791586829.497,3.432,0.000,0.000,2.559,22.908,61.227,0.000,0.000,0.676,-1.139
1791586829.507,3.432,0.000,0.000,2.559,22.908,61.227,0.000,0.000,0.683,-1.136
1791586829.518,3.432,0.000,0.000,2.559,22.908,61.227,0.000,0.000,0.688,-1.136
1791586829.528,3.432,0.000,0.000,2.559,22.908,61.227,0.000,0.000,0.691,-1.138
1791586829.538,3.432,0.000,0.000,2.559,22.908,61.227,0.000,-0.003,0.695,-1.108
1791586829.548,3.432,0.000,0.000,2.559,22.908,61.227,0.000,0.000,0.692,-1.138
1791586829.558,3.432,0.000,0.000,2.559,22.908,61.227,0.000,0.000,0.688,-1.133
1791586829.568,3.432,0.000,0.000,2.559,22.908,61.227,0.000,0.000,0.696,-1.132
1791586829.578,3.432,0.000,0.000,2.559,22.908,61.227,0.028,0.000,0.629,-1.140
1791586829.588,3.432,0.000,0.000,2.559,22.908,61.227,0.000,0.000,0.665,-1.134
1791586829.598,3.432,0.000,0.000,2.559,22.908,61.227,0.000,0.000,0.670,-1.143
1791586829.608,3.432,0.000,0.000,2.559,22.908,61.227,0.000,0.000,0.672,-1.138
1791586829.618,3.432,0.000,0.000,2.559,22.908,61.227,0.000,0.000,0.697,-1.157
1791586829.628,3.432,0.000,0.000,2.559,22.908,61.227,0.000,0.000,0.686,-1.147
1791586829.639,3.432,0.000,0.000,2.559,22.908,61.227,0.000,0.000,0.681,-1.118
1791586829.649,3.432,0.000,0.000,2.559,22.908,61.227,0.000,0.000,0.686,-1.126
1791586829.659,3.432,0.000,0.000,2.559,22.908,61.227,0.000,0.000,0.678,-1.117
1791586829.669,3.432,0.000,0.000,2.559,22.908,61.227,0.000,0.000,0.690,-1.127
1791586829.679,3.432,0.000,0.000,2.559,22.908,61.227,0.000,0.000,0.686,-1.118
1791586829.689,3.432,0.000,0.000,2.559,22.908,61.227,0.000,0.000,0.692,-1.128
1791586829.699,3.432,0.000,0.000,2.559,22.908,61.227,0.000,0.000,0.684,-1.129
1791586829.709,3.432,0.000,0.000,2.559,22.908,61.227,0.000,0.000,0.686,-1.124
1791586829.719,3.432,0.000,0.000,2.559,22.908,61.227,0.001,0.000,0.684,-1.147
1791586829.729,3.432,0.000,0.000,2.559,22.908,61.227,0.000,0.000,0.687,-1.134
1791586829.739,3.432,0.000,0.000,2.559,22.908,61.227,0.000,0.000,0.686,-1.131
1791586829.750,3.432,0.000,0.000,2.559,22.908,61.227,0.000,0.000,0.665,-1.136
1791586829.760,3.432,0.000,0.000,2.559,22.908,61.227,0.000,0.000,0.664,-1.126
1791586829.770,3.432,0.000,0.000,2.559,22.908,61.227,0.000,0.000,0.663,-1.125
1791586829.780,3.432,0.000,0.000,2.559,22.908,61.227,0.000,0.000,0.656,-1.132
1791586829.790,3.432,0.000,0.000,2.559,22.908,61.227,0.000,0.000,0.661,-1.130
1791586829.800,3.432,0.000,0.000,2.559,22.908,61.227,0.000,0.000,0.667,-1.125
1791586829.810,3.432,0.000,0.000,2.559,22.908,61.227,0.000,0.000,0.651,-1.132
1791586829.820,3.432,0.000,0.000,2.559,22.908,61.227,0.000,0.000,0.660,-1.134
1791586829.830,3.432,0.000,0.000,2.559,22.908,61.227,0.000,0.000,0.659,-1.133
1791586829.840,3.432,0.000,0.000,2.559,22.908,61.227,0.000,0.000,0.670,-1.127
1791586829.850,3.432,0.000,0.000,2.559,22.908,61.227,0.000,0.000,0.662,-1.135
1791586829.861,3.432,0.000,0.000,2.559,22.908,61.227,0.000,0.000,0.662,-1.137
1791586829.871,3.432,0.000,0.000,2.559,22.908,61.227,0.000,0.000,0.656,-1.135
1791586829.881,3.432,0.000,0.000,2.559,22.908,61.227,0.000,0.000,0.657,-1.137
1791586829.891,3.432,0.000,0.000,2.559,22.908,61.227,0.000,0.000,0.663,-1.145
1791586829.901,3.432,0.000,0.000,2.559,22.908,61.227,0.000,0.000,0.657,-1.136
1791586829.911,3.432,0.000,0.000,2.559,22.908,61.227,0.000,0.000,0.656,-1.142
1791586829.921,3.432,0.000,0.000,2.559,22.908,61.227,0.000,0.000,0.659,-1.140
1791586829.931,3.432,0.000,0.000,2.559,22.908,61.227,0.000,-0.002,0.655,-1.098
1791586829.941,3.432,0.000,0.000,2.559,22.908,61.227,0.000,0.000,0.661,-1.127
1791586829.951,3.432,0.000,0.000,2.559,22.908,61.227,0.000,0.000,0.655,-1.123
1791586829.961,3.432,0.000,0.000,2.559,22.908,61.227,0.000,0.000,0.654,-1.128
1791586829.971,3.432,0.000,0.000,2.559,22.908,61.227,0.000,0.000,0.656,-1.117
1791586829.981,3.432,0.000,0.000,2.559,22.908,61.227,0.000,0.000,0.660,-1.127
1791586829.992,3.432,0.000,0.000,2.559,22.908,61.227,0.000,0.000,0.656,-1.126
1791586830.002,3.432,0.000,0.000,2.559,22.908,61.227,0.000,0.000,0.660,-1.122
1791586830.012,3.432,0.000,0.000,2.559,22.908,61.227,0.000,0.000,0.659,-1.124
1791586830.022,3.432,0.000,0.000,2.559,22.908,61.227,0.000,0.000,0.649,-1.129
1791586830.032,3.432,0.000,0.000,2.559,22.908,61.227,0.000,0.000,0.658,-1.114
1791586830.042,3.432,0.000,0.000,2.559,22.908,61.227,0.000,0.000,0.655,-1.120
1791586830.052,3.432,0.000,0.000,2.559,22.908,61.227,0.000,0.000,0.654,-1.127
1791586830.062,3.432,0.000,0.000,2.559,22.908,61.227,0.000,0.000,0.657,-1.110
1791586830.072,3.432,0.000,0.000,2.559,22.908,61.227,0.000,0.000,0.653,-1.123
1791586830.082,3.432,0.000,0.000,2.559,22.908,61.227,0.000,0.000,0.651,-1.118
1791586830.092,3.432,0.000,0.000,2.559,22.908,61.227,0.000,0.000,0.650,-1.123
1791586830.102,3.432,0.000,0.000,2.559,22.908,61.227,0.000,0.000,0.641,-1.121
1791586830.113,3.432,0.000,0.000,2.559,22.908,61.227,0.000,0.000,0.650,-1.129
1791586830.123,3.432,0.000,0.000,2.559,22.908,61.227,0.000,0.000,0.657,-1.117
1791586830.133,3.432,0.000,0.000,2.559,22.908,61.227,0.000,0.000,0.648,-1.122
1791586830.143,3.432,0.000,0.000,2.559,22.908,61.227,0.000,0.000,0.647,-1.127
1791586830.153,3.432,0.000,0.000,2.559,22.908,61.227,0.000,0.000,0.643,-1.118
1791586830.163,3.432,0.000,0.000,2.559,22.908,61.227,0.000,0.000,0.654,-1.119
1791586830.173,3.432,0.000,0.000,2.559,22.908,61.227,0.000,0.000,0.654,-1.123
1791586830.183,3.432,0.000,0.000,2.559,22.908,61.227,0.000,0.000,0.654,-1.124
1791586830.193,3.432,0.000,0.000,2.559,22.908,61.227,0.000,0.000,0.659,-1.123
1791586830.203,3.432,0.000,0.000,2.559,22.908,61.227,0.000,0.000,0.645,-1.121
1791586830.213,3.432,0.000,0.000,2.559,22.908,61.227,0.000,0.000,0.649,-1.123
1791586830.224,3.432,0.000,0.000,2.559,22.908,61.227,0.000,0.000,0.653,-1.118
1791586830.234,3.432,0.000,0.000,2.559,22.908,61.227,0.000,0.000,0.656,-1.129
1791586830.244,3.432,0.000,0.000,2.559,22.908,61.227,0.000,0.000,0.651,-1.123
1791586830.254,3.432,0.000,0.000,2.559,22.908,61.227,0.000,0.000,0.650,-1.123
1791586830.264,3.432,0.000,0.000,2.559,22.908,61.227,0.000,0.000,0.645,-1.117
1791586830.274,3.432,0.000,0.000,2.559,22.908,61.227,0.000,0.000,0.653,-1.120
1791586830.284,3.432,0.000,0.000,2.559,22.908,61.227,0.000,0.000,0.636,-1.127
1791586830.294,3.432,0.000,0.000,2.559,22.908,61.227,0.000,0.000,0.657,-1.118
1791586830.305,3.432,0.000,0.000,2.559,22.908,61.227,0.000,0.000,0.654,-1.127
1791586830.315,3.432,0.000,0.000,2.559,22.908,61.227,0.000,0.000,0.653,-1.127
1791586830.325,3.432,0.000,0.000,2.559,22.908,61.227,0.000,0.000,0.650,-1.120
1791586830.335,3.432,0.000,0.000,2.559,22.908,61.227,0.000,0.000,0.650,-1.121
1791586830.345,3.432,0.000,0.000,2.559,22.908,61.227,0.000,0.000,0.648,-1.125
1791586830.355,3.432,0.000,0.000,2.559,22.908,61.227,0.000,0.000,0.650,-1.126
1791586830.365,3.432,0.000,0.000,2.559,22.908,61.227,0.000,0.000,0.637,-1.118
1791586830.375,3.432,0.000,0.000,2.559,22.908,61.227,0.000,0.000,0.648,-1.116
1791586830.385,3.432,0.000,0.000,2.559,22.908,61.227,0.000,0.000,0.646,-1.115
1791586830.395,3.432,0.000,0.000,2.559,22.908,61.227,0.000,0.000,0.642,-1.112
1791586830.406,3.432,0.000,0.000,2.559,22.908,61.227,0.000,0.000,0.645,-1.130
1791586830.416,3.432,0.000,0.000,2.559,22.908,61.227,0.000,0.000,0.640,-1.115
1791586830.426,3.432,0.000,0.000,2.559,22.908,61.227,0.000,0.000,0.641,-1.122
1791586830.436,3.432,0.000,0.000,2.559,22.908,61.227,0.000,0.000,0.637,-1.111
1791586830.446,3.432,0.000,0.000,2.559,22.908,61.227,0.000,0.000,0.642,-1.129
1791586830.456,3.432,0.000,0.000,2.559,22.908,61.227,0.000,0.000,0.643,-1.118
1791586830.466,3.432,0.000,0.000,2.559,22.908,61.227,0.000,0.000,0.643,-1.122
1791586830.476,3.432,0.000,0.000,2.559,22.908,61.227,0.000,0.000,0.647,-1.117
1791586830.486,3.432,0.000,0.000,2.559,22.908,61.227,0.000,0.000,0.641,-1.118
1791586830.496,3.432,0.000,0.000,2.559,22.908,61.227,0.000,0.000,0.636,-1.119
1791586830.506,3.432,0.000,0.000,2.559,22.908,61.227,0.000,0.000,0.641,-1.116
1791586830.517,3.432,0.000,0.000,2.559,22.908,61.227,0.000,0.000,0.641,-1.115
1791586830.527,3.432,0.000,0.000,2.559,22.908,61.227,0.000,-0.021,0.746,-1.268
1791586830.537,3.432,-0.039,0.032,2.559,22.908,61.227,0.099,-0.072,0.914,-1.358
1791586830.547,3.432,0.070,-0.129,2.559,22.908,61.227,0.099,-0.147,1.082,-1.404
1791586830.557,3.432,0.214,-0.143,2.559,23.044,61.227,0.222,-0.210,0.916,-1.340
1791586830.567,3.432,0.316,-0.368,2.559,23.018,61.227,0.260,-0.190,0.807,-1.646
1791586830.577,3.432,0.562,-0.487,2.559,23.018,61.227,0.326,-0.316,0.821,-1.427
1791586830.587,3.432,0.699,-0.611,2.559,23.018,61.227,0.369,-0.320,0.783,-1.503
1791586830.597,3.432,0.847,-0.937,2.559,23.018,61.227,0.402,-0.424,0.796,-1.305
1791586830.607,3.432,1.187,-1.096,2.559,23.018,61.227,0.452,-0.403,0.798,-1.503
1791586830.617,3.432,1.370,-1.497,2.559,23.018,61.227,0.477,-0.531,0.887,-1.289
1791586830.628,3.432,1.786,-1.707,2.559,23.018,61.227,0.518,-0.511,0.959,-1.452
1791586830.638,3.432,2.014,-2.178,2.559,23.018,61.227,0.582,-0.623,0.935,-1.336
1791586830.648,3.432,2.499,-2.421,2.559,23.018,61.227,0.587,-0.559,0.841,-1.435
1791586830.658,3.432,2.759,-2.672,2.559,23.018,61.227,0.631,-0.626,0.741,-1.273
1791586830.668,3.432,3.255,-3.157,2.559,23.018,61.227,0.626,-0.564,0.631,-1.275
1791586830.678,3.432,3.497,-3.405,2.559,23.018,61.227,0.583,-0.594,0.661,-1.252
1791586830.688,3.432,3.738,-3.883,2.559,23.018,61.227,0.596,-0.595,0.699,-1.277
1791586830.698,3.432,4.201,-4.122,2.559,23.018,61.227,0.566,-0.591,0.814,-1.213
1791586830.708,3.432,4.435,-4.596,2.559,23.018,61.227,0.558,-0.605,0.858,-1.262
1791586830.718,3.432,4.901,-4.833,2.559,23.018,61.227,0.593,-0.602,0.848,-1.222
1791586830.728,3.432,5.146,-5.066,2.559,23.018,61.227,0.591,-0.531,0.742,-1.441
1791586830.739,3.432,5.630,-5.551,2.559,23.018,61.227,0.615,-0.621,0.689,-1.175
1791586830.749,3.432,5.867,-5.776,2.559,23.018,61.227,0.581,-0.527,0.757,-1.426
1791586830.759,3.432,6.112,-6.262,2.559,23.018,61.227,0.601,-0.627,0.709,-1.179
1791586830.769,3.432,6.591,-6.494,2.559,23.018,61.227,0.601,-0.562,0.750,-1.294
1791586830.779,3.432,7.062,-6.987,2.559,23.018,61.227,0.579,-0.629,0.749,-1.133
1791586830.789,3.432,7.302,-7.216,2.559,23.018,61.227,0.614,-0.609,0.657,-1.238
1791586830.799,3.432,7.776,-7.703,2.559,23.018,61.227,0.582,-0.579,0.764,-1.243
1791586830.809,3.432,8.018,-8.176,2.559,23.018,61.227,0.610,-0.603,0.679,-1.242
1791586830.819,3.432,8.494,-8.412,2.559,23.018,61.227,0.588,-0.614,0.729,-1.140
1791586830.830,3.432,8.735,-8.646,2.559,23.018,61.227,0.590,-0.608,0.753,-1.254
1791586830.840,3.432,9.210,-9.112,2.559,23.018,61.227,0.602,-0.629,0.686,-1.181
1791586830.850,3.432,9.444,-9.365,2.559,23.018,61.227,0.580,-0.612,0.782,-1.245
1791586830.860,3.432,9.692,-9.822,2.559,23.018,61.227,0.626,-0.566,0.595,-1.374
1791586830.870,3.432,10.161,-10.070,2.559,23.018,61.227,0.598,-0.592,0.703,-1.316
1791586830.880,3.432,10.403,-10.547,2.559,23.018,61.227,0.580,-0.605,0.781,-1.288
1791586830.890,3.432,10.877,-10.780,2.559,23.018,61.227,0.599,-0.561,0.694,-1.369
1791586830.900,3.432,11.112,-11.035,2.559,23.018,61.227,0.571,-0.609,0.780,-1.201
1791586830.910,3.432,11.586,-11.511,2.559,23.018,61.227,0.577,-0.619,0.762,-1.156
1791586830.920,3.432,11.825,-11.747,2.559,23.018,61.227,0.582,-0.542,0.699,-1.352
1791586830.930,3.432,12.073,-12.231,2.559,23.018,61.227,0.604,-0.638,0.694,-1.094
1791586830.941,3.432,12.549,-12.456,2.559,23.018,61.227,0.611,-0.526,0.661,-1.387
1791586830.951,3.432,12.783,-12.945,2.559,23.018,61.227,0.566,-0.623,0.743,-1.141
1791586830.961,3.432,13.270,-13.163,2.559,23.018,61.227,0.597,-0.560,0.669,-1.323
1791586830.971,3.432,13.501,-13.411,2.559,23.018,61.227,0.573,-0.581,0.691,-1.300
1791586830.981,3.432,13.979,-13.883,2.559,23.018,61.227,0.591,-0.617,0.653,-1.261
1791586830.991,3.432,14.218,-14.121,2.559,23.018,61.227,0.599,-0.579,0.644,-1.296
1791586831.001,3.432,14.455,-14.600,2.559,23.018,61.227,0.551,-0.602,0.724,-1.282
1791586831.011,3.432,14.933,-14.836,2.559,23.018,61.227,0.593,-0.607,0.666,-1.232
1791586831.021,3.432,15.164,-15.318,2.559,23.018,61.227,0.567,-0.606,0.709,-1.269
1791586831.031,3.432,15.646,-15.558,2.559,23.018,61.227,0.586,-0.634,0.653,-1.174
1791586831.041,3.432,15.882,-15.787,2.559,23.018,61.227,0.598,-0.531,0.678,-1.392
1791586831.052,3.432,16.360,-16.284,2.559,23.018,61.227,0.617,-0.634,0.597,-1.115
1791586831.062,3.432,16.603,-16.503,2.559,23.018,61.227,0.617,-0.550,0.587,-1.346
1791586831.072,3.432,16.834,-16.997,2.559,23.018,61.227,0.580,-0.610,0.700,-1.171
1791586831.082,3.432,17.312,-17.226,2.559,23.018,61.227,0.573,-0.629,0.653,-1.216
1791586831.092,3.432,17.554,-17.704,2.559,23.018,61.227,0.614,-0.557,0.590,-1.314
1791586831.102,3.432,18.031,-17.942,2.559,23.018,61.227,0.591,-0.625,0.643,-1.207
1791586831.112,3.432,18.274,-18.181,2.559,23.018,61.227,0.607,-0.608,0.546,-1.203
1791586831.122,3.432,18.751,-18.656,2.559,23.018,61.227,0.605,-0.601,0.615,-1.276
1791586831.132,3.432,18.989,-18.894,2.559,23.018,61.227,0.602,-0.631,0.575,-1.156
1791586831.142,3.432,19.225,-19.369,2.559,23.018,61.227,0.605,-0.589,0.613,-1.320
1791586831.152,3.432,19.703,-19.615,2.559,23.018,61.227,0.611,-0.633,0.578,-1.139
1791586831.163,3.432,19.945,-20.079,2.559,23.018,61.227,0.622,-0.586,0.529,-1.308
1791586831.173,3.432,20.420,-20.331,2.559,23.018,61.227,0.588,-0.613,0.632,-1.189
1791586831.183,3.432,20.657,-20.551,2.559,23.018,61.227,0.589,-0.592,0.584,-1.327
1791586831.193,3.432,21.131,-21.037,2.559,23.018,61.227,0.585,-0.565,0.573,-1.340
1791586831.203,3.432,21.369,-21.275,2.559,23.018,61.227,0.584,-0.638,0.621,-1.197
1791586831.213,3.432,21.605,-21.750,2.559,23.018,61.227,0.597,-0.546,0.593,-1.344
1791586831.223,3.432,22.084,-21.995,2.559,23.018,61.227,0.604,-0.614,0.571,-1.217
1791586831.233,3.432,22.328,-22.466,2.559,23.018,61.227,0.622,-0.545,0.451,-1.297
1791586831.243,3.432,22.801,-22.712,2.559,23.018,61.227,0.587,-0.579,0.572,-1.276
1791586831.253,3.432,23.041,-22.958,2.559,23.018,61.227,0.593,-0.632,0.566,-1.118
1791586831.263,3.432,23.495,-23.401,2.559,23.018,61.227,0.531,-0.521,0.429,-1.249
1791586831.274,3.432,23.702,-23.627,2.559,23.018,61.227,0.517,-0.558,0.412,-0.978
1791586831.284,3.432,23.896,-23.994,2.559,23.018,61.227,0.498,-0.436,0.351,-1.060
1791586831.294,3.432,24.230,-24.173,2.559,22.881,61.227,0.399,-0.458,0.294,-0.869
1791586831.304,3.432,24.384,-24.446,2.559,22.881,61.227,0.371,-0.300,0.298,-1.096
1791586831.314,3.432,24.628,-24.566,2.559,22.881,61.227,0.281,-0.227,0.263,-1.109
1791586831.324,3.432,24.811,-24.700,2.559,22.881,61.227,0.200,-0.262,0.436,-1.077
1791586831.334,3.432,24.793,-24.817,2.559,22.881,61.227,0.125,-0.158,0.460,-1.093
1791586831.344,3.432,24.942,-24.963,2.559,22.881,61.227,0.129,-0.132,0.343,-1.103
1791586831.354,3.432,24.942,-24.963,2.559,22.881,61.227,0.115,-0.035,0.273,-1.182
1791586831.365,3.432,24.942,-24.963,2.559,22.881,61.227,0.060,-0.057,0.430,-1.143
1791586831.375,3.432,24.942,-24.963,2.559,22.881,61.227,-0.021,0.034,0.421,-1.113
1791586831.385,3.432,24.942,-24.963,2.559,22.881,61.227,0.000,0.034,0.378,-1.204
1791586831.395,3.432,24.942,-24.963,2.559,22.987,61.227,-0.004,0.000,0.448,-1.202
1791586831.405,3.432,24.942,-24.963,2.559,22.996,61.227,-0.009,0.002,0.467,-1.243
1791586831.415,3.432,24.942,-24.963,2.559,22.996,61.227,0.000,0.000,0.460,-1.224
1791586831.425,3.432,24.942,-24.963,2.559,22.996,61.227,0.000,0.004,0.452,-1.259
1791586831.435,3.432,24.942,-24.963,2.559,22.996,61.227,0.029,0.000,0.400,-1.238
1791586831.445,3.432,24.942,-24.963,2.559,22.996,61.227,0.000,-0.009,0.401,-1.174
1791586831.455,3.432,24.942,-24.963,2.559,22.996,61.227,0.000,0.000,0.422,-1.207
1791586831.465,3.432,24.942,-24.963,2.559,22.996,61.227,0.000,0.000,0.423,-1.213
1791586831.476,3.432,24.942,-24.963,2.559,22.996,61.227,0.000,0.000,0.428,-1.210
1791586831.486,3.432,24.942,-24.963,2.559,22.996,61.227,-0.002,0.000,0.500,-1.211
1791586831.496,3.432,24.942,-24.963,2.559,22.996,61.227,0.000,0.000,0.437,-1.228
1791586831.506,3.432,24.942,-24.963,2.559,22.996,61.227,0.000,0.000,0.437,-1.214
1791586831.516,3.432,24.942,-24.963,2.559,22.996,61.227,0.000,0.000,0.440,-1.222
1791586831.526,3.432,24.942,-24.963,2.559,22.996,61.227,0.000,0.000,0.435,-1.222
1791586831.536,3.432,24.942,-24.963,2.559,22.996,61.227,0.000,0.000,0.422,-1.219
1791586831.546,3.432,24.942,-24.963,2.559,22.996,61.227,0.000,0.000,0.436,-1.231
1791586831.556,3.432,24.942,-24.963,2.559,22.996,61.227,0.000,0.000,0.467,-1.236
1791586831.566,3.432,24.942,-24.963,2.559,22.996,61.227,0.000,0.000,0.433,-1.228
1791586831.576,3.432,24.942,-24.963,2.559,22.996,61.227,0.000,0.000,0.437,-1.232
1791586831.587,3.432,24.942,-24.963,2.559,22.996,61.227,0.000,0.000,0.426,-1.230
1791586831.597,3.432,24.942,-24.963,2.559,22.996,61.227,0.000,0.000,0.419,-1.233
1791586831.607,3.432,24.942,-24.963,2.559,22.996,61.227,0.000,0.000,0.418,-1.244
1791586831.617,3.432,24.942,-24.963,2.559,22.996,61.227,0.000,0.000,0.438,-1.238
1791586831.627,3.432,24.942,-24.963,2.559,22.996,61.227,0.000,0.000,0.417,-1.247
1791586831.637,3.432,24.942,-24.963,2.559,22.996,61.227,0.000,0.000,0.428,-1.243
1791586831.647,3.432,24.942,-24.963,2.559,22.996,61.227,0.000,0.000,0.415,-1.243
1791586831.657,3.432,24.942,-24.963,2.559,22.996,61.227,0.000,0.000,0.414,-1.243
1791586831.667,3.432,24.942,-24.963,2.559,22.996,61.227,0.000,0.000,0.416,-1.246
1791586831.677,3.432,24.942,-24.963,2.559,22.996,61.227,0.000,0.000,0.422,-1.242
1791586831.687,3.432,24.942,-24.963,2.559,22.996,61.227,0.000,0.000,0.414,-1.255
1791586831.697,3.432,24.942,-24.963,2.559,22.996,61.227,0.000,0.000,0.403,-1.248
1791586831.708,3.432,24.942,-24.963,2.559,22.996,61.227,0.000,0.000,0.409,-1.247
1791586831.718,3.432,24.942,-24.963,2.559,22.996,61.227,0.000,0.000,0.405,-1.252
1791586831.728,3.432,24.942,-24.963,2.559,22.996,61.227,0.000,0.000,0.411,-1.255
1791586831.738,3.432,24.942,-24.963,2.559,22.996,61.227,0.000,0.000,0.409,-1.258
1791586831.748,3.432,24.942,-24.963,2.559,22.996,61.227,0.000,0.000,0.410,-1.256
1791586831.758,3.432,24.942,-24.963,2.559,22.996,61.227,0.000,0.000,0.401,-1.256
1791586831.768,3.432,24.942,-24.963,2.559,22.996,61.227,0.000,0.000,0.400,-1.259
1791586831.778,3.432,24.942,-24.963,2.559,22.996,61.227,0.000,0.000,0.389,-1.257
1791586831.788,3.432,24.942,-24.963,2.559,22.996,61.227,0.000,0.000,0.417,-1.277
1791586831.798,3.432,24.942,-24.963,2.559,22.996,61.227,0.000,0.000,0.390,-1.269
1791586831.809,3.432,24.942,-24.963,2.559,22.996,61.227,0.000,0.000,0.397,-1.264
1791586831.819,3.432,24.942,-24.963,2.559,22.996,61.227,0.000,0.000,0.389,-1.274
1791586831.829,3.432,24.942,-24.963,2.559,22.996,61.227,0.000,0.000,0.391,-1.263
1791586831.839,3.432,24.942,-24.963,2.559,22.996,61.227,0.000,0.000,0.391,-1.271
1791586831.849,3.432,24.942,-24.963,2.559,22.996,61.227,0.000,0.000,0.381,-1.271
1791586831.859,3.432,24.942,-24.963,2.559,22.996,61.227,0.000,0.000,0.381,-1.272
1791586831.869,3.432,24.942,-24.963,2.559,22.996,61.227,0.000,0.000,0.380,-1.283
1791586831.879,3.432,24.942,-24.963,2.559,22.996,61.227,0.000,0.000,0.374,-1.284
1791586831.890,3.432,24.942,-24.963,2.559,22.996,61.227,0.000,0.000,0.395,-1.293
1791586831.900,3.432,24.942,-24.963,2.559,22.996,61.227,0.000,0.000,0.377,-1.283
1791586831.910,3.432,24.942,-24.963,2.559,22.996,61.227,0.000,0.000,0.381,-1.280
1791586831.920,3.432,24.942,-24.963,2.559,22.996,61.227,0.000,0.000,0.365,-1.287
1791586831.930,3.432,24.942,-24.963,2.559,22.996,61.227,0.000,0.000,0.381,-1.286
1791586831.940,3.432,24.942,-24.963,2.559,22.996,61.227,0.000,0.000,0.370,-1.293
1791586831.950,3.432,24.942,-24.963,2.559,22.996,61.227,0.000,0.000,0.366,-1.291
1791586831.960,3.432,24.942,-24.963,2.559,22.996,61.227,0.000,0.000,0.367,-1.293
1791586831.970,3.432,24.942,-24.963,2.559,22.996,61.227,0.000,0.000,0.370,-1.297
1791586831.980,3.432,24.942,-24.963,2.559,22.996,61.227,0.000,0.000,0.372,-1.300
1791586831.990,3.432,24.942,-24.963,2.559,22.996,61.227,0.000,0.000,0.366,-1.301
1791586832.001,3.432,24.942,-24.963,2.559,22.996,61.227,0.000,0.000,0.365,-1.302
1791586832.011,3.432,24.942,-24.963,2.559,22.996,61.227,0.000,0.000,0.356,-1.307
1791586832.021,3.432,24.942,-24.963,2.559,22.996,61.227,0.000,0.000,0.352,-1.301
1791586832.031,3.432,24.942,-24.963,2.559,22.996,61.227,0.000,0.000,0.371,-1.309
1791586832.041,3.432,24.942,-24.963,2.559,22.996,61.227,0.000,0.000,0.354,-1.309
1791586832.051,3.432,24.942,-24.963,2.559,22.996,61.227,0.000,0.000,0.356,-1.303
1791586832.061,3.432,24.942,-24.963,2.559,22.996,61.227,0.000,0.000,0.358,-1.311
1791586832.071,3.432,24.942,-24.963,2.559,22.996,61.227,0.000,0.000,0.355,-1.328
1791586832.081,3.432,24.942,-24.963,2.559,22.996,61.227,0.000,0.000,0.354,-1.322
1791586832.091,3.432,24.942,-24.963,2.559,22.996,61.227,0.000,0.000,0.346,-1.314
1791586832.101,3.432,24.942,-24.963,2.559,22.996,61.227,0.000,0.000,0.342,-1.312
1791586832.112,3.432,24.942,-24.963,2.559,22.996,61.227,0.000,0.000,0.350,-1.310
1791586832.122,3.432,24.942,-24.963,2.559,22.996,61.227,0.000,0.000,0.348,-1.317
1791586832.132,3.432,24.942,-24.963,2.559,22.996,61.227,0.000,0.000,0.342,-1.323
1791586832.142,3.432,24.942,-24.963,2.559,22.996,61.227,0.000,0.000,0.342,-1.322
1791586832.152,3.432,24.942,-24.963,2.559,22.996,61.227,0.000,0.000,0.335,-1.337
1791586832.162,3.432,24.942,-24.963,2.559,22.996,61.227,0.000,0.000,0.362,-1.321
1791586832.172,3.432,24.942,-24.963,2.559,22.996,61.227,0.000,0.000,0.372,-1.316
1791586832.182,3.432,24.942,-24.963,2.559,22.996,61.227,0.000,0.000,0.363,-1.328
1791586832.192,3.432,24.942,-24.963,2.559,22.996,61.227,0.000,0.000,0.368,-1.328
1791586832.202,3.432,24.942,-24.963,2.559,22.996,61.227,0.000,0.000,0.367,-1.322
1791586832.212,3.432,24.942,-24.963,2.559,22.996,61.227,0.000,0.000,0.365,-1.332
1791586832.223,3.432,24.942,-24.963,2.559,22.996,61.227,0.000,0.000,0.373,-1.339
1791586832.233,3.432,24.942,-24.963,2.559,22.996,61.227,0.000,0.000,0.343,-1.336
1791586832.243,3.432,24.942,-24.963,2.559,22.996,61.227,0.000,0.000,0.362,-1.343
1791586832.253,3.432,24.942,-24.963,2.559,22.996,61.227,0.000,0.000,0.373,-1.350
1791586832.263,3.432,24.942,-24.963,2.559,22.996,61.227,0.000,0.000,0.359,-1.334
1791586832.273,3.432,24.942,-24.963,2.559,22.996,61.227,0.000,-0.002,0.346,-1.285
1791586832.283,3.432,24.942,-24.963,2.559,22.996,61.227,0.000,0.000,0.353,-1.312
1791586832.293,3.432,24.942,-24.963,2.559,22.996,61.227,0.000,0.000,0.351,-1.323
1791586832.303,3.432,24.942,-24.963,2.559,22.996,61.227,0.000,0.000,0.357,-1.327
1791586832.313,3.432,24.942,-24.963,2.559,22.996,61.227,0.000,0.000,0.356,-1.319
1791586832.323,3.432,24.942,-24.963,2.559,22.996,61.227,0.000,0.000,0.356,-1.322
1791586832.334,3.432,24.942,-24.963,2.559,22.996,61.227,0.000,0.000,0.360,-1.321
1791586832.344,3.432,24.942,-24.963,2.559,22.996,61.227,0.000,0.000,0.356,-1.320
1791586832.354,3.432,24.942,-24.963,2.559,22.996,61.227,0.000,0.000,0.359,-1.322
1791586832.364,3.432,24.942,-24.963,2.559,22.996,61.227,0.000,0.000,0.354,-1.312
1791586832.374,3.432,24.942,-24.963,2.559,22.996,61.227,0.000,0.000,0.355,-1.328
1791586832.384,3.432,24.942,-24.963,2.559,22.996,61.227,0.000,0.000,0.347,-1.329
1791586832.394,3.432,24.942,-24.963,2.559,22.996,61.227,0.000,0.000,0.367,-1.322
1791586832.404,3.432,24.942,-24.963,2.559,22.996,61.227,0.000,0.000,0.360,-1.321
1791586832.414,3.432,24.942,-24.963,2.559,22.996,61.227,0.000,0.000,0.367,-1.327
1791586832.425,3.432,24.942,-24.963,2.559,22.996,61.227,0.000,0.000,0.362,-1.327
1791586832.435,3.432,24.942,-24.963,2.559,22.996,61.227,0.000,0.000,0.368,-1.329
1791586832.445,3.432,24.942,-24.963,2.559,22.996,61.227,0.000,0.000,0.357,-1.332
1791586832.455,3.432,24.942,-24.963,2.559,22.996,61.227,0.000,0.000,0.356,-1.329
1791586832.465,3.432,24.942,-24.963,2.559,22.996,61.227,0.000,0.000,0.347,-1.325
1791586832.475,3.432,24.942,-24.963,2.559,22.996,61.227,0.000,0.000,0.355,-1.331
1791586832.485,3.432,24.942,-24.963,2.559,22.996,61.227,0.000,0.000,0.345,-1.325
1791586832.495,3.432,24.942,-24.963,2.559,22.996,61.227,0.000,0.000,0.349,-1.330
1791586832.505,3.432,24.942,-24.963,2.559,22.996,61.227,0.000,0.000,0.356,-1.326
1791586832.515,3.432,24.942,-24.963,2.559,22.996,61.227,0.000,0.000,0.346,-1.327
1791586832.526,3.432,24.942,-24.963,2.559,22.996,61.227,0.000,0.000,0.346,-1.319
1791586832.536,3.432,24.942,-24.963,2.559,22.996,61.227,0.000,0.000,0.345,-1.342
1791586832.546,3.432,24.942,-24.963,2.559,22.996,61.227,0.000,0.000,0.350,-1.332
1791586832.556,3.432,24.942,-24.963,2.559,22.996,61.227,0.000,0.000,0.340,-1.324
1791586832.566,3.432,24.942,-24.963,2.559,22.996,61.227,0.000,0.000,0.336,-1.329
1791586832.576,3.432,24.942,-24.963,2.559,22.996,61.227,0.000,0.000,0.346,-1.330
1791586832.586,3.432,24.942,-24.963,2.559,22.996,61.227,0.000,0.000,0.338,-1.332
1791586832.596,3.432,24.942,-24.963,2.559,22.996,61.227,0.000,0.000,0.345,-1.346
1791586832.606,3.432,24.942,-24.963,2.559,22.996,61.227,0.000,0.000,0.342,-1.342
1791586832.616,3.432,24.942,-24.963,2.559,22.996,61.227,0.000,0.000,0.358,-1.334
1791586832.626,3.432,24.942,-24.963,2.559,22.996,61.227,0.000,0.000,0.342,-1.330
1791586832.637,3.432,24.942,-24.963,2.559,22.996,61.227,0.000,0.000,0.345,-1.331
1791586832.647,3.432,24.942,-24.963,2.559,22.996,61.227,0.000,0.000,0.347,-1.341
1791586832.657,3.432,24.942,-24.963,2.559,22.996,61.227,0.000,0.000,0.336,-1.328
1791586832.667,3.432,24.942,-24.963,2.559,22.996,61.227,0.000,0.000,0.329,-1.345
1791586832.677,3.432,24.942,-24.963,2.559,22.996,61.227,0.000,0.000,0.330,-1.344
1791586832.687,3.432,24.942,-24.963,2.559,22.996,61.227,0.000,0.000,0.342,-1.336
1791586832.697,3.432,24.942,-24.963,2.559,22.996,61.227,0.000,0.000,0.340,-1.336
1791586832.707,3.432,24.942,-24.963,2.559,22.996,61.227,0.000,0.000,0.350,-1.344
1791586832.717,3.432,24.942,-24.963,2.559,22.996,61.227,0.000,0.000,0.338,-1.341
1791586832.727,3.432,24.942,-24.963,2.559,22.996,61.227,0.000,0.000,0.336,-1.338
1791586832.738,3.432,24.942,-24.963,2.559,22.996,61.227,0.000,0.000,0.327,-1.334
1791586832.748,3.432,24.942,-24.963,2.559,22.996,61.227,0.000,0.000,0.334,-1.340
1791586832.758,3.432,24.942,-24.963,2.559,22.996,61.227,0.000,0.000,0.345,-1.337
1791586832.768,3.432,24.942,-24.963,2.559,22.996,61.227,0.000,0.000,0.339,-1.351
1791586832.778,3.432,24.942,-24.963,2.559,22.996,61.227,0.000,0.000,0.339,-1.350
1791586832.788,3.432,24.942,-24.963,2.559,22.996,61.227,0.000,0.000,0.312,-1.349
1791586832.798,3.432,24.942,-24.963,2.559,22.996,61.227,-0.026,0.000,0.241,-1.201
1791586832.808,3.432,24.942,-24.963,2.559,22.996,61.227,-0.068,0.042,0.008,-0.868
1791586832.818,3.432,24.942,-24.963,2.559,22.996,61.227,-0.158,0.074,0.022,-0.627
1791586832.828,3.432,24.826,-24.842,2.559,22.996,61.227,-0.199,0.172,0.121,-0.438
1791586832.838,3.432,24.643,-24.815,2.559,22.842,61.227,-0.344,0.208,0.127,-0.480
1791586832.849,3.432,24.626,-24.638,2.559,22.857,61.227,-0.192,0.325,-0.138,-0.663
1791586832.859,3.432,24.261,-24.377,2.559,22.857,61.227,-0.381,0.350,0.078,-0.671
1791586832.869,3.432,24.103,-24.224,2.559,22.857,61.227,-0.447,0.349,0.206,-0.531
1791586832.879,3.432,23.737,-23.860,2.559,22.857,61.227,-0.505,0.467,0.254,-0.747
1791586832.889,3.432,23.326,-23.665,2.559,22.857,61.227,-0.496,0.491,0.213,-0.752
1791586832.899,3.432,23.113,-23.227,2.559,22.857,61.227,-0.539,0.607,0.230,-0.863
1791586832.909,3.432,22.641,-22.761,2.559,22.857,61.227,-0.581,0.556,0.082,-0.684
1791586832.919,3.432,22.399,-22.506,2.559,22.857,61.227,-0.607,0.633,0.131,-0.791
1791586832.929,3.432,22.165,-22.024,2.559,22.857,61.227,-0.575,0.625,0.076,-0.778
1791586832.939,3.432,21.673,-21.774,2.559,22.998,61.227,-0.653,0.598,0.231,-0.804
1791586832.950,3.432,21.428,-21.287,2.559,22.976,61.227,-0.622,0.622,0.294,-0.862
1791586832.960,3.432,20.940,-21.041,2.559,22.976,61.227,-0.608,0.587,0.279,-0.914
1791586832.970,3.432,20.697,-20.808,2.559,22.976,61.227,-0.608,0.553,0.380,-0.677
1791586832.980,3.432,20.221,-20.333,2.559,22.976,61.227,-0.600,0.574,0.259,-0.797
1791586832.990,3.432,19.983,-20.105,2.559,22.976,61.227,-0.604,0.557,0.333,-0.648
1791586833.000,3.432,19.753,-19.629,2.559,22.976,61.227,-0.582,0.587,0.219,-0.727
1791586833.010,3.432,19.272,-19.392,2.559,22.976,61.227,-0.597,0.588,0.263,-0.711
1791586833.020,3.432,19.035,-18.900,2.559,22.976,61.227,-0.607,0.614,0.299,-0.737
1791586833.030,3.432,18.557,-18.664,2.559,22.976,61.227,-0.590,0.604,0.259,-0.856
1791586833.040,3.432,18.316,-18.415,2.559,22.976,61.227,-0.596,0.579,0.338,-0.832
1791586833.051,3.432,17.841,-17.929,2.559,22.976,61.227,-0.594,0.607,0.312,-0.891
1791586833.061,3.432,17.600,-17.694,2.559,22.976,61.227,-0.590,0.573,0.228,-0.825
1791586833.071,3.432,17.367,-17.214,2.559,22.976,61.227,-0.612,0.629,0.311,-0.911
1791586833.081,3.432,16.894,-16.980,2.559,22.976,61.227,-0.587,0.579,0.204,-0.836
1791586833.091,3.432,16.650,-16.507,2.559,22.976,61.227,-0.627,0.617,0.359,-0.857
1791586833.101,3.432,16.178,-16.272,2.559,22.976,61.227,-0.590,0.605,0.276,-0.785
1791586833.111,3.432,15.930,-16.041,2.559,22.976,61.227,-0.625,0.582,0.362,-0.705
1791586833.121,3.432,15.455,-15.557,2.559,22.976,61.227,-0.588,0.604,0.347,-0.707
1791586833.131,3.432,15.216,-15.324,2.559,22.976,61.227,-0.573,0.599,0.272,-0.799
1791586833.141,3.432,15.139,-14.836,2.559,22.976,61.227,-0.613,0.594,0.439,-0.734
1791586833.151,3.432,14.663,-14.595,2.559,22.976,61.227,-0.577,0.631,0.337,-0.895
1791586833.161,3.432,14.413,-14.119,2.559,22.976,61.227,-0.596,0.577,0.307,-0.753
1791586833.172,3.432,13.937,-13.873,2.559,22.976,61.227,-0.593,0.612,0.348,-0.872
1791586833.182,3.432,13.701,-13.634,2.559,22.976,61.227,-0.567,0.608,0.231,-0.909
1791586833.192,3.432,13.218,-13.150,2.559,22.976,61.227,-0.576,0.623,0.259,-0.918
1791586833.202,3.432,12.978,-12.911,2.559,22.976,61.227,-0.590,0.613,0.292,-0.867
1791586833.212,3.432,12.725,-12.437,2.559,22.976,61.227,-0.615,0.608,0.383,-0.845
1791586833.222,3.432,12.249,-12.205,2.559,22.976,61.227,-0.604,0.587,0.379,-0.720
1791586833.232,3.432,12.003,-11.728,2.559,22.976,61.227,-0.576,0.581,0.251,-0.811
1791586833.242,3.432,11.524,-11.498,2.559,22.976,61.227,-0.596,0.567,0.343,-0.667
1791586833.252,3.432,11.285,-11.254,2.559,22.976,61.227,-0.567,0.631,0.302,-0.881
1791586833.262,3.432,10.796,-10.787,2.559,22.976,61.227,-0.596,0.563,0.345,-0.672
1791586833.273,3.432,10.552,-10.539,2.559,22.976,61.227,-0.607,0.632,0.392,-0.851
1791586833.283,3.432,10.306,-10.067,2.559,22.976,61.227,-0.585,0.591,0.326,-0.751
1791586833.293,3.432,9.821,-9.825,2.559,22.976,61.227,-0.605,0.596,0.419,-0.806
1791586833.303,3.432,9.584,-9.355,2.559,22.976,61.227,-0.561,0.568,0.325,-0.718
1791586833.313,3.432,9.102,-9.101,2.559,22.976,61.227,-0.577,0.621,0.354,-0.891
1791586833.323,3.432,8.862,-8.861,2.559,22.976,61.227,-0.593,0.602,0.395,-0.781
1791586833.333,3.432,8.381,-8.384,2.559,22.976,61.227,-0.603,0.577,0.405,-0.857
1791586833.343,3.432,8.141,-8.147,2.559,22.976,61.227,-0.598,0.579,0.350,-0.770
1791586833.353,3.432,7.904,-7.670,2.559,22.976,61.227,-0.553,0.561,0.278,-0.806
1791586833.363,3.432,7.420,-7.435,2.559,22.976,61.227,-0.597,0.559,0.389,-0.716
1791586833.373,3.432,7.182,-6.957,2.559,22.976,61.227,-0.587,0.586,0.300,-0.840
1791586833.384,3.432,6.699,-6.724,2.559,22.976,61.227,-0.614,0.569,0.408,-0.719
1791586833.394,3.432,6.459,-6.478,2.559,22.976,61.227,-0.605,0.592,0.390,-0.788
1791586833.404,3.432,5.970,-6.015,2.559,22.976,61.227,-0.634,0.576,0.423,-0.783
1791586833.414,3.432,5.731,-5.771,2.559,22.976,61.227,-0.601,0.591,0.445,-0.751
1791586833.424,3.432,5.245,-5.300,2.559,22.976,61.227,-0.602,0.593,0.442,-0.763
1791586833.434,3.432,4.767,-4.820,2.559,22.976,61.227,-0.580,0.575,0.381,-0.793
1791586833.444,3.432,4.526,-4.578,2.559,22.976,61.227,-0.611,0.641,0.443,-0.863
1791586833.454,3.432,4.284,-4.102,2.559,22.976,61.227,-0.615,0.588,0.401,-0.845
1791586833.464,3.432,3.810,-3.853,2.559,22.976,61.227,-0.594,0.574,0.440,-0.735
1791586833.475,3.432,3.566,-3.380,2.559,22.976,61.227,-0.588,0.604,0.378,-0.866
1791586833.485,3.432,3.094,-3.128,2.559,22.976,61.227,-0.585,0.591,0.333,-0.830
1791586833.495,3.432,2.850,-2.895,2.559,22.976,61.227,-0.576,0.599,0.374,-0.763
1791586833.505,3.432,2.370,-2.426,2.559,22.976,61.227,-0.589,0.566,0.403,-0.772
1791586833.515,3.432,2.133,-2.186,2.559,22.976,61.227,-0.577,0.617,0.338,-0.812
1791586833.525,3.432,1.889,-1.726,2.559,22.976,61.227,-0.596,0.535,0.398,-0.770
1791586833.535,3.432,1.446,-1.505,2.559,22.976,61.227,-0.545,0.536,0.517,-0.852
1791586833.545,3.432,1.236,-1.107,2.559,22.976,61.227,-0.484,0.473,0.534,-1.005
1791586833.555,3.432,0.881,-0.920,2.559,22.976,61.227,-0.396,0.465,0.555,-1.072
1791586833.565,3.432,0.717,-0.779,2.559,22.976,61.227,-0.369,0.371,0.653,-0.938
1791586833.576,3.432,0.460,-0.490,2.559,22.976,61.227,-0.307,0.332,0.452,-1.125
1791586833.586,3.432,0.355,-0.374,2.559,22.976,61.227,-0.273,0.294,0.565,-1.147
1791586833.596,3.432,0.346,-0.194,2.559,22.976,61.227,-0.210,0.227,0.575,-1.040
1791586833.606,3.432,0.161,-0.219,2.559,22.976,61.227,-0.128,0.163,0.446,-1.015
1791586833.616,3.432,0.034,0.000,2.559,22.976,61.227,-0.213,0.167,0.764,-1.144
1791586833.626,3.432,-0.038,0.000,2.559,22.976,61.227,-0.055,0.098,0.640,-1.040
1791586833.636,3.432,0.012,0.026,2.559,22.976,61.227,-0.058,0.030,0.632,-1.022
1791586833.646,3.432,0.012,0.028,2.559,22.976,61.227,0.026,0.000,0.674,-1.122
1791586833.656,3.432,0.012,0.028,2.559,22.976,61.227,0.023,0.000,0.632,-1.114
1791586833.666,3.432,0.012,0.028,2.559,22.976,61.227,0.032,-0.010,0.545,-1.041
1791586833.677,3.432,0.012,0.028,2.559,22.976,61.227,0.024,0.000,0.543,-1.090
1791586833.687,3.432,0.000,0.028,2.559,22.976,61.227,0.000,0.000,0.569,-1.121
1791586833.697,3.432,0.012,0.028,2.559,22.976,61.227,-0.016,0.000,0.602,-1.108
1791586833.707,3.432,0.012,0.028,2.559,22.976,61.227,-0.001,0.000,0.653,-1.121
1791586833.717,3.432,0.012,0.028,2.559,22.976,61.227,0.000,0.000,0.655,-1.132
1791586833.727,3.432,0.012,0.028,2.559,22.976,61.227,0.000,-0.003,0.638,-1.109
1791586833.737,3.432,0.012,0.028,2.559,22.976,61.227,0.000,0.000,0.617,-1.113
1791586833.747,3.432,0.000,0.028,2.559,22.976,61.227,0.001,0.000,0.576,-1.132
1791586833.757,3.432,0.000,0.028,2.559,22.976,61.227,0.000,0.000,0.597,-1.134
1791586833.767,3.432,0.000,0.028,2.559,22.976,61.227,0.000,0.000,0.623,-1.125
1791586833.777,3.432,0.012,0.028,2.559,22.976,61.227,-0.030,0.000,0.679,-1.138
1791586833.788,3.432,0.012,0.028,2.559,22.976,61.227,0.000,0.000,0.663,-1.112
1791586833.798,3.432,0.012,0.028,2.559,22.976,61.227,0.000,0.000,0.663,-1.121
1791586833.808,3.432,0.000,0.000,2.559,22.976,61.227,0.010,-0.016,0.568,-1.125
1791586833.818,3.432,0.000,0.000,2.559,22.976,61.227,0.000,0.000,0.624,-1.110
1791586833.828,3.432,0.000,0.000,2.559,22.976,61.227,0.000,0.000,0.637,-1.137
1791586833.838,3.432,0.000,0.000,2.559,22.976,61.227,0.000,0.000,0.646,-1.133
1791586833.848,3.432,0.000,0.000,2.559,22.976,61.227,0.000,-0.020,0.642,-1.105
1791586833.858,3.432,0.000,0.000,2.559,22.976,61.227,0.000,0.000,0.669,-1.128
1791586833.868,3.432,0.000,0.000,2.559,22.976,61.227,0.000,0.000,0.661,-1.128
1791586833.878,3.432,0.000,0.000,2.559,22.976,61.227,0.000,0.000,0.664,-1.127
1791586833.888,3.432,0.000,0.000,2.559,22.976,61.227,0.000,-0.011,0.666,-1.101
1791586833.899,3.432,0.000,0.000,2.559,22.976,61.227,0.000,0.000,0.670,-1.118
1791586833.909,3.432,0.000,0.000,2.559,22.976,61.227,0.000,0.000,0.678,-1.126
1791586833.919,3.432,0.000,0.000,2.559,22.976,61.227,0.000,0.000,0.681,-1.127
1791586833.929,3.432,0.000,0.000,2.559,22.976,61.227,0.000,0.000,0.685,-1.130
1791586833.939,3.432,0.000,0.000,2.559,22.976,61.227,0.000,0.000,0.695,-1.129
1791586833.949,3.432,0.000,0.000,2.559,22.976,61.227,0.000,0.000,0.672,-1.123
1791586833.959,3.432,0.000,0.000,2.559,22.976,61.227,0.000,0.000,0.677,-1.120
1791586833.969,3.432,0.000,0.000,2.559,22.976,61.227,0.000,0.000,0.707,-1.126
1791586833.979,3.432,0.000,0.000,2.559,22.976,61.227,0.000,0.000,0.699,-1.127
1791586833.990,3.432,0.000,0.000,2.559,22.976,61.227,0.004,0.000,0.647,-1.130
1791586834.000,3.432,0.000,0.000,2.559,22.976,61.227,0.000,0.000,0.674,-1.128
1791586834.010,3.432,0.000,0.000,2.559,22.976,61.227,0.000,0.000,0.684,-1.126
1791586834.020,3.432,0.000,0.000,2.559,22.976,61.227,0.000,0.000,0.685,-1.129
1791586834.030,3.432,0.000,0.000,2.559,22.976,61.227,0.000,0.000,0.684,-1.128
1791586834.040,3.432,0.000,0.000,2.559,22.976,61.227,0.000,0.000,0.693,-1.139
1791586834.050,3.432,0.000,0.000,2.559,22.976,61.227,0.000,0.000,0.689,-1.140
1791586834.060,3.432,0.000,0.000,2.559,22.976,61.227,0.000,0.000,0.700,-1.135
1791586834.070,3.432,0.000,0.000,2.559,22.976,61.227,0.000,-0.002,0.699,-1.111
1791586834.080,3.432,0.000,0.000,2.559,22.976,61.227,0.000,0.000,0.676,-1.129
1791586834.091,3.432,0.000,0.000,2.559,22.976,61.227,0.000,0.000,0.676,-1.140
1791586834.101,3.432,0.000,0.000,2.559,22.976,61.227,0.000,0.000,0.683,-1.135
1791586834.111,3.432,0.000,0.000,2.559,22.976,61.227,0.000,0.000,0.694,-1.138
1791586834.121,3.432,0.000,0.000,2.559,22.976,61.227,0.000,0.000,0.693,-1.136
1791586834.131,3.432,0.000,0.000,2.559,22.976,61.227,0.000,0.000,0.690,-1.139
1791586834.141,3.432,0.000,0.000,2.559,22.976,61.227,0.000,0.000,0.698,-1.145
1791586834.151,3.432,0.000,0.000,2.559,22.976,61.227,0.003,0.000,0.647,-1.147
1791586834.161,3.432,0.000,0.000,2.559,22.976,61.227,0.000,0.000,0.680,-1.145
1791586834.171,3.432,0.000,0.000,2.559,22.976,61.227,0.000,0.000,0.681,-1.144
1791586834.181,3.432,0.000,0.000,2.559,22.976,61.227,0.000,0.000,0.673,-1.142
1791586834.191,3.432,0.000,0.000,2.559,22.976,61.227,0.000,0.000,0.684,-1.100
1791586834.202,3.432,0.000,0.000,2.559,22.976,61.227,0.000,0.000,0.681,-1.132
1791586834.212,3.432,0.000,0.000,2.559,22.976,61.227,0.000,0.000,0.682,-1.120
1791586834.222,3.432,0.000,0.000,2.559,22.976,61.227,0.000,0.000,0.676,-1.130
1791586834.232,3.432,0.000,0.000,2.559,22.976,61.227,0.000,0.000,0.683,-1.132
1791586834.242,3.432,0.000,0.000,2.559,22.976,61.227,0.000,0.000,0.683,-1.134
1791586834.252,3.432,0.000,0.000,2.559,22.976,61.227,0.000,0.000,0.691,-1.132
1791586834.262,3.432,0.000,0.000,2.559,22.976,61.227,0.000,0.000,0.690,-1.122
1791586834.272,3.432,0.000,0.000,2.559,22.976,61.227,0.000,0.000,0.685,-1.136
1791586834.282,3.432,0.000,0.000,2.559,22.976,61.227,0.000,0.000,0.685,-1.134
1791586834.292,3.432,0.000,0.000,2.559,22.976,61.227,0.000,0.000,0.688,-1.133
1791586834.302,3.432,0.000,0.000,2.559,22.976,61.227,0.000,0.000,0.690,-1.134
1791586834.312,3.432,0.000,0.000,2.559,22.976,61.227,0.000,0.000,0.687,-1.142
1791586834.323,3.432,0.000,0.000,2.559,22.976,61.227,0.000,0.000,0.683,-1.122
1791586834.333,3.432,0.000,0.000,2.559,22.976,61.227,0.000,0.000,0.696,-1.136
1791586834.343,3.432,0.000,0.000,2.559,22.976,61.227,0.017,0.000,0.672,-1.138
1791586834.353,3.432,0.000,0.000,2.559,22.976,61.227,0.000,0.000,0.664,-1.133
1791586834.363,3.432,0.000,0.000,2.559,22.976,61.227,0.000,0.000,0.683,-1.132
1791586834.373,3.432,0.000,0.000,2.559,22.976,61.227,0.000,0.000,0.680,-1.139
1791586834.383,3.432,0.000,0.000,2.559,22.976,61.227,0.000,0.000,0.688,-1.134
1791586834.393,3.432,0.000,0.000,2.559,22.976,61.227,0.000,0.000,0.679,-1.134
1791586834.403,3.432,0.000,0.000,2.559,22.976,61.227,0.000,0.000,0.675,-1.134
1791586834.413,3.432,0.000,0.000,2.559,22.976,61.227,0.019,0.000,0.675,-1.135
1791586834.423,3.432,0.000,0.000,2.559,22.976,61.227,0.000,0.000,0.654,-1.127
1791586834.434,3.432,0.000,0.000,2.559,22.976,61.227,0.000,0.000,0.657,-1.135
1791586834.444,3.432,0.000,0.000,2.559,22.976,61.227,0.000,0.000,0.666,-1.135
1791586834.454,3.432,0.000,0.000,2.559,22.976,61.227,0.000,0.000,0.660,-1.135
1791586834.464,3.432,0.000,0.000,2.559,22.976,61.227,0.000,0.000,0.664,-1.137
1791586834.474,3.432,0.000,0.000,2.559,22.976,61.227,0.000,0.000,0.644,-1.139
1791586834.484,3.432,0.000,0.000,2.559,22.976,61.227,0.000,0.000,0.671,-1.134
1791586834.494,3.432,0.000,0.000,2.559,22.976,61.227,0.000,0.000,0.656,-1.146
1791586834.504,3.432,0.000,0.000,2.559,22.976,61.227,0.000,0.000,0.654,-1.137
1791586834.514,3.432,0.000,0.000,2.559,22.976,61.227,0.000,0.000,0.679,-1.139
1791586834.524,3.432,0.000,0.000,2.559,22.976,61.227,0.000,0.000,0.652,-1.142
1791586834.535,3.432,0.000,0.000,2.559,22.976,61.227,0.000,0.000,0.655,-1.141
1791586834.545,3.432,0.000,0.000,2.559,22.976,61.227,0.000,0.000,0.659,-1.135
1791586834.555,3.432,0.000,0.000,2.559,22.976,61.227,0.000,0.000,0.651,-1.129
1791586834.565,3.432,0.000,0.000,2.559,22.976,61.227,0.000,0.000,0.651,-1.127
1791586834.575,3.432,0.000,0.000,2.559,22.976,61.227,0.000,0.000,0.651,-1.127
1791586834.585,3.432,0.000,0.000,2.559,22.976,61.227,0.000,0.000,0.652,-1.128
1791586834.595,3.432,0.000,0.000,2.559,22.976,61.227,0.000,0.000,0.649,-1.129
1791586834.605,3.432,0.000,0.000,2.559,22.976,61.227,0.000,0.000,0.660,-1.128
1791586834.615,3.432,0.000,0.000,2.559,22.976,61.227,0.000,0.000,0.652,-1.125
1791586834.626,3.432,0.000,0.000,2.559,22.976,61.227,0.000,0.000,0.653,-1.124
1791586834.636,3.432,0.000,0.000,2.559,22.976,61.227,0.000,0.000,0.641,-1.137
1791586834.646,3.432,0.000,0.000,2.559,22.976,61.227,0.000,0.000,0.659,-1.131
1791586834.656,3.432,0.000,0.000,2.559,22.976,61.227,0.000,0.000,0.651,-1.125
1791586834.666,3.432,0.000,0.000,2.559,22.976,61.227,0.000,0.000,0.658,-1.130
1791586834.676,3.432,0.000,0.000,2.559,22.976,61.227,0.000,0.000,0.644,-1.129
1791586834.686,3.432,0.000,0.000,2.559,22.976,61.227,0.000,0.000,0.640,-1.134
1791586834.696,3.432,0.000,0.000,2.559,22.976,61.227,0.000,0.000,0.642,-1.130
1791586834.706,3.432,0.000,0.000,2.559,22.976,61.227,0.000,0.000,0.642,-1.129
1791586834.716,3.432,0.000,0.000,2.559,22.976,61.227,0.000,0.000,0.642,-1.127
1791586834.727,3.432,0.000,0.000,2.559,22.976,61.227,0.000,0.000,0.646,-1.127
1791586834.737,3.432,0.000,0.000,2.559,22.976,61.227,0.000,0.000,0.649,-1.137
1791586834.747,3.432,0.000,0.000,2.559,22.976,61.227,0.000,0.000,0.637,-1.123
1791586834.757,3.432,0.000,0.000,2.559,22.976,61.227,0.000,0.000,0.638,-1.128
1791586834.767,3.432,0.000,0.000,2.559,22.976,61.227,0.000,0.000,0.638,-1.121
1791586834.777,3.432,0.000,0.000,2.559,22.976,61.227,0.000,0.000,0.643,-1.125
1791586834.787,3.432,0.000,0.000,2.559,22.976,61.227,0.000,0.000,0.646,-1.130
1791586834.797,3.432,0.000,0.000,2.559,22.976,61.227,0.000,0.000,0.635,-1.120
1791586834.807,3.432,0.000,0.000,2.559,22.976,61.227,0.000,0.000,0.631,-1.127
1791586834.817,3.432,0.000,0.000,2.559,22.976,61.227,0.000,0.000,0.642,-1.124
1791586834.827,3.432,0.000,0.000,2.559,22.976,61.227,0.000,0.000,0.644,-1.133
1791586834.837,3.432,0.000,0.000,2.559,22.976,61.227,0.000,0.000,0.635,-1.120
1791586834.848,3.432,0.000,0.000,2.559,22.976,61.227,0.000,0.000,0.642,-1.126
1791586834.858,3.432,0.000,0.000,2.559,22.976,61.227,0.000,0.000,0.640,-1.125
1791586834.868,3.432,0.000,0.000,2.559,22.976,61.227,0.000,0.000,0.639,-1.120
1791586834.878,3.432,0.000,0.000,2.559,22.976,61.227,0.000,0.000,0.636,-1.128
1791586834.888,3.432,0.000,0.000,2.559,22.976,61.227,0.000,0.000,0.636,-1.120
1791586834.898,3.432,0.000,0.000,2.559,22.976,61.227,0.000,0.000,0.624,-1.128
1791586834.908,3.432,0.000,0.000,2.559,22.976,61.227,0.000,0.000,0.627,-1.127
1791586834.918,3.432,0.000,0.000,2.559,22.976,61.227,0.000,0.000,0.628,-1.128
1791586834.928,3.432,0.000,0.000,2.559,22.976,61.227,0.000,0.000,0.639,-1.121
1791586834.938,3.432,0.000,0.000,2.559,22.976,61.227,0.000,0.000,0.633,-1.129
1791586834.949,3.432,0.000,0.000,2.559,22.976,61.227,0.000,0.000,0.634,-1.119
1791586834.959,3.432,0.000,0.000,2.559,22.976,61.227,0.000,0.000,0.627,-1.120
1791586834.969,3.432,0.000,0.000,2.559,22.976,61.227,0.000,0.000,0.627,-1.125
1791586834.979,3.432,0.000,0.000,2.559,22.976,61.227,0.000,0.000,0.633,-1.125
1791586834.989,3.432,0.000,0.000,2.559,22.976,61.227,0.000,0.000,0.633,-1.119
1791586834.999,3.432,0.000,0.000,2.559,22.976,61.227,0.000,0.000,0.620,-1.121
1791586835.009,3.432,0.000,0.000,2.559,22.976,61.227,0.000,0.000,0.630,-1.123
1791586835.019,3.432,0.000,0.000,2.559,22.976,61.227,0.000,0.000,0.634,-1.127
1791586835.030,3.432,0.000,0.000,2.559,22.976,61.227,0.000,0.000,0.622,-1.126
1791586835.040,3.432,0.000,0.000,2.559,22.976,61.227,0.000,0.000,0.620,-1.118
1791586835.050,3.432,0.000,0.000,2.559,22.976,61.227,0.000,0.000,0.627,-1.128
1791586835.060,3.432,0.000,0.000,2.559,22.976,61.227,0.000,0.000,0.632,-1.117
1791586835.070,3.432,0.000,0.000,2.559,22.976,61.227,0.000,-0.031,0.740,-1.286
1791586835.080,3.432,0.012,0.028,2.559,22.976,61.227,0.101,-0.059,0.911,-1.368
1791586835.090,3.432,0.012,-0.078,2.559,22.976,61.227,0.106,-0.151,1.068,-1.258
1791586835.100,3.432,0.152,-0.214,2.559,22.976,61.227,0.225,-0.217,0.918,-1.295
1791586835.110,3.432,0.317,-0.199,2.559,22.976,61.227,0.265,-0.246,0.806,-1.363
1791586835.120,3.432,0.562,-0.508,2.559,22.976,61.227,0.319,-0.327,0.838,-1.408
1791586835.131,3.432,0.702,-0.636,2.559,22.976,61.227,0.372,-0.348,0.780,-1.453
1791586835.141,3.432,0.852,-0.963,2.559,22.976,61.227,0.410,-0.413,0.792,-1.335
1791586835.151,3.432,1.195,-1.126,2.559,22.976,61.227,0.464,-0.432,0.783,-1.417
1791586835.161,3.432,1.378,-1.325,2.559,22.976,61.227,0.483,-0.475,0.882,-1.408
1791586835.171,3.432,1.795,-1.738,2.559,22.976,61.227,0.524,-0.501,0.952,-1.487
1791586835.181,3.432,2.022,-1.974,2.559,22.976,61.227,0.587,-0.602,0.940,-1.369
1791586835.191,3.432,2.510,-2.457,2.559,22.976,61.227,0.594,-0.564,0.816,-1.398
1791586835.201,3.432,2.767,-2.709,2.559,22.976,61.227,0.625,-0.614,0.744,-1.300
1791586835.211,3.432,3.018,-3.198,2.559,22.976,61.227,0.629,-0.598,0.628,-1.224
1791586835.221,3.432,3.507,-3.443,2.559,22.976,61.227,0.586,-0.607,0.656,-1.183
1791586835.231,3.432,3.747,-3.694,2.559,22.976,61.227,0.602,-0.603,0.725,-1.193
1791586835.242,3.432,4.211,-4.165,2.559,22.976,61.227,0.569,-0.620,0.819,-1.137
1791586835.252,3.432,4.443,-4.404,2.559,22.976,61.227,0.556,-0.551,0.860,-1.318
1791586835.262,3.432,4.911,-4.872,2.559,22.976,61.227,0.601,-0.610,0.824,-1.245
1791586835.272,3.432,5.155,-5.095,2.559,22.976,61.227,0.595,-0.520,0.759,-1.456
1791586835.282,3.432,5.396,-5.589,2.559,22.976,61.227,0.588,-0.629,0.805,-1.186
1791586835.292,3.432,5.875,-5.811,2.559,22.976,61.227,0.592,-0.549,0.747,-1.363
1791586835.302,3.432,6.118,-6.304,2.559,22.976,61.227,0.590,-0.629,0.711,-1.134
1791586835.312,3.432,6.599,-6.535,2.559,22.976,61.227,0.605,-0.594,0.740,-1.252
1791586835.322,3.432,6.833,-6.773,2.559,22.976,61.227,0.584,-0.574,0.727,-1.307
1791586835.332,3.432,7.310,-7.258,2.559,22.976,61.227,0.617,-0.624,0.651,-1.184
1791586835.342,3.432,7.549,-7.492,2.559,22.976,61.227,0.583,-0.593,0.778,-1.196
1791586835.353,3.432,7.785,-7.973,2.559,22.976,61.227,0.581,-0.615,0.782,-1.196
1791586835.363,3.432,8.262,-8.217,2.559,22.976,61.227,0.591,-0.626,0.708,-1.093
1791586835.373,3.432,8.504,-8.684,2.559,22.976,61.227,0.592,-0.604,0.678,-1.276
1791586835.383,3.432,8.982,-8.926,2.559,22.976,61.227,0.599,-0.624,0.655,-1.160
1791586835.393,3.432,9.221,-9.147,2.559,22.976,61.227,0.593,-0.551,0.703,-1.369
1791586835.403,3.432,9.702,-9.633,2.559,22.976,61.227,0.632,-0.588,0.602,-1.279
1791586835.413,3.432,9.935,-9.860,2.559,22.976,61.227,0.571,-0.599,0.742,-1.321
1791586835.423,3.432,10.170,-10.353,2.559,22.976,61.227,0.592,-0.607,0.708,-1.219
1791586835.433,3.432,10.648,-10.586,2.559,22.976,61.227,0.609,-0.617,0.662,-1.248
1791586835.443,3.432,10.887,-11.070,2.559,22.976,61.227,0.604,-0.574,0.681,-1.278
1791586835.454,3.432,11.362,-11.308,2.559,22.976,61.227,0.602,-0.609,0.701,-1.237
1791586835.464,3.432,11.595,-11.551,2.559,22.976,61.227,0.577,-0.629,0.765,-1.145
1791586835.474,3.432,12.082,-12.023,2.559,22.976,61.227,0.605,-0.603,0.701,-1.219
1791586835.484,3.432,12.320,-12.271,2.559,22.976,61.227,0.607,-0.634,0.647,-1.090
1791586835.494,3.432,12.792,-12.734,2.559,22.976,61.227,0.559,-0.590,0.727,-1.304
1791586835.504,3.432,13.278,-13.204,2.559,22.976,61.227,0.628,-0.610,0.604,-1.166
1791586835.514,3.432,13.512,-13.446,2.559,22.976,61.227,0.593,-0.574,0.643,-1.280
1791586835.524,3.432,13.985,-13.922,2.559,22.976,61.227,0.590,-0.582,0.708,-1.286
1791586835.534,3.432,14.224,-14.158,2.559,22.976,61.227,0.592,-0.626,0.667,-1.231
1791586835.545,3.432,14.461,-14.639,2.559,22.976,61.227,0.554,-0.577,0.725,-1.323
1791586835.555,3.432,14.942,-14.879,2.559,22.976,61.227,0.593,-0.631,0.666,-1.170
1791586835.565,3.432,15.173,-15.111,2.559,22.976,61.227,0.579,-0.541,0.684,-1.366
1791586835.575,3.432,15.656,-15.600,2.559,22.976,61.227,0.589,-0.642,0.638,-1.124
1791586835.585,3.432,15.895,-15.825,2.559,22.976,61.227,0.601,-0.560,0.677,-1.315
1791586835.595,3.432,16.373,-16.319,2.559,22.976,61.227,0.618,-0.613,0.616,-1.140
1791586835.605,3.432,16.613,-16.540,2.559,22.976,61.227,0.607,-0.586,0.595,-1.308
1791586835.615,3.432,16.846,-17.030,2.559,22.976,61.227,0.586,-0.587,0.675,-1.254
1791586835.625,3.432,17.324,-17.264,2.559,22.976,61.227,0.587,-0.633,0.621,-1.203
1791586835.635,3.432,17.565,-17.504,2.559,22.976,61.227,0.613,-0.604,0.597,-1.173
1791586835.646,3.432,18.041,-17.976,2.559,22.976,61.227,0.587,-0.620,0.653,-1.238
1791586835.656,3.432,18.284,-18.219,2.559,22.976,61.227,0.612,-0.619,0.564,-1.189
1791586835.666,3.432,18.760,-18.694,2.559,22.976,61.227,0.598,-0.593,0.619,-1.288
1791586835.676,3.432,18.997,-18.936,2.559,22.976,61.227,0.590,-0.645,0.593,-1.147
1791586835.686,3.432,19.234,-19.404,2.559,22.976,61.227,0.609,-0.579,0.624,-1.309
1791586835.696,3.432,19.711,-19.654,2.559,22.976,61.227,0.608,-0.620,0.603,-1.153
1791586835.706,3.432,19.952,-19.875,2.559,22.976,61.227,0.610,-0.582,0.523,-1.362
1791586835.716,3.432,20.428,-20.364,2.559,22.976,61.227,0.585,-0.595,0.619,-1.245
1791586835.726,3.432,20.667,-20.594,2.559,22.976,61.227,0.591,-0.616,0.567,-1.258
1791586835.736,3.432,21.139,-21.069,2.559,22.976,61.227,0.579,-0.534,0.582,-1.421
1791586835.747,3.432,21.379,-21.315,2.559,22.976,61.227,0.590,-0.633,0.621,-1.187
1791586835.757,3.432,21.615,-21.781,2.559,22.976,61.227,0.603,-0.531,0.571,-1.381
1791586835.767,3.432,22.094,-22.029,2.559,22.976,61.227,0.601,-0.596,0.590,-1.260
1791586835.777,3.432,22.339,-22.275,2.559,22.976,61.227,0.622,-0.634,0.457,-1.099
1791586835.787,3.432,22.811,-22.744,2.559,22.976,61.227,0.581,-0.565,0.565,-1.333
1791586835.797,3.432,23.050,-22.993,2.559,22.976,61.227,0.598,-0.622,0.572,-1.140
1791586835.807,3.432,23.504,-23.434,2.559,22.976,61.227,0.527,-0.524,0.430,-1.181
1791586835.817,3.432,23.710,-23.657,2.559,22.976,61.227,0.517,-0.534,0.432,-1.018
1791586835.827,3.432,23.904,-24.018,2.559,22.976,61.227,0.495,-0.429,0.345,-1.064
1791586835.837,3.432,24.237,-24.199,2.559,22.856,61.227,0.397,-0.448,0.304,-0.857
1791586835.847,3.432,24.388,-24.347,2.559,22.854,61.227,0.352,-0.366,0.319,-0.978
1791586835.858,3.432,24.631,-24.583,2.559,22.854,61.227,0.270,-0.252,0.276,-1.117
1791586835.868,3.432,24.640,-24.686,2.559,22.854,61.227,0.200,-0.239,0.438,-1.066
1791586835.878,3.432,24.804,-24.849,2.559,22.854,61.227,0.133,-0.147,0.456,-1.102
1791586835.888,3.432,24.938,-24.834,2.559,22.854,61.227,0.120,-0.132,0.356,-1.143
1791586835.898,3.432,24.938,-24.989,2.559,22.854,61.227,0.115,-0.029,0.299,-1.210
1791586835.908,3.432,24.938,-24.975,2.559,22.854,61.227,0.051,-0.028,0.405,-1.150
1791586835.918,3.432,24.938,-24.975,2.559,22.854,61.227,0.000,-0.003,0.423,-1.195
1791586835.928,3.432,24.938,-24.975,2.559,22.854,61.227,-0.002,0.013,0.407,-1.167
1791586835.938,3.432,24.938,-24.975,2.559,22.854,61.227,-0.026,0.020,0.478,-1.157
1791586835.948,3.432,24.938,-24.975,2.559,22.982,61.227,-0.002,0.003,0.459,-1.220
1791586835.959,3.432,24.938,-24.975,2.559,22.990,61.227,-0.003,0.007,0.453,-1.233
1791586835.969,3.432,24.938,-24.975,2.559,22.990,61.227,-0.001,0.000,0.482,-1.201
1791586835.979,3.432,24.938,-24.975,2.559,22.990,61.227,0.000,0.000,0.452,-1.198
1791586835.989,3.432,24.938,-24.975,2.559,22.990,61.227,0.003,0.000,0.379,-1.203
1791586835.999,3.432,24.938,-24.975,2.559,22.990,61.227,0.000,0.000,0.437,-1.212
1791586836.009,3.432,24.938,-24.975,2.559,22.990,61.227,0.000,0.000,0.420,-1.214
1791586836.019,3.432,24.938,-24.975,2.559,22.990,61.227,0.000,0.000,0.411,-1.226
1791586836.029,3.432,24.938,-24.975,2.559,22.990,61.227,0.000,0.000,0.434,-1.208
1791586836.039,3.432,24.938,-24.975,2.559,22.990,61.227,0.000,0.000,0.407,-1.212
1791586836.050,3.432,24.938,-24.975,2.559,22.990,61.227,-0.002,0.000,0.472,-1.222
1791586836.060,3.432,24.938,-24.975,2.559,22.990,61.227,0.000,0.000,0.442,-1.219
1791586836.070,3.432,24.938,-24.975,2.559,22.990,61.227,0.000,0.000,0.433,-1.223
1791586836.080,3.432,24.938,-24.975,2.559,22.990,61.227,0.000,0.000,0.402,-1.228
1791586836.090,3.432,24.938,-24.975,2.559,22.990,61.227,0.000,0.000,0.398,-1.225
1791586836.100,3.432,24.938,-24.975,2.559,22.990,61.227,0.000,0.000,0.404,-1.224
1791586836.110,3.432,24.938,-24.975,2.559,22.990,61.227,0.000,0.000,0.400,-1.247
1791586836.120,3.432,24.938,-24.975,2.559,22.990,61.227,-0.001,0.000,0.453,-1.234
1791586836.130,3.432,24.938,-24.975,2.559,22.990,61.227,0.000,0.000,0.428,-1.234
1791586836.140,3.432,24.938,-24.975,2.559,22.990,61.227,0.000,0.000,0.430,-1.244
1791586836.150,3.432,24.938,-24.975,2.559,22.990,61.227,0.000,0.000,0.411,-1.229
1791586836.161,3.432,24.938,-24.975,2.559,22.990,61.227,0.000,0.000,0.425,-1.236
1791586836.171,3.432,24.938,-24.975,2.559,22.990,61.227,0.000,0.000,0.416,-1.245
1791586836.181,3.432,24.938,-24.975,2.559,22.990,61.227,0.000,0.000,0.406,-1.244
1791586836.191,3.432,24.938,-24.975,2.559,22.990,61.227,0.000,0.000,0.420,-1.243
1791586836.201,3.432,24.938,-24.975,2.559,22.990,61.227,0.000,0.000,0.405,-1.247
1791586836.211,3.432,24.938,-24.975,2.559,22.990,61.227,0.000,0.000,0.414,-1.257
1791586836.221,3.432,24.938,-24.975,2.559,22.990,61.227,0.000,0.000,0.403,-1.242
1791586836.231,3.432,24.938,-24.975,2.559,22.990,61.227,0.000,0.000,0.400,-1.256
1791586836.241,3.432,24.938,-24.975,2.559,22.990,61.227,0.000,0.000,0.410,-1.251
1791586836.251,3.432,24.938,-24.975,2.559,22.990,61.227,0.000,0.000,0.411,-1.257
1791586836.261,3.432,24.938,-24.975,2.559,22.990,61.227,0.000,0.000,0.401,-1.254
1791586836.272,3.432,24.938,-24.975,2.559,22.990,61.227,0.000,0.000,0.396,-1.249
1791586836.282,3.432,24.938,-24.975,2.559,22.990,61.227,0.000,0.000,0.428,-1.270
1791586836.292,3.432,24.938,-24.975,2.559,22.990,61.227,0.000,0.000,0.398,-1.264
1791586836.302,3.432,24.938,-24.975,2.559,22.990,61.227,0.000,0.000,0.405,-1.260
1791586836.312,3.432,24.938,-24.975,2.559,22.990,61.227,0.000,0.000,0.394,-1.273
1791586836.322,3.432,24.938,-24.975,2.559,22.990,61.227,0.000,0.000,0.401,-1.263
1791586836.332,3.432,24.938,-24.975,2.559,22.990,61.227,0.000,0.000,0.406,-1.274
1791586836.342,3.432,24.938,-24.975,2.559,22.990,61.227,0.000,0.000,0.384,-1.277
1791586836.352,3.432,24.938,-24.975,2.559,22.990,61.227,0.000,0.000,0.383,-1.271
1791586836.362,3.432,24.938,-24.975,2.559,22.990,61.227,0.000,0.000,0.395,-1.266
1791586836.372,3.432,24.938,-24.975,2.559,22.990,61.227,0.000,0.000,0.391,-1.272
1791586836.383,3.432,24.938,-24.975,2.559,22.990,61.227,0.000,0.000,0.380,-1.283
1791586836.393,3.432,24.938,-24.975,2.559,22.990,61.227,0.000,0.000,0.381,-1.279
1791586836.403,3.432,24.938,-24.975,2.559,22.990,61.227,0.000,0.000,0.374,-1.277
1791586836.413,3.432,24.938,-24.975,2.559,22.990,61.227,0.000,0.000,0.385,-1.292
1791586836.423,3.432,24.938,-24.975,2.559,22.990,61.227,0.000,0.000,0.378,-1.276
1791586836.433,3.432,24.938,-24.975,2.559,22.990,61.227,0.000,0.000,0.375,-1.296
1791586836.443,3.432,24.938,-24.975,2.559,22.990,61.227,0.000,0.000,0.372,-1.285
1791586836.453,3.432,24.938,-24.975,2.559,22.990,61.227,0.000,0.000,0.375,-1.297
1791586836.463,3.432,24.938,-24.975,2.559,22.990,61.227,0.000,0.000,0.370,-1.289
1791586836.473,3.432,24.938,-24.975,2.559,22.990,61.227,0.000,0.000,0.371,-1.291
1791586836.483,3.432,24.938,-24.975,2.559,22.990,61.227,0.000,0.000,0.377,-1.288
1791586836.494,3.432,24.938,-24.975,2.559,22.990,61.227,0.000,0.000,0.360,-1.292
1791586836.504,3.432,24.938,-24.975,2.559,22.990,61.227,0.000,0.000,0.377,-1.296
1791586836.514,3.432,24.938,-24.975,2.559,22.990,61.227,0.000,0.000,0.378,-1.299
1791586836.524,3.432,24.938,-24.975,2.559,22.990,61.227,0.000,0.000,0.360,-1.295
1791586836.534,3.432,24.938,-24.975,2.559,22.990,61.227,0.000,0.000,0.364,-1.306
1791586836.544,3.432,24.938,-24.975,2.559,22.990,61.227,0.000,0.000,0.354,-1.309
1791586836.554,3.432,24.938,-24.975,2.559,22.990,61.227,0.000,0.000,0.365,-1.308
1791586836.564,3.432,24.938,-24.975,2.559,22.990,61.227,0.000,0.000,0.362,-1.307
1791586836.574,3.432,24.938,-24.975,2.559,22.990,61.227,0.000,0.000,0.359,-1.306
1791586836.585,3.432,24.938,-24.975,2.559,22.990,61.227,0.000,0.000,0.359,-1.311
1791586836.595,3.432,24.938,-24.975,2.559,22.990,61.227,0.000,0.000,0.364,-1.307
1791586836.605,3.432,24.938,-24.975,2.559,22.990,61.227,0.000,0.000,0.348,-1.315
1791586836.615,3.432,24.938,-24.975,2.559,22.990,61.227,0.000,0.000,0.343,-1.310
1791586836.625,3.432,24.938,-24.975,2.559,22.990,61.227,0.000,0.000,0.345,-1.315
1791586836.635,3.432,24.938,-24.975,2.559,22.990,61.227,0.000,0.000,0.358,-1.322
1791586836.645,3.432,24.938,-24.975,2.559,22.990,61.227,0.000,0.000,0.346,-1.315
1791586836.655,3.432,24.938,-24.975,2.559,22.990,61.227,0.000,0.000,0.347,-1.332
1791586836.665,3.432,24.938,-24.975,2.559,22.990,61.227,0.000,0.000,0.337,-1.327
1791586836.675,3.432,24.938,-24.975,2.559,22.990,61.227,0.000,0.000,0.357,-1.326
1791586836.685,3.432,24.938,-24.975,2.559,22.990,61.227,0.000,0.000,0.341,-1.325
1791586836.696,3.432,24.938,-24.975,2.559,22.990,61.227,0.000,-0.002,0.338,-1.247
1791586836.706,3.432,24.938,-24.975,2.559,22.990,61.227,0.000,0.000,0.348,-1.311
1791586836.716,3.432,24.938,-24.975,2.559,22.990,61.227,0.000,0.000,0.326,-1.293
1791586836.726,3.432,24.938,-24.975,2.559,22.990,61.227,0.000,0.000,0.331,-1.299
1791586836.736,3.432,24.938,-24.975,2.559,22.990,61.227,0.000,0.000,0.333,-1.293
1791586836.746,3.432,24.938,-24.975,2.559,22.990,61.227,0.000,0.000,0.336,-1.303
1791586836.756,3.432,24.938,-24.975,2.559,22.990,61.227,0.000,0.000,0.330,-1.308
1791586836.766,3.432,24.938,-24.975,2.559,22.990,61.227,0.000,0.000,0.326,-1.293
1791586836.776,3.432,24.938,-24.975,2.559,22.990,61.227,-0.005,0.000,0.394,-1.300
1791586836.786,3.432,24.938,-24.975,2.559,22.990,61.227,0.000,0.000,0.354,-1.296
1791586836.796,3.432,24.938,-24.975,2.559,22.990,61.227,0.000,0.000,0.338,-1.313
1791586836.807,3.432,24.938,-24.975,2.559,22.990,61.227,0.000,0.000,0.347,-1.311
1791586836.817,3.432,24.938,-24.975,2.559,22.990,61.227,0.000,0.000,0.356,-1.310
1791586836.827,3.432,24.938,-24.975,2.559,22.990,61.227,0.000,0.000,0.368,-1.306
1791586836.837,3.432,24.938,-24.975,2.559,22.990,61.227,0.000,0.000,0.354,-1.303
1791586836.847,3.432,24.938,-24.975,2.559,22.990,61.227,0.000,0.000,0.367,-1.306
1791586836.857,3.432,24.938,-24.975,2.559,22.990,61.227,0.000,0.000,0.359,-1.312
1791586836.867,3.432,24.938,-24.975,2.559,22.990,61.227,0.000,0.000,0.353,-1.305
1791586836.877,3.432,24.938,-24.975,2.559,22.990,61.227,0.000,0.000,0.346,-1.309
1791586836.887,3.432,24.938,-24.975,2.559,22.990,61.227,0.000,0.000,0.361,-1.313
1791586836.897,3.432,24.938,-24.975,2.559,22.990,61.227,0.000,0.000,0.352,-1.309
1791586836.907,3.432,24.938,-24.975,2.559,22.990,61.227,0.000,0.000,0.348,-1.311
1791586836.918,3.432,24.938,-24.975,2.559,22.990,61.227,0.000,0.000,0.343,-1.303
1791586836.928,3.432,24.938,-24.975,2.559,22.990,61.227,0.000,0.000,0.372,-1.307
1791586836.938,3.432,24.938,-24.975,2.559,22.990,61.227,0.000,0.000,0.365,-1.311
1791586836.948,3.432,24.938,-24.975,2.559,22.990,61.227,0.000,0.000,0.353,-1.314
1791586836.958,3.432,24.938,-24.975,2.559,22.990,61.227,0.000,0.000,0.349,-1.316
1791586836.968,3.432,24.938,-24.975,2.559,22.990,61.227,0.000,0.000,0.344,-1.308
1791586836.978,3.432,24.938,-24.975,2.559,22.990,61.227,0.000,0.000,0.349,-1.301
1791586836.988,3.432,24.938,-24.975,2.559,22.990,61.227,0.000,0.000,0.345,-1.305
1791586836.998,3.432,24.938,-24.975,2.559,22.990,61.227,0.000,0.000,0.350,-1.322
1791586837.008,3.432,24.938,-24.975,2.559,22.990,61.227,0.000,0.000,0.357,-1.325
1791586837.018,3.432,24.938,-24.975,2.559,22.990,61.227,0.000,0.000,0.358,-1.309
1791586837.028,3.432,24.938,-24.975,2.559,22.990,61.227,0.000,0.000,0.350,-1.313
1791586837.039,3.432,24.938,-24.975,2.559,22.990,61.227,0.000,0.000,0.348,-1.316
1791586837.049,3.432,24.938,-24.975,2.559,22.990,61.227,0.000,0.000,0.320,-1.322
1791586837.059,3.432,24.938,-24.975,2.559,22.990,61.227,0.000,0.000,0.354,-1.315
1791586837.069,3.432,24.938,-24.975,2.559,22.990,61.227,0.000,0.000,0.358,-1.312
1791586837.079,3.432,24.938,-24.975,2.559,22.990,61.227,0.000,0.000,0.342,-1.320
1791586837.089,3.432,24.938,-24.975,2.559,22.990,61.227,0.000,0.000,0.345,-1.325
1791586837.099,3.432,24.938,-24.975,2.559,22.990,61.227,0.000,0.000,0.345,-1.320
1791586837.109,3.432,24.938,-24.975,2.559,22.990,61.227,0.000,0.000,0.339,-1.312
1791586837.119,3.432,24.938,-24.975,2.559,22.990,61.227,0.000,0.000,0.349,-1.321
1791586837.130,3.432,24.938,-24.975,2.559,22.990,61.227,0.000,0.000,0.356,-1.318
1791586837.140,3.432,24.938,-24.975,2.559,22.990,61.227,0.000,0.000,0.352,-1.316
1791586837.150,3.432,24.938,-24.975,2.559,22.990,61.227,0.000,0.000,0.348,-1.321
1791586837.160,3.432,24.938,-24.975,2.559,22.990,61.227,0.000,0.000,0.359,-1.307
1791586837.170,3.432,24.938,-24.975,2.559,22.990,61.227,0.000,0.000,0.345,-1.316
1791586837.180,3.432,24.938,-24.975,2.559,22.990,61.227,0.000,0.000,0.344,-1.320
1791586837.190,3.432,24.938,-24.975,2.559,22.990,61.227,0.000,0.000,0.342,-1.316
1791586837.200,3.432,24.938,-24.975,2.559,22.990,61.227,0.000,0.000,0.352,-1.320
1791586837.210,3.432,24.938,-24.975,2.559,22.990,61.227,0.000,0.000,0.335,-1.311
1791586837.220,3.432,24.938,-24.975,2.559,22.990,61.227,0.000,0.000,0.352,-1.314
1791586837.230,3.432,24.938,-24.975,2.559,22.990,61.227,0.000,0.000,0.366,-1.313
1791586837.241,3.432,24.938,-24.975,2.559,22.990,61.227,0.000,0.000,0.346,-1.319
1791586837.251,3.432,24.938,-24.975,2.559,22.990,61.227,0.000,0.000,0.345,-1.317
1791586837.261,3.432,24.938,-24.975,2.559,22.990,61.227,0.000,0.000,0.344,-1.321
1791586837.271,3.432,24.938,-24.975,2.559,22.990,61.227,0.000,0.000,0.341,-1.317
1791586837.281,3.432,24.938,-24.975,2.559,22.990,61.227,0.000,0.000,0.344,-1.318
1791586837.291,3.432,24.938,-24.975,2.559,22.990,61.227,0.000,0.000,0.347,-1.333
1791586837.301,3.432,24.938,-24.975,2.559,22.990,61.227,0.000,0.000,0.344,-1.328
1791586837.311,3.432,24.938,-24.975,2.559,22.990,61.227,0.000,0.000,0.340,-1.327
1791586837.321,3.432,24.938,-24.975,2.559,22.990,61.227,0.000,0.000,0.341,-1.328
1791586837.331,3.432,24.938,-24.975,2.559,22.990,61.227,0.000,0.000,0.352,-1.329
1791586837.341,3.432,24.938,-24.975,2.559,22.990,61.227,0.000,0.000,0.274,-1.284
1791586837.351,3.432,24.938,-24.975,2.559,22.990,61.227,-0.037,0.053,0.176,-0.948
1791586837.362,3.432,24.938,-24.975,2.559,22.990,61.227,-0.058,0.046,-0.019,-0.737
1791586837.372,3.432,24.938,-24.975,2.559,22.990,61.227,-0.193,0.103,0.082,-0.670
1791586837.382,3.432,24.735,-24.850,2.559,22.851,61.227,-0.176,0.228,-0.022,-0.566
1791586837.392,3.432,24.606,-24.708,2.559,22.875,61.227,-0.283,0.241,0.101,-0.542
1791586837.402,3.432,24.367,-24.448,2.559,22.875,61.227,-0.377,0.365,0.052,-0.647
1791586837.412,3.432,24.218,-24.300,2.559,22.875,61.227,-0.331,0.400,0.042,-0.742
1791586837.422,3.432,24.044,-23.961,2.559,22.875,61.227,-0.395,0.493,0.090,-0.819
1791586837.432,3.432,23.673,-23.771,2.559,22.875,61.227,-0.501,0.481,0.286,-0.743
1791586837.442,3.432,23.472,-23.565,2.559,22.875,61.227,-0.506,0.520,0.236,-0.707
1791586837.452,3.432,23.038,-23.123,2.559,22.875,61.227,-0.570,0.563,0.145,-0.740
1791586837.462,3.432,22.803,-22.885,2.559,22.875,61.227,-0.580,0.617,0.104,-0.656
1791586837.473,3.432,22.321,-22.398,2.559,22.875,61.227,-0.601,0.579,0.152,-0.716
1791586837.483,3.432,22.087,-22.150,2.559,22.875,61.227,-0.592,0.611,0.072,-0.766
1791586837.493,3.432,21.590,-21.665,2.559,22.985,61.227,-0.612,0.600,0.215,-0.866
1791586837.503,3.432,21.339,-21.418,2.559,22.991,61.227,-0.639,0.580,0.378,-0.823
1791586837.513,3.432,21.098,-21.168,2.559,22.991,61.227,-0.594,0.637,0.285,-0.946
1791586837.523,3.432,20.611,-20.707,2.559,22.991,61.227,-0.619,0.559,0.378,-0.713
1791586837.533,3.432,20.382,-20.456,2.559,22.991,61.227,-0.572,0.613,0.231,-0.862
1791586837.543,3.432,19.903,-19.995,2.559,22.991,61.227,-0.589,0.589,0.227,-0.729
1791586837.553,3.432,19.672,-19.754,2.559,22.991,61.227,-0.597,0.571,0.270,-0.713
1791586837.563,3.432,19.198,-19.274,2.559,22.991,61.227,-0.563,0.631,0.210,-0.853
1791586837.573,3.432,18.952,-19.032,2.559,22.991,61.227,-0.624,0.584,0.369,-0.760
1791586837.584,3.432,18.718,-18.793,2.559,22.991,61.227,-0.591,0.585,0.250,-0.758
1791586837.594,3.432,18.236,-18.305,2.559,22.991,61.227,-0.605,0.593,0.269,-0.863
1791586837.604,3.432,18.003,-18.057,2.559,22.991,61.227,-0.597,0.601,0.330,-0.864
1791586837.614,3.432,17.530,-17.579,2.559,22.991,61.227,-0.547,0.613,0.176,-0.851
1791586837.624,3.432,17.282,-17.351,2.559,22.991,61.227,-0.626,0.555,0.369,-0.749
1791586837.634,3.432,16.817,-16.870,2.559,22.991,61.227,-0.589,0.585,0.246,-0.742
1791586837.644,3.432,16.339,-16.644,2.559,22.991,61.227,-0.598,0.594,0.269,-0.760
1791586837.654,3.432,16.095,-16.165,2.559,22.991,61.227,-0.585,0.569,0.296,-0.737
1791586837.664,3.432,15.609,-15.688,2.559,22.991,61.227,-0.562,0.637,0.237,-0.903
1791586837.674,3.432,15.374,-15.453,2.559,22.991,61.227,-0.630,0.566,0.394,-0.732
1791586837.684,3.432,15.138,-15.202,2.559,22.991,61.227,-0.586,0.639,0.315,-0.909
1791586837.695,3.432,14.819,-14.732,2.559,22.991,61.227,-0.611,0.586,0.332,-0.826
1791586837.705,3.432,14.576,-14.484,2.559,22.991,61.227,-0.605,0.608,0.363,-0.821
1791586837.715,3.432,14.096,-14.010,2.559,22.991,61.227,-0.623,0.586,0.378,-0.859
1791586837.725,3.432,13.858,-13.764,2.559,22.991,61.227,-0.588,0.588,0.342,-0.813
1791586837.735,3.432,13.371,-13.287,2.559,22.991,61.227,-0.595,0.605,0.325,-0.871
1791586837.745,3.432,13.138,-13.044,2.559,22.991,61.227,-0.573,0.582,0.283,-0.875
1791586837.755,3.432,12.891,-12.811,2.559,22.991,61.227,-0.602,0.629,0.349,-0.888
1791586837.765,3.432,12.408,-12.331,2.559,22.991,61.227,-0.620,0.588,0.360,-0.885
1791586837.775,3.432,12.164,-12.099,2.559,22.991,61.227,-0.587,0.568,0.316,-0.732
1791586837.785,3.432,11.682,-11.626,2.559,22.991,61.227,-0.607,0.576,0.329,-0.744
1791586837.796,3.432,11.440,-11.392,2.559,22.991,61.227,-0.616,0.586,0.380,-0.724
1791586837.806,3.432,10.960,-10.908,2.559,22.991,61.227,-0.568,0.606,0.294,-0.706
1791586837.816,3.432,10.714,-10.679,2.559,22.991,61.227,-0.614,0.581,0.385,-0.756
1791586837.826,3.432,10.470,-10.192,2.559,22.991,61.227,-0.597,0.629,0.403,-0.795
1791586837.836,3.432,9.987,-9.953,2.559,22.991,61.227,-0.609,0.604,0.385,-0.837
1791586837.846,3.432,9.738,-9.718,2.559,22.991,61.227,-0.605,0.569,0.471,-0.742
1791586837.856,3.432,9.263,-9.235,2.559,22.991,61.227,-0.556,0.631,0.363,-0.903
1791586837.866,3.432,9.021,-8.994,2.559,22.991,61.227,-0.595,0.593,0.354,-0.877
1791586837.876,3.432,8.541,-8.510,2.559,22.991,61.227,-0.579,0.634,0.317,-0.939
1791586837.886,3.432,8.300,-8.273,2.559,22.991,61.227,-0.596,0.609,0.324,-0.875
1791586837.896,3.432,8.054,-7.794,2.559,22.991,61.227,-0.618,0.587,0.446,-0.869
1791586837.907,3.432,7.581,-7.559,2.559,22.991,61.227,-0.571,0.600,0.320,-0.773
1791586837.917,3.432,7.335,-7.329,2.559,22.991,61.227,-0.595,0.593,0.334,-0.847
1791586837.927,3.432,6.863,-6.849,2.559,22.991,61.227,-0.584,0.588,0.355,-0.727
1791586837.937,3.432,6.619,-6.610,2.559,22.991,61.227,-0.596,0.629,0.339,-0.911
1791586837.947,3.432,6.142,-6.138,2.559,22.991,61.227,-0.581,0.573,0.315,-0.741
1791586837.957,3.432,5.893,-5.899,2.559,22.991,61.227,-0.588,0.617,0.426,-0.824
1791586837.967,3.432,5.649,-5.425,2.559,22.991,61.227,-0.601,0.566,0.383,-0.729
1791586837.977,3.432,5.168,-5.184,2.559,22.991,61.227,-0.579,0.620,0.380,-0.810
1791586837.987,3.432,4.926,-4.948,2.559,22.991,61.227,-0.596,0.592,0.359,-0.799
1791586837.997,3.432,4.448,-4.465,2.559,22.991,61.227,-0.580,0.624,0.358,-0.882
1791586838.007,3.432,4.208,-4.226,2.559,22.991,61.227,-0.585,0.596,0.386,-0.762
1791586838.017,3.432,3.730,-3.747,2.559,22.991,61.227,-0.589,0.581,0.364,-0.836
1791586838.028,3.432,3.492,-3.510,2.559,22.991,61.227,-0.572,0.588,0.385,-0.770
1791586838.038,3.432,3.249,-3.025,2.559,22.991,61.227,-0.581,0.570,0.318,-0.840
1791586838.048,3.432,2.773,-2.794,2.559,22.991,61.227,-0.585,0.560,0.348,-0.730
1791586838.058,3.432,2.533,-2.549,2.559,22.991,61.227,-0.572,0.624,0.340,-0.901
1791586838.068,3.432,2.055,-2.080,2.559,22.991,61.227,-0.585,0.583,0.377,-0.798
1791586838.078,3.432,1.812,-1.842,2.559,22.991,61.227,-0.593,0.582,0.459,-0.838
1791586838.088,3.432,1.373,-1.414,2.559,22.991,61.227,-0.539,0.495,0.584,-0.821
1791586838.098,3.432,1.178,-1.207,2.559,22.991,61.227,-0.456,0.526,0.568,-1.035
1791586838.108,3.432,0.992,-0.859,2.559,22.991,61.227,-0.441,0.369,0.607,-0.888
1791586838.118,3.432,0.669,-0.707,2.559,22.991,61.227,-0.369,0.392,0.642,-1.021
1791586838.128,3.432,0.545,-0.564,2.559,22.991,61.227,-0.279,0.336,0.476,-1.067
1791586838.139,3.432,0.314,-0.322,2.559,22.991,61.227,-0.291,0.294,0.613,-1.196
1791586838.149,3.432,0.298,-0.307,2.559,22.991,61.227,-0.209,0.177,0.484,-0.837
1791586838.159,3.432,0.166,-0.183,2.559,22.991,61.227,-0.149,0.169,0.471,-0.998
1791586838.169,3.432,0.000,-0.051,2.559,22.991,61.227,-0.143,0.152,0.712,-0.998
1791586838.179,3.432,-0.039,0.021,2.559,22.991,61.227,-0.050,0.043,0.568,-1.058
1791586838.189,3.432,-0.045,-0.022,2.559,22.991,61.227,-0.043,0.053,0.620,-1.081
1791586838.199,3.432,-0.045,-0.022,2.559,22.991,61.227,0.023,0.000,0.608,-1.097
1791586838.209,3.432,-0.045,-0.022,2.559,22.991,61.227,0.014,0.000,0.626,-1.118
1791586838.219,3.432,-0.045,-0.022,2.559,22.991,61.227,0.018,-0.020,0.592,-1.050
1791586838.229,3.432,0.000,-0.022,2.559,22.991,61.227,0.009,0.000,0.544,-1.108
1791586838.240,3.432,0.000,-0.022,2.559,22.991,61.227,0.000,0.000,0.578,-1.111
1791586838.250,3.432,-0.045,-0.022,2.559,22.991,61.227,-0.020,0.000,0.681,-1.130
1791586838.260,3.432,-0.045,-0.022,2.559,22.991,61.227,0.000,0.000,0.632,-1.130
1791586838.270,3.432,-0.045,-0.022,2.559,22.991,61.227,0.000,-0.004,0.630,-1.058
1791586838.280,3.432,-0.045,-0.022,2.559,22.991,61.227,0.000,0.000,0.630,-1.131
1791586838.290,3.432,0.000,-0.022,2.559,22.991,61.227,0.000,0.000,0.601,-1.124
1791586838.300,3.432,0.000,-0.022,2.559,22.991,61.227,0.000,0.000,0.604,-1.136
1791586838.310,3.432,0.000,-0.022,2.559,22.991,61.227,0.000,0.000,0.618,-1.134
1791586838.320,3.432,0.000,-0.022,2.559,22.991,61.227,0.000,0.000,0.639,-1.151
1791586838.330,3.432,0.000,-0.022,2.559,22.991,61.227,0.000,0.000,0.640,-1.156
1791586838.341,3.432,0.000,-0.022,2.559,22.991,61.227,0.000,-0.026,0.632,-1.138
1791586838.351,3.432,0.000,0.000,2.559,22.991,61.227,0.000,-0.026,0.616,-1.070
1791586838.361,3.432,0.000,0.000,2.559,22.991,61.227,0.000,0.000,0.636,-1.104
1791586838.371,3.432,0.000,0.000,2.559,22.991,61.227,0.000,0.000,0.646,-1.114
1791586838.381,3.432,0.000,0.000,2.559,22.991,61.227,0.000,0.000,0.655,-1.119
1791586838.391,3.432,0.000,0.000,2.559,22.991,61.227,0.000,0.000,0.656,-1.128
1791586838.401,3.432,0.000,0.000,2.559,22.991,61.227,0.000,-0.006,0.668,-1.093
1791586838.411,3.432,0.000,0.000,2.559,22.991,61.227,0.000,0.000,0.661,-1.113
1791586838.421,3.432,0.000,0.000,2.559,22.991,61.227,0.000,0.000,0.685,-1.123
1791586838.431,3.432,0.000,0.000,2.559,22.991,61.227,0.004,0.000,0.600,-1.115
1791586838.441,3.432,0.000,0.000,2.559,22.991,61.227,0.000,0.000,0.655,-1.128
1791586838.452,3.432,0.000,0.000,2.559,22.991,61.227,0.000,0.000,0.655,-1.135
1791586838.462,3.432,0.000,0.000,2.559,22.991,61.227,0.000,0.000,0.670,-1.142
1791586838.472,3.432,0.000,0.000,2.559,22.991,61.227,0.000,0.000,0.666,-1.132
1791586838.482,3.432,0.000,0.000,2.559,22.991,61.227,0.000,-0.010,0.668,-1.107
1791586838.492,3.432,0.000,0.000,2.559,22.991,61.227,0.000,-0.014,0.684,-1.068
1791586838.502,3.432,0.000,0.000,2.559,22.991,61.227,0.000,0.000,0.675,-1.098
1791586838.512,3.432,0.000,0.000,2.559,22.991,61.227,0.000,0.000,0.675,-1.106
1791586838.522,3.432,0.000,0.000,2.559,22.991,61.227,0.000,0.000,0.687,-1.113
1791586838.532,3.432,0.000,0.000,2.559,22.991,61.227,0.000,0.000,0.683,-1.112
1791586838.542,3.432,0.000,0.000,2.559,22.991,61.227,0.014,0.000,0.678,-1.120
1791586838.552,3.432,0.000,0.000,2.559,22.991,61.227,0.000,0.000,0.680,-1.114
1791586838.562,3.432,0.000,0.000,2.559,22.991,61.227,0.000,0.000,0.692,-1.119
1791586838.573,3.432,0.000,0.000,2.559,22.991,61.227,0.000,0.000,0.685,-1.122
1791586838.583,3.432,0.000,0.000,2.559,22.991,61.227,0.000,0.000,0.688,-1.128
1791586838.593,3.432,0.000,0.000,2.559,22.991,61.227,0.000,0.000,0.688,-1.125
1791586838.603,3.432,0.000,0.000,2.559,22.991,61.227,0.005,0.000,0.641,-1.123
1791586838.613,3.432,0.000,0.000,2.559,22.991,61.227,0.000,0.000,0.676,-1.130
1791586838.623,3.432,0.000,0.000,2.559,22.991,61.227,0.000,0.000,0.674,-1.123
1791586838.633,3.432,0.000,0.000,2.559,22.991,61.227,0.000,0.000,0.689,-1.123
1791586838.643,3.432,0.000,0.000,2.559,22.991,61.227,0.000,0.000,0.683,-1.132
1791586838.653,3.432,0.000,0.000,2.559,22.991,61.227,0.000,0.000,0.684,-1.127
1791586838.663,3.432,0.000,0.000,2.559,22.991,61.227,0.000,0.000,0.681,-1.131
1791586838.673,3.432,0.000,0.000,2.559,22.991,61.227,0.000,0.000,0.696,-1.136
1791586838.684,3.432,0.000,0.000,2.559,22.991,61.227,0.000,0.000,0.678,-1.131
1791586838.694,3.432,0.000,0.000,2.559,22.991,61.227,0.011,0.000,0.702,-1.112
1791586838.704,3.432,0.000,0.000,2.559,22.991,61.227,0.000,0.000,0.676,-1.129
1791586838.714,3.432,0.000,0.000,2.559,22.991,61.227,0.000,0.000,0.677,-1.130
1791586838.724,3.432,0.000,0.000,2.559,22.991,61.227,0.000,0.000,0.680,-1.130
1791586838.734,3.432,0.000,0.000,2.559,22.991,61.227,0.000,0.000,0.653,-1.136
1791586838.744,3.432,0.000,0.000,2.559,22.991,61.227,0.000,0.000,0.666,-1.129
1791586838.754,3.432,0.000,0.000,2.559,22.991,61.227,0.000,0.000,0.661,-1.138
1791586838.764,3.432,0.000,0.000,2.559,22.991,61.227,0.000,0.000,0.657,-1.133
1791586838.774,3.432,0.000,0.000,2.559,22.991,61.227,0.000,0.000,0.669,-1.108
1791586838.785,3.432,0.000,0.000,2.559,22.991,61.227,0.000,0.000,0.664,-1.112
1791586838.795,3.432,0.000,0.000,2.559,22.991,61.227,0.000,0.000,0.658,-1.120
1791586838.805,3.432,0.000,0.000,2.559,22.991,61.227,0.000,0.000,0.664,-1.108
1791586838.815,3.432,0.000,0.000,2.559,22.991,61.227,0.000,0.000,0.657,-1.115
1791586838.825,3.432,0.000,0.000,2.559,22.991,61.227,0.000,0.000,0.661,-1.111
1791586838.835,3.432,0.000,0.000,2.559,22.991,61.227,0.000,0.000,0.670,-1.116
1791586838.845,3.432,0.000,0.000,2.559,22.991,61.227,0.000,0.000,0.662,-1.112
1791586838.855,3.432,0.000,0.000,2.559,22.991,61.227,0.000,0.000,0.653,-1.115
1791586838.865,3.432,0.000,0.000,2.559,22.991,61.227,0.000,0.000,0.664,-1.117
1791586838.875,3.432,0.000,0.000,2.559,22.991,61.227,0.000,0.000,0.663,-1.113
1791586838.886,3.432,0.000,0.000,2.559,22.991,61.227,0.000,0.000,0.661,-1.112
1791586838.896,3.432,0.000,0.000,2.559,22.991,61.227,0.000,0.000,0.664,-1.122
1791586838.906,3.432,0.000,0.000,2.559,22.991,61.227,0.000,0.000,0.671,-1.124
1791586838.916,3.432,0.000,0.000,2.559,22.991,61.227,0.000,0.000,0.673,-1.112
1791586838.926,3.432,0.000,0.000,2.559,22.991,61.227,0.000,0.000,0.662,-1.117
1791586838.936,3.432,0.000,0.000,2.559,22.991,61.227,0.000,0.000,0.668,-1.115
1791586838.946,3.432,0.000,0.000,2.559,22.991,61.227,0.000,0.000,0.666,-1.117
1791586838.956,3.432,0.000,0.000,2.559,22.991,61.227,0.000,0.000,0.665,-1.114
1791586838.966,3.432,0.000,0.000,2.559,22.991,61.227,0.000,0.000,0.668,-1.124
1791586838.976,3.432,0.000,0.000,2.559,22.991,61.227,0.000,0.000,0.664,-1.119
1791586838.986,3.432,0.000,0.000,2.559,22.991,61.227,0.000,0.000,0.661,-1.113
1791586838.997,3.432,0.000,0.000,2.559,22.991,61.227,0.000,0.000,0.669,-1.121
1791586839.007,3.432,0.000,0.000,2.559,22.991,61.227,0.000,0.000,0.677,-1.115
1791586839.017,3.432,0.000,0.000,2.559,22.991,61.227,0.000,0.000,0.673,-1.117
1791586839.027,3.432,0.000,0.000,2.559,22.991,61.227,0.000,0.000,0.667,-1.103
1791586839.037,3.432,0.000,0.000,2.559,22.991,61.227,0.000,0.000,0.667,-1.121
1791586839.047,3.432,0.000,0.000,2.559,22.991,61.227,0.000,0.000,0.671,-1.121
1791586839.057,3.432,0.000,0.000,2.559,22.991,61.227,0.000,0.000,0.667,-1.115
1791586839.067,3.432,0.000,0.000,2.559,22.991,61.227,0.000,0.000,0.666,-1.128
1791586839.077,3.432,0.000,0.000,2.559,22.991,61.227,0.000,0.000,0.669,-1.128
1791586839.087,3.432,0.000,0.000,2.559,22.991,61.227,0.000,0.000,0.669,-1.124
1791586839.097,3.432,0.000,0.000,2.559,22.991,61.227,0.000,0.000,0.672,-1.126
1791586839.108,3.432,0.000,0.000,2.559,22.991,61.227,0.000,0.000,0.673,-1.123
1791586839.118,3.432,0.000,0.000,2.559,22.991,61.227,0.000,0.000,0.673,-1.120
1791586839.128,3.432,0.000,0.000,2.559,22.991,61.227,0.000,0.000,0.665,-1.121
1791586839.138,3.432,0.000,0.000,2.559,22.991,61.227,0.000,0.000,0.673,-1.121
1791586839.148,3.432,0.000,0.000,2.559,22.991,61.227,0.000,0.000,0.651,-1.116
1791586839.158,3.432,0.000,0.000,2.559,22.991,61.227,0.000,0.000,0.672,-1.122
1791586839.168,3.432,0.000,0.000,2.559,22.991,61.227,0.000,0.000,0.672,-1.129
1791586839.178,3.432,0.000,0.000,2.559,22.991,61.227,0.000,0.000,0.675,-1.114
1791586839.188,3.432,0.000,0.000,2.559,22.991,61.227,0.000,0.000,0.680,-1.118
1791586839.198,3.432,0.000,0.000,2.559,22.991,61.227,0.000,0.000,0.679,-1.126
1791586839.208,3.432,0.000,0.000,2.559,22.991,61.227,0.000,0.000,0.667,-1.115
1791586839.219,3.432,0.000,0.000,2.559,22.991,61.227,0.000,0.000,0.670,-1.120
1791586839.229,3.432,0.000,0.000,2.559,22.991,61.227,0.000,0.000,0.678,-1.119
1791586839.239,3.432,0.000,0.000,2.559,22.991,61.227,0.000,0.000,0.678,-1.126
1791586839.249,3.432,0.000,0.000,2.559,22.991,61.227,0.000,0.000,0.680,-1.133
1791586839.259,3.432,0.000,0.000,2.559,22.991,61.227,0.000,0.000,0.666,-1.114
1791586839.269,3.432,0.000,0.000,2.559,22.991,61.227,0.000,0.000,0.670,-1.135
1791586839.279,3.432,0.000,0.000,2.559,22.991,61.227,0.000,0.000,0.682,-1.119
1791586839.289,3.432,0.000,0.000,2.559,22.991,61.227,0.000,0.000,0.675,-1.117
1791586839.299,3.432,0.000,0.000,2.559,22.991,61.227,0.000,0.000,0.674,-1.121
1791586839.309,3.432,0.000,0.000,2.559,22.991,61.227,0.000,0.000,0.673,-1.129
1791586839.320,3.432,0.000,0.000,2.559,22.991,61.227,0.000,0.000,0.679,-1.117
1791586839.330,3.432,0.000,0.000,2.559,22.991,61.227,0.000,0.000,0.685,-1.124
1791586839.340,3.432,0.000,0.000,2.559,22.991,61.227,0.000,0.000,0.677,-1.124
1791586839.350,3.432,0.000,0.000,2.559,22.991,61.227,0.000,0.000,0.676,-1.118
1791586839.360,3.432,0.000,0.000,2.559,22.991,61.227,0.000,0.000,0.674,-1.131
1791586839.370,3.432,0.000,0.000,2.559,22.991,61.227,0.000,0.000,0.668,-1.121
1791586839.380,3.432,0.000,0.000,2.559,22.991,61.227,0.000,0.000,0.671,-1.123
1791586839.390,3.432,0.000,0.000,2.559,22.991,61.227,0.000,0.000,0.680,-1.129
1791586839.400,3.432,0.000,0.000,2.559,22.991,61.227,0.000,0.000,0.676,-1.125
1791586839.410,3.432,0.000,0.000,2.559,22.991,61.227,0.000,0.000,0.682,-1.115
1791586839.421,3.432,0.000,0.000,2.559,22.991,61.227,0.000,0.000,0.673,-1.127
1791586839.431,3.432,0.000,0.000,2.559,22.991,61.227,0.000,0.000,0.682,-1.127
1791586839.441,3.432,0.000,0.000,2.559,22.991,61.227,0.000,0.000,0.678,-1.129
1791586839.451,3.432,0.000,0.000,2.559,22.991,61.227,0.000,0.000,0.683,-1.120
1791586839.461,3.432,0.000,0.000,2.559,22.991,61.227,0.000,0.000,0.678,-1.135
1791586839.471,3.432,0.000,0.000,2.559,22.991,61.227,0.000,0.000,0.687,-1.112
1791586839.481,3.432,0.000,0.000,2.559,22.991,61.227,0.000,0.000,0.681,-1.131
1791586839.491,3.432,0.000,0.000,2.559,22.991,61.227,0.000,0.000,0.682,-1.120
1791586839.501,3.432,0.000,0.000,2.559,22.991,61.227,0.012,0.000,0.633,-1.129
1791586839.511,3.432,0.000,0.000,2.559,22.991,61.227,0.000,0.000,0.656,-1.132
1791586839.521,3.432,0.000,0.000,2.559,22.991,61.227,0.000,0.000,0.663,-1.124
1791586839.532,3.432,0.000,0.000,2.559,22.991,61.227,0.000,0.000,0.656,-1.110
1791586839.542,3.432,0.000,0.000,2.559,22.991,61.227,0.000,0.000,0.662,-1.128
1791586839.552,3.432,0.000,0.000,2.559,22.991,61.227,0.000,0.000,0.672,-1.123
1791586839.562,3.432,0.000,0.000,2.559,22.991,61.227,0.000,0.000,0.665,-1.122
1791586839.572,3.432,0.000,0.000,2.559,22.991,61.227,0.000,0.000,0.659,-1.127
1791586839.582,3.432,0.000,0.000,2.559,22.991,61.227,0.000,0.000,0.661,-1.123
1791586839.592,3.432,0.000,0.000,2.559,22.991,61.227,0.000,0.000,0.658,-1.122
1791586839.602,3.432,0.000,0.000,2.559,22.991,61.227,0.000,0.000,0.653,-1.122
1791586839.612,3.432,0.000,0.000,2.559,22.991,61.227,0.000,0.000,0.653,-1.122
1791586839.622,3.432,-0.350,0.609,2.559,23.627,61.227,-1.123,2.325,0.664,-1.122
1791586839.632,3.432,-0.462,0.600,2.439,23.484,61.227,-0.347,0.047,0.664,-1.122
1791586839.642,3.432,-1.044,1.077,2.457,23.899,61.227,-0.885,1.039,0.664,-1.122
1791586839.653,3.432,-1.401,1.478,2.457,24.198,61.227,-0.874,0.966,0.664,-1.122
1791586839.663,3.432,-2.125,2.172,2.457,25.265,61.117,-0.778,0.743,0.664,-1.122
1791586839.673,3.432,-2.275,2.174,2.440,24.890,61.137,-0.217,-0.214,0.664,-1.122
1791586839.683,3.333,-2.261,1.957,2.339,24.916,61.137,0.065,-0.052,0.664,-1.122
1791586839.693,3.333,-2.155,2.001,2.433,24.495,61.254,0.051,0.167,0.664,-1.122
1791586839.703,3.333,-2.177,2.001,2.477,24.303,61.241,-0.034,0.147,0.664,-1.122
1791586839.713,3.333,-2.177,2.001,2.477,24.295,61.241,0.152,-0.065,0.664,-1.122
1791586839.723,3.333,-1.966,2.001,2.350,24.295,61.241,0.297,0.036,0.664,-1.122
1791586839.733,3.333,-1.959,2.001,2.366,24.295,61.241,-0.161,0.000,0.664,-1.122
1791586839.743,3.333,-1.959,2.001,2.366,24.295,61.241,-0.114,0.000,0.664,-1.122
1791586839.753,3.333,-1.959,2.001,2.366,24.165,61.241,0.010,0.009,0.664,-1.122
1791586839.764,3.333,-1.959,2.001,2.366,24.184,61.241,-0.020,0.010,0.664,-1.122
1791586839.774,3.333,-1.959,2.001,2.366,24.184,61.241,0.016,0.000,0.664,-1.122
1791586839.784,3.333,-1.959,2.001,2.366,24.184,61.241,0.011,0.000,0.664,-1.122
1791586839.794,3.333,-1.959,2.001,2.366,24.184,61.241,0.000,-0.001,0.664,-1.122
1791586839.804,3.333,-1.959,2.001,2.366,24.302,61.241,0.000,0.000,0.664,-1.122
1791586839.814,3.333,-1.959,2.001,2.366,24.302,61.241,0.000,0.000,0.664,-1.122
1791586839.824,3.333,-1.959,2.001,2.366,24.302,61.241,0.000,0.000,0.664,-1.122
1791586839.834,3.333,-1.959,2.001,2.366,24.084,61.241,0.000,0.015,0.664,-1.122
1791586839.844,3.333,-1.959,2.001,2.366,24.125,61.241,0.000,0.016,0.664,-1.122
1791586839.854,3.333,-1.959,2.001,2.366,24.125,61.241,0.000,0.000,0.664,-1.122
1791586839.865,3.333,-1.959,2.001,2.366,24.125,61.241,0.000,-0.034,0.664,-1.122
1791586839.875,3.333,-1.959,2.001,2.366,24.125,61.241,0.000,-0.002,0.664,-1.122
1791586839.885,3.333,-1.959,2.001,2.366,24.244,61.241,0.000,0.000,0.664,-1.122
1791586839.895,3.333,-1.959,2.001,2.366,24.252,61.241,0.000,0.000,0.664,-1.122
1791586839.905,3.333,-1.959,2.001,2.366,24.252,61.241,0.000,0.000,0.664,-1.122
1791586839.915,3.333,-1.959,2.001,2.366,24.121,61.241,0.000,0.000,0.664,-1.122
1791586839.925,3.333,-1.959,2.001,2.366,24.121,61.241,0.000,0.000,0.664,-1.122
1791586839.935,3.333,-1.959,2.001,2.366,24.121,61.241,0.000,0.000,0.664,-1.122
1791586839.945,3.333,-1.959,2.001,2.366,24.121,61.241,0.000,-0.010,0.664,-1.122
1791586839.955,3.333,-1.959,2.001,2.366,24.272,61.241,0.000,-0.003,0.664,-1.122
1791586839.965,3.333,-1.959,2.001,2.366,24.272,61.241,0.000,0.000,0.664,-1.122
1791586839.976,3.333,-1.959,2.001,2.366,24.272,61.241,0.000,0.000,0.664,-1.122
1791586839.986,3.333,-1.959,2.001,2.366,24.272,61.241,0.000,0.000,0.664,-1.122
1791586839.996,3.333,-1.959,2.001,2.366,24.163,61.241,0.000,0.000,0.664,-1.122
1791586840.006,3.333,-1.959,2.001,2.366,24.163,61.241,0.000,0.000,0.664,-1.122
1791586840.016,3.333,-1.959,2.001,2.366,24.163,61.241,0.000,0.000,0.664,-1.122
1791586840.026,3.333,-1.959,2.001,2.366,24.163,61.241,0.000,0.000,0.664,-1.122
1791586840.036,3.333,-1.959,2.001,2.366,24.163,61.241,0.000,0.000,0.664,-1.122
1791586840.046,3.333,-1.959,2.001,2.366,24.163,61.241,0.000,0.000,0.664,-1.122
1791586840.056,3.333,-1.959,2.001,2.366,24.163,61.241,0.000,0.000,0.664,-1.122
1791586840.066,3.333,-1.959,2.001,2.366,24.163,61.241,0.000,0.000,0.664,-1.122
1791586840.076,3.333,-1.959,2.001,2.366,24.163,61.241,0.000,0.000,0.664,-1.122
1791586840.087,3.333,-1.959,2.001,2.366,24.163,61.241,0.000,0.000,0.664,-1.122
1791586840.097,3.333,-1.959,2.001,2.366,24.163,61.241,0.000,0.000,0.664,-1.122
1791586840.107,3.333,-1.959,2.001,2.366,24.163,61.241,0.000,0.000,0.664,-1.122
1791586840.117,3.333,-1.959,2.001,2.366,24.163,61.241,0.000,0.000,0.664,-1.122
1791586840.127,3.333,-1.959,2.001,2.366,24.163,61.241,0.000,0.000,0.664,-1.122
1791586840.137,3.333,-1.959,2.001,2.366,24.163,61.241,0.000,0.000,0.664,-1.122
1791586840.147,3.333,-1.959,2.001,2.366,24.163,61.241,0.000,0.000,0.664,-1.122
1791586840.157,3.333,-1.959,2.001,2.366,24.163,61.241,0.000,0.000,0.664,-1.122
1791586840.167,3.333,-1.959,2.001,2.366,24.163,61.241,0.000,0.000,0.664,-1.122
1791586840.177,3.333,-1.959,2.001,2.366,24.163,61.241,0.000,0.000,0.664,-1.122
1791586840.188,3.333,-1.959,2.001,2.366,24.163,61.241,0.000,0.000,0.664,-1.122
1791586840.198,3.333,-1.959,2.001,2.366,24.163,61.241,0.000,0.000,0.664,-1.122
1791586840.208,3.333,-1.959,2.001,2.366,24.163,61.241,0.000,0.000,0.664,-1.122
1791586840.218,3.333,-1.959,2.001,2.366,24.163,61.241,0.000,0.000,0.664,-1.122
