ISO-10303-21;
HEADER;
FILE_DESCRIPTION(('Open CASCADE Model'),'2;1');
FILE_NAME('Open CASCADE Shape Model','2026-09-26T07:54:12',('Author'),(
    'Open CASCADE'),'Open CASCADE STEP processor 8.0','build123d',
  'Unknown');
FILE_SCHEMA(('AUTOMOTIVE_DESIGN { 1 0 10303 214 1 1 1 1 }'));
ENDSEC;
DATA;
#1 = APPLICATION_PROTOCOL_DEFINITION('international standard',
  'automotive_design',2000,#2);
#2 = APPLICATION_CONTEXT(
  'core data for automotive mechanical design processes');
#3 = SHAPE_DEFINITION_REPRESENTATION(#4,#10);
#4 = PRODUCT_DEFINITION_SHAPE('','',#5);
#5 = PRODUCT_DEFINITION('design','',#6,#9);
#6 = PRODUCT_DEFINITION_FORMATION('','',#7);
#7 = PRODUCT('COMPOUND','COMPOUND','',(#8));
#8 = PRODUCT_CONTEXT('',#2,'mechanical');
#9 = PRODUCT_DEFINITION_CONTEXT('part definition',#2,'design');
#10 = SHAPE_REPRESENTATION('',(#11,#15,#19,#23,#27,#31,#35,#39,#43,#47,
    #51,#55,#59,#63,#67,#71,#75,#79),#83);
#11 = AXIS2_PLACEMENT_3D('',#12,#13,#14);
#12 = CARTESIAN_POINT('',(0.,0.,0.));
#13 = DIRECTION('',(0.,0.,1.));
#14 = DIRECTION('',(1.,0.,-0.));
#15 = AXIS2_PLACEMENT_3D('',#16,#17,#18);
#16 = CARTESIAN_POINT('',(0.,0.,0.));
#17 = DIRECTION('',(0.,0.,1.));
#18 = DIRECTION('',(1.,0.,-0.));
#19 = AXIS2_PLACEMENT_3D('',#20,#21,#22);
#20 = CARTESIAN_POINT('',(0.,0.,0.));
#21 = DIRECTION('',(0.,0.,1.));
#22 = DIRECTION('',(1.,0.,-0.));
#23 = AXIS2_PLACEMENT_3D('',#24,#25,#26);
#24 = CARTESIAN_POINT('',(0.,0.,-12.69414133914));
#25 = DIRECTION('',(0.,0.,1.));
#26 = DIRECTION('',(1.,0.,-0.));
#27 = AXIS2_PLACEMENT_3D('',#28,#29,#30);
#28 = CARTESIAN_POINT('',(0.,0.,0.));
#29 = DIRECTION('',(0.,0.,1.));
#30 = DIRECTION('',(1.,0.,-0.));
#31 = AXIS2_PLACEMENT_3D('',#32,#33,#34);
#32 = CARTESIAN_POINT('',(0.,0.,0.));
#33 = DIRECTION('',(0.,0.,1.));
#34 = DIRECTION('',(1.,0.,-0.));
#35 = AXIS2_PLACEMENT_3D('',#36,#37,#38);
#36 = CARTESIAN_POINT('',(17.425,0.,-1.457880910683));
#37 = DIRECTION('',(0.,0.,1.));
#38 = DIRECTION('',(1.,0.,0.));
#39 = AXIS2_PLACEMENT_3D('',#40,#41,#42);
#40 = CARTESIAN_POINT('',(17.425,0.,52.517119089317));
#41 = DIRECTION('',(0.,0.,1.));
#42 = DIRECTION('',(1.,0.,0.));
#43 = AXIS2_PLACEMENT_3D('',#44,#45,#46);
#44 = CARTESIAN_POINT('',(17.425,0.,-1.457880910683));
#45 = DIRECTION('',(0.,0.,1.));
#46 = DIRECTION('',(1.,0.,0.));
#47 = AXIS2_PLACEMENT_3D('',#48,#49,#50);
#48 = CARTESIAN_POINT('',(3.869127240819E-15,17.425,-1.457880910683));
#49 = DIRECTION('',(0.,-0.,1.));
#50 = DIRECTION('',(2.22044604925E-16,1.,0.));
#51 = AXIS2_PLACEMENT_3D('',#52,#53,#54);
#52 = CARTESIAN_POINT('',(3.869127240819E-15,17.425,52.517119089317));
#53 = DIRECTION('',(0.,-0.,1.));
#54 = DIRECTION('',(2.22044604925E-16,1.,0.));
#55 = AXIS2_PLACEMENT_3D('',#56,#57,#58);
#56 = CARTESIAN_POINT('',(3.869127240819E-15,17.425,-1.457880910683));
#57 = DIRECTION('',(0.,-0.,1.));
#58 = DIRECTION('',(2.22044604925E-16,1.,0.));
#59 = AXIS2_PLACEMENT_3D('',#60,#61,#62);
#60 = CARTESIAN_POINT('',(-17.425,2.133947047514E-15,-1.457880910683));
#61 = DIRECTION('',(0.,0.,1.));
#62 = DIRECTION('',(-1.,1.224646799147E-16,0.));
#63 = AXIS2_PLACEMENT_3D('',#64,#65,#66);
#64 = CARTESIAN_POINT('',(-17.425,2.133947047514E-15,52.517119089317));
#65 = DIRECTION('',(0.,0.,1.));
#66 = DIRECTION('',(-1.,1.224646799147E-16,0.));
#67 = AXIS2_PLACEMENT_3D('',#68,#69,#70);
#68 = CARTESIAN_POINT('',(-17.425,2.133947047514E-15,-1.457880910683));
#69 = DIRECTION('',(0.,0.,1.));
#70 = DIRECTION('',(-1.,1.224646799147E-16,0.));
#71 = AXIS2_PLACEMENT_3D('',#72,#73,#74);
#72 = CARTESIAN_POINT('',(-3.869127240819E-15,-17.425,-1.457880910683));
#73 = DIRECTION('',(0.,0.,1.));
#74 = DIRECTION('',(-2.22044604925E-16,-1.,0.));
#75 = AXIS2_PLACEMENT_3D('',#76,#77,#78);
#76 = CARTESIAN_POINT('',(-3.869127240819E-15,-17.425,52.517119089317));
#77 = DIRECTION('',(0.,0.,1.));
#78 = DIRECTION('',(-2.22044604925E-16,-1.,0.));
#79 = AXIS2_PLACEMENT_3D('',#80,#81,#82);
#80 = CARTESIAN_POINT('',(-3.869127240819E-15,-17.425,-1.457880910683));
#81 = DIRECTION('',(0.,0.,1.));
#82 = DIRECTION('',(-2.22044604925E-16,-1.,0.));
#83 = ( GEOMETRIC_REPRESENTATION_CONTEXT(3) 
GLOBAL_UNCERTAINTY_ASSIGNED_CONTEXT((#87)) GLOBAL_UNIT_ASSIGNED_CONTEXT(
(#84,#85,#86)) REPRESENTATION_CONTEXT('Context #1',
  '3D Context with UNIT and UNCERTAINTY') );
#84 = ( LENGTH_UNIT() NAMED_UNIT(*) SI_UNIT(.MILLI.,.METRE.) );
#85 = ( NAMED_UNIT(*) PLANE_ANGLE_UNIT() SI_UNIT($,.RADIAN.) );
#86 = ( NAMED_UNIT(*) SI_UNIT($,.STERADIAN.) SOLID_ANGLE_UNIT() );
#87 = UNCERTAINTY_MEASURE_WITH_UNIT(LENGTH_MEASURE(2.E-07),#84,
  'distance_accuracy_value','confusion accuracy');
#88 = PRODUCT_RELATED_PRODUCT_CATEGORY('part',$,(#7));
#89 = SHAPE_DEFINITION_REPRESENTATION(#90,#96);
#90 = PRODUCT_DEFINITION_SHAPE('','',#91);
#91 = PRODUCT_DEFINITION('design','',#92,#95);
#92 = PRODUCT_DEFINITION_FORMATION('','',#93);
#93 = PRODUCT('COMPOUND','COMPOUND','',(#94));
#94 = PRODUCT_CONTEXT('',#2,'mechanical');
#95 = PRODUCT_DEFINITION_CONTEXT('part definition',#2,'design');
#96 = ADVANCED_BREP_SHAPE_REPRESENTATION('',(#11,#97),#554);
#97 = MANIFOLD_SOLID_BREP('',#98);
#98 = CLOSED_SHELL('',(#99,#187,#222,#277,#332,#387,#422,#477,#527));
#99 = ADVANCED_FACE('',(#100),#113,.F.);
#100 = FACE_BOUND('',#101,.T.);
#101 = EDGE_LOOP('',(#102,#136,#159,#186));
#102 = ORIENTED_EDGE('',*,*,#103,.T.);
#103 = EDGE_CURVE('',#104,#104,#106,.T.);
#104 = VERTEX_POINT('',#105);
#105 = CARTESIAN_POINT('',(3.45,0.,-18.0227670753));
#106 = SURFACE_CURVE('',#107,(#112,#124),.PCURVE_S1.);
#107 = CIRCLE('',#108,3.45);
#108 = AXIS2_PLACEMENT_3D('',#109,#110,#111);
#109 = CARTESIAN_POINT('',(0.,0.,-18.0227670753));
#110 = DIRECTION('',(0.,0.,1.));
#111 = DIRECTION('',(1.,0.,-0.));
#112 = PCURVE('',#113,#118);
#113 = CYLINDRICAL_SURFACE('',#114,3.45);
#114 = AXIS2_PLACEMENT_3D('',#115,#116,#117);
#115 = CARTESIAN_POINT('',(0.,0.,-18.0227670753));
#116 = DIRECTION('',(-0.,-0.,-1.));
#117 = DIRECTION('',(1.,0.,0.));
#118 = DEFINITIONAL_REPRESENTATION('',(#119),#123);
#119 = LINE('',#120,#121);
#120 = CARTESIAN_POINT('',(-0.,0.));
#121 = VECTOR('',#122,1.);
#122 = DIRECTION('',(-1.,0.));
#123 = ( GEOMETRIC_REPRESENTATION_CONTEXT(2) 
PARAMETRIC_REPRESENTATION_CONTEXT() REPRESENTATION_CONTEXT('2D SPACE',''
  ) );
#124 = PCURVE('',#125,#130);
#125 = CONICAL_SURFACE('',#126,28.55,0.948066277023);
#126 = AXIS2_PLACEMENT_3D('',#127,#128,#129);
#127 = CARTESIAN_POINT('',(0.,0.,0.));
#128 = DIRECTION('',(0.,0.,1.));
#129 = DIRECTION('',(1.,0.,0.));
#130 = DEFINITIONAL_REPRESENTATION('',(#131),#135);
#131 = LINE('',#132,#133);
#132 = CARTESIAN_POINT('',(0.,-18.0227670753));
#133 = VECTOR('',#134,1.);
#134 = DIRECTION('',(1.,-0.));
#135 = ( GEOMETRIC_REPRESENTATION_CONTEXT(2) 
PARAMETRIC_REPRESENTATION_CONTEXT() REPRESENTATION_CONTEXT('2D SPACE',''
  ) );
#136 = ORIENTED_EDGE('',*,*,#137,.T.);
#137 = EDGE_CURVE('',#104,#138,#140,.T.);
#138 = VERTEX_POINT('',#139);
#139 = CARTESIAN_POINT('',(3.45,0.,-34.2));
#140 = SEAM_CURVE('',#141,(#145,#152),.PCURVE_S1.);
#141 = LINE('',#142,#143);
#142 = CARTESIAN_POINT('',(3.45,0.,-18.0227670753));
#143 = VECTOR('',#144,1.);
#144 = DIRECTION('',(5.490298766388E-17,0.,-1.));
#145 = PCURVE('',#113,#146);
#146 = DEFINITIONAL_REPRESENTATION('',(#147),#151);
#147 = LINE('',#148,#149);
#148 = CARTESIAN_POINT('',(-0.,0.));
#149 = VECTOR('',#150,1.);
#150 = DIRECTION('',(-0.,1.));
#151 = ( GEOMETRIC_REPRESENTATION_CONTEXT(2) 
PARAMETRIC_REPRESENTATION_CONTEXT() REPRESENTATION_CONTEXT('2D SPACE',''
  ) );
#152 = PCURVE('',#113,#153);
#153 = DEFINITIONAL_REPRESENTATION('',(#154),#158);
#154 = LINE('',#155,#156);
#155 = CARTESIAN_POINT('',(-6.28318530718,0.));
#156 = VECTOR('',#157,1.);
#157 = DIRECTION('',(-0.,1.));
#158 = ( GEOMETRIC_REPRESENTATION_CONTEXT(2) 
PARAMETRIC_REPRESENTATION_CONTEXT() REPRESENTATION_CONTEXT('2D SPACE',''
  ) );
#159 = ORIENTED_EDGE('',*,*,#160,.F.);
#160 = EDGE_CURVE('',#138,#138,#161,.T.);
#161 = SURFACE_CURVE('',#162,(#167,#174),.PCURVE_S1.);
#162 = CIRCLE('',#163,3.45);
#163 = AXIS2_PLACEMENT_3D('',#164,#165,#166);
#164 = CARTESIAN_POINT('',(0.,0.,-34.2));
#165 = DIRECTION('',(0.,0.,1.));
#166 = DIRECTION('',(1.,0.,-0.));
#167 = PCURVE('',#113,#168);
#168 = DEFINITIONAL_REPRESENTATION('',(#169),#173);
#169 = LINE('',#170,#171);
#170 = CARTESIAN_POINT('',(-0.,16.177232924694));
#171 = VECTOR('',#172,1.);
#172 = DIRECTION('',(-1.,0.));
#173 = ( GEOMETRIC_REPRESENTATION_CONTEXT(2) 
PARAMETRIC_REPRESENTATION_CONTEXT() REPRESENTATION_CONTEXT('2D SPACE',''
  ) );
#174 = PCURVE('',#175,#180);
#175 = PLANE('',#176);
#176 = AXIS2_PLACEMENT_3D('',#177,#178,#179);
#177 = CARTESIAN_POINT('',(0.,0.,-34.2));
#178 = DIRECTION('',(0.,0.,1.));
#179 = DIRECTION('',(1.,0.,-0.));
#180 = DEFINITIONAL_REPRESENTATION('',(#181),#185);
#181 = CIRCLE('',#182,3.45);
#182 = AXIS2_PLACEMENT_2D('',#183,#184);
#183 = CARTESIAN_POINT('',(0.,0.));
#184 = DIRECTION('',(1.,-0.));
#185 = ( GEOMETRIC_REPRESENTATION_CONTEXT(2) 
PARAMETRIC_REPRESENTATION_CONTEXT() REPRESENTATION_CONTEXT('2D SPACE',''
  ) );
#186 = ORIENTED_EDGE('',*,*,#137,.F.);
#187 = ADVANCED_FACE('',(#188,#191),#175,.F.);
#188 = FACE_BOUND('',#189,.T.);
#189 = EDGE_LOOP('',(#190));
#190 = ORIENTED_EDGE('',*,*,#160,.T.);
#191 = FACE_BOUND('',#192,.T.);
#192 = EDGE_LOOP('',(#193));
#193 = ORIENTED_EDGE('',*,*,#194,.F.);
#194 = EDGE_CURVE('',#195,#195,#197,.T.);
#195 = VERTEX_POINT('',#196);
#196 = CARTESIAN_POINT('',(35.65,0.,-34.2));
#197 = SURFACE_CURVE('',#198,(#203,#210),.PCURVE_S1.);
#198 = CIRCLE('',#199,35.65);
#199 = AXIS2_PLACEMENT_3D('',#200,#201,#202);
#200 = CARTESIAN_POINT('',(0.,0.,-34.2));
#201 = DIRECTION('',(0.,0.,1.));
#202 = DIRECTION('',(1.,0.,-0.));
#203 = PCURVE('',#175,#204);
#204 = DEFINITIONAL_REPRESENTATION('',(#205),#209);
#205 = CIRCLE('',#206,35.65);
#206 = AXIS2_PLACEMENT_2D('',#207,#208);
#207 = CARTESIAN_POINT('',(0.,0.));
#208 = DIRECTION('',(1.,-0.));
#209 = ( GEOMETRIC_REPRESENTATION_CONTEXT(2) 
PARAMETRIC_REPRESENTATION_CONTEXT() REPRESENTATION_CONTEXT('2D SPACE',''
  ) );
#210 = PCURVE('',#211,#216);
#211 = CONICAL_SURFACE('',#212,35.65,0.785398163397);
#212 = AXIS2_PLACEMENT_3D('',#213,#214,#215);
#213 = CARTESIAN_POINT('',(0.,0.,-34.2));
#214 = DIRECTION('',(0.,0.,1.));
#215 = DIRECTION('',(1.,0.,-0.));
#216 = DEFINITIONAL_REPRESENTATION('',(#217),#221);
#217 = LINE('',#218,#219);
#218 = CARTESIAN_POINT('',(0.,0.));
#219 = VECTOR('',#220,1.);
#220 = DIRECTION('',(1.,0.));
#221 = ( GEOMETRIC_REPRESENTATION_CONTEXT(2) 
PARAMETRIC_REPRESENTATION_CONTEXT() REPRESENTATION_CONTEXT('2D SPACE',''
  ) );
#222 = ADVANCED_FACE('',(#223),#211,.T.);
#223 = FACE_BOUND('',#224,.T.);
#224 = EDGE_LOOP('',(#225,#226,#249,#276));
#225 = ORIENTED_EDGE('',*,*,#194,.T.);
#226 = ORIENTED_EDGE('',*,*,#227,.T.);
#227 = EDGE_CURVE('',#195,#228,#230,.T.);
#228 = VERTEX_POINT('',#229);
#229 = CARTESIAN_POINT('',(37.65,0.,-32.2));
#230 = SEAM_CURVE('',#231,(#235,#242),.PCURVE_S1.);
#231 = LINE('',#232,#233);
#232 = CARTESIAN_POINT('',(35.65,0.,-34.2));
#233 = VECTOR('',#234,1.);
#234 = DIRECTION('',(0.707106781187,0.,0.707106781187));
#235 = PCURVE('',#211,#236);
#236 = DEFINITIONAL_REPRESENTATION('',(#237),#241);
#237 = LINE('',#238,#239);
#238 = CARTESIAN_POINT('',(0.,0.));
#239 = VECTOR('',#240,1.);
#240 = DIRECTION('',(0.,1.));
#241 = ( GEOMETRIC_REPRESENTATION_CONTEXT(2) 
PARAMETRIC_REPRESENTATION_CONTEXT() REPRESENTATION_CONTEXT('2D SPACE',''
  ) );
#242 = PCURVE('',#211,#243);
#243 = DEFINITIONAL_REPRESENTATION('',(#244),#248);
#244 = LINE('',#245,#246);
#245 = CARTESIAN_POINT('',(6.28318530718,0.));
#246 = VECTOR('',#247,1.);
#247 = DIRECTION('',(0.,1.));
#248 = ( GEOMETRIC_REPRESENTATION_CONTEXT(2) 
PARAMETRIC_REPRESENTATION_CONTEXT() REPRESENTATION_CONTEXT('2D SPACE',''
  ) );
#249 = ORIENTED_EDGE('',*,*,#250,.F.);
#250 = EDGE_CURVE('',#228,#228,#251,.T.);
#251 = SURFACE_CURVE('',#252,(#257,#264),.PCURVE_S1.);
#252 = CIRCLE('',#253,37.65);
#253 = AXIS2_PLACEMENT_3D('',#254,#255,#256);
#254 = CARTESIAN_POINT('',(0.,0.,-32.2));
#255 = DIRECTION('',(0.,0.,1.));
#256 = DIRECTION('',(1.,0.,-0.));
#257 = PCURVE('',#211,#258);
#258 = DEFINITIONAL_REPRESENTATION('',(#259),#263);
#259 = LINE('',#260,#261);
#260 = CARTESIAN_POINT('',(0.,2.));
#261 = VECTOR('',#262,1.);
#262 = DIRECTION('',(1.,0.));
#263 = ( GEOMETRIC_REPRESENTATION_CONTEXT(2) 
PARAMETRIC_REPRESENTATION_CONTEXT() REPRESENTATION_CONTEXT('2D SPACE',''
  ) );
#264 = PCURVE('',#265,#270);
#265 = CYLINDRICAL_SURFACE('',#266,37.65);
#266 = AXIS2_PLACEMENT_3D('',#267,#268,#269);
#267 = CARTESIAN_POINT('',(0.,0.,-32.2));
#268 = DIRECTION('',(0.,0.,1.));
#269 = DIRECTION('',(1.,0.,-0.));
#270 = DEFINITIONAL_REPRESENTATION('',(#271),#275);
#271 = LINE('',#272,#273);
#272 = CARTESIAN_POINT('',(0.,0.));
#273 = VECTOR('',#274,1.);
#274 = DIRECTION('',(1.,0.));
#275 = ( GEOMETRIC_REPRESENTATION_CONTEXT(2) 
PARAMETRIC_REPRESENTATION_CONTEXT() REPRESENTATION_CONTEXT('2D SPACE',''
  ) );
#276 = ORIENTED_EDGE('',*,*,#227,.F.);
#277 = ADVANCED_FACE('',(#278),#265,.T.);
#278 = FACE_BOUND('',#279,.T.);
#279 = EDGE_LOOP('',(#280,#281,#304,#331));
#280 = ORIENTED_EDGE('',*,*,#250,.T.);
#281 = ORIENTED_EDGE('',*,*,#282,.T.);
#282 = EDGE_CURVE('',#228,#283,#285,.T.);
#283 = VERTEX_POINT('',#284);
#284 = CARTESIAN_POINT('',(37.65,0.,79.1));
#285 = SEAM_CURVE('',#286,(#290,#297),.PCURVE_S1.);
#286 = LINE('',#287,#288);
#287 = CARTESIAN_POINT('',(37.65,0.,-32.2));
#288 = VECTOR('',#289,1.);
#289 = DIRECTION('',(0.,0.,1.));
#290 = PCURVE('',#265,#291);
#291 = DEFINITIONAL_REPRESENTATION('',(#292),#296);
#292 = LINE('',#293,#294);
#293 = CARTESIAN_POINT('',(0.,0.));
#294 = VECTOR('',#295,1.);
#295 = DIRECTION('',(0.,1.));
#296 = ( GEOMETRIC_REPRESENTATION_CONTEXT(2) 
PARAMETRIC_REPRESENTATION_CONTEXT() REPRESENTATION_CONTEXT('2D SPACE',''
  ) );
#297 = PCURVE('',#265,#298);
#298 = DEFINITIONAL_REPRESENTATION('',(#299),#303);
#299 = LINE('',#300,#301);
#300 = CARTESIAN_POINT('',(6.28318530718,0.));
#301 = VECTOR('',#302,1.);
#302 = DIRECTION('',(0.,1.));
#303 = ( GEOMETRIC_REPRESENTATION_CONTEXT(2) 
PARAMETRIC_REPRESENTATION_CONTEXT() REPRESENTATION_CONTEXT('2D SPACE',''
  ) );
#304 = ORIENTED_EDGE('',*,*,#305,.F.);
#305 = EDGE_CURVE('',#283,#283,#306,.T.);
#306 = SURFACE_CURVE('',#307,(#312,#319),.PCURVE_S1.);
#307 = CIRCLE('',#308,37.65);
#308 = AXIS2_PLACEMENT_3D('',#309,#310,#311);
#309 = CARTESIAN_POINT('',(0.,0.,79.1));
#310 = DIRECTION('',(0.,0.,1.));
#311 = DIRECTION('',(1.,0.,-0.));
#312 = PCURVE('',#265,#313);
#313 = DEFINITIONAL_REPRESENTATION('',(#314),#318);
#314 = LINE('',#315,#316);
#315 = CARTESIAN_POINT('',(0.,111.3));
#316 = VECTOR('',#317,1.);
#317 = DIRECTION('',(1.,0.));
#318 = ( GEOMETRIC_REPRESENTATION_CONTEXT(2) 
PARAMETRIC_REPRESENTATION_CONTEXT() REPRESENTATION_CONTEXT('2D SPACE',''
  ) );
#319 = PCURVE('',#320,#325);
#320 = CONICAL_SURFACE('',#321,37.65,0.785398163397);
#321 = AXIS2_PLACEMENT_3D('',#322,#323,#324);
#322 = CARTESIAN_POINT('',(0.,0.,79.1));
#323 = DIRECTION('',(-0.,-0.,-1.));
#324 = DIRECTION('',(1.,0.,-0.));
#325 = DEFINITIONAL_REPRESENTATION('',(#326),#330);
#326 = LINE('',#327,#328);
#327 = CARTESIAN_POINT('',(-0.,-0.));
#328 = VECTOR('',#329,1.);
#329 = DIRECTION('',(-1.,-0.));
#330 = ( GEOMETRIC_REPRESENTATION_CONTEXT(2) 
PARAMETRIC_REPRESENTATION_CONTEXT() REPRESENTATION_CONTEXT('2D SPACE',''
  ) );
#331 = ORIENTED_EDGE('',*,*,#282,.F.);
#332 = ADVANCED_FACE('',(#333),#320,.T.);
#333 = FACE_BOUND('',#334,.T.);
#334 = EDGE_LOOP('',(#335,#336,#359,#386));
#335 = ORIENTED_EDGE('',*,*,#305,.T.);
#336 = ORIENTED_EDGE('',*,*,#337,.T.);
#337 = EDGE_CURVE('',#283,#338,#340,.T.);
#338 = VERTEX_POINT('',#339);
#339 = CARTESIAN_POINT('',(35.65,0.,81.1));
#340 = SEAM_CURVE('',#341,(#345,#352),.PCURVE_S1.);
#341 = LINE('',#342,#343);
#342 = CARTESIAN_POINT('',(37.65,0.,79.1));
#343 = VECTOR('',#344,1.);
#344 = DIRECTION('',(-0.707106781187,0.,0.707106781187));
#345 = PCURVE('',#320,#346);
#346 = DEFINITIONAL_REPRESENTATION('',(#347),#351);
#347 = LINE('',#348,#349);
#348 = CARTESIAN_POINT('',(-0.,-0.));
#349 = VECTOR('',#350,1.);
#350 = DIRECTION('',(-0.,-1.));
#351 = ( GEOMETRIC_REPRESENTATION_CONTEXT(2) 
PARAMETRIC_REPRESENTATION_CONTEXT() REPRESENTATION_CONTEXT('2D SPACE',''
  ) );
#352 = PCURVE('',#320,#353);
#353 = DEFINITIONAL_REPRESENTATION('',(#354),#358);
#354 = LINE('',#355,#356);
#355 = CARTESIAN_POINT('',(-6.28318530718,-0.));
#356 = VECTOR('',#357,1.);
#357 = DIRECTION('',(-0.,-1.));
#358 = ( GEOMETRIC_REPRESENTATION_CONTEXT(2) 
PARAMETRIC_REPRESENTATION_CONTEXT() REPRESENTATION_CONTEXT('2D SPACE',''
  ) );
#359 = ORIENTED_EDGE('',*,*,#360,.F.);
#360 = EDGE_CURVE('',#338,#338,#361,.T.);
#361 = SURFACE_CURVE('',#362,(#367,#374),.PCURVE_S1.);
#362 = CIRCLE('',#363,35.65);
#363 = AXIS2_PLACEMENT_3D('',#364,#365,#366);
#364 = CARTESIAN_POINT('',(0.,0.,81.1));
#365 = DIRECTION('',(0.,0.,1.));
#366 = DIRECTION('',(1.,0.,-0.));
#367 = PCURVE('',#320,#368);
#368 = DEFINITIONAL_REPRESENTATION('',(#369),#373);
#369 = LINE('',#370,#371);
#370 = CARTESIAN_POINT('',(-0.,-2.));
#371 = VECTOR('',#372,1.);
#372 = DIRECTION('',(-1.,-0.));
#373 = ( GEOMETRIC_REPRESENTATION_CONTEXT(2) 
PARAMETRIC_REPRESENTATION_CONTEXT() REPRESENTATION_CONTEXT('2D SPACE',''
  ) );
#374 = PCURVE('',#375,#380);
#375 = PLANE('',#376);
#376 = AXIS2_PLACEMENT_3D('',#377,#378,#379);
#377 = CARTESIAN_POINT('',(0.,0.,81.1));
#378 = DIRECTION('',(0.,0.,1.));
#379 = DIRECTION('',(1.,0.,-0.));
#380 = DEFINITIONAL_REPRESENTATION('',(#381),#385);
#381 = CIRCLE('',#382,35.65);
#382 = AXIS2_PLACEMENT_2D('',#383,#384);
#383 = CARTESIAN_POINT('',(0.,0.));
#384 = DIRECTION('',(1.,0.));
#385 = ( GEOMETRIC_REPRESENTATION_CONTEXT(2) 
PARAMETRIC_REPRESENTATION_CONTEXT() REPRESENTATION_CONTEXT('2D SPACE',''
  ) );
#386 = ORIENTED_EDGE('',*,*,#337,.F.);
#387 = ADVANCED_FACE('',(#388,#391),#375,.T.);
#388 = FACE_BOUND('',#389,.T.);
#389 = EDGE_LOOP('',(#390));
#390 = ORIENTED_EDGE('',*,*,#360,.T.);
#391 = FACE_BOUND('',#392,.T.);
#392 = EDGE_LOOP('',(#393));
#393 = ORIENTED_EDGE('',*,*,#394,.F.);
#394 = EDGE_CURVE('',#395,#395,#397,.T.);
#395 = VERTEX_POINT('',#396);
#396 = CARTESIAN_POINT('',(29.55,0.,81.1));
#397 = SURFACE_CURVE('',#398,(#403,#410),.PCURVE_S1.);
#398 = CIRCLE('',#399,29.55);
#399 = AXIS2_PLACEMENT_3D('',#400,#401,#402);
#400 = CARTESIAN_POINT('',(0.,0.,81.1));
#401 = DIRECTION('',(0.,0.,1.));
#402 = DIRECTION('',(1.,0.,-0.));
#403 = PCURVE('',#375,#404);
#404 = DEFINITIONAL_REPRESENTATION('',(#405),#409);
#405 = CIRCLE('',#406,29.55);
#406 = AXIS2_PLACEMENT_2D('',#407,#408);
#407 = CARTESIAN_POINT('',(0.,0.));
#408 = DIRECTION('',(1.,0.));
#409 = ( GEOMETRIC_REPRESENTATION_CONTEXT(2) 
PARAMETRIC_REPRESENTATION_CONTEXT() REPRESENTATION_CONTEXT('2D SPACE',''
  ) );
#410 = PCURVE('',#411,#416);
#411 = CONICAL_SURFACE('',#412,29.55,0.785398163397);
#412 = AXIS2_PLACEMENT_3D('',#413,#414,#415);
#413 = CARTESIAN_POINT('',(0.,0.,81.1));
#414 = DIRECTION('',(0.,0.,1.));
#415 = DIRECTION('',(1.,0.,0.));
#416 = DEFINITIONAL_REPRESENTATION('',(#417),#421);
#417 = LINE('',#418,#419);
#418 = CARTESIAN_POINT('',(0.,-0.));
#419 = VECTOR('',#420,1.);
#420 = DIRECTION('',(1.,-0.));
#421 = ( GEOMETRIC_REPRESENTATION_CONTEXT(2) 
PARAMETRIC_REPRESENTATION_CONTEXT() REPRESENTATION_CONTEXT('2D SPACE',''
  ) );
#422 = ADVANCED_FACE('',(#423),#411,.F.);
#423 = FACE_BOUND('',#424,.T.);
#424 = EDGE_LOOP('',(#425,#426,#449,#476));
#425 = ORIENTED_EDGE('',*,*,#394,.T.);
#426 = ORIENTED_EDGE('',*,*,#427,.T.);
#427 = EDGE_CURVE('',#395,#428,#430,.T.);
#428 = VERTEX_POINT('',#429);
#429 = CARTESIAN_POINT('',(28.55,0.,80.1));
#430 = SEAM_CURVE('',#431,(#435,#442),.PCURVE_S1.);
#431 = LINE('',#432,#433);
#432 = CARTESIAN_POINT('',(29.55,0.,81.1));
#433 = VECTOR('',#434,1.);
#434 = DIRECTION('',(-0.707106781187,-0.,-0.707106781187));
#435 = PCURVE('',#411,#436);
#436 = DEFINITIONAL_REPRESENTATION('',(#437),#441);
#437 = LINE('',#438,#439);
#438 = CARTESIAN_POINT('',(0.,-0.));
#439 = VECTOR('',#440,1.);
#440 = DIRECTION('',(0.,-1.));
#441 = ( GEOMETRIC_REPRESENTATION_CONTEXT(2) 
PARAMETRIC_REPRESENTATION_CONTEXT() REPRESENTATION_CONTEXT('2D SPACE',''
  ) );
#442 = PCURVE('',#411,#443);
#443 = DEFINITIONAL_REPRESENTATION('',(#444),#448);
#444 = LINE('',#445,#446);
#445 = CARTESIAN_POINT('',(6.28318530718,-0.));
#446 = VECTOR('',#447,1.);
#447 = DIRECTION('',(0.,-1.));
#448 = ( GEOMETRIC_REPRESENTATION_CONTEXT(2) 
PARAMETRIC_REPRESENTATION_CONTEXT() REPRESENTATION_CONTEXT('2D SPACE',''
  ) );
#449 = ORIENTED_EDGE('',*,*,#450,.F.);
#450 = EDGE_CURVE('',#428,#428,#451,.T.);
#451 = SURFACE_CURVE('',#452,(#457,#464),.PCURVE_S1.);
#452 = CIRCLE('',#453,28.55);
#453 = AXIS2_PLACEMENT_3D('',#454,#455,#456);
#454 = CARTESIAN_POINT('',(0.,0.,80.1));
#455 = DIRECTION('',(0.,0.,1.));
#456 = DIRECTION('',(1.,0.,-0.));
#457 = PCURVE('',#411,#458);
#458 = DEFINITIONAL_REPRESENTATION('',(#459),#463);
#459 = LINE('',#460,#461);
#460 = CARTESIAN_POINT('',(0.,-1.));
#461 = VECTOR('',#462,1.);
#462 = DIRECTION('',(1.,-0.));
#463 = ( GEOMETRIC_REPRESENTATION_CONTEXT(2) 
PARAMETRIC_REPRESENTATION_CONTEXT() REPRESENTATION_CONTEXT('2D SPACE',''
  ) );
#464 = PCURVE('',#465,#470);
#465 = CYLINDRICAL_SURFACE('',#466,28.55);
#466 = AXIS2_PLACEMENT_3D('',#467,#468,#469);
#467 = CARTESIAN_POINT('',(0.,0.,80.1));
#468 = DIRECTION('',(-0.,-0.,-1.));
#469 = DIRECTION('',(1.,0.,0.));
#470 = DEFINITIONAL_REPRESENTATION('',(#471),#475);
#471 = LINE('',#472,#473);
#472 = CARTESIAN_POINT('',(-0.,0.));
#473 = VECTOR('',#474,1.);
#474 = DIRECTION('',(-1.,0.));
#475 = ( GEOMETRIC_REPRESENTATION_CONTEXT(2) 
PARAMETRIC_REPRESENTATION_CONTEXT() REPRESENTATION_CONTEXT('2D SPACE',''
  ) );
#476 = ORIENTED_EDGE('',*,*,#427,.F.);
#477 = ADVANCED_FACE('',(#478),#465,.F.);
#478 = FACE_BOUND('',#479,.T.);
#479 = EDGE_LOOP('',(#480,#481,#504,#526));
#480 = ORIENTED_EDGE('',*,*,#450,.T.);
#481 = ORIENTED_EDGE('',*,*,#482,.T.);
#482 = EDGE_CURVE('',#428,#483,#485,.T.);
#483 = VERTEX_POINT('',#484);
#484 = CARTESIAN_POINT('',(28.55,0.,0.));
#485 = SEAM_CURVE('',#486,(#490,#497),.PCURVE_S1.);
#486 = LINE('',#487,#488);
#487 = CARTESIAN_POINT('',(28.55,0.,80.1));
#488 = VECTOR('',#489,1.);
#489 = DIRECTION('',(0.,0.,-1.));
#490 = PCURVE('',#465,#491);
#491 = DEFINITIONAL_REPRESENTATION('',(#492),#496);
#492 = LINE('',#493,#494);
#493 = CARTESIAN_POINT('',(-0.,0.));
#494 = VECTOR('',#495,1.);
#495 = DIRECTION('',(-0.,1.));
#496 = ( GEOMETRIC_REPRESENTATION_CONTEXT(2) 
PARAMETRIC_REPRESENTATION_CONTEXT() REPRESENTATION_CONTEXT('2D SPACE',''
  ) );
#497 = PCURVE('',#465,#498);
#498 = DEFINITIONAL_REPRESENTATION('',(#499),#503);
#499 = LINE('',#500,#501);
#500 = CARTESIAN_POINT('',(-6.28318530718,0.));
#501 = VECTOR('',#502,1.);
#502 = DIRECTION('',(-0.,1.));
#503 = ( GEOMETRIC_REPRESENTATION_CONTEXT(2) 
PARAMETRIC_REPRESENTATION_CONTEXT() REPRESENTATION_CONTEXT('2D SPACE',''
  ) );
#504 = ORIENTED_EDGE('',*,*,#505,.F.);
#505 = EDGE_CURVE('',#483,#483,#506,.T.);
#506 = SURFACE_CURVE('',#507,(#512,#519),.PCURVE_S1.);
#507 = CIRCLE('',#508,28.55);
#508 = AXIS2_PLACEMENT_3D('',#509,#510,#511);
#509 = CARTESIAN_POINT('',(0.,0.,0.));
#510 = DIRECTION('',(0.,0.,1.));
#511 = DIRECTION('',(1.,0.,-0.));
#512 = PCURVE('',#465,#513);
#513 = DEFINITIONAL_REPRESENTATION('',(#514),#518);
#514 = LINE('',#515,#516);
#515 = CARTESIAN_POINT('',(-0.,80.1));
#516 = VECTOR('',#517,1.);
#517 = DIRECTION('',(-1.,0.));
#518 = ( GEOMETRIC_REPRESENTATION_CONTEXT(2) 
PARAMETRIC_REPRESENTATION_CONTEXT() REPRESENTATION_CONTEXT('2D SPACE',''
  ) );
#519 = PCURVE('',#125,#520);
#520 = DEFINITIONAL_REPRESENTATION('',(#521),#525);
#521 = LINE('',#522,#523);
#522 = CARTESIAN_POINT('',(0.,-0.));
#523 = VECTOR('',#524,1.);
#524 = DIRECTION('',(1.,-0.));
#525 = ( GEOMETRIC_REPRESENTATION_CONTEXT(2) 
PARAMETRIC_REPRESENTATION_CONTEXT() REPRESENTATION_CONTEXT('2D SPACE',''
  ) );
#526 = ORIENTED_EDGE('',*,*,#482,.F.);
#527 = ADVANCED_FACE('',(#528),#125,.F.);
#528 = FACE_BOUND('',#529,.T.);
#529 = EDGE_LOOP('',(#530,#531,#552,#553));
#530 = ORIENTED_EDGE('',*,*,#505,.T.);
#531 = ORIENTED_EDGE('',*,*,#532,.T.);
#532 = EDGE_CURVE('',#483,#104,#533,.T.);
#533 = SEAM_CURVE('',#534,(#538,#545),.PCURVE_S1.);
#534 = LINE('',#535,#536);
#535 = CARTESIAN_POINT('',(28.55,0.,0.));
#536 = VECTOR('',#537,1.);
#537 = DIRECTION('',(-0.812289170739,-0.,-0.583254921196));
#538 = PCURVE('',#125,#539);
#539 = DEFINITIONAL_REPRESENTATION('',(#540),#544);
#540 = LINE('',#541,#542);
#541 = CARTESIAN_POINT('',(0.,-0.));
#542 = VECTOR('',#543,1.);
#543 = DIRECTION('',(0.,-1.));
#544 = ( GEOMETRIC_REPRESENTATION_CONTEXT(2) 
PARAMETRIC_REPRESENTATION_CONTEXT() REPRESENTATION_CONTEXT('2D SPACE',''
  ) );
#545 = PCURVE('',#125,#546);
#546 = DEFINITIONAL_REPRESENTATION('',(#547),#551);
#547 = LINE('',#548,#549);
#548 = CARTESIAN_POINT('',(6.28318530718,-0.));
#549 = VECTOR('',#550,1.);
#550 = DIRECTION('',(0.,-1.));
#551 = ( GEOMETRIC_REPRESENTATION_CONTEXT(2) 
PARAMETRIC_REPRESENTATION_CONTEXT() REPRESENTATION_CONTEXT('2D SPACE',''
  ) );
#552 = ORIENTED_EDGE('',*,*,#103,.F.);
#553 = ORIENTED_EDGE('',*,*,#532,.F.);
#554 = ( GEOMETRIC_REPRESENTATION_CONTEXT(3) 
GLOBAL_UNCERTAINTY_ASSIGNED_CONTEXT((#558)) GLOBAL_UNIT_ASSIGNED_CONTEXT
((#555,#556,#557)) REPRESENTATION_CONTEXT('Context #1',
  '3D Context with UNIT and UNCERTAINTY') );
#555 = ( LENGTH_UNIT() NAMED_UNIT(*) SI_UNIT(.MILLI.,.METRE.) );
#556 = ( NAMED_UNIT(*) PLANE_ANGLE_UNIT() SI_UNIT($,.RADIAN.) );
#557 = ( NAMED_UNIT(*) SI_UNIT($,.STERADIAN.) SOLID_ANGLE_UNIT() );
#558 = UNCERTAINTY_MEASURE_WITH_UNIT(LENGTH_MEASURE(1.E-07),#555,
  'distance_accuracy_value','confusion accuracy');
#559 = CONTEXT_DEPENDENT_SHAPE_REPRESENTATION(#560,#562);
#560 = ( REPRESENTATION_RELATIONSHIP('','',#96,#10) 
REPRESENTATION_RELATIONSHIP_WITH_TRANSFORMATION(#561) 
SHAPE_REPRESENTATION_RELATIONSHIP() );
#561 = ITEM_DEFINED_TRANSFORMATION('','',#11,#15);
#562 = PRODUCT_DEFINITION_SHAPE('Placement','Placement of an item',#563
  );
#563 = NEXT_ASSEMBLY_USAGE_OCCURRENCE('1','=>[0:1:1:2]','',#5,#91,$);
#564 = PRODUCT_RELATED_PRODUCT_CATEGORY('part',$,(#93));
#565 = SHAPE_DEFINITION_REPRESENTATION(#566,#572);
#566 = PRODUCT_DEFINITION_SHAPE('','',#567);
#567 = PRODUCT_DEFINITION('design','',#568,#571);
#568 = PRODUCT_DEFINITION_FORMATION('','',#569);
#569 = PRODUCT('COMPOUND','COMPOUND','',(#570));
#570 = PRODUCT_CONTEXT('',#2,'mechanical');
#571 = PRODUCT_DEFINITION_CONTEXT('part definition',#2,'design');
#572 = ADVANCED_BREP_SHAPE_REPRESENTATION('',(#11,#573),#810);
#573 = MANIFOLD_SOLID_BREP('',#574);
#574 = CLOSED_SHELL('',(#575,#643,#698,#733,#783));
#575 = ADVANCED_FACE('',(#576,#612),#589,.F.);
#576 = FACE_BOUND('',#577,.T.);
#577 = EDGE_LOOP('',(#578));
#578 = ORIENTED_EDGE('',*,*,#579,.T.);
#579 = EDGE_CURVE('',#580,#580,#582,.T.);
#580 = VERTEX_POINT('',#581);
#581 = CARTESIAN_POINT('',(28.55,0.,81.1));
#582 = SURFACE_CURVE('',#583,(#588,#600),.PCURVE_S1.);
#583 = CIRCLE('',#584,28.55);
#584 = AXIS2_PLACEMENT_3D('',#585,#586,#587);
#585 = CARTESIAN_POINT('',(0.,0.,81.1));
#586 = DIRECTION('',(0.,0.,1.));
#587 = DIRECTION('',(1.,0.,-0.));
#588 = PCURVE('',#589,#594);
#589 = PLANE('',#590);
#590 = AXIS2_PLACEMENT_3D('',#591,#592,#593);
#591 = CARTESIAN_POINT('',(0.,0.,81.1));
#592 = DIRECTION('',(0.,0.,1.));
#593 = DIRECTION('',(1.,0.,-0.));
#594 = DEFINITIONAL_REPRESENTATION('',(#595),#599);
#595 = CIRCLE('',#596,28.55);
#596 = AXIS2_PLACEMENT_2D('',#597,#598);
#597 = CARTESIAN_POINT('',(0.,0.));
#598 = DIRECTION('',(1.,-0.));
#599 = ( GEOMETRIC_REPRESENTATION_CONTEXT(2) 
PARAMETRIC_REPRESENTATION_CONTEXT() REPRESENTATION_CONTEXT('2D SPACE',''
  ) );
#600 = PCURVE('',#601,#606);
#601 = CYLINDRICAL_SURFACE('',#602,28.55);
#602 = AXIS2_PLACEMENT_3D('',#603,#604,#605);
#603 = CARTESIAN_POINT('',(0.,0.,86.81));
#604 = DIRECTION('',(-0.,-0.,-1.));
#605 = DIRECTION('',(1.,0.,0.));
#606 = DEFINITIONAL_REPRESENTATION('',(#607),#611);
#607 = LINE('',#608,#609);
#608 = CARTESIAN_POINT('',(-0.,5.71));
#609 = VECTOR('',#610,1.);
#610 = DIRECTION('',(-1.,0.));
#611 = ( GEOMETRIC_REPRESENTATION_CONTEXT(2) 
PARAMETRIC_REPRESENTATION_CONTEXT() REPRESENTATION_CONTEXT('2D SPACE',''
  ) );
#612 = FACE_BOUND('',#613,.T.);
#613 = EDGE_LOOP('',(#614));
#614 = ORIENTED_EDGE('',*,*,#615,.F.);
#615 = EDGE_CURVE('',#616,#616,#618,.T.);
#616 = VERTEX_POINT('',#617);
#617 = CARTESIAN_POINT('',(60.,0.,81.1));
#618 = SURFACE_CURVE('',#619,(#624,#631),.PCURVE_S1.);
#619 = CIRCLE('',#620,60.);
#620 = AXIS2_PLACEMENT_3D('',#621,#622,#623);
#621 = CARTESIAN_POINT('',(0.,0.,81.1));
#622 = DIRECTION('',(0.,0.,1.));
#623 = DIRECTION('',(1.,0.,-0.));
#624 = PCURVE('',#589,#625);
#625 = DEFINITIONAL_REPRESENTATION('',(#626),#630);
#626 = CIRCLE('',#627,60.);
#627 = AXIS2_PLACEMENT_2D('',#628,#629);
#628 = CARTESIAN_POINT('',(0.,0.));
#629 = DIRECTION('',(1.,-0.));
#630 = ( GEOMETRIC_REPRESENTATION_CONTEXT(2) 
PARAMETRIC_REPRESENTATION_CONTEXT() REPRESENTATION_CONTEXT('2D SPACE',''
  ) );
#631 = PCURVE('',#632,#637);
#632 = CYLINDRICAL_SURFACE('',#633,60.);
#633 = AXIS2_PLACEMENT_3D('',#634,#635,#636);
#634 = CARTESIAN_POINT('',(0.,0.,81.1));
#635 = DIRECTION('',(0.,0.,1.));
#636 = DIRECTION('',(1.,0.,-0.));
#637 = DEFINITIONAL_REPRESENTATION('',(#638),#642);
#638 = LINE('',#639,#640);
#639 = CARTESIAN_POINT('',(0.,0.));
#640 = VECTOR('',#641,1.);
#641 = DIRECTION('',(1.,0.));
#642 = ( GEOMETRIC_REPRESENTATION_CONTEXT(2) 
PARAMETRIC_REPRESENTATION_CONTEXT() REPRESENTATION_CONTEXT('2D SPACE',''
  ) );
#643 = ADVANCED_FACE('',(#644),#632,.T.);
#644 = FACE_BOUND('',#645,.T.);
#645 = EDGE_LOOP('',(#646,#647,#670,#697));
#646 = ORIENTED_EDGE('',*,*,#615,.T.);
#647 = ORIENTED_EDGE('',*,*,#648,.T.);
#648 = EDGE_CURVE('',#616,#649,#651,.T.);
#649 = VERTEX_POINT('',#650);
#650 = CARTESIAN_POINT('',(60.,0.,99.9));
#651 = SEAM_CURVE('',#652,(#656,#663),.PCURVE_S1.);
#652 = LINE('',#653,#654);
#653 = CARTESIAN_POINT('',(60.,0.,81.1));
#654 = VECTOR('',#655,1.);
#655 = DIRECTION('',(0.,0.,1.));
#656 = PCURVE('',#632,#657);
#657 = DEFINITIONAL_REPRESENTATION('',(#658),#662);
#658 = LINE('',#659,#660);
#659 = CARTESIAN_POINT('',(0.,0.));
#660 = VECTOR('',#661,1.);
#661 = DIRECTION('',(0.,1.));
#662 = ( GEOMETRIC_REPRESENTATION_CONTEXT(2) 
PARAMETRIC_REPRESENTATION_CONTEXT() REPRESENTATION_CONTEXT('2D SPACE',''
  ) );
#663 = PCURVE('',#632,#664);
#664 = DEFINITIONAL_REPRESENTATION('',(#665),#669);
#665 = LINE('',#666,#667);
#666 = CARTESIAN_POINT('',(6.28318530718,0.));
#667 = VECTOR('',#668,1.);
#668 = DIRECTION('',(0.,1.));
#669 = ( GEOMETRIC_REPRESENTATION_CONTEXT(2) 
PARAMETRIC_REPRESENTATION_CONTEXT() REPRESENTATION_CONTEXT('2D SPACE',''
  ) );
#670 = ORIENTED_EDGE('',*,*,#671,.F.);
#671 = EDGE_CURVE('',#649,#649,#672,.T.);
#672 = SURFACE_CURVE('',#673,(#678,#685),.PCURVE_S1.);
#673 = CIRCLE('',#674,60.);
#674 = AXIS2_PLACEMENT_3D('',#675,#676,#677);
#675 = CARTESIAN_POINT('',(0.,0.,99.9));
#676 = DIRECTION('',(0.,0.,1.));
#677 = DIRECTION('',(1.,0.,-0.));
#678 = PCURVE('',#632,#679);
#679 = DEFINITIONAL_REPRESENTATION('',(#680),#684);
#680 = LINE('',#681,#682);
#681 = CARTESIAN_POINT('',(0.,18.8));
#682 = VECTOR('',#683,1.);
#683 = DIRECTION('',(1.,0.));
#684 = ( GEOMETRIC_REPRESENTATION_CONTEXT(2) 
PARAMETRIC_REPRESENTATION_CONTEXT() REPRESENTATION_CONTEXT('2D SPACE',''
  ) );
#685 = PCURVE('',#686,#691);
#686 = PLANE('',#687);
#687 = AXIS2_PLACEMENT_3D('',#688,#689,#690);
#688 = CARTESIAN_POINT('',(0.,0.,99.9));
#689 = DIRECTION('',(0.,0.,1.));
#690 = DIRECTION('',(1.,0.,-0.));
#691 = DEFINITIONAL_REPRESENTATION('',(#692),#696);
#692 = CIRCLE('',#693,60.);
#693 = AXIS2_PLACEMENT_2D('',#694,#695);
#694 = CARTESIAN_POINT('',(0.,0.));
#695 = DIRECTION('',(1.,0.));
#696 = ( GEOMETRIC_REPRESENTATION_CONTEXT(2) 
PARAMETRIC_REPRESENTATION_CONTEXT() REPRESENTATION_CONTEXT('2D SPACE',''
  ) );
#697 = ORIENTED_EDGE('',*,*,#648,.F.);
#698 = ADVANCED_FACE('',(#699,#702),#686,.T.);
#699 = FACE_BOUND('',#700,.T.);
#700 = EDGE_LOOP('',(#701));
#701 = ORIENTED_EDGE('',*,*,#671,.T.);
#702 = FACE_BOUND('',#703,.T.);
#703 = EDGE_LOOP('',(#704));
#704 = ORIENTED_EDGE('',*,*,#705,.F.);
#705 = EDGE_CURVE('',#706,#706,#708,.T.);
#706 = VERTEX_POINT('',#707);
#707 = CARTESIAN_POINT('',(45.68,0.,99.9));
#708 = SURFACE_CURVE('',#709,(#714,#721),.PCURVE_S1.);
#709 = CIRCLE('',#710,45.68);
#710 = AXIS2_PLACEMENT_3D('',#711,#712,#713);
#711 = CARTESIAN_POINT('',(0.,0.,99.9));
#712 = DIRECTION('',(0.,0.,1.));
#713 = DIRECTION('',(1.,0.,-0.));
#714 = PCURVE('',#686,#715);
#715 = DEFINITIONAL_REPRESENTATION('',(#716),#720);
#716 = CIRCLE('',#717,45.68);
#717 = AXIS2_PLACEMENT_2D('',#718,#719);
#718 = CARTESIAN_POINT('',(0.,0.));
#719 = DIRECTION('',(1.,0.));
#720 = ( GEOMETRIC_REPRESENTATION_CONTEXT(2) 
PARAMETRIC_REPRESENTATION_CONTEXT() REPRESENTATION_CONTEXT('2D SPACE',''
  ) );
#721 = PCURVE('',#722,#727);
#722 = CONICAL_SURFACE('',#723,45.68,0.91829648141);
#723 = AXIS2_PLACEMENT_3D('',#724,#725,#726);
#724 = CARTESIAN_POINT('',(0.,0.,99.9));
#725 = DIRECTION('',(0.,0.,1.));
#726 = DIRECTION('',(1.,0.,0.));
#727 = DEFINITIONAL_REPRESENTATION('',(#728),#732);
#728 = LINE('',#729,#730);
#729 = CARTESIAN_POINT('',(0.,-0.));
#730 = VECTOR('',#731,1.);
#731 = DIRECTION('',(1.,-0.));
#732 = ( GEOMETRIC_REPRESENTATION_CONTEXT(2) 
PARAMETRIC_REPRESENTATION_CONTEXT() REPRESENTATION_CONTEXT('2D SPACE',''
  ) );
#733 = ADVANCED_FACE('',(#734),#722,.F.);
#734 = FACE_BOUND('',#735,.T.);
#735 = EDGE_LOOP('',(#736,#737,#760,#782));
#736 = ORIENTED_EDGE('',*,*,#705,.T.);
#737 = ORIENTED_EDGE('',*,*,#738,.T.);
#738 = EDGE_CURVE('',#706,#739,#741,.T.);
#739 = VERTEX_POINT('',#740);
#740 = CARTESIAN_POINT('',(28.55,0.,86.81));
#741 = SEAM_CURVE('',#742,(#746,#753),.PCURVE_S1.);
#742 = LINE('',#743,#744);
#743 = CARTESIAN_POINT('',(45.68,0.,99.9));
#744 = VECTOR('',#745,1.);
#745 = DIRECTION('',(-0.794568440229,-0.,-0.6071745991));
#746 = PCURVE('',#722,#747);
#747 = DEFINITIONAL_REPRESENTATION('',(#748),#752);
#748 = LINE('',#749,#750);
#749 = CARTESIAN_POINT('',(0.,-0.));
#750 = VECTOR('',#751,1.);
#751 = DIRECTION('',(0.,-1.));
#752 = ( GEOMETRIC_REPRESENTATION_CONTEXT(2) 
PARAMETRIC_REPRESENTATION_CONTEXT() REPRESENTATION_CONTEXT('2D SPACE',''
  ) );
#753 = PCURVE('',#722,#754);
#754 = DEFINITIONAL_REPRESENTATION('',(#755),#759);
#755 = LINE('',#756,#757);
#756 = CARTESIAN_POINT('',(6.28318530718,-0.));
#757 = VECTOR('',#758,1.);
#758 = DIRECTION('',(0.,-1.));
#759 = ( GEOMETRIC_REPRESENTATION_CONTEXT(2) 
PARAMETRIC_REPRESENTATION_CONTEXT() REPRESENTATION_CONTEXT('2D SPACE',''
  ) );
#760 = ORIENTED_EDGE('',*,*,#761,.F.);
#761 = EDGE_CURVE('',#739,#739,#762,.T.);
#762 = SURFACE_CURVE('',#763,(#768,#775),.PCURVE_S1.);
#763 = CIRCLE('',#764,28.55);
#764 = AXIS2_PLACEMENT_3D('',#765,#766,#767);
#765 = CARTESIAN_POINT('',(0.,0.,86.81));
#766 = DIRECTION('',(0.,0.,1.));
#767 = DIRECTION('',(1.,0.,-0.));
#768 = PCURVE('',#722,#769);
#769 = DEFINITIONAL_REPRESENTATION('',(#770),#774);
#770 = LINE('',#771,#772);
#771 = CARTESIAN_POINT('',(0.,-13.09));
#772 = VECTOR('',#773,1.);
#773 = DIRECTION('',(1.,-0.));
#774 = ( GEOMETRIC_REPRESENTATION_CONTEXT(2) 
PARAMETRIC_REPRESENTATION_CONTEXT() REPRESENTATION_CONTEXT('2D SPACE',''
  ) );
#775 = PCURVE('',#601,#776);
#776 = DEFINITIONAL_REPRESENTATION('',(#777),#781);
#777 = LINE('',#778,#779);
#778 = CARTESIAN_POINT('',(-0.,0.));
#779 = VECTOR('',#780,1.);
#780 = DIRECTION('',(-1.,0.));
#781 = ( GEOMETRIC_REPRESENTATION_CONTEXT(2) 
PARAMETRIC_REPRESENTATION_CONTEXT() REPRESENTATION_CONTEXT('2D SPACE',''
  ) );
#782 = ORIENTED_EDGE('',*,*,#738,.F.);
#783 = ADVANCED_FACE('',(#784),#601,.F.);
#784 = FACE_BOUND('',#785,.T.);
#785 = EDGE_LOOP('',(#786,#787,#808,#809));
#786 = ORIENTED_EDGE('',*,*,#761,.T.);
#787 = ORIENTED_EDGE('',*,*,#788,.T.);
#788 = EDGE_CURVE('',#739,#580,#789,.T.);
#789 = SEAM_CURVE('',#790,(#794,#801),.PCURVE_S1.);
#790 = LINE('',#791,#792);
#791 = CARTESIAN_POINT('',(28.55,0.,86.81));
#792 = VECTOR('',#793,1.);
#793 = DIRECTION('',(0.,0.,-1.));
#794 = PCURVE('',#601,#795);
#795 = DEFINITIONAL_REPRESENTATION('',(#796),#800);
#796 = LINE('',#797,#798);
#797 = CARTESIAN_POINT('',(-0.,0.));
#798 = VECTOR('',#799,1.);
#799 = DIRECTION('',(-0.,1.));
#800 = ( GEOMETRIC_REPRESENTATION_CONTEXT(2) 
PARAMETRIC_REPRESENTATION_CONTEXT() REPRESENTATION_CONTEXT('2D SPACE',''
  ) );
#801 = PCURVE('',#601,#802);
#802 = DEFINITIONAL_REPRESENTATION('',(#803),#807);
#803 = LINE('',#804,#805);
#804 = CARTESIAN_POINT('',(-6.28318530718,0.));
#805 = VECTOR('',#806,1.);
#806 = DIRECTION('',(-0.,1.));
#807 = ( GEOMETRIC_REPRESENTATION_CONTEXT(2) 
PARAMETRIC_REPRESENTATION_CONTEXT() REPRESENTATION_CONTEXT('2D SPACE',''
  ) );
#808 = ORIENTED_EDGE('',*,*,#579,.F.);
#809 = ORIENTED_EDGE('',*,*,#788,.F.);
#810 = ( GEOMETRIC_REPRESENTATION_CONTEXT(3) 
GLOBAL_UNCERTAINTY_ASSIGNED_CONTEXT((#814)) GLOBAL_UNIT_ASSIGNED_CONTEXT
((#811,#812,#813)) REPRESENTATION_CONTEXT('Context #1',
  '3D Context with UNIT and UNCERTAINTY') );
#811 = ( LENGTH_UNIT() NAMED_UNIT(*) SI_UNIT(.MILLI.,.METRE.) );
#812 = ( NAMED_UNIT(*) PLANE_ANGLE_UNIT() SI_UNIT($,.RADIAN.) );
#813 = ( NAMED_UNIT(*) SI_UNIT($,.STERADIAN.) SOLID_ANGLE_UNIT() );
#814 = UNCERTAINTY_MEASURE_WITH_UNIT(LENGTH_MEASURE(1.E-07),#811,
  'distance_accuracy_value','confusion accuracy');
#815 = CONTEXT_DEPENDENT_SHAPE_REPRESENTATION(#816,#818);
#816 = ( REPRESENTATION_RELATIONSHIP('','',#572,#10) 
REPRESENTATION_RELATIONSHIP_WITH_TRANSFORMATION(#817) 
SHAPE_REPRESENTATION_RELATIONSHIP() );
#817 = ITEM_DEFINED_TRANSFORMATION('','',#11,#19);
#818 = PRODUCT_DEFINITION_SHAPE('Placement','Placement of an item',#819
  );
#819 = NEXT_ASSEMBLY_USAGE_OCCURRENCE('2','=>[0:1:1:3]','',#5,#567,$);
#820 = PRODUCT_RELATED_PRODUCT_CATEGORY('part',$,(#569));
#821 = SHAPE_DEFINITION_REPRESENTATION(#822,#828);
#822 = PRODUCT_DEFINITION_SHAPE('','',#823);
#823 = PRODUCT_DEFINITION('design','',#824,#827);
#824 = PRODUCT_DEFINITION_FORMATION('','',#825);
#825 = PRODUCT('COMPOUND','COMPOUND','',(#826));
#826 = PRODUCT_CONTEXT('',#2,'mechanical');
#827 = PRODUCT_DEFINITION_CONTEXT('part definition',#2,'design');
#828 = ADVANCED_BREP_SHAPE_REPRESENTATION('',(#11,#829),#952);
#829 = MANIFOLD_SOLID_BREP('',#830);
#830 = CLOSED_SHELL('',(#831,#893,#948));
#831 = ADVANCED_FACE('',(#832),#845,.T.);
#832 = FACE_BOUND('',#833,.T.);
#833 = EDGE_LOOP('',(#834,#868,#892));
#834 = ORIENTED_EDGE('',*,*,#835,.F.);
#835 = EDGE_CURVE('',#836,#836,#838,.T.);
#836 = VERTEX_POINT('',#837);
#837 = CARTESIAN_POINT('',(6.3,-1.543054966926E-15,0.));
#838 = SURFACE_CURVE('',#839,(#844,#856),.PCURVE_S1.);
#839 = CIRCLE('',#840,6.3);
#840 = AXIS2_PLACEMENT_3D('',#841,#842,#843);
#841 = CARTESIAN_POINT('',(0.,0.,0.));
#842 = DIRECTION('',(0.,0.,1.));
#843 = DIRECTION('',(1.,0.,-0.));
#844 = PCURVE('',#845,#850);
#845 = SPHERICAL_SURFACE('',#846,6.3);
#846 = AXIS2_PLACEMENT_3D('',#847,#848,#849);
#847 = CARTESIAN_POINT('',(0.,0.,0.));
#848 = DIRECTION('',(0.,0.,1.));
#849 = DIRECTION('',(1.,0.,-0.));
#850 = DEFINITIONAL_REPRESENTATION('',(#851),#855);
#851 = LINE('',#852,#853);
#852 = CARTESIAN_POINT('',(0.,0.));
#853 = VECTOR('',#854,1.);
#854 = DIRECTION('',(1.,0.));
#855 = ( GEOMETRIC_REPRESENTATION_CONTEXT(2) 
PARAMETRIC_REPRESENTATION_CONTEXT() REPRESENTATION_CONTEXT('2D SPACE',''
  ) );
#856 = PCURVE('',#857,#862);
#857 = CYLINDRICAL_SURFACE('',#858,6.3);
#858 = AXIS2_PLACEMENT_3D('',#859,#860,#861);
#859 = CARTESIAN_POINT('',(0.,0.,0.));
#860 = DIRECTION('',(0.,0.,1.));
#861 = DIRECTION('',(1.,0.,-0.));
#862 = DEFINITIONAL_REPRESENTATION('',(#863),#867);
#863 = LINE('',#864,#865);
#864 = CARTESIAN_POINT('',(0.,0.));
#865 = VECTOR('',#866,1.);
#866 = DIRECTION('',(1.,0.));
#867 = ( GEOMETRIC_REPRESENTATION_CONTEXT(2) 
PARAMETRIC_REPRESENTATION_CONTEXT() REPRESENTATION_CONTEXT('2D SPACE',''
  ) );
#868 = ORIENTED_EDGE('',*,*,#869,.F.);
#869 = EDGE_CURVE('',#870,#836,#872,.T.);
#870 = VERTEX_POINT('',#871);
#871 = CARTESIAN_POINT('',(3.857637417314E-16,-9.44848663077E-32,-6.3));
#872 = SEAM_CURVE('',#873,(#878,#885),.PCURVE_S1.);
#873 = CIRCLE('',#874,6.3);
#874 = AXIS2_PLACEMENT_3D('',#875,#876,#877);
#875 = CARTESIAN_POINT('',(0.,0.,0.));
#876 = DIRECTION('',(-2.449293598295E-16,-1.,0.));
#877 = DIRECTION('',(1.,-2.449293598295E-16,0.));
#878 = PCURVE('',#845,#879);
#879 = DEFINITIONAL_REPRESENTATION('',(#880),#884);
#880 = LINE('',#881,#882);
#881 = CARTESIAN_POINT('',(6.28318530718,-6.28318530718));
#882 = VECTOR('',#883,1.);
#883 = DIRECTION('',(0.,1.));
#884 = ( GEOMETRIC_REPRESENTATION_CONTEXT(2) 
PARAMETRIC_REPRESENTATION_CONTEXT() REPRESENTATION_CONTEXT('2D SPACE',''
  ) );
#885 = PCURVE('',#845,#886);
#886 = DEFINITIONAL_REPRESENTATION('',(#887),#891);
#887 = LINE('',#888,#889);
#888 = CARTESIAN_POINT('',(0.,-6.28318530718));
#889 = VECTOR('',#890,1.);
#890 = DIRECTION('',(0.,1.));
#891 = ( GEOMETRIC_REPRESENTATION_CONTEXT(2) 
PARAMETRIC_REPRESENTATION_CONTEXT() REPRESENTATION_CONTEXT('2D SPACE',''
  ) );
#892 = ORIENTED_EDGE('',*,*,#869,.T.);
#893 = ADVANCED_FACE('',(#894),#857,.T.);
#894 = FACE_BOUND('',#895,.T.);
#895 = EDGE_LOOP('',(#896,#925,#946,#947));
#896 = ORIENTED_EDGE('',*,*,#897,.F.);
#897 = EDGE_CURVE('',#898,#898,#900,.T.);
#898 = VERTEX_POINT('',#899);
#899 = CARTESIAN_POINT('',(6.3,-1.543054966926E-15,112.09414133914));
#900 = SURFACE_CURVE('',#901,(#906,#913),.PCURVE_S1.);
#901 = CIRCLE('',#902,6.3);
#902 = AXIS2_PLACEMENT_3D('',#903,#904,#905);
#903 = CARTESIAN_POINT('',(0.,0.,112.09414133914));
#904 = DIRECTION('',(0.,0.,1.));
#905 = DIRECTION('',(1.,0.,-0.));
#906 = PCURVE('',#857,#907);
#907 = DEFINITIONAL_REPRESENTATION('',(#908),#912);
#908 = LINE('',#909,#910);
#909 = CARTESIAN_POINT('',(0.,112.09414133914));
#910 = VECTOR('',#911,1.);
#911 = DIRECTION('',(1.,0.));
#912 = ( GEOMETRIC_REPRESENTATION_CONTEXT(2) 
PARAMETRIC_REPRESENTATION_CONTEXT() REPRESENTATION_CONTEXT('2D SPACE',''
  ) );
#913 = PCURVE('',#914,#919);
#914 = PLANE('',#915);
#915 = AXIS2_PLACEMENT_3D('',#916,#917,#918);
#916 = CARTESIAN_POINT('',(0.,0.,112.09414133914));
#917 = DIRECTION('',(0.,0.,1.));
#918 = DIRECTION('',(1.,0.,-0.));
#919 = DEFINITIONAL_REPRESENTATION('',(#920),#924);
#920 = CIRCLE('',#921,6.3);
#921 = AXIS2_PLACEMENT_2D('',#922,#923);
#922 = CARTESIAN_POINT('',(0.,0.));
#923 = DIRECTION('',(1.,0.));
#924 = ( GEOMETRIC_REPRESENTATION_CONTEXT(2) 
PARAMETRIC_REPRESENTATION_CONTEXT() REPRESENTATION_CONTEXT('2D SPACE',''
  ) );
#925 = ORIENTED_EDGE('',*,*,#926,.F.);
#926 = EDGE_CURVE('',#836,#898,#927,.T.);
#927 = SEAM_CURVE('',#928,(#932,#939),.PCURVE_S1.);
#928 = LINE('',#929,#930);
#929 = CARTESIAN_POINT('',(6.3,-1.543054966926E-15,0.));
#930 = VECTOR('',#931,1.);
#931 = DIRECTION('',(0.,0.,1.));
#932 = PCURVE('',#857,#933);
#933 = DEFINITIONAL_REPRESENTATION('',(#934),#938);
#934 = LINE('',#935,#936);
#935 = CARTESIAN_POINT('',(6.28318530718,-0.));
#936 = VECTOR('',#937,1.);
#937 = DIRECTION('',(0.,1.));
#938 = ( GEOMETRIC_REPRESENTATION_CONTEXT(2) 
PARAMETRIC_REPRESENTATION_CONTEXT() REPRESENTATION_CONTEXT('2D SPACE',''
  ) );
#939 = PCURVE('',#857,#940);
#940 = DEFINITIONAL_REPRESENTATION('',(#941),#945);
#941 = LINE('',#942,#943);
#942 = CARTESIAN_POINT('',(0.,-0.));
#943 = VECTOR('',#944,1.);
#944 = DIRECTION('',(0.,1.));
#945 = ( GEOMETRIC_REPRESENTATION_CONTEXT(2) 
PARAMETRIC_REPRESENTATION_CONTEXT() REPRESENTATION_CONTEXT('2D SPACE',''
  ) );
#946 = ORIENTED_EDGE('',*,*,#835,.T.);
#947 = ORIENTED_EDGE('',*,*,#926,.T.);
#948 = ADVANCED_FACE('',(#949),#914,.T.);
#949 = FACE_BOUND('',#950,.T.);
#950 = EDGE_LOOP('',(#951));
#951 = ORIENTED_EDGE('',*,*,#897,.T.);
#952 = ( GEOMETRIC_REPRESENTATION_CONTEXT(3) 
GLOBAL_UNCERTAINTY_ASSIGNED_CONTEXT((#956)) GLOBAL_UNIT_ASSIGNED_CONTEXT
((#953,#954,#955)) REPRESENTATION_CONTEXT('Context #1',
  '3D Context with UNIT and UNCERTAINTY') );
#953 = ( LENGTH_UNIT() NAMED_UNIT(*) SI_UNIT(.MILLI.,.METRE.) );
#954 = ( NAMED_UNIT(*) PLANE_ANGLE_UNIT() SI_UNIT($,.RADIAN.) );
#955 = ( NAMED_UNIT(*) SI_UNIT($,.STERADIAN.) SOLID_ANGLE_UNIT() );
#956 = UNCERTAINTY_MEASURE_WITH_UNIT(LENGTH_MEASURE(1.E-07),#953,
  'distance_accuracy_value','confusion accuracy');
#957 = CONTEXT_DEPENDENT_SHAPE_REPRESENTATION(#958,#960);
#958 = ( REPRESENTATION_RELATIONSHIP('','',#828,#10) 
REPRESENTATION_RELATIONSHIP_WITH_TRANSFORMATION(#959) 
SHAPE_REPRESENTATION_RELATIONSHIP() );
#959 = ITEM_DEFINED_TRANSFORMATION('','',#11,#23);
#960 = PRODUCT_DEFINITION_SHAPE('Placement','Placement of an item',#961
  );
#961 = NEXT_ASSEMBLY_USAGE_OCCURRENCE('3','=>[0:1:1:4]','',#5,#823,$);
#962 = PRODUCT_RELATED_PRODUCT_CATEGORY('part',$,(#825));
#963 = SHAPE_DEFINITION_REPRESENTATION(#964,#970);
#964 = PRODUCT_DEFINITION_SHAPE('','',#965);
#965 = PRODUCT_DEFINITION('design','',#966,#969);
#966 = PRODUCT_DEFINITION_FORMATION('','',#967);
#967 = PRODUCT('COMPOUND','COMPOUND','',(#968));
#968 = PRODUCT_CONTEXT('',#2,'mechanical');
#969 = PRODUCT_DEFINITION_CONTEXT('part definition',#2,'design');
#970 = ADVANCED_BREP_SHAPE_REPRESENTATION('',(#11,#971),#1532);
#971 = MANIFOLD_SOLID_BREP('',#972);
#972 = CLOSED_SHELL('',(#973,#1463,#1520,#1524,#1528));
#973 = ADVANCED_FACE('',(#974),#988,.T.);
#974 = FACE_BOUND('',#975,.T.);
#975 = EDGE_LOOP('',(#976,#1006,#1033,#1034,#1254,#1349,#1372,#1399,
    #1400));
#976 = ORIENTED_EDGE('',*,*,#977,.T.);
#977 = EDGE_CURVE('',#978,#980,#982,.T.);
#978 = VERTEX_POINT('',#979);
#979 = CARTESIAN_POINT('',(10.85,-2.65748355415E-15,138.1668811173));
#980 = VERTEX_POINT('',#981);
#981 = CARTESIAN_POINT('',(10.85,-2.65748355415E-15,147.9));
#982 = SEAM_CURVE('',#983,(#987,#999),.PCURVE_S1.);
#983 = LINE('',#984,#985);
#984 = CARTESIAN_POINT('',(10.85,-2.65748355415E-15,99.4));
#985 = VECTOR('',#986,1.);
#986 = DIRECTION('',(0.,0.,1.));
#987 = PCURVE('',#988,#993);
#988 = CYLINDRICAL_SURFACE('',#989,10.85);
#989 = AXIS2_PLACEMENT_3D('',#990,#991,#992);
#990 = CARTESIAN_POINT('',(0.,0.,99.4));
#991 = DIRECTION('',(0.,0.,1.));
#992 = DIRECTION('',(1.,0.,-0.));
#993 = DEFINITIONAL_REPRESENTATION('',(#994),#998);
#994 = LINE('',#995,#996);
#995 = CARTESIAN_POINT('',(6.28318530718,-0.));
#996 = VECTOR('',#997,1.);
#997 = DIRECTION('',(0.,1.));
#998 = ( GEOMETRIC_REPRESENTATION_CONTEXT(2) 
PARAMETRIC_REPRESENTATION_CONTEXT() REPRESENTATION_CONTEXT('2D SPACE',''
  ) );
#999 = PCURVE('',#988,#1000);
#1000 = DEFINITIONAL_REPRESENTATION('',(#1001),#1005);
#1001 = LINE('',#1002,#1003);
#1002 = CARTESIAN_POINT('',(0.,-0.));
#1003 = VECTOR('',#1004,1.);
#1004 = DIRECTION('',(0.,1.));
#1005 = ( GEOMETRIC_REPRESENTATION_CONTEXT(2) 
PARAMETRIC_REPRESENTATION_CONTEXT() REPRESENTATION_CONTEXT('2D SPACE',''
  ) );
#1006 = ORIENTED_EDGE('',*,*,#1007,.F.);
#1007 = EDGE_CURVE('',#980,#980,#1008,.T.);
#1008 = SURFACE_CURVE('',#1009,(#1014,#1021),.PCURVE_S1.);
#1009 = CIRCLE('',#1010,10.85);
#1010 = AXIS2_PLACEMENT_3D('',#1011,#1012,#1013);
#1011 = CARTESIAN_POINT('',(0.,0.,147.9));
#1012 = DIRECTION('',(0.,0.,1.));
#1013 = DIRECTION('',(1.,0.,-0.));
#1014 = PCURVE('',#988,#1015);
#1015 = DEFINITIONAL_REPRESENTATION('',(#1016),#1020);
#1016 = LINE('',#1017,#1018);
#1017 = CARTESIAN_POINT('',(0.,48.5));
#1018 = VECTOR('',#1019,1.);
#1019 = DIRECTION('',(1.,0.));
#1020 = ( GEOMETRIC_REPRESENTATION_CONTEXT(2) 
PARAMETRIC_REPRESENTATION_CONTEXT() REPRESENTATION_CONTEXT('2D SPACE',''
  ) );
#1021 = PCURVE('',#1022,#1027);
#1022 = PLANE('',#1023);
#1023 = AXIS2_PLACEMENT_3D('',#1024,#1025,#1026);
#1024 = CARTESIAN_POINT('',(0.,0.,147.9));
#1025 = DIRECTION('',(0.,0.,1.));
#1026 = DIRECTION('',(1.,0.,-0.));
#1027 = DEFINITIONAL_REPRESENTATION('',(#1028),#1032);
#1028 = CIRCLE('',#1029,10.85);
#1029 = AXIS2_PLACEMENT_2D('',#1030,#1031);
#1030 = CARTESIAN_POINT('',(0.,0.));
#1031 = DIRECTION('',(1.,0.));
#1032 = ( GEOMETRIC_REPRESENTATION_CONTEXT(2) 
PARAMETRIC_REPRESENTATION_CONTEXT() REPRESENTATION_CONTEXT('2D SPACE',''
  ) );
#1033 = ORIENTED_EDGE('',*,*,#977,.F.);
#1034 = ORIENTED_EDGE('',*,*,#1035,.F.);
#1035 = EDGE_CURVE('',#1036,#978,#1038,.T.);
#1036 = VERTEX_POINT('',#1037);
#1037 = CARTESIAN_POINT('',(7.672108575874,7.672108575874,127.9));
#1038 = SURFACE_CURVE('',#1039,(#1107,#1178),.PCURVE_S1.);
#1039 = B_SPLINE_CURVE_WITH_KNOTS('',6,(#1040,#1041,#1042,#1043,#1044,
    #1045,#1046,#1047,#1048,#1049,#1050,#1051,#1052,#1053,#1054,#1055,
    #1056,#1057,#1058,#1059,#1060,#1061,#1062,#1063,#1064,#1065,#1066,
    #1067,#1068,#1069,#1070,#1071,#1072,#1073,#1074,#1075,#1076,#1077,
    #1078,#1079,#1080,#1081,#1082,#1083,#1084,#1085,#1086,#1087,#1088,
    #1089,#1090,#1091,#1092,#1093,#1094,#1095,#1096,#1097,#1098,#1099,
    #1100,#1101,#1102,#1103,#1104,#1105,#1106),.UNSPECIFIED.,.F.,.F.,(7,
    5,5,5,5,5,5,5,5,5,5,5,5,7),(0.,7.219216257533E-02,0.108271226485,
    0.203444047892,0.287233459349,0.357240449759,0.428110368257,
    0.510025679738,0.607514970804,0.683728219748,0.759762416821,
    0.822835833113,0.919557028062,1.),.UNSPECIFIED.);
#1040 = CARTESIAN_POINT('',(7.672108575874,7.672108575874,127.9));
#1041 = CARTESIAN_POINT('',(7.28462682856,8.059590323188,127.9));
#1042 = CARTESIAN_POINT('',(6.877756204204,8.41949295224,127.94504223225
    ));
#1043 = CARTESIAN_POINT('',(6.4581225009,8.74705395074,128.03334466134)
  );
#1044 = CARTESIAN_POINT('',(6.033972537741,9.03937446544,128.16062990082
    ));
#1045 = CARTESIAN_POINT('',(5.614668260788,9.295726815351,
    128.32016637751));
#1046 = CARTESIAN_POINT('',(5.008189742103,9.627752572388,
    128.59335856133));
#1047 = CARTESIAN_POINT('',(4.808563578872,9.730347674383,128.690609802)
  );
#1048 = CARTESIAN_POINT('',(4.611739128889,9.825372261706,
    128.79346339464));
#1049 = CARTESIAN_POINT('',(4.417997466709,9.913286462015,
    128.90137260048));
#1050 = CARTESIAN_POINT('',(4.227569001152,9.994535105276,
    129.01385700965));
#1051 = CARTESIAN_POINT('',(3.547517632056,10.267421105897,
    129.43819992958));
#1052 = CARTESIAN_POINT('',(3.077869847683,10.422233798076,
    129.77537458366));
#1053 = CARTESIAN_POINT('',(2.634507047944,10.541834155365,
    130.13501697013));
#1054 = CARTESIAN_POINT('',(2.218529263487,10.632841354343,
    130.51324923261));
#1055 = CARTESIAN_POINT('',(1.830555383162,10.70057678819,
    130.90854323825));
#1056 = CARTESIAN_POINT('',(1.156837662225,10.792849036591,
    131.68455723911));
#1057 = CARTESIAN_POINT('',(0.86450298712,10.821571639122,
    132.06126521801));
#1058 = CARTESIAN_POINT('',(0.597407144198,10.838834422712,
    132.45040613255));
#1059 = CARTESIAN_POINT('',(0.358273627324,10.847461818172,
    132.85133569948));
#1060 = CARTESIAN_POINT('',(0.150352956627,10.850335688257,
    133.26375146692));
#1061 = CARTESIAN_POINT('',(-0.166985803072,10.84967657175,
    134.04192673194));
#1062 = CARTESIAN_POINT('',(-0.287265838106,10.847119132052,
    134.40490147275));
#1063 = CARTESIAN_POINT('',(-0.379874334,10.843758286316,134.77402528637
    ));
#1064 = CARTESIAN_POINT('',(-0.442561545595,10.841016171322,
    135.14730166492));
#1065 = CARTESIAN_POINT('',(-0.474070248591,10.839638250394,
    135.52311815728));
#1066 = CARTESIAN_POINT('',(-0.474070248591,10.839638250394,
    136.28152740633));
#1067 = CARTESIAN_POINT('',(-0.441780025022,10.841050341437,
    136.6619297157));
#1068 = CARTESIAN_POINT('',(-0.3775524943,10.843859866672,
    137.03969845962));
#1069 = CARTESIAN_POINT('',(-0.282702641935,10.847284068614,
    137.41317817863));
#1070 = CARTESIAN_POINT('',(-0.159577385802,10.849832454213,
    137.78030868867));
#1071 = CARTESIAN_POINT('',(0.158943822678,10.850179754169,
    138.55228060406));
#1072 = CARTESIAN_POINT('',(0.363047108865,10.847176936425,
    138.95513540807));
#1073 = CARTESIAN_POINT('',(0.596923870616,10.838619839529,
    139.34699374178));
#1074 = CARTESIAN_POINT('',(0.857538578963,10.821821762015,
    139.72757262591));
#1075 = CARTESIAN_POINT('',(1.142340891299,10.794141950338,
    140.09627784942));
#1076 = CARTESIAN_POINT('',(1.814645338762,10.703525375833,
    140.87587268397));
#1077 = CARTESIAN_POINT('',(2.211177978843,10.634913379926,
    141.28122189969));
#1078 = CARTESIAN_POINT('',(2.637066402256,10.542008166001,
    141.66872096644));
#1079 = CARTESIAN_POINT('',(3.091690787982,10.41911276324,142.0367755073
    ));
#1080 = CARTESIAN_POINT('',(3.573901472844,10.259083543309,
    142.38120142299));
#1081 = CARTESIAN_POINT('',(4.476754442845,9.89262068898,142.93911923282
    ));
#1082 = CARTESIAN_POINT('',(4.890811875638,9.702740919632,
    143.16660110592));
#1083 = CARTESIAN_POINT('',(5.318864735718,9.480091048704,
    143.37080341362));
#1084 = CARTESIAN_POINT('',(5.756320165953,9.221164580784,
    143.54562391172));
#1085 = CARTESIAN_POINT('',(6.197903266323,8.922864407962,
    143.68463890901));
#1086 = CARTESIAN_POINT('',(7.076333977183,8.24351632033,143.87688421777
    ));
#1087 = CARTESIAN_POINT('',(7.509644702468,7.865407427348,143.9295392909
    ));
#1088 = CARTESIAN_POINT('',(7.922972655247,7.454076261645,
    143.93128693433));
#1089 = CARTESIAN_POINT('',(8.304825492688,7.019175722904,
    143.88089581518));
#1090 = CARTESIAN_POINT('',(8.647912687498,6.574138967919,
    143.78298471833));
#1091 = CARTESIAN_POINT('',(9.198450220377,5.771125698969,
    143.53724193471));
#1092 = CARTESIAN_POINT('',(9.420124258046,5.409675648448,
    143.40028571499));
#1093 = CARTESIAN_POINT('',(9.615884580392,5.053730734774,
    143.24174465548));
#1094 = CARTESIAN_POINT('',(9.787910017855,4.705668194959,
    143.06509185318));
#1095 = CARTESIAN_POINT('',(9.938409717198,4.367437469731,
    142.87341903604));
#1096 = CARTESIAN_POINT('',(10.270642459754,3.539489788576,
    142.35679080391));
#1097 = CARTESIAN_POINT('',(10.427253613848,3.062607966496,
    142.01365402256));
#1098 = CARTESIAN_POINT('',(10.547633576779,2.612924049709,
    141.64743923417));
#1099 = CARTESIAN_POINT('',(10.638707703924,2.191552007143,
    141.2621530384));
#1100 = CARTESIAN_POINT('',(10.706014542563,1.799129946199,
    140.85931638575));
#1101 = CARTESIAN_POINT('',(10.794555881443,1.136724607112,
    140.08852808346));
#1102 = CARTESIAN_POINT('',(10.821619010585,0.857389709653,
    139.72627844715));
#1103 = CARTESIAN_POINT('',(10.838205628378,0.601405964026,
    139.35257745008));
#1104 = CARTESIAN_POINT('',(10.84681880439,0.371187225027,
    138.96798237567));
#1105 = CARTESIAN_POINT('',(10.85,0.1696004623,138.57276147025));
#1106 = CARTESIAN_POINT('',(10.85,4.440892098501E-16,138.1668811173));
#1107 = PCURVE('',#988,#1108);
#1108 = DEFINITIONAL_REPRESENTATION('',(#1109),#1177);
#1109 = B_SPLINE_CURVE_WITH_KNOTS('',6,(#1110,#1111,#1112,#1113,#1114,
    #1115,#1116,#1117,#1118,#1119,#1120,#1121,#1122,#1123,#1124,#1125,
    #1126,#1127,#1128,#1129,#1130,#1131,#1132,#1133,#1134,#1135,#1136,
    #1137,#1138,#1139,#1140,#1141,#1142,#1143,#1144,#1145,#1146,#1147,
    #1148,#1149,#1150,#1151,#1152,#1153,#1154,#1155,#1156,#1157,#1158,
    #1159,#1160,#1161,#1162,#1163,#1164,#1165,#1166,#1167,#1168,#1169,
    #1170,#1171,#1172,#1173,#1174,#1175,#1176),.UNSPECIFIED.,.F.,.F.,(7,
    5,5,5,5,5,5,5,5,5,5,5,5,7),(0.,7.219216257533E-02,0.108271226485,
    0.203444047892,0.287233459349,0.357240449759,0.428110368257,
    0.510025679738,0.607514970804,0.683728219748,0.759762416821,
    0.822835833113,0.919557028062,1.),.UNSPECIFIED.);
#1110 = CARTESIAN_POINT('',(0.785398163397,28.5));
#1111 = CARTESIAN_POINT('',(0.835903411529,28.5));
#1112 = CARTESIAN_POINT('',(0.885874970696,28.545042232251));
#1113 = CARTESIAN_POINT('',(0.934802007579,28.63334466134));
#1114 = CARTESIAN_POINT('',(0.982167354927,28.760629900824));
#1115 = CARTESIAN_POINT('',(1.02741141369,28.920166377511));
#1116 = CARTESIAN_POINT('',(1.091136471423,29.193358561336));
#1117 = CARTESIAN_POINT('',(1.111815736582,29.290609802007));
#1118 = CARTESIAN_POINT('',(1.131950658956,29.393463394647));
#1119 = CARTESIAN_POINT('',(1.151551642457,29.501372600486));
#1120 = CARTESIAN_POINT('',(1.170628913039,29.61385700965));
#1121 = CARTESIAN_POINT('',(1.238164360204,30.038199929585));
#1122 = CARTESIAN_POINT('',(1.283650021178,30.375374583661));
#1123 = CARTESIAN_POINT('',(1.325889957789,30.735016970131));
#1124 = CARTESIAN_POINT('',(1.365078996124,31.113249232615));
#1125 = CARTESIAN_POINT('',(1.401353374297,31.508543238259));
#1126 = CARTESIAN_POINT('',(1.464026845108,32.284557239115));
#1127 = CARTESIAN_POINT('',(1.4910801782,32.661265218019));
#1128 = CARTESIAN_POINT('',(1.515730826994,33.050406132557));
#1129 = CARTESIAN_POINT('',(1.53777624954,33.451335699484));
#1130 = CARTESIAN_POINT('',(1.556938878561,33.863751466929));
#1131 = CARTESIAN_POINT('',(1.586186753602,34.641926731946));
#1132 = CARTESIAN_POINT('',(1.597272902509,35.004901472758));
#1133 = CARTESIAN_POINT('',(1.605813292014,35.374025286378));
#1134 = CARTESIAN_POINT('',(1.611596577156,35.747301664922));
#1135 = CARTESIAN_POINT('',(1.614503351552,36.123118157287));
#1136 = CARTESIAN_POINT('',(1.614503351552,36.88152740633));
#1137 = CARTESIAN_POINT('',(1.611524481439,37.261929715703));
#1138 = CARTESIAN_POINT('',(1.605599083016,37.639698459627));
#1139 = CARTESIAN_POINT('',(1.596852090169,38.013178178634));
#1140 = CARTESIAN_POINT('',(1.585503928267,38.380308688673));
#1141 = CARTESIAN_POINT('',(1.556147117408,39.152280604063));
#1142 = CARTESIAN_POINT('',(1.537336046083,39.555135408079));
#1143 = CARTESIAN_POINT('',(1.515774538367,39.946993741786));
#1144 = CARTESIAN_POINT('',(1.491721460768,40.327572625914));
#1145 = CARTESIAN_POINT('',(1.465366831504,40.696277849423));
#1146 = CARTESIAN_POINT('',(1.402842975332,41.475872683977));
#1147 = CARTESIAN_POINT('',(1.36577896804,41.881221899699));
#1148 = CARTESIAN_POINT('',(1.325664144019,42.268720966447));
#1149 = CARTESIAN_POINT('',(1.282349348367,42.636775507302));
#1150 = CARTESIAN_POINT('',(1.235621798368,42.981201422994));
#1151 = CARTESIAN_POINT('',(1.145816143702,43.539119232829));
#1152 = CARTESIAN_POINT('',(1.103874152269,43.766601105923));
#1153 = CARTESIAN_POINT('',(1.05949093398,43.970803413624));
#1154 = CARTESIAN_POINT('',(1.012756081373,44.145623911724));
#1155 = CARTESIAN_POINT('',(0.963742310942,44.284638909012));
#1156 = CARTESIAN_POINT('',(0.861394400762,44.476884217774));
#1157 = CARTESIAN_POINT('',(0.808483512989,44.5295392909));
#1158 = CARTESIAN_POINT('',(0.754917829097,44.531286934336));
#1159 = CARTESIAN_POINT('',(0.70174686826,44.480895815184));
#1160 = CARTESIAN_POINT('',(0.650036173271,44.382984718332));
#1161 = CARTESIAN_POINT('',(0.560302274611,44.137241934713));
#1162 = CARTESIAN_POINT('',(0.521273420351,44.000285714992));
#1163 = CARTESIAN_POINT('',(0.483892329933,43.84174465548));
#1164 = CARTESIAN_POINT('',(0.44815432053,43.66509185318));
#1165 = CARTESIAN_POINT('',(0.414057657933,43.473419036044));
#1166 = CARTESIAN_POINT('',(0.331834726818,42.956790803912));
#1167 = CARTESIAN_POINT('',(0.285668561552,42.613654022563));
#1168 = CARTESIAN_POINT('',(0.242850705548,42.247439234177));
#1169 = CARTESIAN_POINT('',(0.203176560074,41.862153038406));
#1170 = CARTESIAN_POINT('',(0.166505551645,41.459316385755));
#1171 = CARTESIAN_POINT('',(0.104911391076,40.688528083469));
#1172 = CARTESIAN_POINT('',(7.906270347795E-02,40.326278447151));
#1173 = CARTESIAN_POINT('',(5.54359254226E-02,39.952577450083));
#1174 = CARTESIAN_POINT('',(3.421082339134E-02,39.567982375678));
#1175 = CARTESIAN_POINT('',(1.56313790138E-02,39.172761470251));
#1176 = CARTESIAN_POINT('',(0.,38.766881117306));
#1177 = ( GEOMETRIC_REPRESENTATION_CONTEXT(2) 
PARAMETRIC_REPRESENTATION_CONTEXT() REPRESENTATION_CONTEXT('2D SPACE',''
  ) );
#1178 = PCURVE('',#1179,#1184);
#1179 = CYLINDRICAL_SURFACE('',#1180,8.);
#1180 = AXIS2_PLACEMENT_3D('',#1181,#1182,#1183);
#1181 = CARTESIAN_POINT('',(0.,0.,135.9));
#1182 = DIRECTION('',(0.707106781187,0.707106781187,2.22044604925E-16));
#1183 = DIRECTION('',(1.570092458684E-16,1.570092458684E-16,-1.));
#1184 = DEFINITIONAL_REPRESENTATION('',(#1185),#1253);
#1185 = B_SPLINE_CURVE_WITH_KNOTS('',6,(#1186,#1187,#1188,#1189,#1190,
    #1191,#1192,#1193,#1194,#1195,#1196,#1197,#1198,#1199,#1200,#1201,
    #1202,#1203,#1204,#1205,#1206,#1207,#1208,#1209,#1210,#1211,#1212,
    #1213,#1214,#1215,#1216,#1217,#1218,#1219,#1220,#1221,#1222,#1223,
    #1224,#1225,#1226,#1227,#1228,#1229,#1230,#1231,#1232,#1233,#1234,
    #1235,#1236,#1237,#1238,#1239,#1240,#1241,#1242,#1243,#1244,#1245,
    #1246,#1247,#1248,#1249,#1250,#1251,#1252),.UNSPECIFIED.,.F.,.F.,(7,
    5,5,5,5,5,5,5,5,5,5,5,5,7),(0.,7.219216257533E-02,0.108271226485,
    0.203444047892,0.287233459349,0.357240449759,0.428110368257,
    0.510025679738,0.607514970804,0.683728219748,0.759762416821,
    0.822835833113,0.919557028062,1.),.UNSPECIFIED.);
#1186 = CARTESIAN_POINT('',(0.,10.85));
#1187 = CARTESIAN_POINT('',(6.849774277791E-02,10.85));
#1188 = CARTESIAN_POINT('',(0.136271541828,10.816788612022));
#1189 = CARTESIAN_POINT('',(0.202893471524,10.751683378093));
#1190 = CARTESIAN_POINT('',(0.267895032693,10.658465881127));
#1191 = CARTESIAN_POINT('',(0.330710268788,10.543241468508));
#1192 = CARTESIAN_POINT('',(0.420417179325,10.349174059632));
#1193 = CARTESIAN_POINT('',(0.449746426445,10.280562738246));
#1194 = CARTESIAN_POINT('',(0.478542537091,10.208579365035));
#1195 = CARTESIAN_POINT('',(0.506833260571,10.13374804911));
#1196 = CARTESIAN_POINT('',(0.5346454868,10.056546256396));
#1197 = CARTESIAN_POINT('',(0.634184402635,9.768636863284));
#1198 = CARTESIAN_POINT('',(0.703349400042,9.546014834637));
#1199 = CARTESIAN_POINT('',(0.770086916242,9.317080216088));
#1200 = CARTESIAN_POINT('',(0.834951271726,9.087291311409));
#1201 = CARTESIAN_POINT('',(0.898523441755,8.860848534308));
#1202 = CARTESIAN_POINT('',(1.016816513065,8.449704497787));
#1203 = CARTESIAN_POINT('',(1.071671616124,8.263302613668));
#1204 = CARTESIAN_POINT('',(1.126249869201,8.08664396325));
#1205 = CARTESIAN_POINT('',(1.18076902408,7.923651521693));
#1206 = CARTESIAN_POINT('',(1.235463105124,7.778661538519));
#1207 = CARTESIAN_POINT('',(1.336682216253,7.553803083851));
#1208 = CARTESIAN_POINT('',(1.383162100575,7.466943872484));
#1209 = CARTESIAN_POINT('',(1.429861042307,7.399083300231));
#1210 = CARTESIAN_POINT('',(1.476709099221,7.352817779712));
#1211 = CARTESIAN_POINT('',(1.523686096456,7.329563424925));
#1212 = CARTESIAN_POINT('',(1.618487252586,7.329563424925));
#1213 = CARTESIAN_POINT('',(1.666037472119,7.353394560129));
#1214 = CARTESIAN_POINT('',(1.713454143306,7.400796916987));
#1215 = CARTESIAN_POINT('',(1.760718212983,7.470287167202));
#1216 = CARTESIAN_POINT('',(1.807758485203,7.559151851487));
#1217 = CARTESIAN_POINT('',(1.908269519748,7.784625936109));
#1218 = CARTESIAN_POINT('',(1.961737060582,7.926825441045));
#1219 = CARTESIAN_POINT('',(2.015039856311,8.086150503999));
#1220 = CARTESIAN_POINT('',(2.068396859152,8.258554897027));
#1221 = CARTESIAN_POINT('',(2.122012475668,8.440367960838));
#1222 = CARTESIAN_POINT('',(2.240518300218,8.851683400341));
#1223 = CARTESIAN_POINT('',(2.30557895991,9.083558311527));
#1224 = CARTESIAN_POINT('',(2.37198242764,9.319012996978));
#1225 = CARTESIAN_POINT('',(2.440355857111,9.553580810348));
#1226 = CARTESIAN_POINT('',(2.511296273915,9.781397508974));
#1227 = CARTESIAN_POINT('',(2.643397892794,10.160682597127));
#1228 = CARTESIAN_POINT('',(2.70374564924,10.319200143139));
#1229 = CARTESIAN_POINT('',(2.766417813267,10.464441989645));
#1230 = CARTESIAN_POINT('',(2.831426564431,10.590681029535));
#1231 = CARTESIAN_POINT('',(2.898837480841,10.691997359234));
#1232 = CARTESIAN_POINT('',(3.038608255865,10.832770032135));
#1233 = CARTESIAN_POINT('',(3.110391936007,10.87180362209));
#1234 = CARTESIAN_POINT('',(3.182846659136,10.873215563772));
#1235 = CARTESIAN_POINT('',(3.254890407939,10.835705174456));
#1236 = CARTESIAN_POINT('',(3.32540654993,10.763615949117));
#1237 = CARTESIAN_POINT('',(3.448925235401,10.585088644056));
#1238 = CARTESIAN_POINT('',(3.503104820297,10.486252077522));
#1239 = CARTESIAN_POINT('',(3.555581631814,10.372984466752));
#1240 = CARTESIAN_POINT('',(3.606444489493,10.248507437939));
#1241 = CARTESIAN_POINT('',(3.655765634408,10.115761556496));
#1242 = CARTESIAN_POINT('',(3.776952089278,9.765238161878));
#1243 = CARTESIAN_POINT('',(3.847189798358,9.538772600729));
#1244 = CARTESIAN_POINT('',(3.914929734014,9.305919541886));
#1245 = CARTESIAN_POINT('',(3.980754314696,9.07236364608));
#1246 = CARTESIAN_POINT('',(4.04527423528,8.842472467722));
#1247 = CARTESIAN_POINT('',(4.162272837269,8.436689341696));
#1248 = CARTESIAN_POINT('',(4.214926050831,8.258306263617));
#1249 = CARTESIAN_POINT('',(4.267331274124,8.089026931129));
#1250 = CARTESIAN_POINT('',(4.31968315525,7.932328134792));
#1251 = CARTESIAN_POINT('',(4.372189566057,7.792034212859));
#1252 = CARTESIAN_POINT('',(4.425092930097,7.672108575874));
#1253 = ( GEOMETRIC_REPRESENTATION_CONTEXT(2) 
PARAMETRIC_REPRESENTATION_CONTEXT() REPRESENTATION_CONTEXT('2D SPACE',''
  ) );
#1254 = ORIENTED_EDGE('',*,*,#1255,.F.);
#1255 = EDGE_CURVE('',#1256,#1036,#1258,.T.);
#1256 = VERTEX_POINT('',#1257);
#1257 = CARTESIAN_POINT('',(10.85,-2.65748355415E-15,133.63311888269));
#1258 = SURFACE_CURVE('',#1259,(#1287,#1318),.PCURVE_S1.);
#1259 = B_SPLINE_CURVE_WITH_KNOTS('',6,(#1260,#1261,#1262,#1263,#1264,
    #1265,#1266,#1267,#1268,#1269,#1270,#1271,#1272,#1273,#1274,#1275,
    #1276,#1277,#1278,#1279,#1280,#1281,#1282,#1283,#1284,#1285,#1286),
  .UNSPECIFIED.,.F.,.F.,(7,5,5,5,5,7),(0.,0.287160433771,0.620804087486,
    0.743460738297,0.84390803333,1.),.UNSPECIFIED.);
#1260 = CARTESIAN_POINT('',(10.85,-4.440892098501E-16,133.63311888269));
#1261 = CARTESIAN_POINT('',(10.85,0.17302930862,133.21903276582));
#1262 = CARTESIAN_POINT('',(10.846688808356,0.379305478126,
    132.81615068684));
#1263 = CARTESIAN_POINT('',(10.837680075859,0.615291000565,
    132.42429268773));
#1264 = CARTESIAN_POINT('',(10.820269764564,0.878004314507,
    132.04373725918));
#1265 = CARTESIAN_POINT('',(10.791794203029,1.164888052602,
    131.67511585846));
#1266 = CARTESIAN_POINT('',(10.700194231443,1.832941542204,
    130.90599166321));
#1267 = CARTESIAN_POINT('',(10.632222180804,2.221748955346,
    130.51011117935));
#1268 = CARTESIAN_POINT('',(10.540878399757,2.638624378293,
    130.13137992712));
#1269 = CARTESIAN_POINT('',(10.42081461743,3.082958179263,
    129.77131885487));
#1270 = CARTESIAN_POINT('',(10.265366131745,3.553672901897,
    129.43381533744));
#1271 = CARTESIAN_POINT('',(9.993530500109,4.229681808165,
    129.01274411516));
#1272 = CARTESIAN_POINT('',(9.914562988154,4.414689027528,
    128.90349492601));
#1273 = CARTESIAN_POINT('',(9.829305488492,4.602822423029,
    128.79856404571));
#1274 = CARTESIAN_POINT('',(9.737350004664,4.793871811106,
    128.69839105461));
#1275 = CARTESIAN_POINT('',(9.638274741663,4.98758194206,128.60347472053
    ));
#1276 = CARTESIAN_POINT('',(9.444321807351,5.344220521299,
    128.44140536184));
#1277 = CARTESIAN_POINT('',(9.351908666302,5.506415133302,
    128.37231749167));
#1278 = CARTESIAN_POINT('',(9.254249653263,5.66990939017,128.30749490242
    ));
#1279 = CARTESIAN_POINT('',(9.151204592686,5.834367408083,
    128.24731461392));
#1280 = CARTESIAN_POINT('',(9.042650255583,5.999445922008,
    128.19214699602));
#1281 = CARTESIAN_POINT('',(8.751068118237,6.421744712455,
    128.06498576519));
#1282 = CARTESIAN_POINT('',(8.55971882878,6.679897840362,128.00043572008
    ));
#1283 = CARTESIAN_POINT('',(8.354990697462,6.936417891554,
    127.95064417978));
#1284 = CARTESIAN_POINT('',(8.137838387304,7.188730817668,
    127.91692460682));
#1285 = CARTESIAN_POINT('',(7.909627350003,7.434589801746,127.9));
#1286 = CARTESIAN_POINT('',(7.672108575874,7.672108575874,127.9));
#1287 = PCURVE('',#988,#1288);
#1288 = DEFINITIONAL_REPRESENTATION('',(#1289),#1317);
#1289 = B_SPLINE_CURVE_WITH_KNOTS('',6,(#1290,#1291,#1292,#1293,#1294,
    #1295,#1296,#1297,#1298,#1299,#1300,#1301,#1302,#1303,#1304,#1305,
    #1306,#1307,#1308,#1309,#1310,#1311,#1312,#1313,#1314,#1315,#1316),
  .UNSPECIFIED.,.F.,.F.,(7,5,5,5,5,7),(0.,0.287160433771,0.620804087486,
    0.743460738297,0.84390803333,1.),.UNSPECIFIED.);
#1290 = CARTESIAN_POINT('',(0.,34.233118882694));
#1291 = CARTESIAN_POINT('',(1.594740171614E-02,33.819032765827));
#1292 = CARTESIAN_POINT('',(3.495905115877E-02,33.416150686846));
#1293 = CARTESIAN_POINT('',(5.671607214014E-02,33.02429268773));
#1294 = CARTESIAN_POINT('',(8.09654396055E-02,32.64373725918));
#1295 = CARTESIAN_POINT('',(0.107517782305,32.275115858464));
#1296 = CARTESIAN_POINT('',(0.169665625656,31.505991663216));
#1297 = CARTESIAN_POINT('',(0.206019285597,31.110111179354));
#1298 = CARTESIAN_POINT('',(0.245295378779,30.731379927124));
#1299 = CARTESIAN_POINT('',(0.287632335186,30.371318854875));
#1300 = CARTESIAN_POINT('',(0.333228986296,30.033815337445));
#1301 = CARTESIAN_POINT('',(0.400382621744,29.612744115167));
#1302 = CARTESIAN_POINT('',(0.418918173084,29.503494926016));
#1303 = CARTESIAN_POINT('',(0.437947932296,29.398564045717));
#1304 = CARTESIAN_POINT('',(0.457481356406,29.29839105461));
#1305 = CARTESIAN_POINT('',(0.477528061125,29.203474720533));
#1306 = CARTESIAN_POINT('',(0.514944330427,29.041405361844));
#1307 = CARTESIAN_POINT('',(0.532145962468,28.972317491676));
#1308 = CARTESIAN_POINT('',(0.549692413983,28.907494902426));
#1309 = CARTESIAN_POINT('',(0.567573095128,28.847314613921));
#1310 = CARTESIAN_POINT('',(0.585777905161,28.792146996024));
#1311 = CARTESIAN_POINT('',(0.633075843365,28.664985765197));
#1312 = CARTESIAN_POINT('',(0.662675499396,28.600435720089));
#1313 = CARTESIAN_POINT('',(0.692894779891,28.550644179786));
#1314 = CARTESIAN_POINT('',(0.723543743064,28.516924606828));
#1315 = CARTESIAN_POINT('',(0.754439428679,28.5));
#1316 = CARTESIAN_POINT('',(0.785398163397,28.5));
#1317 = ( GEOMETRIC_REPRESENTATION_CONTEXT(2) 
PARAMETRIC_REPRESENTATION_CONTEXT() REPRESENTATION_CONTEXT('2D SPACE',''
  ) );
#1318 = PCURVE('',#1179,#1319);
#1319 = DEFINITIONAL_REPRESENTATION('',(#1320),#1348);
#1320 = B_SPLINE_CURVE_WITH_KNOTS('',6,(#1321,#1322,#1323,#1324,#1325,
    #1326,#1327,#1328,#1329,#1330,#1331,#1332,#1333,#1334,#1335,#1336,
    #1337,#1338,#1339,#1340,#1341,#1342,#1343,#1344,#1345,#1346,#1347),
  .UNSPECIFIED.,.F.,.F.,(7,5,5,5,5,7),(0.,0.287160433771,0.620804087486,
    0.743460738297,0.84390803333,1.),.UNSPECIFIED.);
#1321 = CARTESIAN_POINT('',(4.999685030672,7.672108575874));
#1322 = CARTESIAN_POINT('',(5.053657952558,7.794458773343));
#1323 = CARTESIAN_POINT('',(5.107203486657,7.937976685533));
#1324 = CARTESIAN_POINT('',(5.160596748352,8.098473512873));
#1325 = CARTESIAN_POINT('',(5.214060214455,8.27192892949));
#1326 = CARTESIAN_POINT('',(5.26779716943,8.45465110345));
#1327 = CARTESIAN_POINT('',(5.38506347415,8.862265295077));
#1328 = CARTESIAN_POINT('',(5.448751292247,9.089130155548));
#1329 = CARTESIAN_POINT('',(5.513734406478,9.319315787026));
#1330 = CARTESIAN_POINT('',(5.580599448673,9.548609316144));
#1331 = CARTESIAN_POINT('',(5.649906993424,9.77153621017));
#1332 = CARTESIAN_POINT('',(5.748847127489,10.057329873437));
#1333 = CARTESIAN_POINT('',(5.775868697021,10.13231126962));
#1334 = CARTESIAN_POINT('',(5.803341746891,10.205055513189));
#1335 = CARTESIAN_POINT('',(5.831291057905,10.275125484857));
#1336 = CARTESIAN_POINT('',(5.859742160992,10.342042441723));
#1337 = CARTESIAN_POINT('',(5.912456305266,10.457078564453));
#1338 = CARTESIAN_POINT('',(5.93655131241,10.506421515765));
#1339 = CARTESIAN_POINT('',(5.960999609258,10.552974063118));
#1340 = CARTESIAN_POINT('',(5.985794821959,10.596399581703));
#1341 = CARTESIAN_POINT('',(6.010932601491,10.636368210435));
#1342 = CARTESIAN_POINT('',(6.076002632054,10.728798842257));
#1343 = CARTESIAN_POINT('',(6.116500793543,10.776036289434));
#1344 = CARTESIAN_POINT('',(6.157666757088,10.812658707187));
#1345 = CARTESIAN_POINT('',(6.19929525735,10.837521017161));
#1346 = CARTESIAN_POINT('',(6.241197523218,10.85));
#1347 = CARTESIAN_POINT('',(6.28318530718,10.85));
#1348 = ( GEOMETRIC_REPRESENTATION_CONTEXT(2) 
PARAMETRIC_REPRESENTATION_CONTEXT() REPRESENTATION_CONTEXT('2D SPACE',''
  ) );
#1349 = ORIENTED_EDGE('',*,*,#1350,.F.);
#1350 = EDGE_CURVE('',#1351,#1256,#1353,.T.);
#1351 = VERTEX_POINT('',#1352);
#1352 = CARTESIAN_POINT('',(10.85,-2.65748355415E-15,99.4));
#1353 = SEAM_CURVE('',#1354,(#1358,#1365),.PCURVE_S1.);
#1354 = LINE('',#1355,#1356);
#1355 = CARTESIAN_POINT('',(10.85,-2.65748355415E-15,99.4));
#1356 = VECTOR('',#1357,1.);
#1357 = DIRECTION('',(0.,0.,1.));
#1358 = PCURVE('',#988,#1359);
#1359 = DEFINITIONAL_REPRESENTATION('',(#1360),#1364);
#1360 = LINE('',#1361,#1362);
#1361 = CARTESIAN_POINT('',(6.28318530718,-0.));
#1362 = VECTOR('',#1363,1.);
#1363 = DIRECTION('',(0.,1.));
#1364 = ( GEOMETRIC_REPRESENTATION_CONTEXT(2) 
PARAMETRIC_REPRESENTATION_CONTEXT() REPRESENTATION_CONTEXT('2D SPACE',''
  ) );
#1365 = PCURVE('',#988,#1366);
#1366 = DEFINITIONAL_REPRESENTATION('',(#1367),#1371);
#1367 = LINE('',#1368,#1369);
#1368 = CARTESIAN_POINT('',(0.,-0.));
#1369 = VECTOR('',#1370,1.);
#1370 = DIRECTION('',(0.,1.));
#1371 = ( GEOMETRIC_REPRESENTATION_CONTEXT(2) 
PARAMETRIC_REPRESENTATION_CONTEXT() REPRESENTATION_CONTEXT('2D SPACE',''
  ) );
#1372 = ORIENTED_EDGE('',*,*,#1373,.T.);
#1373 = EDGE_CURVE('',#1351,#1351,#1374,.T.);
#1374 = SURFACE_CURVE('',#1375,(#1380,#1387),.PCURVE_S1.);
#1375 = CIRCLE('',#1376,10.85);
#1376 = AXIS2_PLACEMENT_3D('',#1377,#1378,#1379);
#1377 = CARTESIAN_POINT('',(0.,0.,99.4));
#1378 = DIRECTION('',(0.,0.,1.));
#1379 = DIRECTION('',(1.,0.,-0.));
#1380 = PCURVE('',#988,#1381);
#1381 = DEFINITIONAL_REPRESENTATION('',(#1382),#1386);
#1382 = LINE('',#1383,#1384);
#1383 = CARTESIAN_POINT('',(0.,0.));
#1384 = VECTOR('',#1385,1.);
#1385 = DIRECTION('',(1.,0.));
#1386 = ( GEOMETRIC_REPRESENTATION_CONTEXT(2) 
PARAMETRIC_REPRESENTATION_CONTEXT() REPRESENTATION_CONTEXT('2D SPACE',''
  ) );
#1387 = PCURVE('',#1388,#1393);
#1388 = PLANE('',#1389);
#1389 = AXIS2_PLACEMENT_3D('',#1390,#1391,#1392);
#1390 = CARTESIAN_POINT('',(0.,0.,99.4));
#1391 = DIRECTION('',(0.,0.,1.));
#1392 = DIRECTION('',(1.,0.,-0.));
#1393 = DEFINITIONAL_REPRESENTATION('',(#1394),#1398);
#1394 = CIRCLE('',#1395,10.85);
#1395 = AXIS2_PLACEMENT_2D('',#1396,#1397);
#1396 = CARTESIAN_POINT('',(0.,0.));
#1397 = DIRECTION('',(1.,0.));
#1398 = ( GEOMETRIC_REPRESENTATION_CONTEXT(2) 
PARAMETRIC_REPRESENTATION_CONTEXT() REPRESENTATION_CONTEXT('2D SPACE',''
  ) );
#1399 = ORIENTED_EDGE('',*,*,#1350,.T.);
#1400 = ORIENTED_EDGE('',*,*,#1401,.F.);
#1401 = EDGE_CURVE('',#978,#1256,#1402,.T.);
#1402 = SURFACE_CURVE('',#1403,(#1421,#1442),.PCURVE_S1.);
#1403 = B_SPLINE_CURVE_WITH_KNOTS('',6,(#1404,#1405,#1406,#1407,#1408,
    #1409,#1410,#1411,#1412,#1413,#1414,#1415,#1416,#1417,#1418,#1419,
    #1420),.UNSPECIFIED.,.F.,.F.,(7,5,5,7),(0.,0.500251099719,
    0.822407239164,1.),.UNSPECIFIED.);
#1404 = CARTESIAN_POINT('',(10.85,-2.22044604925E-15,138.1668811173));
#1405 = CARTESIAN_POINT('',(10.85,-0.151384677105,137.80459397881));
#1406 = CARTESIAN_POINT('',(10.847465538129,-0.277653765492,
    137.43293068273));
#1407 = CARTESIAN_POINT('',(10.84397230717,-0.374982474075,
    137.05469559301));
#1408 = CARTESIAN_POINT('',(10.841088176459,-0.440914670079,
    136.67201979917));
#1409 = CARTESIAN_POINT('',(10.839638250394,-0.474070248591,
    136.28660620451));
#1410 = CARTESIAN_POINT('',(10.839638250394,-0.474070248591,
    135.65102990797));
#1411 = CARTESIAN_POINT('',(10.840239625629,-0.46031965321,
    135.40221747455));
#1412 = CARTESIAN_POINT('',(10.841440990128,-0.432850947825,
    135.15414404039));
#1413 = CARTESIAN_POINT('',(10.84309959924,-0.391928548334,
    134.90740596796));
#1414 = CARTESIAN_POINT('',(10.844933562162,-0.338055597531,
    134.6626594215));
#1415 = CARTESIAN_POINT('',(10.847503074666,-0.235592227068,
    134.28726143317));
#1416 = CARTESIAN_POINT('',(10.848362536097,-0.195466803883,
    134.15464824878));
#1417 = CARTESIAN_POINT('',(10.849109737451,-0.151729841421,
    134.02287104337));
#1418 = CARTESIAN_POINT('',(10.849679012873,-0.104491781968,
    133.8919827895));
#1419 = CARTESIAN_POINT('',(10.85,-5.387210261217E-02,133.76204322479));
#1420 = CARTESIAN_POINT('',(10.85,-3.10862446895E-15,133.63311888269));
#1421 = PCURVE('',#988,#1422);
#1422 = DEFINITIONAL_REPRESENTATION('',(#1423),#1441);
#1423 = B_SPLINE_CURVE_WITH_KNOTS('',6,(#1424,#1425,#1426,#1427,#1428,
    #1429,#1430,#1431,#1432,#1433,#1434,#1435,#1436,#1437,#1438,#1439,
    #1440),.UNSPECIFIED.,.F.,.F.,(7,5,5,7),(0.,0.500251099719,
    0.822407239164,1.),.UNSPECIFIED.);
#1424 = CARTESIAN_POINT('',(6.28318530718,38.766881117306));
#1425 = CARTESIAN_POINT('',(6.269232802377,38.404593978813));
#1426 = CARTESIAN_POINT('',(6.257595139319,38.032930682734));
#1427 = CARTESIAN_POINT('',(6.248619657347,37.654695593017));
#1428 = CARTESIAN_POINT('',(6.242536981854,37.272019799176));
#1429 = CARTESIAN_POINT('',(6.239478282422,36.886606204513));
#1430 = CARTESIAN_POINT('',(6.239478282422,36.251029907977));
#1431 = CARTESIAN_POINT('',(6.24074682847,36.002217474558));
#1432 = CARTESIAN_POINT('',(6.243280932955,35.754144040396));
#1433 = CARTESIAN_POINT('',(6.247055644449,35.507405967969));
#1434 = CARTESIAN_POINT('',(6.252023568663,35.262659421506));
#1435 = CARTESIAN_POINT('',(6.26147016624,34.887261433179));
#1436 = CARTESIAN_POINT('',(6.265169185596,34.75464824878));
#1437 = CARTESIAN_POINT('',(6.269200769314,34.622871043373));
#1438 = CARTESIAN_POINT('',(6.273554728368,34.491982789502));
#1439 = CARTESIAN_POINT('',(6.278220136432,34.362043224795));
#1440 = CARTESIAN_POINT('',(6.28318530718,34.233118882694));
#1441 = ( GEOMETRIC_REPRESENTATION_CONTEXT(2) 
PARAMETRIC_REPRESENTATION_CONTEXT() REPRESENTATION_CONTEXT('2D SPACE',''
  ) );
#1442 = PCURVE('',#1179,#1443);
#1443 = DEFINITIONAL_REPRESENTATION('',(#1444),#1462);
#1444 = B_SPLINE_CURVE_WITH_KNOTS('',6,(#1445,#1446,#1447,#1448,#1449,
    #1450,#1451,#1452,#1453,#1454,#1455,#1456,#1457,#1458,#1459,#1460,
    #1461),.UNSPECIFIED.,.F.,.F.,(7,5,5,7),(0.,0.500251099719,
    0.822407239164,1.),.UNSPECIFIED.);
#1445 = CARTESIAN_POINT('',(4.425092930097,7.672108575874));
#1446 = CARTESIAN_POINT('',(4.472314255879,7.565063444125));
#1447 = CARTESIAN_POINT('',(4.519966981834,7.473985580297));
#1448 = CARTESIAN_POINT('',(4.567848599768,7.402693703155));
#1449 = CARTESIAN_POINT('',(4.61588658018,7.354033211878));
#1450 = CARTESIAN_POINT('',(4.664063204821,7.329563424925));
#1451 = CARTESIAN_POINT('',(4.743510241888,7.329563424925));
#1452 = CARTESIAN_POINT('',(4.77461179126,7.339711800671));
#1453 = CARTESIAN_POINT('',(4.805675249493,7.359984601504));
#1454 = CARTESIAN_POINT('',(4.836679868716,7.390093921436));
#1455 = CARTESIAN_POINT('',(4.867596126099,7.42948465789));
#1456 = CARTESIAN_POINT('',(4.915344333047,7.503754121684));
#1457 = CARTESIAN_POINT('',(4.932276886641,7.532734811522));
#1458 = CARTESIAN_POINT('',(4.949176397453,7.564189865411));
#1459 = CARTESIAN_POINT('',(4.966044247832,7.597994756092));
#1460 = CARTESIAN_POINT('',(4.982880740062,7.6340152468));
#1461 = CARTESIAN_POINT('',(4.999685030672,7.672108575874));
#1462 = ( GEOMETRIC_REPRESENTATION_CONTEXT(2) 
PARAMETRIC_REPRESENTATION_CONTEXT() REPRESENTATION_CONTEXT('2D SPACE',''
  ) );
#1463 = ADVANCED_FACE('',(#1464),#1179,.T.);
#1464 = FACE_BOUND('',#1465,.T.);
#1465 = EDGE_LOOP('',(#1466,#1489,#1516,#1517,#1518,#1519));
#1466 = ORIENTED_EDGE('',*,*,#1467,.T.);
#1467 = EDGE_CURVE('',#1036,#1468,#1470,.T.);
#1468 = VERTEX_POINT('',#1469);
#1469 = CARTESIAN_POINT('',(53.033008588991,53.033008588991,127.9));
#1470 = SEAM_CURVE('',#1471,(#1475,#1482),.PCURVE_S1.);
#1471 = LINE('',#1472,#1473);
#1472 = CARTESIAN_POINT('',(2.641603656924E-15,-1.294557230298E-16,127.9
    ));
#1473 = VECTOR('',#1474,1.);
#1474 = DIRECTION('',(0.707106781187,0.707106781187,2.22044604925E-16));
#1475 = PCURVE('',#1179,#1476);
#1476 = DEFINITIONAL_REPRESENTATION('',(#1477),#1481);
#1477 = LINE('',#1478,#1479);
#1478 = CARTESIAN_POINT('',(6.28318530718,-0.));
#1479 = VECTOR('',#1480,1.);
#1480 = DIRECTION('',(0.,1.));
#1481 = ( GEOMETRIC_REPRESENTATION_CONTEXT(2) 
PARAMETRIC_REPRESENTATION_CONTEXT() REPRESENTATION_CONTEXT('2D SPACE',''
  ) );
#1482 = PCURVE('',#1179,#1483);
#1483 = DEFINITIONAL_REPRESENTATION('',(#1484),#1488);
#1484 = LINE('',#1485,#1486);
#1485 = CARTESIAN_POINT('',(0.,-0.));
#1486 = VECTOR('',#1487,1.);
#1487 = DIRECTION('',(0.,1.));
#1488 = ( GEOMETRIC_REPRESENTATION_CONTEXT(2) 
PARAMETRIC_REPRESENTATION_CONTEXT() REPRESENTATION_CONTEXT('2D SPACE',''
  ) );
#1489 = ORIENTED_EDGE('',*,*,#1490,.F.);
#1490 = EDGE_CURVE('',#1468,#1468,#1491,.T.);
#1491 = SURFACE_CURVE('',#1492,(#1497,#1504),.PCURVE_S1.);
#1492 = CIRCLE('',#1493,8.);
#1493 = AXIS2_PLACEMENT_3D('',#1494,#1495,#1496);
#1494 = CARTESIAN_POINT('',(53.033008588991,53.033008588991,135.9));
#1495 = DIRECTION('',(0.707106781187,0.707106781187,2.22044604925E-16));
#1496 = DIRECTION('',(1.570092458684E-16,1.570092458684E-16,-1.));
#1497 = PCURVE('',#1179,#1498);
#1498 = DEFINITIONAL_REPRESENTATION('',(#1499),#1503);
#1499 = LINE('',#1500,#1501);
#1500 = CARTESIAN_POINT('',(0.,75.));
#1501 = VECTOR('',#1502,1.);
#1502 = DIRECTION('',(1.,0.));
#1503 = ( GEOMETRIC_REPRESENTATION_CONTEXT(2) 
PARAMETRIC_REPRESENTATION_CONTEXT() REPRESENTATION_CONTEXT('2D SPACE',''
  ) );
#1504 = PCURVE('',#1505,#1510);
#1505 = PLANE('',#1506);
#1506 = AXIS2_PLACEMENT_3D('',#1507,#1508,#1509);
#1507 = CARTESIAN_POINT('',(53.033008588991,53.033008588991,135.9));
#1508 = DIRECTION('',(0.707106781187,0.707106781187,2.22044604925E-16));
#1509 = DIRECTION('',(1.570092458684E-16,1.570092458684E-16,-1.));
#1510 = DEFINITIONAL_REPRESENTATION('',(#1511),#1515);
#1511 = CIRCLE('',#1512,8.);
#1512 = AXIS2_PLACEMENT_2D('',#1513,#1514);
#1513 = CARTESIAN_POINT('',(0.,0.));
#1514 = DIRECTION('',(1.,0.));
#1515 = ( GEOMETRIC_REPRESENTATION_CONTEXT(2) 
PARAMETRIC_REPRESENTATION_CONTEXT() REPRESENTATION_CONTEXT('2D SPACE',''
  ) );
#1516 = ORIENTED_EDGE('',*,*,#1467,.F.);
#1517 = ORIENTED_EDGE('',*,*,#1035,.T.);
#1518 = ORIENTED_EDGE('',*,*,#1401,.T.);
#1519 = ORIENTED_EDGE('',*,*,#1255,.T.);
#1520 = ADVANCED_FACE('',(#1521),#1388,.F.);
#1521 = FACE_BOUND('',#1522,.T.);
#1522 = EDGE_LOOP('',(#1523));
#1523 = ORIENTED_EDGE('',*,*,#1373,.F.);
#1524 = ADVANCED_FACE('',(#1525),#1022,.T.);
#1525 = FACE_BOUND('',#1526,.T.);
#1526 = EDGE_LOOP('',(#1527));
#1527 = ORIENTED_EDGE('',*,*,#1007,.T.);
#1528 = ADVANCED_FACE('',(#1529),#1505,.T.);
#1529 = FACE_BOUND('',#1530,.T.);
#1530 = EDGE_LOOP('',(#1531));
#1531 = ORIENTED_EDGE('',*,*,#1490,.T.);
#1532 = ( GEOMETRIC_REPRESENTATION_CONTEXT(3) 
GLOBAL_UNCERTAINTY_ASSIGNED_CONTEXT((#1536)) 
GLOBAL_UNIT_ASSIGNED_CONTEXT((#1533,#1534,#1535)) REPRESENTATION_CONTEXT
('Context #1','3D Context with UNIT and UNCERTAINTY') );
#1533 = ( LENGTH_UNIT() NAMED_UNIT(*) SI_UNIT(.MILLI.,.METRE.) );
#1534 = ( NAMED_UNIT(*) PLANE_ANGLE_UNIT() SI_UNIT($,.RADIAN.) );
#1535 = ( NAMED_UNIT(*) SI_UNIT($,.STERADIAN.) SOLID_ANGLE_UNIT() );
#1536 = UNCERTAINTY_MEASURE_WITH_UNIT(LENGTH_MEASURE(1.E-07),#1533,
  'distance_accuracy_value','confusion accuracy');
#1537 = CONTEXT_DEPENDENT_SHAPE_REPRESENTATION(#1538,#1540);
#1538 = ( REPRESENTATION_RELATIONSHIP('','',#970,#10) 
REPRESENTATION_RELATIONSHIP_WITH_TRANSFORMATION(#1539) 
SHAPE_REPRESENTATION_RELATIONSHIP() );
#1539 = ITEM_DEFINED_TRANSFORMATION('','',#11,#27);
#1540 = PRODUCT_DEFINITION_SHAPE('Placement','Placement of an item',
  #1541);
#1541 = NEXT_ASSEMBLY_USAGE_OCCURRENCE('4','=>[0:1:1:5]','',#5,#965,$);
#1542 = PRODUCT_RELATED_PRODUCT_CATEGORY('part',$,(#967));
#1543 = SHAPE_DEFINITION_REPRESENTATION(#1544,#1550);
#1544 = PRODUCT_DEFINITION_SHAPE('','',#1545);
#1545 = PRODUCT_DEFINITION('design','',#1546,#1549);
#1546 = PRODUCT_DEFINITION_FORMATION('','',#1547);
#1547 = PRODUCT('COMPOUND','COMPOUND','',(#1548));
#1548 = PRODUCT_CONTEXT('',#2,'mechanical');
#1549 = PRODUCT_DEFINITION_CONTEXT('part definition',#2,'design');
#1550 = ADVANCED_BREP_SHAPE_REPRESENTATION('',(#11,#1551),#2695);
#1551 = MANIFOLD_SOLID_BREP('',#1552);
#1552 = CLOSED_SHELL('',(#1553,#2687,#2691));
#1553 = ADVANCED_FACE('',(#1554),#1695,.T.);
#1554 = FACE_BOUND('',#1555,.T.);
#1555 = EDGE_LOOP('',(#1556,#2618,#2652,#2653));
#1556 = ORIENTED_EDGE('',*,*,#1557,.T.);
#1557 = EDGE_CURVE('',#1558,#1560,#1562,.T.);
#1558 = VERTEX_POINT('',#1559);
#1559 = CARTESIAN_POINT('',(47.,-0.169162293277,-24.00357858596));
#1560 = VERTEX_POINT('',#1561);
#1561 = CARTESIAN_POINT('',(47.000000000487,-0.169162293275,
    75.996421414032));
#1562 = SEAM_CURVE('',#1563,(#1694,#2611),.PCURVE_S1.);
#1563 = ( BOUNDED_CURVE() B_SPLINE_CURVE(9,(#1564,#1565,#1566,#1567,
    #1568,#1569,#1570,#1571,#1572,#1573,#1574,#1575,#1576,#1577,#1578,
    #1579,#1580,#1581,#1582,#1583,#1584,#1585,#1586,#1587,#1588,#1589,
    #1590,#1591,#1592,#1593,#1594,#1595,#1596,#1597,#1598,#1599,#1600,
    #1601,#1602,#1603,#1604,#1605,#1606,#1607,#1608,#1609,#1610,#1611,
    #1612,#1613,#1614,#1615,#1616,#1617,#1618,#1619,#1620,#1621,#1622,
    #1623,#1624,#1625,#1626,#1627,#1628,#1629,#1630,#1631,#1632,#1633,
    #1634,#1635,#1636,#1637,#1638,#1639,#1640,#1641,#1642,#1643,#1644,
    #1645,#1646,#1647,#1648,#1649,#1650,#1651,#1652,#1653,#1654,#1655,
    #1656,#1657,#1658,#1659,#1660,#1661,#1662,#1663,#1664,#1665,#1666,
    #1667,#1668,#1669,#1670,#1671,#1672,#1673,#1674,#1675,#1676,#1677,
    #1678,#1679,#1680,#1681,#1682,#1683,#1684,#1685,#1686,#1687,#1688,
    #1689,#1690,#1691,#1692,#1693),.UNSPECIFIED.,.F.,.F.) 
B_SPLINE_CURVE_WITH_KNOTS((10,8,8,8,8,8,8,8,8,8,8,8,8,8,8,8,10),(0.,
    6.995148633238,13.990297266476,20.985445899714,27.980594532951,
    34.975743166189,41.970891799427,48.966040432665,55.961189065903,
    62.956337699141,69.951486332378,76.946634965616,83.941783598854,
    90.936932232092,97.93208086533,104.92722949856,111.9223781318),
.UNSPECIFIED.) CURVE() GEOMETRIC_REPRESENTATION_ITEM() 
RATIONAL_B_SPLINE_CURVE((1.669078461068,1.669078461068,1.669078461068,
    1.669078461068,1.669078461068,1.669078461068,1.669078461068,
    1.669078461068,1.669078461068,1.669078461068,1.669078461068,
    1.669078461068,1.669078461068,1.669078461068,1.669078461068,
    1.669078461068,1.669078461068,1.669078461068,1.669078461068,
    1.669078461069,1.669078461068,1.669078461069,1.669078461068,
    1.669078461068,1.669078461068,1.669078461068,1.669078461068,
    1.669078461068,1.669078461068,1.669078461069,1.669078461068,
    1.669078461068,1.669078461068,1.669078461068,1.669078461068,
    1.669078461068,1.669078461069,1.669078461068,1.669078461069,
    1.669078461068,1.669078461068,1.669078461068,1.669078461068,
    1.669078461068,1.669078461068,1.669078461068,1.669078461068,
    1.669078461068,1.669078461068,1.669078461068,1.669078461068,
    1.669078461068,1.669078461068,1.669078461068,1.669078461068,
    1.669078461068,1.669078461068,1.669078461068,1.669078461068,
    1.669078461068,1.669078461068,1.669078461068,1.669078461068,
    1.669078461068,1.669078461068,1.669078461068,1.669078461068,
    1.669078461068,1.669078461068,1.669078461068,1.669078461068,
    1.669078461068,1.669078461068,1.669078461068,1.669078461068,
    1.669078461068,1.669078461068,1.669078461068,1.669078461068,
    1.669078461068,1.669078461068,1.669078461068,1.669078461068,
    1.669078461068,1.669078461068,1.669078461068,1.669078461068,
    1.669078461068,1.669078461068,1.669078461068,1.669078461068,
    1.669078461068,1.669078461068,1.669078461068,1.669078461068,
    1.669078461068,1.669078461068,1.669078461068,1.669078461068,
    1.669078461068,1.669078461068,1.669078461068,1.669078461068,
    1.669078461068,1.669078461068,1.669078461068,1.669078461068,
    1.669078461068,1.669078461068,1.669078461068,1.669078461068,
    1.669078461068,1.669078461068,1.669078461068,1.669078461068,
    1.669078461068,1.669078461069,1.669078461068,1.669078461068,
    1.669078461068,1.669078461068,1.669078461068,1.669078461068,
    1.669078461068,1.669078461069,1.669078461068,1.669078461068,
1.669078461068,1.669078461068,1.669078461068)) REPRESENTATION_ITEM('') 
  );
#1564 = CARTESIAN_POINT('',(47.,-0.169162293277,-24.00357858596));
#1565 = CARTESIAN_POINT('',(47.059048783259,16.236932675564,
    -23.30913414151));
#1566 = CARTESIAN_POINT('',(40.67545723383,32.666386242074,
    -22.61468969709));
#1567 = CARTESIAN_POINT('',(27.838630816172,46.226287633364,
    -21.92024525261));
#1568 = CARTESIAN_POINT('',(10.053138033085,54.025826720774,
    -21.22580080819));
#1569 = CARTESIAN_POINT('',(-9.663983359087,54.09679253974,
    -20.53135636375));
#1570 = CARTESIAN_POINT('',(-27.50515875741,46.425480874871,
    -19.83691191928));
#1571 = CARTESIAN_POINT('',(-40.43926090678,32.958334151497,
    -19.14246747486));
#1572 = CARTESIAN_POINT('',(-46.94095121777,16.575257262115,
    -18.4480230304));
#1573 = CARTESIAN_POINT('',(-47.05904878273,-16.23693267556,
    -17.05913414152));
#1574 = CARTESIAN_POINT('',(-40.67545723466,-32.66638624205,
    -16.36468969707));
#1575 = CARTESIAN_POINT('',(-27.83863081514,-46.22628763339,
    -15.67024525265));
#1576 = CARTESIAN_POINT('',(-10.05313803403,-54.02582672073,
    -14.97580080815));
#1577 = CARTESIAN_POINT('',(9.663983359732,-54.09679253977,
    -14.28135636378));
#1578 = CARTESIAN_POINT('',(27.505158757108,-46.42548087485,
    -13.58691191927));
#1579 = CARTESIAN_POINT('',(40.439260906887,-32.9583341515,
    -12.89246747487));
#1580 = CARTESIAN_POINT('',(46.940951217746,-16.57525726211,
    -12.19802303041));
#1581 = CARTESIAN_POINT('',(47.059048782774,16.236932675559,
    -10.80913414152));
#1582 = CARTESIAN_POINT('',(40.675457234538,32.666386242098,
    -10.11468969708));
#1583 = CARTESIAN_POINT('',(27.83863081535,46.226287633306,
    -9.420245252627));
#1584 = CARTESIAN_POINT('',(10.053138033845,54.025826720861,
    -8.72580080819));
#1585 = CARTESIAN_POINT('',(-9.66398335964,54.096792539657,
    -8.031356363758));
#1586 = CARTESIAN_POINT('',(-27.5051587571,46.425480874921,
    -7.336911919286));
#1587 = CARTESIAN_POINT('',(-40.43926090691,32.95833415148,
    -6.642467474866));
#1588 = CARTESIAN_POINT('',(-46.94095121773,16.575257262116,
    -5.948023030411));
#1589 = CARTESIAN_POINT('',(-47.05904878278,-16.23693267556,
    -4.559134141522));
#1590 = CARTESIAN_POINT('',(-40.67545723449,-32.66638624209,
    -3.864689697087));
#1591 = CARTESIAN_POINT('',(-27.8386308154,-46.22628763329,
    -3.170245252623));
#1592 = CARTESIAN_POINT('',(-10.0531380338,-54.02582672088,
    -2.475800808195));
#1593 = CARTESIAN_POINT('',(9.663983359638,-54.09679253962,
    -1.781356363755));
#1594 = CARTESIAN_POINT('',(27.505158757081,-46.42548087495,
    -1.086911919287));
#1595 = CARTESIAN_POINT('',(40.439260906937,-32.95833415146,
    -0.392467474866));
#1596 = CARTESIAN_POINT('',(46.940951217725,-16.57525726211,
    0.301976969589));
#1597 = CARTESIAN_POINT('',(47.059048782793,16.236932675563,
    1.690865858478));
#1598 = CARTESIAN_POINT('',(40.675457234478,32.666386242086,
    2.385310302912));
#1599 = CARTESIAN_POINT('',(27.838630815452,46.226287633335,
    3.079754747378));
#1600 = CARTESIAN_POINT('',(10.053138033735,54.025826720816,
    3.774199191804));
#1601 = CARTESIAN_POINT('',(-9.663983359564,54.0967925397,4.468643636245
    ));
#1602 = CARTESIAN_POINT('',(-27.50515875713,46.425480874895,
    5.163088080714));
#1603 = CARTESIAN_POINT('',(-40.4392609069,32.958334151491,
    5.857532525133));
#1604 = CARTESIAN_POINT('',(-46.94095121773,16.575257262113,
    6.551976969589));
#1605 = CARTESIAN_POINT('',(-47.05904878278,-16.23693267555,
    7.940865858477));
#1606 = CARTESIAN_POINT('',(-40.67545723453,-32.66638624211,
    8.635310302913));
#1607 = CARTESIAN_POINT('',(-27.83863081532,-46.22628763327,
    9.329754747377));
#1608 = CARTESIAN_POINT('',(-10.05313803391,-54.02582672089,
    10.024199191805));
#1609 = CARTESIAN_POINT('',(9.663983359732,-54.09679253963,
    10.718643636245));
#1610 = CARTESIAN_POINT('',(27.505158757026,-46.42548087493,
    11.413088080713));
#1611 = CARTESIAN_POINT('',(40.439260906958,-32.95833415147,
    12.107532525135));
#1612 = CARTESIAN_POINT('',(46.940951217719,-16.57525726211,
    12.801976969588));
#1613 = CARTESIAN_POINT('',(47.059048782803,16.236932675562,
    14.190865858479));
#1614 = CARTESIAN_POINT('',(40.67545723446,32.666386242095,
    14.885310302907));
#1615 = CARTESIAN_POINT('',(27.838630815422,46.226287633303,
    15.579754747393));
#1616 = CARTESIAN_POINT('',(10.053138033885,54.025826720875,
    16.274199191779));
#1617 = CARTESIAN_POINT('',(-9.663983359829,54.096792539633,
    16.968643636274));
#1618 = CARTESIAN_POINT('',(-27.50515875686,46.425480874944,
    17.663088080691));
#1619 = CARTESIAN_POINT('',(-40.43926090707,32.958334151466,
    18.357532525145));
#1620 = CARTESIAN_POINT('',(-46.94095121767,16.57525726212,
    19.051976969585));
#1621 = CARTESIAN_POINT('',(-47.05904878286,-16.23693267556,
    20.440865858483));
#1622 = CARTESIAN_POINT('',(-40.67545723426,-32.66638624207,
    21.135310302889));
#1623 = CARTESIAN_POINT('',(-27.83863081571,-46.22628763335,
    21.829754747433));
#1624 = CARTESIAN_POINT('',(-10.05313803367,-54.0258267208,
    22.524199191723));
#1625 = CARTESIAN_POINT('',(9.663983359834,-54.09679253969,
    23.218643636328));
#1626 = CARTESIAN_POINT('',(27.50515875671,-46.4254808749,
    23.913088080656));
#1627 = CARTESIAN_POINT('',(40.439260907228,-32.95833415148,
    24.607532525161));
#1628 = CARTESIAN_POINT('',(46.940951217605,-16.57525726211,
    25.301976969581));
#1629 = CARTESIAN_POINT('',(47.059048782956,16.236932675566,
    26.690865858488));
#1630 = CARTESIAN_POINT('',(40.67545723397,32.666386242077,
    27.385310302862));
#1631 = CARTESIAN_POINT('',(27.838630816095,46.226287633337,
    28.079754747496));
#1632 = CARTESIAN_POINT('',(10.053138033549,54.025826720829,
    28.774199191629));
#1633 = CARTESIAN_POINT('',(-9.663983360143,54.09679253968,
    29.46864363642));
#1634 = CARTESIAN_POINT('',(-27.5051587562,46.425480874908,
    30.163088080595));
#1635 = CARTESIAN_POINT('',(-40.43926090756,32.958334151487,
    30.857532525186));
#1636 = CARTESIAN_POINT('',(-46.94095121751,16.575257262114,
    31.551976969577));
#1637 = CARTESIAN_POINT('',(-47.05904878298,-16.23693267556,
    32.94086585849));
#1638 = CARTESIAN_POINT('',(-40.67545723396,-32.66638624208,
    33.635310302861));
#1639 = CARTESIAN_POINT('',(-27.83863081614,-46.22628763333,
    34.329754747489));
#1640 = CARTESIAN_POINT('',(-10.05313803334,-54.02582672082,
    35.024199191651));
#1641 = CARTESIAN_POINT('',(9.663983359779,-54.09679253969,
    35.718643636389));
#1642 = CARTESIAN_POINT('',(27.505158756576,-46.42548087489,
    36.413088080622));
#1643 = CARTESIAN_POINT('',(40.439260907344,-32.95833415149,
    37.107532525171));
#1644 = CARTESIAN_POINT('',(46.940951217586,-16.57525726211,
    37.801976969581));
#1645 = CARTESIAN_POINT('',(47.05904878292,16.236932675561,
    39.190865858486));
#1646 = CARTESIAN_POINT('',(40.675457234124,32.666386242086,
    39.885310302877));
#1647 = CARTESIAN_POINT('',(27.838630815953,46.226287633336,
    40.579754747452));
#1648 = CARTESIAN_POINT('',(10.053138033388,54.025826720811,
    41.274199191706));
#1649 = CARTESIAN_POINT('',(-9.663983359588,54.096792539712,
    41.968643636333));
#1650 = CARTESIAN_POINT('',(-27.50515875686,46.425480874881,
    42.663088080661));
#1651 = CARTESIAN_POINT('',(-40.43926090714,32.958334151499,
    43.357532525154));
#1652 = CARTESIAN_POINT('',(-46.94095121765,16.575257262112,
    44.051976969584));
#1653 = CARTESIAN_POINT('',(-47.05904878286,-16.23693267556,
    45.440865858483));
#1654 = CARTESIAN_POINT('',(-40.67545723426,-32.66638624208,
    46.13531030289));
#1655 = CARTESIAN_POINT('',(-27.83863081578,-46.22628763332,
    46.829754747425));
#1656 = CARTESIAN_POINT('',(-10.05313803345,-54.02582672083,
    47.524199191744));
#1657 = CARTESIAN_POINT('',(9.663983359488,-54.09679253968,48.2186436363
    ));
#1658 = CARTESIAN_POINT('',(27.50515875703,-46.4254808749,
    48.913088080679));
#1659 = CARTESIAN_POINT('',(40.439260907055,-32.95833415148,
    49.60753252515));
#1660 = CARTESIAN_POINT('',(46.940951217642,-16.57525726211,
    50.301976969583));
#1661 = CARTESIAN_POINT('',(47.059048782951,16.236932675562,
    51.690865858488));
#1662 = CARTESIAN_POINT('',(40.675457233911,32.666386242107,
    52.385310302859));
#1663 = CARTESIAN_POINT('',(27.838630816302,46.226287633263,
    53.079754747499));
#1664 = CARTESIAN_POINT('',(10.053138033163,54.02582672094,
    53.774199191634));
#1665 = CARTESIAN_POINT('',(-9.663983359684,54.096792539573,
    54.468643636407));
#1666 = CARTESIAN_POINT('',(-27.50515875656,46.425480874978,
    55.163088080609));
#1667 = CARTESIAN_POINT('',(-40.4392609074,32.958334151457,
    55.857532525178));
#1668 = CARTESIAN_POINT('',(-46.94095121754,16.575257262119,
    56.551976969578));
#1669 = CARTESIAN_POINT('',(-47.059048783,-16.23693267556,
    57.940865858491));
#1670 = CARTESIAN_POINT('',(-40.67545723383,-32.6663862421,
    58.63531030285));
#1671 = CARTESIAN_POINT('',(-27.83863081623,-46.22628763325,
    59.329754747526));
#1672 = CARTESIAN_POINT('',(-10.05313803354,-54.02582672095,
    60.024199191579));
#1673 = CARTESIAN_POINT('',(9.663983360358,-54.09679253954,
    60.718643636476));
#1674 = CARTESIAN_POINT('',(27.505158755897,-46.42548087499,
    61.413088080552));
#1675 = CARTESIAN_POINT('',(40.439260907793,-32.95833415145,
    62.107532525208));
#1676 = CARTESIAN_POINT('',(46.940951217426,-16.57525726211,
    62.80197696957));
#1677 = CARTESIAN_POINT('',(47.059048783105,16.236932675562,
    64.190865858498));
#1678 = CARTESIAN_POINT('',(40.675457233548,32.666386242107,
    64.885310302825));
#1679 = CARTESIAN_POINT('',(27.838630816769,46.226287633271,
    65.579754747568));
#1680 = CARTESIAN_POINT('',(10.053138032882,54.02582672091,
    66.274199191544));
#1681 = CARTESIAN_POINT('',(-9.663983359751,54.096792539626,
    66.968643636485));
#1682 = CARTESIAN_POINT('',(-27.50515875632,46.42548087492,
    67.663088080567));
#1683 = CARTESIAN_POINT('',(-40.43926090754,32.958334151496,
    68.35753252519));
#1684 = CARTESIAN_POINT('',(-46.94095121755,16.575257262105,
    69.051976969579));
#1685 = CARTESIAN_POINT('',(-47.05904878286,-16.23693267555,
    70.440865858485));
#1686 = CARTESIAN_POINT('',(-40.67545723442,-32.66638624212,
    71.135310302896));
#1687 = CARTESIAN_POINT('',(-27.83863081547,-46.22628763326,
    71.829754747396));
#1688 = CARTESIAN_POINT('',(-10.05313803372,-54.02582672088,
    72.524199191801));
#1689 = CARTESIAN_POINT('',(9.663983359604,-54.09679253966,
    73.218643636228));
#1690 = CARTESIAN_POINT('',(27.505158756961,-46.4254808749,
    73.91308808074));
#1691 = CARTESIAN_POINT('',(40.439260907224,-32.95833415148,
    74.607532525115));
#1692 = CARTESIAN_POINT('',(46.940951217402,-16.57525726211,
    75.301976969596));
#1693 = CARTESIAN_POINT('',(47.000000000487,-0.169162293275,
    75.996421414032));
#1694 = PCURVE('',#1695,#2606);
#1695 = ( BOUNDED_SURFACE() B_SPLINE_SURFACE(6,9,(
    (#1696,#1697,#1698,#1699,#1700,#1701,#1702,#1703,#1704,#1705,#1706
      ,#1707,#1708,#1709,#1710,#1711,#1712,#1713,#1714,#1715,#1716,#1717
      ,#1718,#1719,#1720,#1721,#1722,#1723,#1724,#1725,#1726,#1727,#1728
      ,#1729,#1730,#1731,#1732,#1733,#1734,#1735,#1736,#1737,#1738,#1739
      ,#1740,#1741,#1742,#1743,#1744,#1745,#1746,#1747,#1748,#1749,#1750
      ,#1751,#1752,#1753,#1754,#1755,#1756,#1757,#1758,#1759,#1760,#1761
      ,#1762,#1763,#1764,#1765,#1766,#1767,#1768,#1769,#1770,#1771,#1772
      ,#1773,#1774,#1775,#1776,#1777,#1778,#1779,#1780,#1781,#1782,#1783
      ,#1784,#1785,#1786,#1787,#1788,#1789,#1790,#1791,#1792,#1793,#1794
      ,#1795,#1796,#1797,#1798,#1799,#1800,#1801,#1802,#1803,#1804,#1805
      ,#1806,#1807,#1808,#1809,#1810,#1811,#1812,#1813,#1814,#1815,#1816
      ,#1817,#1818,#1819,#1820,#1821,#1822,#1823,#1824,#1825)
    ,(#1826,#1827,#1828,#1829,#1830,#1831,#1832,#1833,#1834,#1835,#1836
      ,#1837,#1838,#1839,#1840,#1841,#1842,#1843,#1844,#1845,#1846,#1847
      ,#1848,#1849,#1850,#1851,#1852,#1853,#1854,#1855,#1856,#1857,#1858
      ,#1859,#1860,#1861,#1862,#1863,#1864,#1865,#1866,#1867,#1868,#1869
      ,#1870,#1871,#1872,#1873,#1874,#1875,#1876,#1877,#1878,#1879,#1880
      ,#1881,#1882,#1883,#1884,#1885,#1886,#1887,#1888,#1889,#1890,#1891
      ,#1892,#1893,#1894,#1895,#1896,#1897,#1898,#1899,#1900,#1901,#1902
      ,#1903,#1904,#1905,#1906,#1907,#1908,#1909,#1910,#1911,#1912,#1913
      ,#1914,#1915,#1916,#1917,#1918,#1919,#1920,#1921,#1922,#1923,#1924
      ,#1925,#1926,#1927,#1928,#1929,#1930,#1931,#1932,#1933,#1934,#1935
      ,#1936,#1937,#1938,#1939,#1940,#1941,#1942,#1943,#1944,#1945,#1946
      ,#1947,#1948,#1949,#1950,#1951,#1952,#1953,#1954,#1955)
    ,(#1956,#1957,#1958,#1959,#1960,#1961,#1962,#1963,#1964,#1965,#1966
      ,#1967,#1968,#1969,#1970,#1971,#1972,#1973,#1974,#1975,#1976,#1977
      ,#1978,#1979,#1980,#1981,#1982,#1983,#1984,#1985,#1986,#1987,#1988
      ,#1989,#1990,#1991,#1992,#1993,#1994,#1995,#1996,#1997,#1998,#1999
      ,#2000,#2001,#2002,#2003,#2004,#2005,#2006,#2007,#2008,#2009,#2010
      ,#2011,#2012,#2013,#2014,#2015,#2016,#2017,#2018,#2019,#2020,#2021
      ,#2022,#2023,#2024,#2025,#2026,#2027,#2028,#2029,#2030,#2031,#2032
      ,#2033,#2034,#2035,#2036,#2037,#2038,#2039,#2040,#2041,#2042,#2043
      ,#2044,#2045,#2046,#2047,#2048,#2049,#2050,#2051,#2052,#2053,#2054
      ,#2055,#2056,#2057,#2058,#2059,#2060,#2061,#2062,#2063,#2064,#2065
      ,#2066,#2067,#2068,#2069,#2070,#2071,#2072,#2073,#2074,#2075,#2076
      ,#2077,#2078,#2079,#2080,#2081,#2082,#2083,#2084,#2085)
    ,(#2086,#2087,#2088,#2089,#2090,#2091,#2092,#2093,#2094,#2095,#2096
      ,#2097,#2098,#2099,#2100,#2101,#2102,#2103,#2104,#2105,#2106,#2107
      ,#2108,#2109,#2110,#2111,#2112,#2113,#2114,#2115,#2116,#2117,#2118
      ,#2119,#2120,#2121,#2122,#2123,#2124,#2125,#2126,#2127,#2128,#2129
      ,#2130,#2131,#2132,#2133,#2134,#2135,#2136,#2137,#2138,#2139,#2140
      ,#2141,#2142,#2143,#2144,#2145,#2146,#2147,#2148,#2149,#2150,#2151
      ,#2152,#2153,#2154,#2155,#2156,#2157,#2158,#2159,#2160,#2161,#2162
      ,#2163,#2164,#2165,#2166,#2167,#2168,#2169,#2170,#2171,#2172,#2173
      ,#2174,#2175,#2176,#2177,#2178,#2179,#2180,#2181,#2182,#2183,#2184
      ,#2185,#2186,#2187,#2188,#2189,#2190,#2191,#2192,#2193,#2194,#2195
      ,#2196,#2197,#2198,#2199,#2200,#2201,#2202,#2203,#2204,#2205,#2206
      ,#2207,#2208,#2209,#2210,#2211,#2212,#2213,#2214,#2215)
    ,(#2216,#2217,#2218,#2219,#2220,#2221,#2222,#2223,#2224,#2225,#2226
      ,#2227,#2228,#2229,#2230,#2231,#2232,#2233,#2234,#2235,#2236,#2237
      ,#2238,#2239,#2240,#2241,#2242,#2243,#2244,#2245,#2246,#2247,#2248
      ,#2249,#2250,#2251,#2252,#2253,#2254,#2255,#2256,#2257,#2258,#2259
      ,#2260,#2261,#2262,#2263,#2264,#2265,#2266,#2267,#2268,#2269,#2270
      ,#2271,#2272,#2273,#2274,#2275,#2276,#2277,#2278,#2279,#2280,#2281
      ,#2282,#2283,#2284,#2285,#2286,#2287,#2288,#2289,#2290,#2291,#2292
      ,#2293,#2294,#2295,#2296,#2297,#2298,#2299,#2300,#2301,#2302,#2303
      ,#2304,#2305,#2306,#2307,#2308,#2309,#2310,#2311,#2312,#2313,#2314
      ,#2315,#2316,#2317,#2318,#2319,#2320,#2321,#2322,#2323,#2324,#2325
      ,#2326,#2327,#2328,#2329,#2330,#2331,#2332,#2333,#2334,#2335,#2336
      ,#2337,#2338,#2339,#2340,#2341,#2342,#2343,#2344,#2345)
    ,(#2346,#2347,#2348,#2349,#2350,#2351,#2352,#2353,#2354,#2355,#2356
      ,#2357,#2358,#2359,#2360,#2361,#2362,#2363,#2364,#2365,#2366,#2367
      ,#2368,#2369,#2370,#2371,#2372,#2373,#2374,#2375,#2376,#2377,#2378
      ,#2379,#2380,#2381,#2382,#2383,#2384,#2385,#2386,#2387,#2388,#2389
      ,#2390,#2391,#2392,#2393,#2394,#2395,#2396,#2397,#2398,#2399,#2400
      ,#2401,#2402,#2403,#2404,#2405,#2406,#2407,#2408,#2409,#2410,#2411
      ,#2412,#2413,#2414,#2415,#2416,#2417,#2418,#2419,#2420,#2421,#2422
      ,#2423,#2424,#2425,#2426,#2427,#2428,#2429,#2430,#2431,#2432,#2433
      ,#2434,#2435,#2436,#2437,#2438,#2439,#2440,#2441,#2442,#2443,#2444
      ,#2445,#2446,#2447,#2448,#2449,#2450,#2451,#2452,#2453,#2454,#2455
      ,#2456,#2457,#2458,#2459,#2460,#2461,#2462,#2463,#2464,#2465,#2466
      ,#2467,#2468,#2469,#2470,#2471,#2472,#2473,#2474,#2475)
    ,(#2476,#2477,#2478,#2479,#2480,#2481,#2482,#2483,#2484,#2485,#2486
      ,#2487,#2488,#2489,#2490,#2491,#2492,#2493,#2494,#2495,#2496,#2497
      ,#2498,#2499,#2500,#2501,#2502,#2503,#2504,#2505,#2506,#2507,#2508
      ,#2509,#2510,#2511,#2512,#2513,#2514,#2515,#2516,#2517,#2518,#2519
      ,#2520,#2521,#2522,#2523,#2524,#2525,#2526,#2527,#2528,#2529,#2530
      ,#2531,#2532,#2533,#2534,#2535,#2536,#2537,#2538,#2539,#2540,#2541
      ,#2542,#2543,#2544,#2545,#2546,#2547,#2548,#2549,#2550,#2551,#2552
      ,#2553,#2554,#2555,#2556,#2557,#2558,#2559,#2560,#2561,#2562,#2563
      ,#2564,#2565,#2566,#2567,#2568,#2569,#2570,#2571,#2572,#2573,#2574
      ,#2575,#2576,#2577,#2578,#2579,#2580,#2581,#2582,#2583,#2584,#2585
      ,#2586,#2587,#2588,#2589,#2590,#2591,#2592,#2593,#2594,#2595,#2596
      ,#2597,#2598,#2599,#2600,#2601,#2602,#2603,#2604,#2605
)),.UNSPECIFIED.,.T.,.F.,.F.) B_SPLINE_SURFACE_WITH_KNOTS((1,6,6,1),(10,
    8,8,8,8,8,8,8,8,8,8,8,8,8,8,8,10),(-6.28318530718,0.,6.28318530718,
    12.566370614359),(0.,6.995148633238,13.990297266476,20.985445899714,
    27.980594532951,34.975743166189,41.970891799427,48.966040432665,
    55.961189065903,62.956337699141,69.951486332378,76.946634965616,
    83.941783598854,90.936932232092,97.93208086533,104.92722949856,
111.9223781318),.UNSPECIFIED.) GEOMETRIC_REPRESENTATION_ITEM() 
RATIONAL_B_SPLINE_SURFACE((
    (1.669078461068,1.669078461068,1.669078461068,1.669078461068
      ,1.669078461068,1.669078461068,1.669078461068,1.669078461068
      ,1.669078461068,1.669078461068,1.669078461068,1.669078461068
      ,1.669078461068,1.669078461068,1.669078461068,1.669078461068
      ,1.669078461068,1.669078461068,1.669078461068,1.669078461069
      ,1.669078461068,1.669078461069,1.669078461068,1.669078461068
      ,1.669078461068,1.669078461068,1.669078461068,1.669078461068
      ,1.669078461068,1.669078461069,1.669078461068,1.669078461068
      ,1.669078461068,1.669078461068,1.669078461068,1.669078461068
      ,1.669078461069,1.669078461068,1.669078461069,1.669078461068
      ,1.669078461068,1.669078461068,1.669078461068,1.669078461068
      ,1.669078461068,1.669078461068,1.669078461068,1.669078461068
      ,1.669078461068,1.669078461068,1.669078461068,1.669078461068
      ,1.669078461068,1.669078461068,1.669078461068,1.669078461068
      ,1.669078461068,1.669078461068,1.669078461068,1.669078461068
      ,1.669078461068,1.669078461068,1.669078461068,1.669078461068
      ,1.669078461068,1.669078461068,1.669078461068,1.669078461068
      ,1.669078461068,1.669078461068,1.669078461068,1.669078461068
      ,1.669078461068,1.669078461068,1.669078461068,1.669078461068
      ,1.669078461068,1.669078461068,1.669078461068,1.669078461068
      ,1.669078461068,1.669078461068,1.669078461068,1.669078461068
      ,1.669078461068,1.669078461068,1.669078461068,1.669078461068
      ,1.669078461068,1.669078461068,1.669078461068,1.669078461068
      ,1.669078461068,1.669078461068,1.669078461068,1.669078461068
      ,1.669078461068,1.669078461068,1.669078461068,1.669078461068
      ,1.669078461068,1.669078461068,1.669078461068,1.669078461068
      ,1.669078461068,1.669078461068,1.669078461068,1.669078461068
      ,1.669078461068,1.669078461068,1.669078461068,1.669078461068
      ,1.669078461068,1.669078461068,1.669078461068,1.669078461068
      ,1.669078461069,1.669078461068,1.669078461068,1.669078461068
      ,1.669078461068,1.669078461068,1.669078461068,1.669078461068
      ,1.669078461069,1.669078461068,1.669078461068,1.669078461068
      ,1.669078461068,1.669078461068)
    ,(1.03672962321,1.03672962321,1.03672962321,1.036729623209
      ,1.03672962321,1.036729623209,1.03672962321,1.03672962321
      ,1.03672962321,1.03672962321,1.03672962321,1.03672962321
      ,1.036729623209,1.03672962321,1.036729623209,1.03672962321
      ,1.03672962321,1.03672962321,1.03672962321,1.03672962321
      ,1.036729623209,1.03672962321,1.036729623209,1.03672962321
      ,1.03672962321,1.03672962321,1.03672962321,1.03672962321
      ,1.036729623209,1.03672962321,1.036729623209,1.03672962321
      ,1.03672962321,1.03672962321,1.03672962321,1.036729623209
      ,1.03672962321,1.036729623209,1.03672962321,1.03672962321
      ,1.03672962321,1.03672962321,1.03672962321,1.03672962321
      ,1.03672962321,1.03672962321,1.03672962321,1.03672962321
      ,1.03672962321,1.03672962321,1.03672962321,1.03672962321
      ,1.036729623209,1.03672962321,1.03672962321,1.03672962321
      ,1.03672962321,1.03672962321,1.03672962321,1.03672962321
      ,1.03672962321,1.036729623209,1.03672962321,1.03672962321
      ,1.03672962321,1.03672962321,1.03672962321,1.03672962321
      ,1.03672962321,1.03672962321,1.03672962321,1.03672962321
      ,1.03672962321,1.03672962321,1.03672962321,1.03672962321
      ,1.036729623209,1.03672962321,1.03672962321,1.03672962321
      ,1.03672962321,1.03672962321,1.03672962321,1.03672962321
      ,1.03672962321,1.03672962321,1.03672962321,1.03672962321
      ,1.03672962321,1.03672962321,1.03672962321,1.03672962321
      ,1.03672962321,1.03672962321,1.03672962321,1.03672962321
      ,1.03672962321,1.03672962321,1.03672962321,1.03672962321
      ,1.03672962321,1.03672962321,1.03672962321,1.03672962321
      ,1.03672962321,1.03672962321,1.03672962321,1.03672962321
      ,1.03672962321,1.03672962321,1.03672962321,1.03672962321
      ,1.03672962321,1.03672962321,1.03672962321,1.03672962321
      ,1.03672962321,1.03672962321,1.03672962321,1.03672962321
      ,1.03672962321,1.03672962321,1.03672962321,1.036729623209
      ,1.03672962321,1.036729623209,1.03672962321,1.03672962321
      ,1.03672962321,1.03672962321)
    ,(1.038346699848,1.038346699847,1.038346699848,1.038346699847
      ,1.038346699848,1.038346699847,1.038346699848,1.038346699847
      ,1.038346699848,1.038346699848,1.038346699847,1.038346699848
      ,1.038346699847,1.038346699848,1.038346699847,1.038346699848
      ,1.038346699847,1.038346699848,1.038346699847,1.038346699848
      ,1.038346699847,1.038346699848,1.038346699847,1.038346699848
      ,1.038346699847,1.038346699848,1.038346699847,1.038346699848
      ,1.038346699847,1.038346699848,1.038346699847,1.038346699848
      ,1.038346699848,1.038346699847,1.038346699848,1.038346699847
      ,1.038346699848,1.038346699847,1.038346699848,1.038346699847
      ,1.038346699848,1.038346699848,1.038346699847,1.038346699848
      ,1.038346699847,1.038346699848,1.038346699847,1.038346699848
      ,1.038346699847,1.038346699848,1.038346699847,1.038346699848
      ,1.038346699847,1.038346699848,1.038346699847,1.038346699848
      ,1.038346699847,1.038346699848,1.038346699848,1.038346699847
      ,1.038346699848,1.038346699847,1.038346699848,1.038346699847
      ,1.038346699848,1.038346699847,1.038346699848,1.038346699847
      ,1.038346699848,1.038346699847,1.038346699848,1.038346699847
      ,1.038346699848,1.038346699848,1.038346699848,1.038346699847
      ,1.038346699848,1.038346699847,1.038346699848,1.038346699847
      ,1.038346699848,1.038346699848,1.038346699848,1.038346699847
      ,1.038346699848,1.038346699847,1.038346699848,1.038346699847
      ,1.038346699848,1.038346699847,1.038346699848,1.038346699847
      ,1.038346699848,1.038346699847,1.038346699848,1.038346699847
      ,1.038346699848,1.038346699847,1.038346699848,1.038346699847
      ,1.038346699848,1.038346699847,1.038346699848,1.038346699847
      ,1.038346699848,1.038346699848,1.038346699848,1.038346699847
      ,1.038346699848,1.038346699847,1.038346699848,1.038346699847
      ,1.038346699848,1.038346699847,1.038346699848,1.038346699847
      ,1.038346699848,1.038346699847,1.038346699848,1.038346699847
      ,1.038346699848,1.038346699847,1.038346699848,1.038346699847
      ,1.038346699848,1.038346699847,1.038346699848,1.038346699847
      ,1.038346699848,1.038346699848)
    ,(0.853534330196,0.853534330196,0.853534330196,0.853534330196
      ,0.853534330196,0.853534330196,0.853534330196,0.853534330196
      ,0.853534330196,0.853534330196,0.853534330196,0.853534330196
      ,0.853534330196,0.853534330196,0.853534330196,0.853534330196
      ,0.853534330196,0.853534330196,0.853534330196,0.853534330196
      ,0.853534330196,0.853534330196,0.853534330196,0.853534330196
      ,0.853534330196,0.853534330196,0.853534330196,0.853534330196
      ,0.853534330196,0.853534330196,0.853534330196,0.853534330196
      ,0.853534330196,0.853534330196,0.853534330196,0.853534330196
      ,0.853534330196,0.853534330196,0.853534330196,0.853534330196
      ,0.853534330196,0.853534330196,0.853534330196,0.853534330196
      ,0.853534330196,0.853534330196,0.853534330196,0.853534330196
      ,0.853534330196,0.853534330196,0.853534330196,0.853534330196
      ,0.853534330196,0.853534330196,0.853534330196,0.853534330196
      ,0.853534330196,0.853534330196,0.853534330196,0.853534330196
      ,0.853534330196,0.853534330196,0.853534330196,0.853534330196
      ,0.853534330196,0.853534330196,0.853534330196,0.853534330196
      ,0.853534330196,0.853534330196,0.853534330196,0.853534330196
      ,0.853534330196,0.853534330196,0.853534330196,0.853534330196
      ,0.853534330196,0.853534330196,0.853534330196,0.853534330196
      ,0.853534330196,0.853534330196,0.853534330196,0.853534330196
      ,0.853534330196,0.853534330196,0.853534330196,0.853534330196
      ,0.853534330196,0.853534330196,0.853534330196,0.853534330196
      ,0.853534330196,0.853534330196,0.853534330196,0.853534330196
      ,0.853534330196,0.853534330196,0.853534330196,0.853534330196
      ,0.853534330196,0.853534330196,0.853534330196,0.853534330196
      ,0.853534330196,0.853534330196,0.853534330196,0.853534330196
      ,0.853534330196,0.853534330196,0.853534330196,0.853534330196
      ,0.853534330196,0.853534330196,0.853534330196,0.853534330196
      ,0.853534330196,0.853534330196,0.853534330196,0.853534330196
      ,0.853534330196,0.853534330196,0.853534330196,0.853534330196
      ,0.853534330196,0.853534330196,0.853534330196,0.853534330196
      ,0.853534330196,0.853534330196)
    ,(1.038346699848,1.038346699847,1.038346699848,1.038346699847
      ,1.038346699848,1.038346699847,1.038346699848,1.038346699847
      ,1.038346699848,1.038346699848,1.038346699847,1.038346699848
      ,1.038346699847,1.038346699848,1.038346699847,1.038346699848
      ,1.038346699847,1.038346699848,1.038346699847,1.038346699848
      ,1.038346699847,1.038346699848,1.038346699847,1.038346699848
      ,1.038346699847,1.038346699848,1.038346699847,1.038346699848
      ,1.038346699847,1.038346699848,1.038346699847,1.038346699848
      ,1.038346699848,1.038346699847,1.038346699848,1.038346699847
      ,1.038346699848,1.038346699847,1.038346699848,1.038346699847
      ,1.038346699848,1.038346699848,1.038346699847,1.038346699848
      ,1.038346699847,1.038346699848,1.038346699847,1.038346699848
      ,1.038346699847,1.038346699848,1.038346699847,1.038346699848
      ,1.038346699847,1.038346699848,1.038346699847,1.038346699848
      ,1.038346699848,1.038346699847,1.038346699848,1.038346699847
      ,1.038346699848,1.038346699847,1.038346699848,1.038346699847
      ,1.038346699848,1.038346699847,1.038346699848,1.038346699847
      ,1.038346699848,1.038346699847,1.038346699848,1.038346699847
      ,1.038346699848,1.038346699848,1.038346699847,1.038346699848
      ,1.038346699847,1.038346699848,1.038346699847,1.038346699848
      ,1.038346699848,1.038346699848,1.038346699848,1.038346699847
      ,1.038346699848,1.038346699847,1.038346699848,1.038346699847
      ,1.038346699848,1.038346699847,1.038346699848,1.038346699847
      ,1.038346699848,1.038346699847,1.038346699848,1.038346699847
      ,1.038346699848,1.038346699847,1.038346699848,1.038346699847
      ,1.038346699848,1.038346699847,1.038346699848,1.038346699847
      ,1.038346699848,1.038346699848,1.038346699848,1.038346699847
      ,1.038346699848,1.038346699847,1.038346699848,1.038346699847
      ,1.038346699848,1.038346699847,1.038346699848,1.038346699847
      ,1.038346699848,1.038346699847,1.038346699848,1.038346699847
      ,1.038346699848,1.038346699847,1.038346699848,1.038346699847
      ,1.038346699848,1.038346699847,1.038346699848,1.038346699847
      ,1.038346699848,1.038346699848)
    ,(1.03672962321,1.03672962321,1.03672962321,1.036729623209
      ,1.03672962321,1.036729623209,1.03672962321,1.03672962321
      ,1.03672962321,1.03672962321,1.03672962321,1.03672962321
      ,1.036729623209,1.03672962321,1.036729623209,1.03672962321
      ,1.03672962321,1.03672962321,1.03672962321,1.03672962321
      ,1.036729623209,1.03672962321,1.036729623209,1.03672962321
      ,1.03672962321,1.03672962321,1.03672962321,1.03672962321
      ,1.036729623209,1.03672962321,1.03672962321,1.03672962321
      ,1.03672962321,1.03672962321,1.03672962321,1.036729623209
      ,1.03672962321,1.036729623209,1.03672962321,1.03672962321
      ,1.03672962321,1.03672962321,1.03672962321,1.03672962321
      ,1.03672962321,1.03672962321,1.03672962321,1.03672962321
      ,1.03672962321,1.03672962321,1.03672962321,1.03672962321
      ,1.036729623209,1.03672962321,1.03672962321,1.03672962321
      ,1.03672962321,1.03672962321,1.03672962321,1.036729623209
      ,1.03672962321,1.036729623209,1.03672962321,1.03672962321
      ,1.03672962321,1.03672962321,1.03672962321,1.03672962321
      ,1.03672962321,1.03672962321,1.03672962321,1.03672962321
      ,1.03672962321,1.03672962321,1.03672962321,1.03672962321
      ,1.03672962321,1.03672962321,1.03672962321,1.03672962321
      ,1.03672962321,1.03672962321,1.03672962321,1.03672962321
      ,1.03672962321,1.03672962321,1.03672962321,1.03672962321
      ,1.03672962321,1.03672962321,1.03672962321,1.03672962321
      ,1.03672962321,1.036729623209,1.03672962321,1.03672962321
      ,1.03672962321,1.03672962321,1.03672962321,1.03672962321
      ,1.03672962321,1.03672962321,1.03672962321,1.03672962321
      ,1.03672962321,1.03672962321,1.03672962321,1.03672962321
      ,1.03672962321,1.03672962321,1.03672962321,1.03672962321
      ,1.03672962321,1.03672962321,1.03672962321,1.03672962321
      ,1.03672962321,1.03672962321,1.03672962321,1.03672962321
      ,1.03672962321,1.03672962321,1.03672962321,1.036729623209
      ,1.03672962321,1.036729623209,1.03672962321,1.03672962321
      ,1.03672962321,1.03672962321)
    ,(1.669078461068,1.669078461068,1.669078461068,1.669078461068
      ,1.669078461068,1.669078461068,1.669078461068,1.669078461068
      ,1.669078461068,1.669078461068,1.669078461068,1.669078461068
      ,1.669078461068,1.669078461068,1.669078461068,1.669078461068
      ,1.669078461068,1.669078461068,1.669078461068,1.669078461069
      ,1.669078461068,1.669078461069,1.669078461068,1.669078461068
      ,1.669078461068,1.669078461068,1.669078461068,1.669078461068
      ,1.669078461068,1.669078461069,1.669078461068,1.669078461068
      ,1.669078461068,1.669078461068,1.669078461068,1.669078461068
      ,1.669078461069,1.669078461068,1.669078461069,1.669078461068
      ,1.669078461068,1.669078461068,1.669078461068,1.669078461068
      ,1.669078461068,1.669078461068,1.669078461068,1.669078461068
      ,1.669078461068,1.669078461068,1.669078461068,1.669078461068
      ,1.669078461068,1.669078461068,1.669078461068,1.669078461068
      ,1.669078461068,1.669078461068,1.669078461068,1.669078461068
      ,1.669078461068,1.669078461068,1.669078461068,1.669078461068
      ,1.669078461068,1.669078461068,1.669078461068,1.669078461068
      ,1.669078461068,1.669078461068,1.669078461068,1.669078461068
      ,1.669078461068,1.669078461068,1.669078461068,1.669078461068
      ,1.669078461068,1.669078461068,1.669078461068,1.669078461068
      ,1.669078461068,1.669078461068,1.669078461068,1.669078461068
      ,1.669078461068,1.669078461068,1.669078461068,1.669078461068
      ,1.669078461068,1.669078461068,1.669078461068,1.669078461068
      ,1.669078461068,1.669078461068,1.669078461068,1.669078461068
      ,1.669078461068,1.669078461068,1.669078461068,1.669078461068
      ,1.669078461068,1.669078461068,1.669078461068,1.669078461068
      ,1.669078461068,1.669078461068,1.669078461068,1.669078461068
      ,1.669078461068,1.669078461068,1.669078461068,1.669078461068
      ,1.669078461068,1.669078461068,1.669078461068,1.669078461068
      ,1.669078461069,1.669078461068,1.669078461068,1.669078461068
      ,1.669078461068,1.669078461068,1.669078461068,1.669078461068
      ,1.669078461069,1.669078461068,1.669078461068,1.669078461068
,1.669078461068,1.669078461068))) REPRESENTATION_ITEM('') SURFACE() );
#1696 = CARTESIAN_POINT('',(47.,-0.169162293277,-24.00357858596));
#1697 = CARTESIAN_POINT('',(47.059048783259,16.236932675564,
    -23.30913414151));
#1698 = CARTESIAN_POINT('',(40.67545723383,32.666386242074,
    -22.61468969709));
#1699 = CARTESIAN_POINT('',(27.838630816172,46.226287633364,
    -21.92024525261));
#1700 = CARTESIAN_POINT('',(10.053138033085,54.025826720774,
    -21.22580080819));
#1701 = CARTESIAN_POINT('',(-9.663983359087,54.09679253974,
    -20.53135636375));
#1702 = CARTESIAN_POINT('',(-27.50515875741,46.425480874871,
    -19.83691191928));
#1703 = CARTESIAN_POINT('',(-40.43926090678,32.958334151497,
    -19.14246747486));
#1704 = CARTESIAN_POINT('',(-46.94095121777,16.575257262115,
    -18.4480230304));
#1705 = CARTESIAN_POINT('',(-47.05904878273,-16.23693267556,
    -17.05913414152));
#1706 = CARTESIAN_POINT('',(-40.67545723466,-32.66638624205,
    -16.36468969707));
#1707 = CARTESIAN_POINT('',(-27.83863081514,-46.22628763339,
    -15.67024525265));
#1708 = CARTESIAN_POINT('',(-10.05313803403,-54.02582672073,
    -14.97580080815));
#1709 = CARTESIAN_POINT('',(9.663983359732,-54.09679253977,
    -14.28135636378));
#1710 = CARTESIAN_POINT('',(27.505158757108,-46.42548087485,
    -13.58691191927));
#1711 = CARTESIAN_POINT('',(40.439260906887,-32.9583341515,
    -12.89246747487));
#1712 = CARTESIAN_POINT('',(46.940951217746,-16.57525726211,
    -12.19802303041));
#1713 = CARTESIAN_POINT('',(47.059048782774,16.236932675559,
    -10.80913414152));
#1714 = CARTESIAN_POINT('',(40.675457234538,32.666386242098,
    -10.11468969708));
#1715 = CARTESIAN_POINT('',(27.83863081535,46.226287633306,
    -9.420245252627));
#1716 = CARTESIAN_POINT('',(10.053138033845,54.025826720861,
    -8.72580080819));
#1717 = CARTESIAN_POINT('',(-9.66398335964,54.096792539657,
    -8.031356363758));
#1718 = CARTESIAN_POINT('',(-27.5051587571,46.425480874921,
    -7.336911919286));
#1719 = CARTESIAN_POINT('',(-40.43926090691,32.95833415148,
    -6.642467474866));
#1720 = CARTESIAN_POINT('',(-46.94095121773,16.575257262116,
    -5.948023030411));
#1721 = CARTESIAN_POINT('',(-47.05904878278,-16.23693267556,
    -4.559134141522));
#1722 = CARTESIAN_POINT('',(-40.67545723449,-32.66638624209,
    -3.864689697087));
#1723 = CARTESIAN_POINT('',(-27.8386308154,-46.22628763329,
    -3.170245252623));
#1724 = CARTESIAN_POINT('',(-10.0531380338,-54.02582672088,
    -2.475800808195));
#1725 = CARTESIAN_POINT('',(9.663983359638,-54.09679253962,
    -1.781356363755));
#1726 = CARTESIAN_POINT('',(27.505158757081,-46.42548087495,
    -1.086911919287));
#1727 = CARTESIAN_POINT('',(40.439260906937,-32.95833415146,
    -0.392467474866));
#1728 = CARTESIAN_POINT('',(46.940951217725,-16.57525726211,
    0.301976969589));
#1729 = CARTESIAN_POINT('',(47.059048782793,16.236932675563,
    1.690865858478));
#1730 = CARTESIAN_POINT('',(40.675457234478,32.666386242086,
    2.385310302912));
#1731 = CARTESIAN_POINT('',(27.838630815452,46.226287633335,
    3.079754747378));
#1732 = CARTESIAN_POINT('',(10.053138033735,54.025826720816,
    3.774199191804));
#1733 = CARTESIAN_POINT('',(-9.663983359564,54.0967925397,4.468643636245
    ));
#1734 = CARTESIAN_POINT('',(-27.50515875713,46.425480874895,
    5.163088080714));
#1735 = CARTESIAN_POINT('',(-40.4392609069,32.958334151491,
    5.857532525133));
#1736 = CARTESIAN_POINT('',(-46.94095121773,16.575257262113,
    6.551976969589));
#1737 = CARTESIAN_POINT('',(-47.05904878278,-16.23693267555,
    7.940865858477));
#1738 = CARTESIAN_POINT('',(-40.67545723453,-32.66638624211,
    8.635310302913));
#1739 = CARTESIAN_POINT('',(-27.83863081532,-46.22628763327,
    9.329754747377));
#1740 = CARTESIAN_POINT('',(-10.05313803391,-54.02582672089,
    10.024199191805));
#1741 = CARTESIAN_POINT('',(9.663983359732,-54.09679253963,
    10.718643636245));
#1742 = CARTESIAN_POINT('',(27.505158757026,-46.42548087493,
    11.413088080713));
#1743 = CARTESIAN_POINT('',(40.439260906958,-32.95833415147,
    12.107532525135));
#1744 = CARTESIAN_POINT('',(46.940951217719,-16.57525726211,
    12.801976969588));
#1745 = CARTESIAN_POINT('',(47.059048782803,16.236932675562,
    14.190865858479));
#1746 = CARTESIAN_POINT('',(40.67545723446,32.666386242095,
    14.885310302907));
#1747 = CARTESIAN_POINT('',(27.838630815422,46.226287633303,
    15.579754747393));
#1748 = CARTESIAN_POINT('',(10.053138033885,54.025826720875,
    16.274199191779));
#1749 = CARTESIAN_POINT('',(-9.663983359829,54.096792539633,
    16.968643636274));
#1750 = CARTESIAN_POINT('',(-27.50515875686,46.425480874944,
    17.663088080691));
#1751 = CARTESIAN_POINT('',(-40.43926090707,32.958334151466,
    18.357532525145));
#1752 = CARTESIAN_POINT('',(-46.94095121767,16.57525726212,
    19.051976969585));
#1753 = CARTESIAN_POINT('',(-47.05904878286,-16.23693267556,
    20.440865858483));
#1754 = CARTESIAN_POINT('',(-40.67545723426,-32.66638624207,
    21.135310302889));
#1755 = CARTESIAN_POINT('',(-27.83863081571,-46.22628763335,
    21.829754747433));
#1756 = CARTESIAN_POINT('',(-10.05313803367,-54.0258267208,
    22.524199191723));
#1757 = CARTESIAN_POINT('',(9.663983359834,-54.09679253969,
    23.218643636328));
#1758 = CARTESIAN_POINT('',(27.50515875671,-46.4254808749,
    23.913088080656));
#1759 = CARTESIAN_POINT('',(40.439260907228,-32.95833415148,
    24.607532525161));
#1760 = CARTESIAN_POINT('',(46.940951217605,-16.57525726211,
    25.301976969581));
#1761 = CARTESIAN_POINT('',(47.059048782956,16.236932675566,
    26.690865858488));
#1762 = CARTESIAN_POINT('',(40.67545723397,32.666386242077,
    27.385310302862));
#1763 = CARTESIAN_POINT('',(27.838630816095,46.226287633337,
    28.079754747496));
#1764 = CARTESIAN_POINT('',(10.053138033549,54.025826720829,
    28.774199191629));
#1765 = CARTESIAN_POINT('',(-9.663983360143,54.09679253968,
    29.46864363642));
#1766 = CARTESIAN_POINT('',(-27.5051587562,46.425480874908,
    30.163088080595));
#1767 = CARTESIAN_POINT('',(-40.43926090756,32.958334151487,
    30.857532525186));
#1768 = CARTESIAN_POINT('',(-46.94095121751,16.575257262114,
    31.551976969577));
#1769 = CARTESIAN_POINT('',(-47.05904878298,-16.23693267556,
    32.94086585849));
#1770 = CARTESIAN_POINT('',(-40.67545723396,-32.66638624208,
    33.635310302861));
#1771 = CARTESIAN_POINT('',(-27.83863081614,-46.22628763333,
    34.329754747489));
#1772 = CARTESIAN_POINT('',(-10.05313803334,-54.02582672082,
    35.024199191651));
#1773 = CARTESIAN_POINT('',(9.663983359779,-54.09679253969,
    35.718643636389));
#1774 = CARTESIAN_POINT('',(27.505158756576,-46.42548087489,
    36.413088080622));
#1775 = CARTESIAN_POINT('',(40.439260907344,-32.95833415149,
    37.107532525171));
#1776 = CARTESIAN_POINT('',(46.940951217586,-16.57525726211,
    37.801976969581));
#1777 = CARTESIAN_POINT('',(47.05904878292,16.236932675561,
    39.190865858486));
#1778 = CARTESIAN_POINT('',(40.675457234124,32.666386242086,
    39.885310302877));
#1779 = CARTESIAN_POINT('',(27.838630815953,46.226287633336,
    40.579754747452));
#1780 = CARTESIAN_POINT('',(10.053138033388,54.025826720811,
    41.274199191706));
#1781 = CARTESIAN_POINT('',(-9.663983359588,54.096792539712,
    41.968643636333));
#1782 = CARTESIAN_POINT('',(-27.50515875686,46.425480874881,
    42.663088080661));
#1783 = CARTESIAN_POINT('',(-40.43926090714,32.958334151499,
    43.357532525154));
#1784 = CARTESIAN_POINT('',(-46.94095121765,16.575257262112,
    44.051976969584));
#1785 = CARTESIAN_POINT('',(-47.05904878286,-16.23693267556,
    45.440865858483));
#1786 = CARTESIAN_POINT('',(-40.67545723426,-32.66638624208,
    46.13531030289));
#1787 = CARTESIAN_POINT('',(-27.83863081578,-46.22628763332,
    46.829754747425));
#1788 = CARTESIAN_POINT('',(-10.05313803345,-54.02582672083,
    47.524199191744));
#1789 = CARTESIAN_POINT('',(9.663983359488,-54.09679253968,48.2186436363
    ));
#1790 = CARTESIAN_POINT('',(27.50515875703,-46.4254808749,
    48.913088080679));
#1791 = CARTESIAN_POINT('',(40.439260907055,-32.95833415148,
    49.60753252515));
#1792 = CARTESIAN_POINT('',(46.940951217642,-16.57525726211,
    50.301976969583));
#1793 = CARTESIAN_POINT('',(47.059048782951,16.236932675562,
    51.690865858488));
#1794 = CARTESIAN_POINT('',(40.675457233911,32.666386242107,
    52.385310302859));
#1795 = CARTESIAN_POINT('',(27.838630816302,46.226287633263,
    53.079754747499));
#1796 = CARTESIAN_POINT('',(10.053138033163,54.02582672094,
    53.774199191634));
#1797 = CARTESIAN_POINT('',(-9.663983359684,54.096792539573,
    54.468643636407));
#1798 = CARTESIAN_POINT('',(-27.50515875656,46.425480874978,
    55.163088080609));
#1799 = CARTESIAN_POINT('',(-40.4392609074,32.958334151457,
    55.857532525178));
#1800 = CARTESIAN_POINT('',(-46.94095121754,16.575257262119,
    56.551976969578));
#1801 = CARTESIAN_POINT('',(-47.059048783,-16.23693267556,
    57.940865858491));
#1802 = CARTESIAN_POINT('',(-40.67545723383,-32.6663862421,
    58.63531030285));
#1803 = CARTESIAN_POINT('',(-27.83863081623,-46.22628763325,
    59.329754747526));
#1804 = CARTESIAN_POINT('',(-10.05313803354,-54.02582672095,
    60.024199191579));
#1805 = CARTESIAN_POINT('',(9.663983360358,-54.09679253954,
    60.718643636476));
#1806 = CARTESIAN_POINT('',(27.505158755897,-46.42548087499,
    61.413088080552));
#1807 = CARTESIAN_POINT('',(40.439260907793,-32.95833415145,
    62.107532525208));
#1808 = CARTESIAN_POINT('',(46.940951217426,-16.57525726211,
    62.80197696957));
#1809 = CARTESIAN_POINT('',(47.059048783105,16.236932675562,
    64.190865858498));
#1810 = CARTESIAN_POINT('',(40.675457233548,32.666386242107,
    64.885310302825));
#1811 = CARTESIAN_POINT('',(27.838630816769,46.226287633271,
    65.579754747568));
#1812 = CARTESIAN_POINT('',(10.053138032882,54.02582672091,
    66.274199191544));
#1813 = CARTESIAN_POINT('',(-9.663983359751,54.096792539626,
    66.968643636485));
#1814 = CARTESIAN_POINT('',(-27.50515875632,46.42548087492,
    67.663088080567));
#1815 = CARTESIAN_POINT('',(-40.43926090754,32.958334151496,
    68.35753252519));
#1816 = CARTESIAN_POINT('',(-46.94095121755,16.575257262105,
    69.051976969579));
#1817 = CARTESIAN_POINT('',(-47.05904878286,-16.23693267555,
    70.440865858485));
#1818 = CARTESIAN_POINT('',(-40.67545723442,-32.66638624212,
    71.135310302896));
#1819 = CARTESIAN_POINT('',(-27.83863081547,-46.22628763326,
    71.829754747396));
#1820 = CARTESIAN_POINT('',(-10.05313803372,-54.02582672088,
    72.524199191801));
#1821 = CARTESIAN_POINT('',(9.663983359604,-54.09679253966,
    73.218643636228));
#1822 = CARTESIAN_POINT('',(27.505158756961,-46.4254808749,
    73.91308808074));
#1823 = CARTESIAN_POINT('',(40.439260907224,-32.95833415148,
    74.607532525115));
#1824 = CARTESIAN_POINT('',(46.940951217402,-16.57525726211,
    75.301976969596));
#1825 = CARTESIAN_POINT('',(47.000000000487,-0.169162293275,
    75.996421414032));
#1826 = CARTESIAN_POINT('',(53.646172302284,-0.169162293277,
    -24.00357858596));
#1827 = CARTESIAN_POINT('',(53.705221085543,18.556884462161,
    -23.30913414724));
#1828 = CARTESIAN_POINT('',(46.410589074369,37.306313891386,
    -22.61468967722));
#1829 = CARTESIAN_POINT('',(31.751655937119,52.77713462908,
    -21.92024529804));
#1830 = CARTESIAN_POINT('',(11.447216608222,61.67052413972,
    -21.22580074311));
#1831 = CARTESIAN_POINT('',(-11.05806193427,61.741489958822,
    -20.53135642934));
#1832 = CARTESIAN_POINT('',(-31.41818387838,52.976327870455,
    -19.83691187557));
#1833 = CARTESIAN_POINT('',(-46.17439274735,37.598261800847,
    -19.1424674946));
#1834 = CARTESIAN_POINT('',(-53.58712352006,18.89520904864,
    -18.44802302633));
#1835 = CARTESIAN_POINT('',(-53.70522108501,-18.55688446213,
    -17.05913414641));
#1836 = CARTESIAN_POINT('',(-46.41058907521,-37.30631389139,
    -16.36468967858));
#1837 = CARTESIAN_POINT('',(-31.75165593608,-52.77713462908,
    -15.67024529631));
#1838 = CARTESIAN_POINT('',(-11.44721660917,-61.67052413974,
    -14.9758007448));
#1839 = CARTESIAN_POINT('',(11.058061934909,-61.74148995875,
    -14.28135642813));
#1840 = CARTESIAN_POINT('',(31.418183878088,-52.97632787053,
    -13.58691187618));
#1841 = CARTESIAN_POINT('',(46.174392747456,-37.5982618008,
    -12.89246749441));
#1842 = CARTESIAN_POINT('',(53.587123520039,-18.89520904864,
    -12.19802302634));
#1843 = CARTESIAN_POINT('',(53.705221085054,18.55688446213,
    -10.80913414644));
#1844 = CARTESIAN_POINT('',(46.410589075083,37.306313891433,
    -10.11468967837));
#1845 = CARTESIAN_POINT('',(31.751655936292,52.777134629,-9.420245296718
    ));
#1846 = CARTESIAN_POINT('',(11.447216608982,61.670524139841,
    -8.725800744317));
#1847 = CARTESIAN_POINT('',(-11.05806193481,61.741489958686,
    -8.031356428526));
#1848 = CARTESIAN_POINT('',(-31.41818387808,52.976327870557,
    -7.336911875979));
#1849 = CARTESIAN_POINT('',(-46.17439274748,37.598261800801,
    -6.642467494486));
#1850 = CARTESIAN_POINT('',(-53.58712352002,18.895209048647,
    -5.948023026327));
#1851 = CARTESIAN_POINT('',(-53.70522108506,-18.55688446212,
    -4.559134146465));
#1852 = CARTESIAN_POINT('',(-46.41058907504,-37.30631389144,
    -3.864689678313));
#1853 = CARTESIAN_POINT('',(-31.75165593634,-52.77713462899,
    -3.170245296843));
#1854 = CARTESIAN_POINT('',(-11.44721660894,-61.67052413984,
    -2.475800744163));
#1855 = CARTESIAN_POINT('',(11.05806193482,-61.74148995868,
    -1.781356428652));
#1856 = CARTESIAN_POINT('',(31.418183878056,-52.97632787054,
    -1.08691187591));
#1857 = CARTESIAN_POINT('',(46.174392747509,-37.5982618008,
    -0.392467494509));
#1858 = CARTESIAN_POINT('',(53.587123520018,-18.89520904864,
    0.301976973677));
#1859 = CARTESIAN_POINT('',(53.705221085074,18.556884462132,
    1.690865853533));
#1860 = CARTESIAN_POINT('',(46.410589075021,37.306313891418,
    2.385310321685));
#1861 = CARTESIAN_POINT('',(31.751655936397,52.777134629033,
    3.07975470317));
#1862 = CARTESIAN_POINT('',(11.447216608867,61.670524139804,
    3.774199255809));
#1863 = CARTESIAN_POINT('',(-11.05806193473,61.741489958708,
    4.468643571381));
#1864 = CARTESIAN_POINT('',(-31.41818387811,52.976327870552,
    5.163088124064));
#1865 = CARTESIAN_POINT('',(-46.17439274747,37.598261800803,
    5.857532505503));
#1866 = CARTESIAN_POINT('',(-53.58712352002,18.895209048641,
    6.551976973674));
#1867 = CARTESIAN_POINT('',(-53.70522108506,-18.55688446211,
    7.940865853534));
#1868 = CARTESIAN_POINT('',(-46.41058907508,-37.30631389151,
    8.635310321688));
#1869 = CARTESIAN_POINT('',(-31.75165593626,-52.77713462885,
    9.329754703155));
#1870 = CARTESIAN_POINT('',(-11.44721660905,-61.67052413996,
    10.024199255841));
#1871 = CARTESIAN_POINT('',(11.058061934923,-61.74148995865,
    10.71864357134));
#1872 = CARTESIAN_POINT('',(31.418183877995,-52.97632787051,
    11.413088124102));
#1873 = CARTESIAN_POINT('',(46.174392747532,-37.59826180084,
    12.107532505478));
#1874 = CARTESIAN_POINT('',(53.587123520012,-18.89520904863,
    12.801976973687));
#1875 = CARTESIAN_POINT('',(53.705221085084,18.556884462115,
    14.190865853511));
#1876 = CARTESIAN_POINT('',(46.410589075006,37.306313891482,
    14.885310321803));
#1877 = CARTESIAN_POINT('',(31.751655936362,52.777134628925,
    15.579754702876));
#1878 = CARTESIAN_POINT('',(11.447216609025,61.670524139903,
    16.274199256283));
#1879 = CARTESIAN_POINT('',(-11.05806193501,61.741489958673,
    16.968643570852));
#1880 = CARTESIAN_POINT('',(-31.41818387784,52.976327870536,
    17.663088124479));
#1881 = CARTESIAN_POINT('',(-46.17439274764,37.598261800819,
    18.357532505279));
#1882 = CARTESIAN_POINT('',(-53.58712351996,18.895209048645,
    19.051976973751));
#1883 = CARTESIAN_POINT('',(-53.70522108514,-18.55688446213,
    20.440865853433));
#1884 = CARTESIAN_POINT('',(-46.4105890748,-37.30631389139,
    21.135310322105));
#1885 = CARTESIAN_POINT('',(-31.75165593666,-52.77713462907,
    21.829754702246));
#1886 = CARTESIAN_POINT('',(-11.44721660879,-61.67052413977,
    22.524199257162));
#1887 = CARTESIAN_POINT('',(11.058061934997,-61.74148995871,
    23.218643569985));
#1888 = CARTESIAN_POINT('',(31.418183877697,-52.97632787056,
    23.913088125091));
#1889 = CARTESIAN_POINT('',(46.174392747796,-37.59826180078,
    24.607532504975));
#1890 = CARTESIAN_POINT('',(53.587123519897,-18.89520904865,
    25.301976973851));
#1891 = CARTESIAN_POINT('',(53.705221085237,18.556884462145,
    26.690865853297));
#1892 = CARTESIAN_POINT('',(46.410589074508,37.306313891394,
    27.385310322702));
#1893 = CARTESIAN_POINT('',(31.751655937056,52.777134629039,
    28.079754700903));
#1894 = CARTESIAN_POINT('',(11.447216608655,61.670524139851,
    28.774199259148));
#1895 = CARTESIAN_POINT('',(-11.05806193529,61.741489958616,
    29.468643567948));
#1896 = CARTESIAN_POINT('',(-31.4181838772,52.976327870641,
    30.16308812653));
#1897 = CARTESIAN_POINT('',(-46.17439274812,37.598261800749,
    30.857532504325));
#1898 = CARTESIAN_POINT('',(-53.58712351981,18.895209048663,
    31.551976973981));
#1899 = CARTESIAN_POINT('',(-53.70522108526,-18.55688446214,
    32.940865853257));
#1900 = CARTESIAN_POINT('',(-46.4105890745,-37.30631389137,
    33.635310322628));
#1901 = CARTESIAN_POINT('',(-31.7516559371,-52.77713462907,
    34.329754701254));
#1902 = CARTESIAN_POINT('',(-11.44721660845,-61.67052413978,
    35.024199258462));
#1903 = CARTESIAN_POINT('',(11.058061934934,-61.74148995869,
    35.718643568785));
#1904 = CARTESIAN_POINT('',(31.418183877569,-52.97632787058,
    36.413088125854));
#1905 = CARTESIAN_POINT('',(46.174392747909,-37.59826180078,
    37.107532504675));
#1906 = CARTESIAN_POINT('',(53.587123519879,-18.89520904865,
    37.801976973885));
#1907 = CARTESIAN_POINT('',(53.7052210852,18.556884462139,
    39.190865853342));
#1908 = CARTESIAN_POINT('',(46.410589074667,37.306313891406,
    39.885310322325));
#1909 = CARTESIAN_POINT('',(31.751655936904,52.777134629046,
    40.579754701917));
#1910 = CARTESIAN_POINT('',(11.44721660851,61.670524139796,
    41.274199257468));
#1911 = CARTESIAN_POINT('',(-11.05806193475,61.741489958712,
    41.968643569836));
#1912 = CARTESIAN_POINT('',(-31.41818387785,52.976327870551,
    42.663088125077));
#1913 = CARTESIAN_POINT('',(-46.1743927477,37.598261800798,
    43.357532505054));
#1914 = CARTESIAN_POINT('',(-53.58712351994,18.895209048651,
    44.051976973789));
#1915 = CARTESIAN_POINT('',(-53.70522108514,-18.55688446213,
    45.440865853419));
#1916 = CARTESIAN_POINT('',(-46.4105890748,-37.3063138914,
    46.135310322065));
#1917 = CARTESIAN_POINT('',(-31.75165593674,-52.77713462905,
    46.829754702465));
#1918 = CARTESIAN_POINT('',(-11.44721660857,-61.67052413979,
    47.52419925668));
#1919 = CARTESIAN_POINT('',(11.058061934654,-61.7414899587,
    48.218643570621));
#1920 = CARTESIAN_POINT('',(31.418183878014,-52.97632787056,
    48.913088124554));
#1921 = CARTESIAN_POINT('',(46.174392747624,-37.59826180078,
    49.607532505249));
#1922 = CARTESIAN_POINT('',(53.587123519935,-18.89520904865,
    50.301976973796));
#1923 = CARTESIAN_POINT('',(53.705221085232,18.556884462147,
    51.690865853297));
#1924 = CARTESIAN_POINT('',(46.410589074448,37.306313891392,
    52.385310322735));
#1925 = CARTESIAN_POINT('',(31.751655937266,52.777134629029,
    53.079754700944));
#1926 = CARTESIAN_POINT('',(11.447216608265,61.670524139879,
    53.774199258877));
#1927 = CARTESIAN_POINT('',(-11.05806193482,61.741489958579,
    54.468643568438));
#1928 = CARTESIAN_POINT('',(-31.41818387756,52.976327870672,
    55.163088126055));
#1929 = CARTESIAN_POINT('',(-46.17439274796,37.598261800734,
    55.857532504578));
#1930 = CARTESIAN_POINT('',(-53.58712351983,18.895209048665,
    56.55197697394));
#1931 = CARTESIAN_POINT('',(-53.70522108528,-18.55688446214,
    57.940865853219));
#1932 = CARTESIAN_POINT('',(-46.41058907438,-37.30631389142,
    58.635310322987));
#1933 = CARTESIAN_POINT('',(-31.75165593719,-52.77713462894,
    59.329754700275));
#1934 = CARTESIAN_POINT('',(-11.44721660865,-61.67052414,60.024199260089
    ));
#1935 = CARTESIAN_POINT('',(11.058061935503,-61.74148995845,
    60.718643566951));
#1936 = CARTESIAN_POINT('',(31.418183876899,-52.97632787074,
    61.413088127283));
#1937 = CARTESIAN_POINT('',(46.174392748354,-37.5982618007,
    62.107532503929));
#1938 = CARTESIAN_POINT('',(53.58712351972,-18.89520904867,
    62.801976974115));
#1939 = CARTESIAN_POINT('',(53.705221085386,18.556884462156,
    64.190865853079));
#1940 = CARTESIAN_POINT('',(46.410589074083,37.306313891376,
    64.885310323343));
#1941 = CARTESIAN_POINT('',(31.751655937738,52.777134629049,
    65.579754699774));
#1942 = CARTESIAN_POINT('',(11.447216607977,61.670524139866,
    66.274199260472));
#1943 = CARTESIAN_POINT('',(-11.05806193488,61.741489958586,
    66.968643566898));
#1944 = CARTESIAN_POINT('',(-31.41818387733,52.976327870662,
    67.663088127068));
#1945 = CARTESIAN_POINT('',(-46.1743927481,37.598261800747,
    68.357532504186));
#1946 = CARTESIAN_POINT('',(-53.58712351984,18.895209048655,
    69.051976973955));
#1947 = CARTESIAN_POINT('',(-53.70522108514,-18.55688446212,
    70.440865853375));
#1948 = CARTESIAN_POINT('',(-46.41058907497,-37.30631389145,
    71.135310321962));
#1949 = CARTESIAN_POINT('',(-31.75165593642,-52.77713462897,
    71.829754702856));
#1950 = CARTESIAN_POINT('',(-11.44721660885,-61.67052413985,
    72.524199256051));
#1951 = CARTESIAN_POINT('',(11.058061934777,-61.74148995869,
    73.218643571165));
#1952 = CARTESIAN_POINT('',(31.418183877942,-52.97632787055,
    73.913088124428));
#1953 = CARTESIAN_POINT('',(46.174392747791,-37.59826180078,
    74.607532504951));
#1954 = CARTESIAN_POINT('',(53.587123519698,-18.89520904867,
    75.301976974235));
#1955 = CARTESIAN_POINT('',(53.646172302771,-0.16916229324,
    75.996421413224));
#1956 = CARTESIAN_POINT('',(54.600449532982,0.178389790283,
    -32.21441897083));
#1957 = CARTESIAN_POINT('',(54.538179745447,19.237542138587,
    -31.51997453293));
#1958 = CARTESIAN_POINT('',(46.991418032048,38.272439058534,
    -30.82553005921));
#1959 = CARTESIAN_POINT('',(31.970932539418,53.922350824593,
    -30.13108568946));
#1960 = CARTESIAN_POINT('',(11.247614051174,62.841073929948,
    -29.43664111863));
#1961 = CARTESIAN_POINT('',(-11.65799640855,62.766237054279,
    -28.74219682361));
#1962 = CARTESIAN_POINT('',(-32.32259489556,53.712291951939,
    -28.0477522542));
#1963 = CARTESIAN_POINT('',(-47.24049844142,37.964565918998,
    -27.35330788228));
#1964 = CARTESIAN_POINT('',(-54.66271931943,18.880762557935,
    -26.65886341061));
#1965 = CARTESIAN_POINT('',(-54.53817974599,-19.23754213855,
    -25.26997453198));
#1966 = CARTESIAN_POINT('',(-46.99141803113,-38.27243905856,
    -24.57553006077));
#1967 = CARTESIAN_POINT('',(-31.97093254059,-53.92235082455,
    -23.88108568747));
#1968 = CARTESIAN_POINT('',(-11.24761405,-62.84107393001,-23.18664112056
    ));
#1969 = CARTESIAN_POINT('',(11.6579964077,-62.76623705417,
    -22.49219682222));
#1970 = CARTESIAN_POINT('',(32.322594896016,-53.71229195202,
    -21.79775225489));
#1971 = CARTESIAN_POINT('',(47.240498441254,-37.96456591895,
    -21.10330788207));
#1972 = CARTESIAN_POINT('',(54.662719319477,-18.88076255794,
    -20.40886341062));
#1973 = CARTESIAN_POINT('',(54.53817974595,19.237542138552,
    -19.01997453202));
#1974 = CARTESIAN_POINT('',(46.991418031305,38.272439058587,
    -18.32553006054));
#1975 = CARTESIAN_POINT('',(31.97093254031,53.92235082451,
    -17.63108568794));
#1976 = CARTESIAN_POINT('',(11.247614050302,62.841073930064,
    -16.93664111999));
#1977 = CARTESIAN_POINT('',(-11.65799640787,62.766237054154,
    -16.24219682268));
#1978 = CARTESIAN_POINT('',(-32.32259489597,53.712291952031,
    -15.54775225465));
#1979 = CARTESIAN_POINT('',(-47.24049844123,37.964565918957,
    -14.85330788215));
#1980 = CARTESIAN_POINT('',(-54.66271931949,18.880762557941,
    -14.15886341061));
#1981 = CARTESIAN_POINT('',(-54.53817974593,-19.23754213855,
    -12.76997453204));
#1982 = CARTESIAN_POINT('',(-46.99141803135,-38.27243905858,
    -12.07553006046));
#1983 = CARTESIAN_POINT('',(-31.97093254021,-53.92235082451,
    -11.38108568808));
#1984 = CARTESIAN_POINT('',(-11.2476140504,-62.84107393005,
    -10.68664111982));
#1985 = CARTESIAN_POINT('',(11.657996407949,-62.76623705417,
    -9.992196822822));
#1986 = CARTESIAN_POINT('',(32.322594895944,-53.71229195201,
    -9.297752254579));
#1987 = CARTESIAN_POINT('',(47.240498441244,-37.96456591896,
    -8.603307882178));
#1988 = CARTESIAN_POINT('',(54.662719319489,-18.88076255794,
    -7.908863410607));
#1989 = CARTESIAN_POINT('',(54.538179745939,19.237542138555,
    -6.519974532047));
#1990 = CARTESIAN_POINT('',(46.991418031333,38.272439058563,
    -5.82553006047));
#1991 = CARTESIAN_POINT('',(31.970932540269,53.922350824562,
    -5.131085688071));
#1992 = CARTESIAN_POINT('',(11.247614050335,62.841073930003,
    -4.436641119857));
#1993 = CARTESIAN_POINT('',(-11.65799640788,62.766237054194,
    -3.742196822781));
#1994 = CARTESIAN_POINT('',(-32.32259489599,53.712291952018,
    -3.047752254611));
#1995 = CARTESIAN_POINT('',(-47.24049844122,37.964565918962,
    -2.353307882163));
#1996 = CARTESIAN_POINT('',(-54.66271931949,18.880762557934,
    -1.65886341061));
#1997 = CARTESIAN_POINT('',(-54.53817974592,-19.23754213852,
    -0.269974532046));
#1998 = CARTESIAN_POINT('',(-46.99141803139,-38.27243905867,
    0.424469939534));
#1999 = CARTESIAN_POINT('',(-31.97093254014,-53.92235082436,
    1.118914311911));
#2000 = CARTESIAN_POINT('',(-11.2476140505,-62.84107393018,1.81335888018
    ));
#2001 = CARTESIAN_POINT('',(11.657996408026,-62.76623705413,
    2.50780317717));
#2002 = CARTESIAN_POINT('',(32.322594895908,-53.71229195197,
    3.202247745434));
#2003 = CARTESIAN_POINT('',(47.240498441247,-37.96456591901,
    3.896692117808));
#2004 = CARTESIAN_POINT('',(54.662719319497,-18.88076255792,
    4.591136589405));
#2005 = CARTESIAN_POINT('',(54.538179745918,19.237542138536,
    5.980025467928));
#2006 = CARTESIAN_POINT('',(46.991418031418,38.272439058627,
    6.674469939668));
#2007 = CARTESIAN_POINT('',(31.970932540139,53.922350824471,
    7.368914311587));
#2008 = CARTESIAN_POINT('',(11.247614050416,62.841073930054,
    8.063358880693));
#2009 = CARTESIAN_POINT('',(-11.65799640784,62.766237054225,
    8.757803176607));
#2010 = CARTESIAN_POINT('',(-32.3225948961,53.712291951947,
    9.452247745869));
#2011 = CARTESIAN_POINT('',(-47.24049844112,37.964565919002,
    10.146692117578));
#2012 = CARTESIAN_POINT('',(-54.66271931953,18.880762557936,
    10.841136589479));
#2013 = CARTESIAN_POINT('',(-54.53817974587,-19.23754213856,
    12.230025467838));
#2014 = CARTESIAN_POINT('',(-46.99141803154,-38.2724390585,
    12.924469940017));
#2015 = CARTESIAN_POINT('',(-31.97093253999,-53.92235082471,
    13.618914310859));
#2016 = CARTESIAN_POINT('',(-11.24761405042,-62.84107392978,
    14.313358881707));
#2017 = CARTESIAN_POINT('',(11.657996407642,-62.76623705439,
    15.007803175608));
#2018 = CARTESIAN_POINT('',(32.322594896391,-53.7122919519,
    15.702247746572));
#2019 = CARTESIAN_POINT('',(47.240498440918,-37.96456591898,
    16.396692117229));
#2020 = CARTESIAN_POINT('',(54.66271931962,-18.88076255794,
    17.091136589594));
#2021 = CARTESIAN_POINT('',(54.538179745762,19.237542138573,
    18.480025467681));
#2022 = CARTESIAN_POINT('',(46.99141803189,38.272439058457,
    19.174469940706));
#2023 = CARTESIAN_POINT('',(31.970932539547,53.922350824812,
    19.868914309311));
#2024 = CARTESIAN_POINT('',(11.247614050589,62.841073929653,
    20.563358883992));
#2025 = CARTESIAN_POINT('',(-11.65799640732,62.766237054504,
    21.257803173269));
#2026 = CARTESIAN_POINT('',(-32.32259489692,53.712291951854,
    21.952247748222));
#2027 = CARTESIAN_POINT('',(-47.24049844055,37.964565918994,
    22.646692116485));
#2028 = CARTESIAN_POINT('',(-54.66271931971,18.880762557953,
    23.341136589743));
#2029 = CARTESIAN_POINT('',(-54.53817974573,-19.23754213857,
    24.730025467635));
#2030 = CARTESIAN_POINT('',(-46.99141803189,-38.27243905843,
    25.42446994062));
#2031 = CARTESIAN_POINT('',(-31.97093253951,-53.92235082484,
    26.118914309715));
#2032 = CARTESIAN_POINT('',(-11.24761405076,-62.84107392962,
    26.813358883203));
#2033 = CARTESIAN_POINT('',(11.657996407675,-62.76623705452,
    27.50780317423));
#2034 = CARTESIAN_POINT('',(32.322594896553,-53.71229195184,
    28.202247747447));
#2035 = CARTESIAN_POINT('',(47.240498440786,-37.964565919,
    28.896692116887));
#2036 = CARTESIAN_POINT('',(54.662719319642,-18.88076255794,
    29.591136589632));
#2037 = CARTESIAN_POINT('',(54.538179745799,19.237542138567,
    30.980025467733));
#2038 = CARTESIAN_POINT('',(46.991418031732,38.272439058491,
    31.67446994027));
#2039 = CARTESIAN_POINT('',(31.970932539689,53.922350824736,
    32.368914310481));
#2040 = CARTESIAN_POINT('',(11.247614050772,62.841073929752,
    33.063358882056));
#2041 = CARTESIAN_POINT('',(-11.65799640793,62.766237054428,
    33.757803175441));
#2042 = CARTESIAN_POINT('',(-32.3225948962,53.712291951881,
    34.452247746553));
#2043 = CARTESIAN_POINT('',(-47.24049844101,37.964565919,35.146692117322
    ));
#2044 = CARTESIAN_POINT('',(-54.66271931956,18.880762557943,
    35.841136589522));
#2045 = CARTESIAN_POINT('',(-54.53817974586,-19.23754213856,
    37.230025467821));
#2046 = CARTESIAN_POINT('',(-46.99141803155,-38.2724390585,
    37.924469939972));
#2047 = CARTESIAN_POINT('',(-31.97093253992,-53.92235082468,
    38.618914311109));
#2048 = CARTESIAN_POINT('',(-11.24761405061,-62.84107392983,
    39.313358881156));
#2049 = CARTESIAN_POINT('',(11.657996407966,-62.76623705434,
    40.007803176335));
#2050 = CARTESIAN_POINT('',(32.322594896077,-53.71229195193,
    40.70224774596));
#2051 = CARTESIAN_POINT('',(47.240498441096,-37.96456591897,
    41.396692117541));
#2052 = CARTESIAN_POINT('',(54.662719319579,-18.88076255794,
    42.091136589531));
#2053 = CARTESIAN_POINT('',(54.538179745771,19.237542138576,
    43.48002546768));
#2054 = CARTESIAN_POINT('',(46.991418031925,38.27243905845,
    44.174469940745));
#2055 = CARTESIAN_POINT('',(31.97093253941,53.922350824809,
    44.868914309354));
#2056 = CARTESIAN_POINT('',(11.247614050865,62.841073929687,
    45.563358883688));
#2057 = CARTESIAN_POINT('',(-11.65799640768,62.766237054447,
    46.257803173824));
#2058 = CARTESIAN_POINT('',(-32.32259489663,53.712291951905,
    46.952247747682));
#2059 = CARTESIAN_POINT('',(-47.24049844069,37.96456591897,
    47.646692116773));
#2060 = CARTESIAN_POINT('',(-54.66271931969,18.880762557954,
    48.341136589696));
#2061 = CARTESIAN_POINT('',(-54.53817974569,-19.23754213857,
    49.730025467592));
#2062 = CARTESIAN_POINT('',(-46.99141803205,-38.27243905847,
    50.424469941032));
#2063 = CARTESIAN_POINT('',(-31.97093253935,-53.92235082477,
    51.118914308592));
#2064 = CARTESIAN_POINT('',(-11.24761405063,-62.84107392969,
    51.813358885071));
#2065 = CARTESIAN_POINT('',(11.657996407128,-62.76623705446,
    52.507803172126));
#2066 = CARTESIAN_POINT('',(32.322594897238,-53.71229195188,
    53.202247749085));
#2067 = CARTESIAN_POINT('',(47.240498440323,-37.96456591897,
    53.896692116032));
#2068 = CARTESIAN_POINT('',(54.662719319808,-18.88076255795,
    54.591136589897));
#2069 = CARTESIAN_POINT('',(54.538179745609,19.237542138592,
    55.98002546743));
#2070 = CARTESIAN_POINT('',(46.991418032313,38.272439058373,
    56.674469941445));
#2071 = CARTESIAN_POINT('',(31.970932538888,53.922350824977,
    57.368914308008));
#2072 = CARTESIAN_POINT('',(11.247614051221,62.841073929468,
    58.063358885518));
#2073 = CARTESIAN_POINT('',(-11.65799640768,62.766237054628,
    58.757803172062));
#2074 = CARTESIAN_POINT('',(-32.32259489683,53.712291951809,
    59.452247748836));
#2075 = CARTESIAN_POINT('',(-47.24049844057,37.964565919001,
    60.14669211633));
#2076 = CARTESIAN_POINT('',(-54.66271931967,18.880762557946,
    60.841136589711));
#2077 = CARTESIAN_POINT('',(-54.53817974586,-19.23754213855,
    62.230025467773));
#2078 = CARTESIAN_POINT('',(-46.9914180314,-38.27243905856,
    62.924469939847));
#2079 = CARTESIAN_POINT('',(-31.9709325402,-53.92235082454,
    63.618914311572));
#2080 = CARTESIAN_POINT('',(-11.24761405039,-62.84107393003,
    64.313358880415));
#2081 = CARTESIAN_POINT('',(11.657996407898,-62.76623705415,
    65.007803176981));
#2082 = CARTESIAN_POINT('',(32.322594896125,-53.71229195205,
    65.702247745795));
#2083 = CARTESIAN_POINT('',(47.240498440918,-37.96456591891,
    66.396692117215));
#2084 = CARTESIAN_POINT('',(54.662719319841,-18.88076255797,
    67.091136590025));
#2085 = CARTESIAN_POINT('',(54.600449532469,0.178389790323,
    67.78558102824));
#2086 = CARTESIAN_POINT('',(47.,0.465046922844,-38.98662973279));
#2087 = CARTESIAN_POINT('',(46.837667990787,16.871141891347,
    -38.29218528836));
#2088 = CARTESIAN_POINT('',(40.232693411294,33.21365966499,
    -37.59774084386));
#2089 = CARTESIAN_POINT('',(27.213517944493,46.599687008657,
    -36.90329639952));
#2090 = CARTESIAN_POINT('',(9.323644848664,54.158856295854,
    -36.20885195497));
#2091 = CARTESIAN_POINT('',(-10.39347654787,53.963762962419,
    -35.51440751057));
#2092 = CARTESIAN_POINT('',(-28.13027162382,46.052081497689,
    -34.81996306615));
#2093 = CARTESIAN_POINT('',(-40.88202473071,32.411060727212,
    -34.12551862166));
#2094 = CARTESIAN_POINT('',(-47.16233200637,15.941048045658,
    -33.43107417724));
#2095 = CARTESIAN_POINT('',(-46.83766799222,-16.87114189134,
    -32.04218528835));
#2096 = CARTESIAN_POINT('',(-40.23269340893,-33.213659665,
    -31.34774084387));
#2097 = CARTESIAN_POINT('',(-27.2135179475,-46.5996870086,
    -30.65329639952));
#2098 = CARTESIAN_POINT('',(-9.32364484575,-54.15885629591,
    -29.95885195496));
#2099 = CARTESIAN_POINT('',(10.393476545794,-53.96376296237,
    -29.26440751057));
#2100 = CARTESIAN_POINT('',(28.130271624893,-46.05208149769,
    -28.56996306615));
#2101 = CARTESIAN_POINT('',(40.882024730334,-32.41106072721,
    -27.87551862166));
#2102 = CARTESIAN_POINT('',(47.162332006468,-15.94104804565,
    -27.18107417724));
#2103 = CARTESIAN_POINT('',(46.837667992112,16.871141891341,
    -25.79218528835));
#2104 = CARTESIAN_POINT('',(40.232693409342,33.213659665016,
    -25.09774084387));
#2105 = CARTESIAN_POINT('',(27.21351794681,46.599687008604,
    -24.40329639951));
#2106 = CARTESIAN_POINT('',(9.323644846444,54.158856295915,
    -23.70885195498));
#2107 = CARTESIAN_POINT('',(-10.39347654618,53.963762962379,
    -23.01440751056));
#2108 = CARTESIAN_POINT('',(-28.13027162482,46.052081497699,
    -22.31996306616));
#2109 = CARTESIAN_POINT('',(-40.88202473027,32.411060727215,
    -21.62551862166));
#2110 = CARTESIAN_POINT('',(-47.1623320065,15.941048045656,
    -20.93107417724));
#2111 = CARTESIAN_POINT('',(-46.83766799207,-16.87114189134,
    -19.54218528835));
#2112 = CARTESIAN_POINT('',(-40.23269340946,-33.213659665,
    -18.84774084388));
#2113 = CARTESIAN_POINT('',(-27.2135179466,-46.59968700861,
    -18.1532963995));
#2114 = CARTESIAN_POINT('',(-9.323644846661,-54.1588562959,
    -17.45885195499));
#2115 = CARTESIAN_POINT('',(10.393476546319,-53.96376296237,
    -16.76440751055));
#2116 = CARTESIAN_POINT('',(28.130271624786,-46.05208149771,
    -16.06996306616));
#2117 = CARTESIAN_POINT('',(40.882024730274,-32.4110607272,
    -15.37551862165));
#2118 = CARTESIAN_POINT('',(47.162332006507,-15.94104804565,
    -14.68107417724));
#2119 = CARTESIAN_POINT('',(46.837667992076,16.871141891346,
    -13.29218528835));
#2120 = CARTESIAN_POINT('',(40.232693409448,33.213659664993,
    -12.59774084388));
#2121 = CARTESIAN_POINT('',(27.213517946639,46.59968700866,
    -11.9032963995));
#2122 = CARTESIAN_POINT('',(9.323644846614,54.158856295836,
    -11.20885195499));
#2123 = CARTESIAN_POINT('',(-10.39347654628,53.96376296245,
    -10.51440751055));
#2124 = CARTESIAN_POINT('',(-28.1302716248,46.052081497659,
    -9.819963066165));
#2125 = CARTESIAN_POINT('',(-40.88202473026,32.411060727229,
    -9.125518621661));
#2126 = CARTESIAN_POINT('',(-47.16233200651,15.941048045653,
    -8.431074177244));
#2127 = CARTESIAN_POINT('',(-46.83766799206,-16.87114189133,
    -7.042185288356));
#2128 = CARTESIAN_POINT('',(-40.23269340948,-33.21365966502,
    -6.34774084388));
#2129 = CARTESIAN_POINT('',(-27.21351794655,-46.5996870086,
    -5.653296399506));
#2130 = CARTESIAN_POINT('',(-9.323644846722,-54.15885629591,
    -4.958851954993));
#2131 = CARTESIAN_POINT('',(10.393476546366,-53.96376296238,
    -4.264407510557));
#2132 = CARTESIAN_POINT('',(28.130271624772,-46.05208149769,
    -3.569963066167));
#2133 = CARTESIAN_POINT('',(40.882024730262,-32.41106072721,
    -2.87551862166));
#2134 = CARTESIAN_POINT('',(47.162332006526,-15.94104804565,
    -2.181074177244));
#2135 = CARTESIAN_POINT('',(46.83766799203,16.871141891346,
    -0.792185288355));
#2136 = CARTESIAN_POINT('',(40.232693409609,33.213659664983,
    -9.774084388555E-02));
#2137 = CARTESIAN_POINT('',(27.213517946446,46.599687008693,
    0.59670360051));
#2138 = CARTESIAN_POINT('',(9.323644846612,54.158856295778,1.29114804498
    ));
#2139 = CARTESIAN_POINT('',(-10.39347654597,53.963762962515,
    1.985592489474));
#2140 = CARTESIAN_POINT('',(-28.13027162524,46.052081497615,
    2.680036933809));
#2141 = CARTESIAN_POINT('',(-40.88202472994,32.411060727242,
    3.374481378352));
#2142 = CARTESIAN_POINT('',(-47.16233200664,15.941048045656,
    4.068925822752));
#2143 = CARTESIAN_POINT('',(-46.83766799189,-16.87114189135,
    5.457814711649));
#2144 = CARTESIAN_POINT('',(-40.23269341001,-33.21365966491,
    6.152259156099));
#2145 = CARTESIAN_POINT('',(-27.21351794591,-46.59968700888,
    6.846703600546));
#2146 = CARTESIAN_POINT('',(-9.32364484684,-54.15885629548,
    7.541148044927));
#2147 = CARTESIAN_POINT('',(10.393476545638,-53.9637629628,
    8.235592489527));
#2148 = CARTESIAN_POINT('',(28.130271625886,-46.05208149743,
    8.930036933773));
#2149 = CARTESIAN_POINT('',(40.882024729446,-32.4110607273,
    9.624481378368));
#2150 = CARTESIAN_POINT('',(47.162332006846,-15.94104804565,
    10.318925822748));
#2151 = CARTESIAN_POINT('',(46.837667991618,16.871141891358,
    11.707814711653));
#2152 = CARTESIAN_POINT('',(40.232693410896,33.213659664842,
    12.402259156075));
#2153 = CARTESIAN_POINT('',(27.21351794476,46.599687009096,
    13.096703600606));
#2154 = CARTESIAN_POINT('',(9.323644847278,54.158856295137,
    13.791148044832));
#2155 = CARTESIAN_POINT('',(-10.39347654483,53.963762963157,
    14.485592489626));
#2156 = CARTESIAN_POINT('',(-28.13027162726,46.052081497206,
    15.180036933703));
#2157 = CARTESIAN_POINT('',(-40.88202472851,32.41106072739,
    15.874481378399));
#2158 = CARTESIAN_POINT('',(-47.16233200708,15.941048045642,
    16.568925822742));
#2159 = CARTESIAN_POINT('',(-46.83766799155,-16.87114189135,
    17.957814711656));
#2160 = CARTESIAN_POINT('',(-40.23269341089,-33.21365966484,
    18.652259156073));
#2161 = CARTESIAN_POINT('',(-27.21351794467,-46.59968700906,
    19.346703600599));
#2162 = CARTESIAN_POINT('',(-9.323644847753,-54.15885629521,
    20.041148044857));
#2163 = CARTESIAN_POINT('',(10.393476545757,-53.96376296305,
    20.73559248959));
#2164 = CARTESIAN_POINT('',(28.130271626284,-46.05208149728,
    21.430036933735));
#2165 = CARTESIAN_POINT('',(40.882024729112,-32.41106072735,
    22.124481378382));
#2166 = CARTESIAN_POINT('',(47.162332006901,-15.94104804564,
    22.818925822747));
#2167 = CARTESIAN_POINT('',(46.837667991715,16.871141891352,
    24.207814711653));
#2168 = CARTESIAN_POINT('',(40.232693410473,33.213659664895,
    24.902259156088));
#2169 = CARTESIAN_POINT('',(27.213517945155,46.599687008931,
    25.596703600563));
#2170 = CARTESIAN_POINT('',(9.323644847713,54.158856295423,
    26.291148044912));
#2171 = CARTESIAN_POINT('',(-10.39347654636,53.963762962846,
    26.985592489532));
#2172 = CARTESIAN_POINT('',(-28.13027162541,46.052081497419,
    27.680036933777));
#2173 = CARTESIAN_POINT('',(-40.8820247297,32.411060727311,
    28.374481378363));
#2174 = CARTESIAN_POINT('',(-47.16233200671,15.941048045648,
    29.068925822751));
#2175 = CARTESIAN_POINT('',(-46.83766799187,-16.87114189134,
    30.45781471165));
#2176 = CARTESIAN_POINT('',(-40.23269341004,-33.21365966493,
    31.152259156098));
#2177 = CARTESIAN_POINT('',(-27.21351794572,-46.59968700883,
    31.84670360054));
#2178 = CARTESIAN_POINT('',(-9.323644847383,-54.15885629557,
    32.541148044946));
#2179 = CARTESIAN_POINT('',(10.393476546506,-53.9637629627,
    33.235592489498));
#2180 = CARTESIAN_POINT('',(28.130271625058,-46.05208149749,
    33.930036933797));
#2181 = CARTESIAN_POINT('',(40.882024729907,-32.41106072728,
    34.624481378356));
#2182 = CARTESIAN_POINT('',(47.162332006742,-15.94104804564,
    35.31892582275));
#2183 = CARTESIAN_POINT('',(46.837667991638,16.871141891353,
    36.707814711653));
#2184 = CARTESIAN_POINT('',(40.232693411009,33.213659664868,
    37.402259156074));
#2185 = CARTESIAN_POINT('',(27.213517944335,46.599687009023,
    38.096703600604));
#2186 = CARTESIAN_POINT('',(9.323644848108,54.158856295267,
    38.791148044844));
#2187 = CARTESIAN_POINT('',(-10.39347654587,53.963762963008,
    39.485592489606));
#2188 = CARTESIAN_POINT('',(-28.13027162642,46.052081497317,
    40.180036933723));
#2189 = CARTESIAN_POINT('',(-40.8820247289,32.411060727343,
    40.874481378388));
#2190 = CARTESIAN_POINT('',(-47.16233200703,15.941048045649,
    41.568925822744));
#2191 = CARTESIAN_POINT('',(-46.83766799146,-16.87114189135,
    42.957814711656));
#2192 = CARTESIAN_POINT('',(-40.23269341129,-33.21365966483,
    43.652259156065));
#2193 = CARTESIAN_POINT('',(-27.21351794429,-46.59968700914,
    44.346703600632));
#2194 = CARTESIAN_POINT('',(-9.323644847352,-54.15885629505,
    45.041148044786));
#2195 = CARTESIAN_POINT('',(10.393476544299,-53.96376296326,
    45.735592489681));
#2196 = CARTESIAN_POINT('',(28.130271628078,-46.05208149713,
    46.43003693366));
#2197 = CARTESIAN_POINT('',(40.882024727903,-32.41106072741,
    47.124481378421));
#2198 = CARTESIAN_POINT('',(47.162332007335,-15.94104804564,
    47.818925822736));
#2199 = CARTESIAN_POINT('',(46.837667991213,16.871141891363,
    49.207814711663));
#2200 = CARTESIAN_POINT('',(40.232693412025,33.213659664768,
    49.902259156043));
#2201 = CARTESIAN_POINT('',(27.213517942978,46.599687009282,
    50.596703600666));
#2202 = CARTESIAN_POINT('',(9.323644849011,54.158856294883,
    51.29114804476));
#2203 = CARTESIAN_POINT('',(-10.39347654583,53.963762963368,
    51.985592489682));
#2204 = CARTESIAN_POINT('',(-28.13027162697,46.052081497102,
    52.680036933677));
#2205 = CARTESIAN_POINT('',(-40.88202472856,32.411060727417,
    53.374481378404));
#2206 = CARTESIAN_POINT('',(-47.16233200698,15.941048045636,
    54.068925822744));
#2207 = CARTESIAN_POINT('',(-46.83766799188,-16.87114189134,
    55.457814711653));
#2208 = CARTESIAN_POINT('',(-40.23269340961,-33.21365966498,
    56.152259156102));
#2209 = CARTESIAN_POINT('',(-27.21351794651,-46.59968700865,
    56.846703600513));
#2210 = CARTESIAN_POINT('',(-9.323644846728,-54.15885629588,
    57.541148045003));
#2211 = CARTESIAN_POINT('',(10.393476546265,-53.96376296235,
    58.235592489427));
#2212 = CARTESIAN_POINT('',(28.13027162521,-46.05208149774,
    58.930036933853));
#2213 = CARTESIAN_POINT('',(40.882024729448,-32.41106072718,
    59.62448137833));
#2214 = CARTESIAN_POINT('',(47.162332007409,-15.94104804566,
    60.318925822755));
#2215 = CARTESIAN_POINT('',(46.999999998662,0.465046922841,
    61.013370267204));
#2216 = CARTESIAN_POINT('',(39.399550467018,0.178389790285,
    -32.21441897083));
#2217 = CARTESIAN_POINT('',(39.337280679482,13.931427379293,
    -31.51997451985));
#2218 = CARTESIAN_POINT('',(33.874219699998,27.660154473864,
    -30.82553010464));
#2219 = CARTESIAN_POINT('',(23.021194675165,38.939476555114,
    -30.13108558558));
#2220 = CARTESIAN_POINT('',(8.059124986065,45.356382205154,
    -29.43664126744));
#2221 = CARTESIAN_POINT('',(-8.469507343342,45.281545329192,
    -28.74219667363));
#2222 = CARTESIAN_POINT('',(-23.37285703124,38.729417682754,
    -28.04775235413));
#2223 = CARTESIAN_POINT('',(-34.12330010929,27.352281334244,
    -27.35330783716));
#2224 = CARTESIAN_POINT('',(-39.46182025345,13.574647798805,
    -26.65886341994));
#2225 = CARTESIAN_POINT('',(-39.33728068004,-13.93142737932,
    -25.26997452081));
#2226 = CARTESIAN_POINT('',(-33.87421969907,-27.66015447384,
    -24.57553010307));
#2227 = CARTESIAN_POINT('',(-23.02119467635,-38.93947655512,
    -23.88108558761));
#2228 = CARTESIAN_POINT('',(-8.059124984899,-45.35638220511,
    -23.18664126546));
#2229 = CARTESIAN_POINT('',(8.469507342495,-45.28154532927,
    -22.49219667505));
#2230 = CARTESIAN_POINT('',(23.372857031691,-38.72941768266,
    -21.79775235343));
#2231 = CARTESIAN_POINT('',(34.123300109134,-27.3522813343,
    -21.10330783736));
#2232 = CARTESIAN_POINT('',(39.461820253492,-13.57464779879,
    -20.40886341993));
#2233 = CARTESIAN_POINT('',(39.337280679995,13.931427379317,
    -19.01997452076));
#2234 = CARTESIAN_POINT('',(33.874219699241,27.660154473861,
    -18.32553010332));
#2235 = CARTESIAN_POINT('',(23.02119467607,38.939476555087,
    -17.6310855871));
#2236 = CARTESIAN_POINT('',(8.059124985191,45.35638220518,
    -16.93664126607));
#2237 = CARTESIAN_POINT('',(-8.469507342668,45.281545329201,
    -16.24219667455));
#2238 = CARTESIAN_POINT('',(-23.37285703165,38.729417682717,
    -15.54775235369));
#2239 = CARTESIAN_POINT('',(-34.12330010911,27.352281334275,
    -14.85330783728));
#2240 = CARTESIAN_POINT('',(-39.4618202535,13.574647798797,
    -14.15886341995));
#2241 = CARTESIAN_POINT('',(-39.33728067998,-13.93142737932,
    -12.76997452074));
#2242 = CARTESIAN_POINT('',(-33.87421969929,-27.66015447385,
    -12.0755301034));
#2243 = CARTESIAN_POINT('',(-23.02119467598,-38.93947655508,
    -11.38108558694));
#2244 = CARTESIAN_POINT('',(-8.059124985287,-45.35638220522,
    -10.68664126627));
#2245 = CARTESIAN_POINT('',(8.469507342732,-45.28154532912,
    -9.992196674386));
#2246 = CARTESIAN_POINT('',(23.372857031629,-38.72941768279,
    -9.297752353792));
#2247 = CARTESIAN_POINT('',(34.123300109119,-27.35228133423,
    -8.603307837249));
#2248 = CARTESIAN_POINT('',(39.461820253505,-13.5746477988,
    -7.908863419956));
#2249 = CARTESIAN_POINT('',(39.337280679982,13.931427379322,
    -6.519974520738));
#2250 = CARTESIAN_POINT('',(33.874219699276,27.660154473851,
    -5.825530103404));
#2251 = CARTESIAN_POINT('',(23.021194676014,38.939476555114,
    -5.131085586962));
#2252 = CARTESIAN_POINT('',(8.059124985244,45.356382205129,
    -4.436641266244));
#2253 = CARTESIAN_POINT('',(-8.469507342695,45.281545329262,
    -3.742196674428));
#2254 = CARTESIAN_POINT('',(-23.37285703165,38.729417682672,
    -3.047752353758));
#2255 = CARTESIAN_POINT('',(-34.1233001091,27.352281334292,
    -2.353307837265));
#2256 = CARTESIAN_POINT('',(-39.46182025351,13.574647798798,
    -1.658863419953));
#2257 = CARTESIAN_POINT('',(-39.33728067997,-13.93142737933,
    -0.269974520739));
#2258 = CARTESIAN_POINT('',(-33.87421969931,-27.66015447379,
    0.424469896594));
#2259 = CARTESIAN_POINT('',(-23.02119467592,-38.93947655519,
    1.118914413053));
#2260 = CARTESIAN_POINT('',(-8.059124985359,-45.35638220511,
    1.81335873372));
#2261 = CARTESIAN_POINT('',(8.469507342793,-45.28154532918,
    2.507803325622));
#2262 = CARTESIAN_POINT('',(23.372857031598,-38.72941768279,
    3.202247646195));
#2263 = CARTESIAN_POINT('',(34.123300109122,-27.35228133421,
    3.896692162766));
#2264 = CARTESIAN_POINT('',(39.461820253513,-13.57464779881,
    4.591136580031));
#2265 = CARTESIAN_POINT('',(39.337280679963,13.931427379341,
    5.980025479289));
#2266 = CARTESIAN_POINT('',(33.874219699353,27.660154473787,
    6.674469896449));
#2267 = CARTESIAN_POINT('',(23.021194675903,38.939476555206,
    7.368914413407));
#2268 = CARTESIAN_POINT('',(8.059124985296,45.356382205076,
    8.063358733158));
#2269 = CARTESIAN_POINT('',(-8.469507342628,45.281545329233,
    8.757803326242));
#2270 = CARTESIAN_POINT('',(-23.37285703178,38.729417682743,
    9.452247645717));
#2271 = CARTESIAN_POINT('',(-34.123300109,27.352281334243,
    10.146692163016));
#2272 = CARTESIAN_POINT('',(-39.46182025355,13.574647798806,
    10.841136579952));
#2273 = CARTESIAN_POINT('',(-39.33728067991,-13.93142737932,
    12.230025479386));
#2274 = CARTESIAN_POINT('',(-33.87421969949,-27.66015447381,
    12.924469896067));
#2275 = CARTESIAN_POINT('',(-23.02119467572,-38.93947655522,
    13.618914414209));
#2276 = CARTESIAN_POINT('',(-8.059124985351,-45.35638220495,
    14.313358732037));
#2277 = CARTESIAN_POINT('',(8.469507342473,-45.28154532944,
    15.007803327345));
#2278 = CARTESIAN_POINT('',(23.372857032046,-38.72941768255,
    15.702247644943));
#2279 = CARTESIAN_POINT('',(34.123300108803,-27.35228133434,
    16.396692163397));
#2280 = CARTESIAN_POINT('',(39.461820253636,-13.57464779878,
    17.091136579828));
#2281 = CARTESIAN_POINT('',(39.337280679805,13.931427379321,
    18.480025479554));
#2282 = CARTESIAN_POINT('',(33.874219699844,27.660154473781,
    19.174469895328));
#2283 = CARTESIAN_POINT('',(23.021194675261,38.939476555352,
    19.868914415878));
#2284 = CARTESIAN_POINT('',(8.059124985547,45.356382204711,
    20.563358729566));
#2285 = CARTESIAN_POINT('',(-8.469507342187,45.281545329722,
    21.257803329874));
#2286 = CARTESIAN_POINT('',(-23.37285703256,38.729417682343,
    21.952247643163));
#2287 = CARTESIAN_POINT('',(-34.12330010844,27.352281334436,
    22.646692164197));
#2288 = CARTESIAN_POINT('',(-39.46182025372,13.574647798768,
    23.341136579669));
#2289 = CARTESIAN_POINT('',(-39.33728067977,-13.93142737931,
    24.730025479604));
#2290 = CARTESIAN_POINT('',(-33.87421969984,-27.66015447381,
    25.424469895411));
#2291 = CARTESIAN_POINT('',(-23.02119467523,-38.93947655527,
    26.118914415459));
#2292 = CARTESIAN_POINT('',(-8.059124985712,-45.35638220482,
    26.813358730401));
#2293 = CARTESIAN_POINT('',(8.469507342523,-45.2815453296,
    27.507803328845));
#2294 = CARTESIAN_POINT('',(23.372857032199,-38.72941768242,
    28.202247643999));
#2295 = CARTESIAN_POINT('',(34.123300108674,-27.35228133439,
    28.896692163762));
#2296 = CARTESIAN_POINT('',(39.461820253657,-13.57464779877,
    29.591136579788));
#2297 = CARTESIAN_POINT('',(39.337280679842,13.931427379315,
    30.980025479499));
#2298 = CARTESIAN_POINT('',(33.874219699679,27.660154473814,
    31.674469895792));
#2299 = CARTESIAN_POINT('',(23.021194675424,38.939476555243,
    32.368914414621));
#2300 = CARTESIAN_POINT('',(8.059124985695,45.356382204915,
    33.063358731658));
#2301 = CARTESIAN_POINT('',(-8.469507342757,45.281545329481,
    33.757803327521));
#2302 = CARTESIAN_POINT('',(-23.37285703186,38.729417682528,
    34.452247644972));
#2303 = CARTESIAN_POINT('',(-34.1233001089,27.352281334352,
    35.146692163292));
#2304 = CARTESIAN_POINT('',(-39.46182025358,13.574647798783,
    35.841136579906));
#2305 = CARTESIAN_POINT('',(-39.3372806799,-13.93142737931,
    37.230025479405));
#2306 = CARTESIAN_POINT('',(-33.8742196995,-27.66015447384,
    37.924469896112));
#2307 = CARTESIAN_POINT('',(-23.02119467566,-38.93947655517,
    38.618914413946));
#2308 = CARTESIAN_POINT('',(-8.059124985543,-45.35638220501,
    39.313358732625));
#2309 = CARTESIAN_POINT('',(8.469507342787,-45.28154532938,
    40.007803326564));
#2310 = CARTESIAN_POINT('',(23.372857031741,-38.72941768258,
    40.702247645602));
#2311 = CARTESIAN_POINT('',(34.123300108976,-27.35228133433,
    41.396692163063));
#2312 = CARTESIAN_POINT('',(39.461820253596,-13.57464779878,
    42.091136579894));
#2313 = CARTESIAN_POINT('',(39.337280679813,13.931427379308,
    43.480025479554));
#2314 = CARTESIAN_POINT('',(33.874219699882,27.660154473844,
    44.174469895285));
#2315 = CARTESIAN_POINT('',(23.021194675114,38.939476555205,
    44.868914415837));
#2316 = CARTESIAN_POINT('',(8.059124985838,45.356382204925,
    45.563358729886));
#2317 = CARTESIAN_POINT('',(-8.469507342557,45.281545329514,
    46.257803329286));
#2318 = CARTESIAN_POINT('',(-23.37285703225,38.72941768248,
    46.952247643737));
#2319 = CARTESIAN_POINT('',(-34.12330010859,27.352281334379,
    47.64669216389));
#2320 = CARTESIAN_POINT('',(-39.46182025371,13.574647798779,
    48.341136579719));
#2321 = CARTESIAN_POINT('',(-39.33728067974,-13.93142737931,
    49.730025479648));
#2322 = CARTESIAN_POINT('',(-33.8742197,-27.66015447378,50.424469894981)
  );
#2323 = CARTESIAN_POINT('',(-23.02119467506,-38.93947655535,
    51.118914416652));
#2324 = CARTESIAN_POINT('',(-8.059124985592,-45.3563822047,
    51.813358728394));
#2325 = CARTESIAN_POINT('',(8.469507341997,-45.28154532974,
    52.507803331126));
#2326 = CARTESIAN_POINT('',(23.372857032866,-38.72941768232,
    53.202247642215));
#2327 = CARTESIAN_POINT('',(34.123300108219,-27.35228133444,
    53.896692164693));
#2328 = CARTESIAN_POINT('',(39.461820253822,-13.57464779876,
    54.591136579503));
#2329 = CARTESIAN_POINT('',(39.33728067965,13.931427379303,
    55.980025479824));
#2330 = CARTESIAN_POINT('',(33.874219700277,27.660154473813,
    56.674469894521));
#2331 = CARTESIAN_POINT('',(23.021194674577,38.93947655533,
    57.368914417312));
#2332 = CARTESIAN_POINT('',(8.059124986213,45.356382204692,
    58.063358727883));
#2333 = CARTESIAN_POINT('',(-8.469507342574,45.28154532978,
    58.757803331201));
#2334 = CARTESIAN_POINT('',(-23.37285703244,38.729417682285,
    59.452247642494));
#2335 = CARTESIAN_POINT('',(-34.12330010846,27.352281334467,
    60.146692164361));
#2336 = CARTESIAN_POINT('',(-39.46182025369,13.57464779876,
    60.841136579705));
#2337 = CARTESIAN_POINT('',(-39.3372806799,-13.9314273793,
    62.230025479458));
#2338 = CARTESIAN_POINT('',(-33.87421969934,-27.66015447387,
    62.924469896248));
#2339 = CARTESIAN_POINT('',(-23.02119467595,-38.93947655506,
    63.618914413426));
#2340 = CARTESIAN_POINT('',(-8.059124985297,-45.35638220521,
    64.313358733485));
#2341 = CARTESIAN_POINT('',(8.469507342699,-45.28154532916,
    65.007803325771));
#2342 = CARTESIAN_POINT('',(23.372857031796,-38.72941768274,
    65.702247645885));
#2343 = CARTESIAN_POINT('',(34.123300108803,-27.35228133428,
    66.396692163328));
#2344 = CARTESIAN_POINT('',(39.461820253849,-13.57464779877,
    67.091136579418));
#2345 = CARTESIAN_POINT('',(39.399550466504,0.178389790243,
    67.785581030089));
#2346 = CARTESIAN_POINT('',(40.353827697716,-0.169162293276,
    -24.00357858596));
#2347 = CARTESIAN_POINT('',(40.412876480974,13.916980888968,
    -23.30913413579));
#2348 = CARTESIAN_POINT('',(34.940325393291,28.026458592761,
    -22.61468971695));
#2349 = CARTESIAN_POINT('',(23.925605695225,39.67544063765,
    -21.9202452072));
#2350 = CARTESIAN_POINT('',(8.65905945795,46.381129301824,
    -21.22580087325));
#2351 = CARTESIAN_POINT('',(-8.269904783907,46.452095120662,
    -20.53135629819));
#2352 = CARTESIAN_POINT('',(-23.59213363644,39.874633879287,
    -19.83691196296));
#2353 = CARTESIAN_POINT('',(-34.70412906621,28.318406502146,
    -19.14246745514));
#2354 = CARTESIAN_POINT('',(-40.29477891547,14.255305475591,
    -18.44802303448));
#2355 = CARTESIAN_POINT('',(-40.41287648045,-13.91698088899,
    -17.05913413664));
#2356 = CARTESIAN_POINT('',(-34.94032539412,-28.02645859272,
    -16.36468971556));
#2357 = CARTESIAN_POINT('',(-23.92560569419,-39.6754406377,
    -15.67024520898));
#2358 = CARTESIAN_POINT('',(-8.659059458905,-46.38112930174,
    -14.9758008715));
#2359 = CARTESIAN_POINT('',(8.269904784555,-46.45209512076,
    -14.28135629943));
#2360 = CARTESIAN_POINT('',(23.592133636131,-39.87463387919,
    -13.58691196235));
#2361 = CARTESIAN_POINT('',(34.704129066316,-28.31840650219,
    -12.89246745532));
#2362 = CARTESIAN_POINT('',(40.294778915453,-14.25530547557,
    -12.19802303448));
#2363 = CARTESIAN_POINT('',(40.412876480494,13.916980888988,
    -10.80913413659));
#2364 = CARTESIAN_POINT('',(34.940325393992,28.02645859276,
    -10.11468971578));
#2365 = CARTESIAN_POINT('',(23.925605694409,39.675440637616,
    -9.420245208541));
#2366 = CARTESIAN_POINT('',(8.659059458707,46.381129301873,
    -8.725800872058));
#2367 = CARTESIAN_POINT('',(-8.26990478446,46.452095120635,
    -8.031356298996));
#2368 = CARTESIAN_POINT('',(-23.59213363612,39.874633879282,
    -7.336911962587));
#2369 = CARTESIAN_POINT('',(-34.70412906634,28.318406502161,
    -6.642467455248));
#2370 = CARTESIAN_POINT('',(-40.29477891544,14.255305475585,
    -5.948023034495));
#2371 = CARTESIAN_POINT('',(-40.4128764805,-13.91698088899,
    -4.55913413658));
#2372 = CARTESIAN_POINT('',(-34.94032539395,-28.02645859275,
    -3.864689715861));
#2373 = CARTESIAN_POINT('',(-23.92560569446,-39.6754406376,-3.1702452084
    ));
#2374 = CARTESIAN_POINT('',(-8.659059458659,-46.38112930191,
    -2.475800872231));
#2375 = CARTESIAN_POINT('',(8.269904784451,-46.45209512056,
    -1.781356298853));
#2376 = CARTESIAN_POINT('',(23.592133636109,-39.87463387935,
    -1.086911962666));
#2377 = CARTESIAN_POINT('',(34.704129066364,-28.31840650212,
    -0.392467455221));
#2378 = CARTESIAN_POINT('',(40.294778915433,-14.25530547559,
    0.301976965501));
#2379 = CARTESIAN_POINT('',(40.412876480512,13.916980888993,
    1.690865863422));
#2380 = CARTESIAN_POINT('',(34.940325393936,28.026458592754,
    2.38531028414));
#2381 = CARTESIAN_POINT('',(23.925605694502,39.675440637635,
    3.079754791586));
#2382 = CARTESIAN_POINT('',(8.659059458609,46.381129301831,
    3.774199127799));
#2383 = CARTESIAN_POINT('',(-8.269904784397,46.45209512069,
    4.468643701109));
#2384 = CARTESIAN_POINT('',(-23.59213363615,39.87463387924,
    5.163088037364));
#2385 = CARTESIAN_POINT('',(-34.70412906634,28.318406502178,
    5.857532544764));
#2386 = CARTESIAN_POINT('',(-40.29477891544,14.255305475585,
    6.551976965504));
#2387 = CARTESIAN_POINT('',(-40.4128764805,-13.916980889,7.940865863421)
  );
#2388 = CARTESIAN_POINT('',(-34.94032539398,-28.0264585927,
    8.635310284139));
#2389 = CARTESIAN_POINT('',(-23.92560569439,-39.67544063769,
    9.329754791599));
#2390 = CARTESIAN_POINT('',(-8.65905945876,-46.38112930182,
    10.024199127769));
#2391 = CARTESIAN_POINT('',(8.269904784543,-46.4520951206,
    10.718643701152));
#2392 = CARTESIAN_POINT('',(23.592133636053,-39.87463387935,
    11.413088037323));
#2393 = CARTESIAN_POINT('',(34.704129066387,-28.3184065021,
    12.107532544792));
#2394 = CARTESIAN_POINT('',(40.294778915427,-14.2553054756,
    12.80197696549));
#2395 = CARTESIAN_POINT('',(40.412876480523,13.916980889009,
    14.190865863446));
#2396 = CARTESIAN_POINT('',(34.940325393916,28.026458592707,
    14.88531028401));
#2397 = CARTESIAN_POINT('',(23.925605694479,39.675440637682,
    15.579754791912));
#2398 = CARTESIAN_POINT('',(8.659059458747,46.381129301847,
    16.274199127273));
#2399 = CARTESIAN_POINT('',(-8.269904784648,46.452095120594,
    16.968643701699));
#2400 = CARTESIAN_POINT('',(-23.59213363589,39.874633879353,
    17.663088036902));
#2401 = CARTESIAN_POINT('',(-34.7041290665,28.318406502113,
    18.357532545012));
#2402 = CARTESIAN_POINT('',(-40.29477891538,14.255305475595,
    19.05197696542));
#2403 = CARTESIAN_POINT('',(-40.41287648058,-13.91698088899,
    20.440865863532));
#2404 = CARTESIAN_POINT('',(-34.94032539372,-28.02645859274,
    21.135310283673));
#2405 = CARTESIAN_POINT('',(-23.92560569475,-39.67544063763,
    21.82975479262));
#2406 = CARTESIAN_POINT('',(-8.659059458553,-46.38112930184,
    22.524199126284));
#2407 = CARTESIAN_POINT('',(8.26990478467,-46.45209512067,23.21864370267
    ));
#2408 = CARTESIAN_POINT('',(23.592133635724,-39.87463387925,
    23.913088036221));
#2409 = CARTESIAN_POINT('',(34.70412906666,-28.31840650217,
    24.607532545346));
#2410 = CARTESIAN_POINT('',(40.294778915312,-14.25530547557,
    25.301976965311));
#2411 = CARTESIAN_POINT('',(40.412876480674,13.916980888988,
    26.690865863679));
#2412 = CARTESIAN_POINT('',(34.940325393433,28.026458592761,
    27.385310283022));
#2413 = CARTESIAN_POINT('',(23.925605695132,39.675440637633,
    28.079754794089));
#2414 = CARTESIAN_POINT('',(8.659059458444,46.381129301813,
    28.774199124111));
#2415 = CARTESIAN_POINT('',(-8.269904784995,46.452095120736,
    29.468643704891));
#2416 = CARTESIAN_POINT('',(-23.59213363521,39.87463387918,
    30.163088034662));
#2417 = CARTESIAN_POINT('',(-34.704129067,28.318406502223,
    30.857532546046));
#2418 = CARTESIAN_POINT('',(-40.29477891522,14.255305475565,
    31.551976965172));
#2419 = CARTESIAN_POINT('',(-40.4128764807,-13.91698088897,
    32.940865863723));
#2420 = CARTESIAN_POINT('',(-34.94032539342,-28.02645859279,
    33.635310283095));
#2421 = CARTESIAN_POINT('',(-23.92560569518,-39.67544063758,
    34.329754793722));
#2422 = CARTESIAN_POINT('',(-8.659059458235,-46.38112930187,
    35.024199124843));
#2423 = CARTESIAN_POINT('',(8.269904784627,-46.45209512069,
    35.718643703989));
#2424 = CARTESIAN_POINT('',(23.592133635583,-39.8746338792,
    36.413088035394));
#2425 = CARTESIAN_POINT('',(34.704129066778,-28.31840650221,
    37.107532545665));
#2426 = CARTESIAN_POINT('',(40.294778915293,-14.25530547556,
    37.801976965277));
#2427 = CARTESIAN_POINT('',(40.412876480639,13.916980888982,
    39.190865863631));
#2428 = CARTESIAN_POINT('',(34.940325393584,28.026458592774,
    39.885310283431));
#2429 = CARTESIAN_POINT('',(23.925605695001,39.675440637606,
    40.579754792983));
#2430 = CARTESIAN_POINT('',(8.659059458264,46.381129301859,
    41.27419912595));
#2431 = CARTESIAN_POINT('',(-8.26990478442,46.452095120678,
    41.968643702825));
#2432 = CARTESIAN_POINT('',(-23.59213363588,39.874633879235,
    42.663088036248));
#2433 = CARTESIAN_POINT('',(-34.70412906657,28.31840650219,
    43.357532545253));
#2434 = CARTESIAN_POINT('',(-40.29477891535,14.255305475575,
    44.05197696538));
#2435 = CARTESIAN_POINT('',(-40.41287648058,-13.91698088898,
    45.440865863548));
#2436 = CARTESIAN_POINT('',(-34.94032539372,-28.02645859277,
    46.135310283713));
#2437 = CARTESIAN_POINT('',(-23.92560569483,-39.67544063759,
    46.829754792389));
#2438 = CARTESIAN_POINT('',(-8.659059458326,-46.38112930187,
    47.5241991268));
#2439 = CARTESIAN_POINT('',(8.269904784319,-46.45209512066,
    48.218643701986));
#2440 = CARTESIAN_POINT('',(23.592133636049,-39.87463387924,
    48.913088036798));
#2441 = CARTESIAN_POINT('',(34.704129066485,-28.31840650218,
    49.607532545054));
#2442 = CARTESIAN_POINT('',(40.29477891535,-14.25530547557,
    50.301976965369));
#2443 = CARTESIAN_POINT('',(40.412876480669,13.916980888977,
    51.690865863679));
#2444 = CARTESIAN_POINT('',(34.940325393376,28.026458592821,
    52.385310282983));
#2445 = CARTESIAN_POINT('',(23.925605695333,39.675440637495,
    53.079754794056));
#2446 = CARTESIAN_POINT('',(8.659059458065,46.381129302004,
    53.774199124388));
#2447 = CARTESIAN_POINT('',(-8.269904784542,46.452095120561,
    54.468643704378));
#2448 = CARTESIAN_POINT('',(-23.59213363556,39.874633879289,
    55.163088035163));
#2449 = CARTESIAN_POINT('',(-34.70412906683,28.318406502179,
    55.857532545778));
#2450 = CARTESIAN_POINT('',(-40.29477891524,14.255305475574,
    56.551976965216));
#2451 = CARTESIAN_POINT('',(-40.41287648072,-13.91698088898,
    57.940865863761));
#2452 = CARTESIAN_POINT('',(-34.9403253933,-28.02645859278,
    58.635310282718));
#2453 = CARTESIAN_POINT('',(-23.92560569527,-39.67544063756,
    59.329754794768));
#2454 = CARTESIAN_POINT('',(-8.659059458445,-46.38112930192,
    60.024199123085));
#2455 = CARTESIAN_POINT('',(8.269904785213,-46.45209512061,
    60.718643705986));
#2456 = CARTESIAN_POINT('',(23.5921336349,-39.87463387925,
    61.413088033833));
#2457 = CARTESIAN_POINT('',(34.704129067229,-28.31840650219,
    62.10753254648));
#2458 = CARTESIAN_POINT('',(40.294778915134,-14.25530547556,
    62.801976965027));
#2459 = CARTESIAN_POINT('',(40.412876480823,13.916980888968,
    64.190865863916));
#2460 = CARTESIAN_POINT('',(34.940325393016,28.026458592841,
    64.885310282311));
#2461 = CARTESIAN_POINT('',(23.925605695796,39.675440637485,
    65.579754795352));
#2462 = CARTESIAN_POINT('',(8.659059457791,46.381129301967,
    66.27419912263));
#2463 = CARTESIAN_POINT('',(-8.269904784614,46.452095120653,
    66.968643706056));
#2464 = CARTESIAN_POINT('',(-23.59213363532,39.874633879186,
    67.663088034077));
#2465 = CARTESIAN_POINT('',(-34.70412906698,28.318406502243,
    68.357532546188));
#2466 = CARTESIAN_POINT('',(-40.29477891526,14.255305475555,
    69.051976965205));
#2467 = CARTESIAN_POINT('',(-40.41287648058,-13.91698088897,
    70.440865863593));
#2468 = CARTESIAN_POINT('',(-34.94032539388,-28.0264585928,
    71.135310283836));
#2469 = CARTESIAN_POINT('',(-23.92560569452,-39.67544063754,
    71.829754791924));
#2470 = CARTESIAN_POINT('',(-8.659059458592,-46.38112930193,
    72.524199127567));
#2471 = CARTESIAN_POINT('',(8.26990478443,-46.4520951206,73.218643701277
    ));
#2472 = CARTESIAN_POINT('',(23.592133635979,-39.87463387927,
    73.91308803706));
#2473 = CARTESIAN_POINT('',(34.704129066656,-28.31840650218,
    74.607532545276));
#2474 = CARTESIAN_POINT('',(40.294778915106,-14.25530547556,
    75.301976964958));
#2475 = CARTESIAN_POINT('',(40.353827698203,-0.16916229331,
    75.99642141484));
#2476 = CARTESIAN_POINT('',(47.,-0.169162293277,-24.00357858596));
#2477 = CARTESIAN_POINT('',(47.059048783259,16.236932675564,
    -23.30913414151));
#2478 = CARTESIAN_POINT('',(40.67545723383,32.666386242074,
    -22.61468969709));
#2479 = CARTESIAN_POINT('',(27.838630816172,46.226287633364,
    -21.92024525261));
#2480 = CARTESIAN_POINT('',(10.053138033085,54.025826720774,
    -21.22580080819));
#2481 = CARTESIAN_POINT('',(-9.663983359087,54.09679253974,
    -20.53135636375));
#2482 = CARTESIAN_POINT('',(-27.50515875741,46.425480874871,
    -19.83691191928));
#2483 = CARTESIAN_POINT('',(-40.43926090678,32.958334151497,
    -19.14246747486));
#2484 = CARTESIAN_POINT('',(-46.94095121777,16.575257262115,
    -18.4480230304));
#2485 = CARTESIAN_POINT('',(-47.05904878273,-16.23693267556,
    -17.05913414152));
#2486 = CARTESIAN_POINT('',(-40.67545723466,-32.66638624205,
    -16.36468969707));
#2487 = CARTESIAN_POINT('',(-27.83863081514,-46.22628763339,
    -15.67024525265));
#2488 = CARTESIAN_POINT('',(-10.05313803403,-54.02582672073,
    -14.97580080815));
#2489 = CARTESIAN_POINT('',(9.663983359732,-54.09679253977,
    -14.28135636378));
#2490 = CARTESIAN_POINT('',(27.505158757108,-46.42548087485,
    -13.58691191927));
#2491 = CARTESIAN_POINT('',(40.439260906887,-32.9583341515,
    -12.89246747487));
#2492 = CARTESIAN_POINT('',(46.940951217746,-16.57525726211,
    -12.19802303041));
#2493 = CARTESIAN_POINT('',(47.059048782774,16.236932675559,
    -10.80913414152));
#2494 = CARTESIAN_POINT('',(40.675457234538,32.666386242098,
    -10.11468969708));
#2495 = CARTESIAN_POINT('',(27.83863081535,46.226287633306,
    -9.420245252627));
#2496 = CARTESIAN_POINT('',(10.053138033845,54.025826720861,
    -8.72580080819));
#2497 = CARTESIAN_POINT('',(-9.66398335964,54.096792539657,
    -8.031356363758));
#2498 = CARTESIAN_POINT('',(-27.5051587571,46.425480874921,
    -7.336911919286));
#2499 = CARTESIAN_POINT('',(-40.43926090691,32.95833415148,
    -6.642467474866));
#2500 = CARTESIAN_POINT('',(-46.94095121773,16.575257262116,
    -5.948023030411));
#2501 = CARTESIAN_POINT('',(-47.05904878278,-16.23693267556,
    -4.559134141522));
#2502 = CARTESIAN_POINT('',(-40.67545723449,-32.66638624209,
    -3.864689697087));
#2503 = CARTESIAN_POINT('',(-27.8386308154,-46.22628763329,
    -3.170245252623));
#2504 = CARTESIAN_POINT('',(-10.0531380338,-54.02582672088,
    -2.475800808195));
#2505 = CARTESIAN_POINT('',(9.663983359638,-54.09679253962,
    -1.781356363755));
#2506 = CARTESIAN_POINT('',(27.505158757081,-46.42548087495,
    -1.086911919287));
#2507 = CARTESIAN_POINT('',(40.439260906937,-32.95833415146,
    -0.392467474866));
#2508 = CARTESIAN_POINT('',(46.940951217725,-16.57525726211,
    0.301976969589));
#2509 = CARTESIAN_POINT('',(47.059048782793,16.236932675563,
    1.690865858478));
#2510 = CARTESIAN_POINT('',(40.675457234478,32.666386242086,
    2.385310302912));
#2511 = CARTESIAN_POINT('',(27.838630815452,46.226287633335,
    3.079754747378));
#2512 = CARTESIAN_POINT('',(10.053138033735,54.025826720816,
    3.774199191804));
#2513 = CARTESIAN_POINT('',(-9.663983359564,54.0967925397,4.468643636245
    ));
#2514 = CARTESIAN_POINT('',(-27.50515875713,46.425480874895,
    5.163088080714));
#2515 = CARTESIAN_POINT('',(-40.4392609069,32.958334151491,
    5.857532525133));
#2516 = CARTESIAN_POINT('',(-46.94095121773,16.575257262113,
    6.551976969589));
#2517 = CARTESIAN_POINT('',(-47.05904878278,-16.23693267555,
    7.940865858477));
#2518 = CARTESIAN_POINT('',(-40.67545723453,-32.66638624211,
    8.635310302913));
#2519 = CARTESIAN_POINT('',(-27.83863081532,-46.22628763327,
    9.329754747377));
#2520 = CARTESIAN_POINT('',(-10.05313803391,-54.02582672089,
    10.024199191805));
#2521 = CARTESIAN_POINT('',(9.663983359732,-54.09679253963,
    10.718643636245));
#2522 = CARTESIAN_POINT('',(27.505158757026,-46.42548087493,
    11.413088080713));
#2523 = CARTESIAN_POINT('',(40.439260906958,-32.95833415147,
    12.107532525135));
#2524 = CARTESIAN_POINT('',(46.940951217719,-16.57525726211,
    12.801976969588));
#2525 = CARTESIAN_POINT('',(47.059048782803,16.236932675562,
    14.190865858479));
#2526 = CARTESIAN_POINT('',(40.67545723446,32.666386242095,
    14.885310302907));
#2527 = CARTESIAN_POINT('',(27.838630815422,46.226287633303,
    15.579754747393));
#2528 = CARTESIAN_POINT('',(10.053138033885,54.025826720875,
    16.274199191779));
#2529 = CARTESIAN_POINT('',(-9.663983359829,54.096792539633,
    16.968643636274));
#2530 = CARTESIAN_POINT('',(-27.50515875686,46.425480874944,
    17.663088080691));
#2531 = CARTESIAN_POINT('',(-40.43926090707,32.958334151466,
    18.357532525145));
#2532 = CARTESIAN_POINT('',(-46.94095121767,16.57525726212,
    19.051976969585));
#2533 = CARTESIAN_POINT('',(-47.05904878286,-16.23693267556,
    20.440865858483));
#2534 = CARTESIAN_POINT('',(-40.67545723426,-32.66638624207,
    21.135310302889));
#2535 = CARTESIAN_POINT('',(-27.83863081571,-46.22628763335,
    21.829754747433));
#2536 = CARTESIAN_POINT('',(-10.05313803367,-54.0258267208,
    22.524199191723));
#2537 = CARTESIAN_POINT('',(9.663983359834,-54.09679253969,
    23.218643636328));
#2538 = CARTESIAN_POINT('',(27.50515875671,-46.4254808749,
    23.913088080656));
#2539 = CARTESIAN_POINT('',(40.439260907228,-32.95833415148,
    24.607532525161));
#2540 = CARTESIAN_POINT('',(46.940951217605,-16.57525726211,
    25.301976969581));
#2541 = CARTESIAN_POINT('',(47.059048782956,16.236932675566,
    26.690865858488));
#2542 = CARTESIAN_POINT('',(40.67545723397,32.666386242077,
    27.385310302862));
#2543 = CARTESIAN_POINT('',(27.838630816095,46.226287633337,
    28.079754747496));
#2544 = CARTESIAN_POINT('',(10.053138033549,54.025826720829,
    28.774199191629));
#2545 = CARTESIAN_POINT('',(-9.663983360143,54.09679253968,
    29.46864363642));
#2546 = CARTESIAN_POINT('',(-27.5051587562,46.425480874908,
    30.163088080595));
#2547 = CARTESIAN_POINT('',(-40.43926090756,32.958334151487,
    30.857532525186));
#2548 = CARTESIAN_POINT('',(-46.94095121751,16.575257262114,
    31.551976969577));
#2549 = CARTESIAN_POINT('',(-47.05904878298,-16.23693267556,
    32.94086585849));
#2550 = CARTESIAN_POINT('',(-40.67545723396,-32.66638624208,
    33.635310302861));
#2551 = CARTESIAN_POINT('',(-27.83863081614,-46.22628763333,
    34.329754747489));
#2552 = CARTESIAN_POINT('',(-10.05313803334,-54.02582672082,
    35.024199191651));
#2553 = CARTESIAN_POINT('',(9.663983359779,-54.09679253969,
    35.718643636389));
#2554 = CARTESIAN_POINT('',(27.505158756576,-46.42548087489,
    36.413088080622));
#2555 = CARTESIAN_POINT('',(40.439260907344,-32.95833415149,
    37.107532525171));
#2556 = CARTESIAN_POINT('',(46.940951217586,-16.57525726211,
    37.801976969581));
#2557 = CARTESIAN_POINT('',(47.05904878292,16.236932675561,
    39.190865858486));
#2558 = CARTESIAN_POINT('',(40.675457234124,32.666386242086,
    39.885310302877));
#2559 = CARTESIAN_POINT('',(27.838630815953,46.226287633336,
    40.579754747452));
#2560 = CARTESIAN_POINT('',(10.053138033388,54.025826720811,
    41.274199191706));
#2561 = CARTESIAN_POINT('',(-9.663983359588,54.096792539712,
    41.968643636333));
#2562 = CARTESIAN_POINT('',(-27.50515875686,46.425480874881,
    42.663088080661));
#2563 = CARTESIAN_POINT('',(-40.43926090714,32.958334151499,
    43.357532525154));
#2564 = CARTESIAN_POINT('',(-46.94095121765,16.575257262112,
    44.051976969584));
#2565 = CARTESIAN_POINT('',(-47.05904878286,-16.23693267556,
    45.440865858483));
#2566 = CARTESIAN_POINT('',(-40.67545723426,-32.66638624208,
    46.13531030289));
#2567 = CARTESIAN_POINT('',(-27.83863081578,-46.22628763332,
    46.829754747425));
#2568 = CARTESIAN_POINT('',(-10.05313803345,-54.02582672083,
    47.524199191744));
#2569 = CARTESIAN_POINT('',(9.663983359488,-54.09679253968,48.2186436363
    ));
#2570 = CARTESIAN_POINT('',(27.50515875703,-46.4254808749,
    48.913088080679));
#2571 = CARTESIAN_POINT('',(40.439260907055,-32.95833415148,
    49.60753252515));
#2572 = CARTESIAN_POINT('',(46.940951217642,-16.57525726211,
    50.301976969583));
#2573 = CARTESIAN_POINT('',(47.059048782951,16.236932675562,
    51.690865858488));
#2574 = CARTESIAN_POINT('',(40.675457233911,32.666386242107,
    52.385310302859));
#2575 = CARTESIAN_POINT('',(27.838630816302,46.226287633263,
    53.079754747499));
#2576 = CARTESIAN_POINT('',(10.053138033163,54.02582672094,
    53.774199191634));
#2577 = CARTESIAN_POINT('',(-9.663983359684,54.096792539573,
    54.468643636407));
#2578 = CARTESIAN_POINT('',(-27.50515875656,46.425480874978,
    55.163088080609));
#2579 = CARTESIAN_POINT('',(-40.4392609074,32.958334151457,
    55.857532525178));
#2580 = CARTESIAN_POINT('',(-46.94095121754,16.575257262119,
    56.551976969578));
#2581 = CARTESIAN_POINT('',(-47.059048783,-16.23693267556,
    57.940865858491));
#2582 = CARTESIAN_POINT('',(-40.67545723383,-32.6663862421,
    58.63531030285));
#2583 = CARTESIAN_POINT('',(-27.83863081623,-46.22628763325,
    59.329754747526));
#2584 = CARTESIAN_POINT('',(-10.05313803354,-54.02582672095,
    60.024199191579));
#2585 = CARTESIAN_POINT('',(9.663983360358,-54.09679253954,
    60.718643636476));
#2586 = CARTESIAN_POINT('',(27.505158755897,-46.42548087499,
    61.413088080552));
#2587 = CARTESIAN_POINT('',(40.439260907793,-32.95833415145,
    62.107532525208));
#2588 = CARTESIAN_POINT('',(46.940951217426,-16.57525726211,
    62.80197696957));
#2589 = CARTESIAN_POINT('',(47.059048783105,16.236932675562,
    64.190865858498));
#2590 = CARTESIAN_POINT('',(40.675457233548,32.666386242107,
    64.885310302825));
#2591 = CARTESIAN_POINT('',(27.838630816769,46.226287633271,
    65.579754747568));
#2592 = CARTESIAN_POINT('',(10.053138032882,54.02582672091,
    66.274199191544));
#2593 = CARTESIAN_POINT('',(-9.663983359751,54.096792539626,
    66.968643636485));
#2594 = CARTESIAN_POINT('',(-27.50515875632,46.42548087492,
    67.663088080567));
#2595 = CARTESIAN_POINT('',(-40.43926090754,32.958334151496,
    68.35753252519));
#2596 = CARTESIAN_POINT('',(-46.94095121755,16.575257262105,
    69.051976969579));
#2597 = CARTESIAN_POINT('',(-47.05904878286,-16.23693267555,
    70.440865858485));
#2598 = CARTESIAN_POINT('',(-40.67545723442,-32.66638624212,
    71.135310302896));
#2599 = CARTESIAN_POINT('',(-27.83863081547,-46.22628763326,
    71.829754747396));
#2600 = CARTESIAN_POINT('',(-10.05313803372,-54.02582672088,
    72.524199191801));
#2601 = CARTESIAN_POINT('',(9.663983359604,-54.09679253966,
    73.218643636228));
#2602 = CARTESIAN_POINT('',(27.505158756961,-46.4254808749,
    73.91308808074));
#2603 = CARTESIAN_POINT('',(40.439260907224,-32.95833415148,
    74.607532525115));
#2604 = CARTESIAN_POINT('',(46.940951217402,-16.57525726211,
    75.301976969596));
#2605 = CARTESIAN_POINT('',(47.000000000487,-0.169162293275,
    75.996421414032));
#2606 = DEFINITIONAL_REPRESENTATION('',(#2607),#2610);
#2607 = B_SPLINE_CURVE_WITH_KNOTS('',1,(#2608,#2609),.UNSPECIFIED.,.F.,
  .F.,(2,2),(0.,111.9223781318),.PIECEWISE_BEZIER_KNOTS.);
#2608 = CARTESIAN_POINT('',(6.28318530718,0.));
#2609 = CARTESIAN_POINT('',(6.28318530718,111.9223781318));
#2610 = ( GEOMETRIC_REPRESENTATION_CONTEXT(2) 
PARAMETRIC_REPRESENTATION_CONTEXT() REPRESENTATION_CONTEXT('2D SPACE',''
  ) );
#2611 = PCURVE('',#1695,#2612);
#2612 = DEFINITIONAL_REPRESENTATION('',(#2613),#2617);
#2613 = LINE('',#2614,#2615);
#2614 = CARTESIAN_POINT('',(0.,0.));
#2615 = VECTOR('',#2616,1.);
#2616 = DIRECTION('',(0.,1.));
#2617 = ( GEOMETRIC_REPRESENTATION_CONTEXT(2) 
PARAMETRIC_REPRESENTATION_CONTEXT() REPRESENTATION_CONTEXT('2D SPACE',''
  ) );
#2618 = ORIENTED_EDGE('',*,*,#2619,.F.);
#2619 = EDGE_CURVE('',#1560,#1560,#2620,.T.);
#2620 = SURFACE_CURVE('',#2621,(#2629,#2636),.PCURVE_S1.);
#2621 = ( BOUNDED_CURVE() B_SPLINE_CURVE(6,(#2622,#2623,#2624,#2625,
#2626,#2627,#2628),.UNSPECIFIED.,.T.,.F.) B_SPLINE_CURVE_WITH_KNOTS((1,6
    ,6,1),(-6.28318530718,0.,6.28318530718,12.566370614359),
.UNSPECIFIED.) CURVE() GEOMETRIC_REPRESENTATION_ITEM() 
RATIONAL_B_SPLINE_CURVE((1.669078461068,1.03672962321,1.038346699848,
    0.853534330196,1.038346699848,1.03672962321,1.669078461068)) 
REPRESENTATION_ITEM('') );
#2622 = CARTESIAN_POINT('',(47.000000000487,-0.169162293275,
    75.996421414032));
#2623 = CARTESIAN_POINT('',(53.646172302771,-0.16916229324,
    75.996421413224));
#2624 = CARTESIAN_POINT('',(54.600449532469,0.178389790323,
    67.78558102824));
#2625 = CARTESIAN_POINT('',(46.999999998662,0.465046922841,
    61.013370267204));
#2626 = CARTESIAN_POINT('',(39.399550466504,0.178389790243,
    67.785581030089));
#2627 = CARTESIAN_POINT('',(40.353827698203,-0.16916229331,
    75.99642141484));
#2628 = CARTESIAN_POINT('',(47.000000000487,-0.169162293275,
    75.996421414032));
#2629 = PCURVE('',#1695,#2630);
#2630 = DEFINITIONAL_REPRESENTATION('',(#2631),#2635);
#2631 = LINE('',#2632,#2633);
#2632 = CARTESIAN_POINT('',(0.,111.9223781318));
#2633 = VECTOR('',#2634,1.);
#2634 = DIRECTION('',(1.,0.));
#2635 = ( GEOMETRIC_REPRESENTATION_CONTEXT(2) 
PARAMETRIC_REPRESENTATION_CONTEXT() REPRESENTATION_CONTEXT('2D SPACE',''
  ) );
#2636 = PCURVE('',#2637,#2642);
#2637 = PLANE('',#2638);
#2638 = AXIS2_PLACEMENT_3D('',#2639,#2640,#2641);
#2639 = CARTESIAN_POINT('',(47.,-2.67992374619E-05,72.000633126008));
#2640 = DIRECTION('',(-1.18900386494E-13,0.999105353508,
    4.229057331893E-02));
#2641 = DIRECTION('',(7.88860905221E-31,-4.229057331893E-02,
    0.999105353508));
#2642 = DEFINITIONAL_REPRESENTATION('',(#2643),#2651);
#2643 = ( BOUNDED_CURVE() B_SPLINE_CURVE(6,(#2644,#2645,#2646,#2647,
#2648,#2649,#2650),.UNSPECIFIED.,.T.,.F.) B_SPLINE_CURVE_WITH_KNOTS((1,6
    ,6,1),(-6.28318530718,0.,6.28318530718,12.566370614359),
.UNSPECIFIED.) CURVE() GEOMETRIC_REPRESENTATION_ITEM() 
RATIONAL_B_SPLINE_CURVE((1.669078461068,1.03672962321,1.038346699848,
    0.853534330196,1.038346699848,1.03672962321,1.669078461068)) 
REPRESENTATION_ITEM('') );
#2644 = CARTESIAN_POINT('',(3.999366307061,4.867501957051E-10));
#2645 = CARTESIAN_POINT('',(3.999366306252,6.646172302771));
#2646 = CARTESIAN_POINT('',(-4.218826456057,7.600449532469));
#2647 = CARTESIAN_POINT('',(-10.99710137697,-1.338598565326E-09));
#2648 = CARTESIAN_POINT('',(-4.218826454207,-7.600449533496));
#2649 = CARTESIAN_POINT('',(3.999366307869,-6.646172301797));
#2650 = CARTESIAN_POINT('',(3.999366307061,4.867501957051E-10));
#2651 = ( GEOMETRIC_REPRESENTATION_CONTEXT(2) 
PARAMETRIC_REPRESENTATION_CONTEXT() REPRESENTATION_CONTEXT('2D SPACE',''
  ) );
#2652 = ORIENTED_EDGE('',*,*,#1557,.F.);
#2653 = ORIENTED_EDGE('',*,*,#2654,.T.);
#2654 = EDGE_CURVE('',#1558,#1558,#2655,.T.);
#2655 = SURFACE_CURVE('',#2656,(#2664,#2671),.PCURVE_S1.);
#2656 = ( BOUNDED_CURVE() B_SPLINE_CURVE(6,(#2657,#2658,#2659,#2660,
#2661,#2662,#2663),.UNSPECIFIED.,.T.,.F.) B_SPLINE_CURVE_WITH_KNOTS((1,6
    ,6,1),(-6.28318530718,0.,6.28318530718,12.566370614359),
.UNSPECIFIED.) CURVE() GEOMETRIC_REPRESENTATION_ITEM() 
RATIONAL_B_SPLINE_CURVE((1.669078461068,1.03672962321,1.038346699848,
    0.853534330196,1.038346699848,1.03672962321,1.669078461068)) 
REPRESENTATION_ITEM('') );
#2657 = CARTESIAN_POINT('',(47.,-0.169162293277,-24.00357858596));
#2658 = CARTESIAN_POINT('',(53.646172302284,-0.169162293277,
    -24.00357858596));
#2659 = CARTESIAN_POINT('',(54.600449532982,0.178389790283,
    -32.21441897083));
#2660 = CARTESIAN_POINT('',(47.,0.465046922844,-38.98662973279));
#2661 = CARTESIAN_POINT('',(39.399550467018,0.178389790285,
    -32.21441897083));
#2662 = CARTESIAN_POINT('',(40.353827697716,-0.169162293276,
    -24.00357858596));
#2663 = CARTESIAN_POINT('',(47.,-0.169162293277,-24.00357858596));
#2664 = PCURVE('',#1695,#2665);
#2665 = DEFINITIONAL_REPRESENTATION('',(#2666),#2670);
#2666 = LINE('',#2667,#2668);
#2667 = CARTESIAN_POINT('',(0.,0.));
#2668 = VECTOR('',#2669,1.);
#2669 = DIRECTION('',(1.,0.));
#2670 = ( GEOMETRIC_REPRESENTATION_CONTEXT(2) 
PARAMETRIC_REPRESENTATION_CONTEXT() REPRESENTATION_CONTEXT('2D SPACE',''
  ) );
#2671 = PCURVE('',#2672,#2677);
#2672 = PLANE('',#2673);
#2673 = AXIS2_PLACEMENT_3D('',#2674,#2675,#2676);
#2674 = CARTESIAN_POINT('',(47.,-2.67992377228E-05,-27.99936687399));
#2675 = DIRECTION('',(8.623710086017E-14,0.999105353508,
    4.229057331923E-02));
#2676 = DIRECTION('',(0.,-4.229057331923E-02,0.999105353508));
#2677 = DEFINITIONAL_REPRESENTATION('',(#2678),#2686);
#2678 = ( BOUNDED_CURVE() B_SPLINE_CURVE(6,(#2679,#2680,#2681,#2682,
#2683,#2684,#2685),.UNSPECIFIED.,.T.,.F.) B_SPLINE_CURVE_WITH_KNOTS((1,6
    ,6,1),(-6.28318530718,0.,6.28318530718,12.566370614359),
.UNSPECIFIED.) CURVE() GEOMETRIC_REPRESENTATION_ITEM() 
RATIONAL_B_SPLINE_CURVE((1.669078461068,1.03672962321,1.038346699848,
    0.853534330196,1.038346699848,1.03672962321,1.669078461068)) 
REPRESENTATION_ITEM('') );
#2679 = CARTESIAN_POINT('',(3.999366307061,1.42108547152E-14));
#2680 = CARTESIAN_POINT('',(3.999366307061,6.646172302284));
#2681 = CARTESIAN_POINT('',(-4.218826455132,7.600449532982));
#2682 = CARTESIAN_POINT('',(-10.99710137697,2.13162820728E-14));
#2683 = CARTESIAN_POINT('',(-4.218826455132,-7.600449532982));
#2684 = CARTESIAN_POINT('',(3.999366307061,-6.646172302284));
#2685 = CARTESIAN_POINT('',(3.999366307061,1.42108547152E-14));
#2686 = ( GEOMETRIC_REPRESENTATION_CONTEXT(2) 
PARAMETRIC_REPRESENTATION_CONTEXT() REPRESENTATION_CONTEXT('2D SPACE',''
  ) );
#2687 = ADVANCED_FACE('',(#2688),#2672,.F.);
#2688 = FACE_BOUND('',#2689,.F.);
#2689 = EDGE_LOOP('',(#2690));
#2690 = ORIENTED_EDGE('',*,*,#2654,.T.);
#2691 = ADVANCED_FACE('',(#2692),#2637,.T.);
#2692 = FACE_BOUND('',#2693,.T.);
#2693 = EDGE_LOOP('',(#2694));
#2694 = ORIENTED_EDGE('',*,*,#2619,.T.);
#2695 = ( GEOMETRIC_REPRESENTATION_CONTEXT(3) 
GLOBAL_UNCERTAINTY_ASSIGNED_CONTEXT((#2699)) 
GLOBAL_UNIT_ASSIGNED_CONTEXT((#2696,#2697,#2698)) REPRESENTATION_CONTEXT
('Context #1','3D Context with UNIT and UNCERTAINTY') );
#2696 = ( LENGTH_UNIT() NAMED_UNIT(*) SI_UNIT(.MILLI.,.METRE.) );
#2697 = ( NAMED_UNIT(*) PLANE_ANGLE_UNIT() SI_UNIT($,.RADIAN.) );
#2698 = ( NAMED_UNIT(*) SI_UNIT($,.STERADIAN.) SOLID_ANGLE_UNIT() );
#2699 = UNCERTAINTY_MEASURE_WITH_UNIT(LENGTH_MEASURE(5.E-06),#2696,
  'distance_accuracy_value','confusion accuracy');
#2700 = CONTEXT_DEPENDENT_SHAPE_REPRESENTATION(#2701,#2703);
#2701 = ( REPRESENTATION_RELATIONSHIP('','',#1550,#10) 
REPRESENTATION_RELATIONSHIP_WITH_TRANSFORMATION(#2702) 
SHAPE_REPRESENTATION_RELATIONSHIP() );
#2702 = ITEM_DEFINED_TRANSFORMATION('','',#11,#31);
#2703 = PRODUCT_DEFINITION_SHAPE('Placement','Placement of an item',
  #2704);
#2704 = NEXT_ASSEMBLY_USAGE_OCCURRENCE('5','=>[0:1:1:6]','',#5,#1545,$);
#2705 = PRODUCT_RELATED_PRODUCT_CATEGORY('part',$,(#1547));
#2706 = SHAPE_DEFINITION_REPRESENTATION(#2707,#2713);
#2707 = PRODUCT_DEFINITION_SHAPE('','',#2708);
#2708 = PRODUCT_DEFINITION('design','',#2709,#2712);
#2709 = PRODUCT_DEFINITION_FORMATION('','',#2710);
#2710 = PRODUCT('COMPOUND','COMPOUND','',(#2711));
#2711 = PRODUCT_CONTEXT('',#2,'mechanical');
#2712 = PRODUCT_DEFINITION_CONTEXT('part definition',#2,'design');
#2713 = ADVANCED_BREP_SHAPE_REPRESENTATION('',(#11,#2714),#3091);
#2714 = MANIFOLD_SOLID_BREP('',#2715);
#2715 = CLOSED_SHELL('',(#2716,#2753,#2808,#2863,#2918,#2953,#3008,#3063
    ));
#2716 = ADVANCED_FACE('',(#2717),#2730,.F.);
#2717 = FACE_BOUND('',#2718,.T.);
#2718 = EDGE_LOOP('',(#2719));
#2719 = ORIENTED_EDGE('',*,*,#2720,.F.);
#2720 = EDGE_CURVE('',#2721,#2721,#2723,.T.);
#2721 = VERTEX_POINT('',#2722);
#2722 = CARTESIAN_POINT('',(9.025,0.,0.));
#2723 = SURFACE_CURVE('',#2724,(#2729,#2741),.PCURVE_S1.);
#2724 = CIRCLE('',#2725,9.025);
#2725 = AXIS2_PLACEMENT_3D('',#2726,#2727,#2728);
#2726 = CARTESIAN_POINT('',(0.,0.,0.));
#2727 = DIRECTION('',(0.,0.,1.));
#2728 = DIRECTION('',(1.,0.,-0.));
#2729 = PCURVE('',#2730,#2735);
#2730 = PLANE('',#2731);
#2731 = AXIS2_PLACEMENT_3D('',#2732,#2733,#2734);
#2732 = CARTESIAN_POINT('',(0.,0.,0.));
#2733 = DIRECTION('',(0.,0.,1.));
#2734 = DIRECTION('',(1.,0.,-0.));
#2735 = DEFINITIONAL_REPRESENTATION('',(#2736),#2740);
#2736 = CIRCLE('',#2737,9.025);
#2737 = AXIS2_PLACEMENT_2D('',#2738,#2739);
#2738 = CARTESIAN_POINT('',(0.,0.));
#2739 = DIRECTION('',(1.,-0.));
#2740 = ( GEOMETRIC_REPRESENTATION_CONTEXT(2) 
PARAMETRIC_REPRESENTATION_CONTEXT() REPRESENTATION_CONTEXT('2D SPACE',''
  ) );
#2741 = PCURVE('',#2742,#2747);
#2742 = CONICAL_SURFACE('',#2743,9.025,0.785398163397);
#2743 = AXIS2_PLACEMENT_3D('',#2744,#2745,#2746);
#2744 = CARTESIAN_POINT('',(0.,0.,0.));
#2745 = DIRECTION('',(0.,0.,1.));
#2746 = DIRECTION('',(1.,0.,-0.));
#2747 = DEFINITIONAL_REPRESENTATION('',(#2748),#2752);
#2748 = LINE('',#2749,#2750);
#2749 = CARTESIAN_POINT('',(0.,0.));
#2750 = VECTOR('',#2751,1.);
#2751 = DIRECTION('',(1.,0.));
#2752 = ( GEOMETRIC_REPRESENTATION_CONTEXT(2) 
PARAMETRIC_REPRESENTATION_CONTEXT() REPRESENTATION_CONTEXT('2D SPACE',''
  ) );
#2753 = ADVANCED_FACE('',(#2754),#2742,.T.);
#2754 = FACE_BOUND('',#2755,.T.);
#2755 = EDGE_LOOP('',(#2756,#2757,#2780,#2807));
#2756 = ORIENTED_EDGE('',*,*,#2720,.T.);
#2757 = ORIENTED_EDGE('',*,*,#2758,.T.);
#2758 = EDGE_CURVE('',#2721,#2759,#2761,.T.);
#2759 = VERTEX_POINT('',#2760);
#2760 = CARTESIAN_POINT('',(9.525,0.,0.5));
#2761 = SEAM_CURVE('',#2762,(#2766,#2773),.PCURVE_S1.);
#2762 = LINE('',#2763,#2764);
#2763 = CARTESIAN_POINT('',(9.025,0.,0.));
#2764 = VECTOR('',#2765,1.);
#2765 = DIRECTION('',(0.707106781187,0.,0.707106781187));
#2766 = PCURVE('',#2742,#2767);
#2767 = DEFINITIONAL_REPRESENTATION('',(#2768),#2772);
#2768 = LINE('',#2769,#2770);
#2769 = CARTESIAN_POINT('',(0.,0.));
#2770 = VECTOR('',#2771,1.);
#2771 = DIRECTION('',(0.,1.));
#2772 = ( GEOMETRIC_REPRESENTATION_CONTEXT(2) 
PARAMETRIC_REPRESENTATION_CONTEXT() REPRESENTATION_CONTEXT('2D SPACE',''
  ) );
#2773 = PCURVE('',#2742,#2774);
#2774 = DEFINITIONAL_REPRESENTATION('',(#2775),#2779);
#2775 = LINE('',#2776,#2777);
#2776 = CARTESIAN_POINT('',(6.28318530718,0.));
#2777 = VECTOR('',#2778,1.);
#2778 = DIRECTION('',(0.,1.));
#2779 = ( GEOMETRIC_REPRESENTATION_CONTEXT(2) 
PARAMETRIC_REPRESENTATION_CONTEXT() REPRESENTATION_CONTEXT('2D SPACE',''
  ) );
#2780 = ORIENTED_EDGE('',*,*,#2781,.F.);
#2781 = EDGE_CURVE('',#2759,#2759,#2782,.T.);
#2782 = SURFACE_CURVE('',#2783,(#2788,#2795),.PCURVE_S1.);
#2783 = CIRCLE('',#2784,9.525);
#2784 = AXIS2_PLACEMENT_3D('',#2785,#2786,#2787);
#2785 = CARTESIAN_POINT('',(0.,0.,0.5));
#2786 = DIRECTION('',(0.,0.,1.));
#2787 = DIRECTION('',(1.,0.,-0.));
#2788 = PCURVE('',#2742,#2789);
#2789 = DEFINITIONAL_REPRESENTATION('',(#2790),#2794);
#2790 = LINE('',#2791,#2792);
#2791 = CARTESIAN_POINT('',(0.,0.5));
#2792 = VECTOR('',#2793,1.);
#2793 = DIRECTION('',(1.,0.));
#2794 = ( GEOMETRIC_REPRESENTATION_CONTEXT(2) 
PARAMETRIC_REPRESENTATION_CONTEXT() REPRESENTATION_CONTEXT('2D SPACE',''
  ) );
#2795 = PCURVE('',#2796,#2801);
#2796 = CYLINDRICAL_SURFACE('',#2797,9.525);
#2797 = AXIS2_PLACEMENT_3D('',#2798,#2799,#2800);
#2798 = CARTESIAN_POINT('',(0.,0.,0.5));
#2799 = DIRECTION('',(0.,0.,1.));
#2800 = DIRECTION('',(1.,0.,-0.));
#2801 = DEFINITIONAL_REPRESENTATION('',(#2802),#2806);
#2802 = LINE('',#2803,#2804);
#2803 = CARTESIAN_POINT('',(0.,0.));
#2804 = VECTOR('',#2805,1.);
#2805 = DIRECTION('',(1.,0.));
#2806 = ( GEOMETRIC_REPRESENTATION_CONTEXT(2) 
PARAMETRIC_REPRESENTATION_CONTEXT() REPRESENTATION_CONTEXT('2D SPACE',''
  ) );
#2807 = ORIENTED_EDGE('',*,*,#2758,.F.);
#2808 = ADVANCED_FACE('',(#2809),#2796,.T.);
#2809 = FACE_BOUND('',#2810,.T.);
#2810 = EDGE_LOOP('',(#2811,#2812,#2835,#2862));
#2811 = ORIENTED_EDGE('',*,*,#2781,.T.);
#2812 = ORIENTED_EDGE('',*,*,#2813,.T.);
#2813 = EDGE_CURVE('',#2759,#2814,#2816,.T.);
#2814 = VERTEX_POINT('',#2815);
#2815 = CARTESIAN_POINT('',(9.525,0.,63.));
#2816 = SEAM_CURVE('',#2817,(#2821,#2828),.PCURVE_S1.);
#2817 = LINE('',#2818,#2819);
#2818 = CARTESIAN_POINT('',(9.525,0.,0.5));
#2819 = VECTOR('',#2820,1.);
#2820 = DIRECTION('',(0.,0.,1.));
#2821 = PCURVE('',#2796,#2822);
#2822 = DEFINITIONAL_REPRESENTATION('',(#2823),#2827);
#2823 = LINE('',#2824,#2825);
#2824 = CARTESIAN_POINT('',(0.,0.));
#2825 = VECTOR('',#2826,1.);
#2826 = DIRECTION('',(0.,1.));
#2827 = ( GEOMETRIC_REPRESENTATION_CONTEXT(2) 
PARAMETRIC_REPRESENTATION_CONTEXT() REPRESENTATION_CONTEXT('2D SPACE',''
  ) );
#2828 = PCURVE('',#2796,#2829);
#2829 = DEFINITIONAL_REPRESENTATION('',(#2830),#2834);
#2830 = LINE('',#2831,#2832);
#2831 = CARTESIAN_POINT('',(6.28318530718,0.));
#2832 = VECTOR('',#2833,1.);
#2833 = DIRECTION('',(0.,1.));
#2834 = ( GEOMETRIC_REPRESENTATION_CONTEXT(2) 
PARAMETRIC_REPRESENTATION_CONTEXT() REPRESENTATION_CONTEXT('2D SPACE',''
  ) );
#2835 = ORIENTED_EDGE('',*,*,#2836,.F.);
#2836 = EDGE_CURVE('',#2814,#2814,#2837,.T.);
#2837 = SURFACE_CURVE('',#2838,(#2843,#2850),.PCURVE_S1.);
#2838 = CIRCLE('',#2839,9.525);
#2839 = AXIS2_PLACEMENT_3D('',#2840,#2841,#2842);
#2840 = CARTESIAN_POINT('',(0.,0.,63.));
#2841 = DIRECTION('',(0.,0.,1.));
#2842 = DIRECTION('',(1.,0.,-0.));
#2843 = PCURVE('',#2796,#2844);
#2844 = DEFINITIONAL_REPRESENTATION('',(#2845),#2849);
#2845 = LINE('',#2846,#2847);
#2846 = CARTESIAN_POINT('',(0.,62.5));
#2847 = VECTOR('',#2848,1.);
#2848 = DIRECTION('',(1.,0.));
#2849 = ( GEOMETRIC_REPRESENTATION_CONTEXT(2) 
PARAMETRIC_REPRESENTATION_CONTEXT() REPRESENTATION_CONTEXT('2D SPACE',''
  ) );
#2850 = PCURVE('',#2851,#2856);
#2851 = CONICAL_SURFACE('',#2852,9.525,0.785398163397);
#2852 = AXIS2_PLACEMENT_3D('',#2853,#2854,#2855);
#2853 = CARTESIAN_POINT('',(0.,0.,63.));
#2854 = DIRECTION('',(-0.,-0.,-1.));
#2855 = DIRECTION('',(1.,0.,-0.));
#2856 = DEFINITIONAL_REPRESENTATION('',(#2857),#2861);
#2857 = LINE('',#2858,#2859);
#2858 = CARTESIAN_POINT('',(-0.,-0.));
#2859 = VECTOR('',#2860,1.);
#2860 = DIRECTION('',(-1.,-0.));
#2861 = ( GEOMETRIC_REPRESENTATION_CONTEXT(2) 
PARAMETRIC_REPRESENTATION_CONTEXT() REPRESENTATION_CONTEXT('2D SPACE',''
  ) );
#2862 = ORIENTED_EDGE('',*,*,#2813,.F.);
#2863 = ADVANCED_FACE('',(#2864),#2851,.T.);
#2864 = FACE_BOUND('',#2865,.T.);
#2865 = EDGE_LOOP('',(#2866,#2867,#2890,#2917));
#2866 = ORIENTED_EDGE('',*,*,#2836,.T.);
#2867 = ORIENTED_EDGE('',*,*,#2868,.T.);
#2868 = EDGE_CURVE('',#2814,#2869,#2871,.T.);
#2869 = VERTEX_POINT('',#2870);
#2870 = CARTESIAN_POINT('',(9.025,0.,63.5));
#2871 = SEAM_CURVE('',#2872,(#2876,#2883),.PCURVE_S1.);
#2872 = LINE('',#2873,#2874);
#2873 = CARTESIAN_POINT('',(9.525,0.,63.));
#2874 = VECTOR('',#2875,1.);
#2875 = DIRECTION('',(-0.707106781187,0.,0.707106781187));
#2876 = PCURVE('',#2851,#2877);
#2877 = DEFINITIONAL_REPRESENTATION('',(#2878),#2882);
#2878 = LINE('',#2879,#2880);
#2879 = CARTESIAN_POINT('',(-0.,-0.));
#2880 = VECTOR('',#2881,1.);
#2881 = DIRECTION('',(-0.,-1.));
#2882 = ( GEOMETRIC_REPRESENTATION_CONTEXT(2) 
PARAMETRIC_REPRESENTATION_CONTEXT() REPRESENTATION_CONTEXT('2D SPACE',''
  ) );
#2883 = PCURVE('',#2851,#2884);
#2884 = DEFINITIONAL_REPRESENTATION('',(#2885),#2889);
#2885 = LINE('',#2886,#2887);
#2886 = CARTESIAN_POINT('',(-6.28318530718,-0.));
#2887 = VECTOR('',#2888,1.);
#2888 = DIRECTION('',(-0.,-1.));
#2889 = ( GEOMETRIC_REPRESENTATION_CONTEXT(2) 
PARAMETRIC_REPRESENTATION_CONTEXT() REPRESENTATION_CONTEXT('2D SPACE',''
  ) );
#2890 = ORIENTED_EDGE('',*,*,#2891,.F.);
#2891 = EDGE_CURVE('',#2869,#2869,#2892,.T.);
#2892 = SURFACE_CURVE('',#2893,(#2898,#2905),.PCURVE_S1.);
#2893 = CIRCLE('',#2894,9.025);
#2894 = AXIS2_PLACEMENT_3D('',#2895,#2896,#2897);
#2895 = CARTESIAN_POINT('',(0.,0.,63.5));
#2896 = DIRECTION('',(0.,0.,1.));
#2897 = DIRECTION('',(1.,0.,-0.));
#2898 = PCURVE('',#2851,#2899);
#2899 = DEFINITIONAL_REPRESENTATION('',(#2900),#2904);
#2900 = LINE('',#2901,#2902);
#2901 = CARTESIAN_POINT('',(-0.,-0.5));
#2902 = VECTOR('',#2903,1.);
#2903 = DIRECTION('',(-1.,-0.));
#2904 = ( GEOMETRIC_REPRESENTATION_CONTEXT(2) 
PARAMETRIC_REPRESENTATION_CONTEXT() REPRESENTATION_CONTEXT('2D SPACE',''
  ) );
#2905 = PCURVE('',#2906,#2911);
#2906 = PLANE('',#2907);
#2907 = AXIS2_PLACEMENT_3D('',#2908,#2909,#2910);
#2908 = CARTESIAN_POINT('',(0.,0.,63.5));
#2909 = DIRECTION('',(0.,0.,1.));
#2910 = DIRECTION('',(1.,0.,-0.));
#2911 = DEFINITIONAL_REPRESENTATION('',(#2912),#2916);
#2912 = CIRCLE('',#2913,9.025);
#2913 = AXIS2_PLACEMENT_2D('',#2914,#2915);
#2914 = CARTESIAN_POINT('',(0.,0.));
#2915 = DIRECTION('',(1.,0.));
#2916 = ( GEOMETRIC_REPRESENTATION_CONTEXT(2) 
PARAMETRIC_REPRESENTATION_CONTEXT() REPRESENTATION_CONTEXT('2D SPACE',''
  ) );
#2917 = ORIENTED_EDGE('',*,*,#2868,.F.);
#2918 = ADVANCED_FACE('',(#2919,#2922),#2906,.T.);
#2919 = FACE_BOUND('',#2920,.T.);
#2920 = EDGE_LOOP('',(#2921));
#2921 = ORIENTED_EDGE('',*,*,#2891,.T.);
#2922 = FACE_BOUND('',#2923,.T.);
#2923 = EDGE_LOOP('',(#2924));
#2924 = ORIENTED_EDGE('',*,*,#2925,.F.);
#2925 = EDGE_CURVE('',#2926,#2926,#2928,.T.);
#2926 = VERTEX_POINT('',#2927);
#2927 = CARTESIAN_POINT('',(6.731,0.,63.5));
#2928 = SURFACE_CURVE('',#2929,(#2934,#2941),.PCURVE_S1.);
#2929 = CIRCLE('',#2930,6.731);
#2930 = AXIS2_PLACEMENT_3D('',#2931,#2932,#2933);
#2931 = CARTESIAN_POINT('',(0.,0.,63.5));
#2932 = DIRECTION('',(0.,0.,1.));
#2933 = DIRECTION('',(1.,0.,-0.));
#2934 = PCURVE('',#2906,#2935);
#2935 = DEFINITIONAL_REPRESENTATION('',(#2936),#2940);
#2936 = CIRCLE('',#2937,6.731);
#2937 = AXIS2_PLACEMENT_2D('',#2938,#2939);
#2938 = CARTESIAN_POINT('',(0.,0.));
#2939 = DIRECTION('',(1.,0.));
#2940 = ( GEOMETRIC_REPRESENTATION_CONTEXT(2) 
PARAMETRIC_REPRESENTATION_CONTEXT() REPRESENTATION_CONTEXT('2D SPACE',''
  ) );
#2941 = PCURVE('',#2942,#2947);
#2942 = CONICAL_SURFACE('',#2943,6.731,0.785398163397);
#2943 = AXIS2_PLACEMENT_3D('',#2944,#2945,#2946);
#2944 = CARTESIAN_POINT('',(0.,0.,63.5));
#2945 = DIRECTION('',(0.,0.,1.));
#2946 = DIRECTION('',(1.,0.,0.));
#2947 = DEFINITIONAL_REPRESENTATION('',(#2948),#2952);
#2948 = LINE('',#2949,#2950);
#2949 = CARTESIAN_POINT('',(0.,-0.));
#2950 = VECTOR('',#2951,1.);
#2951 = DIRECTION('',(1.,-0.));
#2952 = ( GEOMETRIC_REPRESENTATION_CONTEXT(2) 
PARAMETRIC_REPRESENTATION_CONTEXT() REPRESENTATION_CONTEXT('2D SPACE',''
  ) );
#2953 = ADVANCED_FACE('',(#2954),#2942,.F.);
#2954 = FACE_BOUND('',#2955,.T.);
#2955 = EDGE_LOOP('',(#2956,#2957,#2980,#3007));
#2956 = ORIENTED_EDGE('',*,*,#2925,.T.);
#2957 = ORIENTED_EDGE('',*,*,#2958,.T.);
#2958 = EDGE_CURVE('',#2926,#2959,#2961,.T.);
#2959 = VERTEX_POINT('',#2960);
#2960 = CARTESIAN_POINT('',(6.35,0.,63.119));
#2961 = SEAM_CURVE('',#2962,(#2966,#2973),.PCURVE_S1.);
#2962 = LINE('',#2963,#2964);
#2963 = CARTESIAN_POINT('',(6.731,0.,63.5));
#2964 = VECTOR('',#2965,1.);
#2965 = DIRECTION('',(-0.707106781187,-0.,-0.707106781187));
#2966 = PCURVE('',#2942,#2967);
#2967 = DEFINITIONAL_REPRESENTATION('',(#2968),#2972);
#2968 = LINE('',#2969,#2970);
#2969 = CARTESIAN_POINT('',(0.,-0.));
#2970 = VECTOR('',#2971,1.);
#2971 = DIRECTION('',(0.,-1.));
#2972 = ( GEOMETRIC_REPRESENTATION_CONTEXT(2) 
PARAMETRIC_REPRESENTATION_CONTEXT() REPRESENTATION_CONTEXT('2D SPACE',''
  ) );
#2973 = PCURVE('',#2942,#2974);
#2974 = DEFINITIONAL_REPRESENTATION('',(#2975),#2979);
#2975 = LINE('',#2976,#2977);
#2976 = CARTESIAN_POINT('',(6.28318530718,-0.));
#2977 = VECTOR('',#2978,1.);
#2978 = DIRECTION('',(0.,-1.));
#2979 = ( GEOMETRIC_REPRESENTATION_CONTEXT(2) 
PARAMETRIC_REPRESENTATION_CONTEXT() REPRESENTATION_CONTEXT('2D SPACE',''
  ) );
#2980 = ORIENTED_EDGE('',*,*,#2981,.F.);
#2981 = EDGE_CURVE('',#2959,#2959,#2982,.T.);
#2982 = SURFACE_CURVE('',#2983,(#2988,#2995),.PCURVE_S1.);
#2983 = CIRCLE('',#2984,6.35);
#2984 = AXIS2_PLACEMENT_3D('',#2985,#2986,#2987);
#2985 = CARTESIAN_POINT('',(0.,0.,63.119));
#2986 = DIRECTION('',(0.,0.,1.));
#2987 = DIRECTION('',(1.,0.,-0.));
#2988 = PCURVE('',#2942,#2989);
#2989 = DEFINITIONAL_REPRESENTATION('',(#2990),#2994);
#2990 = LINE('',#2991,#2992);
#2991 = CARTESIAN_POINT('',(0.,-0.381));
#2992 = VECTOR('',#2993,1.);
#2993 = DIRECTION('',(1.,-0.));
#2994 = ( GEOMETRIC_REPRESENTATION_CONTEXT(2) 
PARAMETRIC_REPRESENTATION_CONTEXT() REPRESENTATION_CONTEXT('2D SPACE',''
  ) );
#2995 = PCURVE('',#2996,#3001);
#2996 = CYLINDRICAL_SURFACE('',#2997,6.35);
#2997 = AXIS2_PLACEMENT_3D('',#2998,#2999,#3000);
#2998 = CARTESIAN_POINT('',(0.,0.,63.119));
#2999 = DIRECTION('',(-0.,-0.,-1.));
#3000 = DIRECTION('',(1.,0.,0.));
#3001 = DEFINITIONAL_REPRESENTATION('',(#3002),#3006);
#3002 = LINE('',#3003,#3004);
#3003 = CARTESIAN_POINT('',(-0.,0.));
#3004 = VECTOR('',#3005,1.);
#3005 = DIRECTION('',(-1.,0.));
#3006 = ( GEOMETRIC_REPRESENTATION_CONTEXT(2) 
PARAMETRIC_REPRESENTATION_CONTEXT() REPRESENTATION_CONTEXT('2D SPACE',''
  ) );
#3007 = ORIENTED_EDGE('',*,*,#2958,.F.);
#3008 = ADVANCED_FACE('',(#3009),#2996,.F.);
#3009 = FACE_BOUND('',#3010,.T.);
#3010 = EDGE_LOOP('',(#3011,#3012,#3035,#3062));
#3011 = ORIENTED_EDGE('',*,*,#2981,.T.);
#3012 = ORIENTED_EDGE('',*,*,#3013,.T.);
#3013 = EDGE_CURVE('',#2959,#3014,#3016,.T.);
#3014 = VERTEX_POINT('',#3015);
#3015 = CARTESIAN_POINT('',(6.35,0.,15.875));
#3016 = SEAM_CURVE('',#3017,(#3021,#3028),.PCURVE_S1.);
#3017 = LINE('',#3018,#3019);
#3018 = CARTESIAN_POINT('',(6.35,0.,63.119));
#3019 = VECTOR('',#3020,1.);
#3020 = DIRECTION('',(0.,0.,-1.));
#3021 = PCURVE('',#2996,#3022);
#3022 = DEFINITIONAL_REPRESENTATION('',(#3023),#3027);
#3023 = LINE('',#3024,#3025);
#3024 = CARTESIAN_POINT('',(-0.,0.));
#3025 = VECTOR('',#3026,1.);
#3026 = DIRECTION('',(-0.,1.));
#3027 = ( GEOMETRIC_REPRESENTATION_CONTEXT(2) 
PARAMETRIC_REPRESENTATION_CONTEXT() REPRESENTATION_CONTEXT('2D SPACE',''
  ) );
#3028 = PCURVE('',#2996,#3029);
#3029 = DEFINITIONAL_REPRESENTATION('',(#3030),#3034);
#3030 = LINE('',#3031,#3032);
#3031 = CARTESIAN_POINT('',(-6.28318530718,0.));
#3032 = VECTOR('',#3033,1.);
#3033 = DIRECTION('',(-0.,1.));
#3034 = ( GEOMETRIC_REPRESENTATION_CONTEXT(2) 
PARAMETRIC_REPRESENTATION_CONTEXT() REPRESENTATION_CONTEXT('2D SPACE',''
  ) );
#3035 = ORIENTED_EDGE('',*,*,#3036,.F.);
#3036 = EDGE_CURVE('',#3014,#3014,#3037,.T.);
#3037 = SURFACE_CURVE('',#3038,(#3043,#3050),.PCURVE_S1.);
#3038 = CIRCLE('',#3039,6.35);
#3039 = AXIS2_PLACEMENT_3D('',#3040,#3041,#3042);
#3040 = CARTESIAN_POINT('',(0.,0.,15.875));
#3041 = DIRECTION('',(0.,0.,1.));
#3042 = DIRECTION('',(1.,0.,-0.));
#3043 = PCURVE('',#2996,#3044);
#3044 = DEFINITIONAL_REPRESENTATION('',(#3045),#3049);
#3045 = LINE('',#3046,#3047);
#3046 = CARTESIAN_POINT('',(-0.,47.244));
#3047 = VECTOR('',#3048,1.);
#3048 = DIRECTION('',(-1.,0.));
#3049 = ( GEOMETRIC_REPRESENTATION_CONTEXT(2) 
PARAMETRIC_REPRESENTATION_CONTEXT() REPRESENTATION_CONTEXT('2D SPACE',''
  ) );
#3050 = PCURVE('',#3051,#3056);
#3051 = CONICAL_SURFACE('',#3052,6.35,1.029744258677);
#3052 = AXIS2_PLACEMENT_3D('',#3053,#3054,#3055);
#3053 = CARTESIAN_POINT('',(0.,0.,15.875));
#3054 = DIRECTION('',(0.,0.,1.));
#3055 = DIRECTION('',(1.,0.,0.));
#3056 = DEFINITIONAL_REPRESENTATION('',(#3057),#3061);
#3057 = LINE('',#3058,#3059);
#3058 = CARTESIAN_POINT('',(0.,-0.));
#3059 = VECTOR('',#3060,1.);
#3060 = DIRECTION('',(1.,-0.));
#3061 = ( GEOMETRIC_REPRESENTATION_CONTEXT(2) 
PARAMETRIC_REPRESENTATION_CONTEXT() REPRESENTATION_CONTEXT('2D SPACE',''
  ) );
#3062 = ORIENTED_EDGE('',*,*,#3013,.F.);
#3063 = ADVANCED_FACE('',(#3064),#3051,.F.);
#3064 = FACE_BOUND('',#3065,.T.);
#3065 = EDGE_LOOP('',(#3066,#3067,#3090));
#3066 = ORIENTED_EDGE('',*,*,#3036,.T.);
#3067 = ORIENTED_EDGE('',*,*,#3068,.T.);
#3068 = EDGE_CURVE('',#3014,#3069,#3071,.T.);
#3069 = VERTEX_POINT('',#3070);
#3070 = CARTESIAN_POINT('',(0.,0.,12.059535069175));
#3071 = SEAM_CURVE('',#3072,(#3076,#3083),.PCURVE_S1.);
#3072 = LINE('',#3073,#3074);
#3073 = CARTESIAN_POINT('',(6.35,0.,15.875));
#3074 = VECTOR('',#3075,1.);
#3075 = DIRECTION('',(-0.857167300702,-0.,-0.51503807491));
#3076 = PCURVE('',#3051,#3077);
#3077 = DEFINITIONAL_REPRESENTATION('',(#3078),#3082);
#3078 = LINE('',#3079,#3080);
#3079 = CARTESIAN_POINT('',(0.,-0.));
#3080 = VECTOR('',#3081,1.);
#3081 = DIRECTION('',(0.,-1.));
#3082 = ( GEOMETRIC_REPRESENTATION_CONTEXT(2) 
PARAMETRIC_REPRESENTATION_CONTEXT() REPRESENTATION_CONTEXT('2D SPACE',''
  ) );
#3083 = PCURVE('',#3051,#3084);
#3084 = DEFINITIONAL_REPRESENTATION('',(#3085),#3089);
#3085 = LINE('',#3086,#3087);
#3086 = CARTESIAN_POINT('',(6.28318530718,-0.));
#3087 = VECTOR('',#3088,1.);
#3088 = DIRECTION('',(0.,-1.));
#3089 = ( GEOMETRIC_REPRESENTATION_CONTEXT(2) 
PARAMETRIC_REPRESENTATION_CONTEXT() REPRESENTATION_CONTEXT('2D SPACE',''
  ) );
#3090 = ORIENTED_EDGE('',*,*,#3068,.F.);
#3091 = ( GEOMETRIC_REPRESENTATION_CONTEXT(3) 
GLOBAL_UNCERTAINTY_ASSIGNED_CONTEXT((#3095)) 
GLOBAL_UNIT_ASSIGNED_CONTEXT((#3092,#3093,#3094)) REPRESENTATION_CONTEXT
('Context #1','3D Context with UNIT and UNCERTAINTY') );
#3092 = ( LENGTH_UNIT() NAMED_UNIT(*) SI_UNIT(.MILLI.,.METRE.) );
#3093 = ( NAMED_UNIT(*) PLANE_ANGLE_UNIT() SI_UNIT($,.RADIAN.) );
#3094 = ( NAMED_UNIT(*) SI_UNIT($,.STERADIAN.) SOLID_ANGLE_UNIT() );
#3095 = UNCERTAINTY_MEASURE_WITH_UNIT(LENGTH_MEASURE(1.E-07),#3092,
  'distance_accuracy_value','confusion accuracy');
#3096 = CONTEXT_DEPENDENT_SHAPE_REPRESENTATION(#3097,#3099);
#3097 = ( REPRESENTATION_RELATIONSHIP('','',#2713,#10) 
REPRESENTATION_RELATIONSHIP_WITH_TRANSFORMATION(#3098) 
SHAPE_REPRESENTATION_RELATIONSHIP() );
#3098 = ITEM_DEFINED_TRANSFORMATION('','',#11,#35);
#3099 = PRODUCT_DEFINITION_SHAPE('Placement','Placement of an item',
  #3100);
#3100 = NEXT_ASSEMBLY_USAGE_OCCURRENCE('6','=>[0:1:1:7]','',#5,#2708,$);
#3101 = PRODUCT_RELATED_PRODUCT_CATEGORY('part',$,(#2710));
#3102 = SHAPE_DEFINITION_REPRESENTATION(#3103,#3109);
#3103 = PRODUCT_DEFINITION_SHAPE('','',#3104);
#3104 = PRODUCT_DEFINITION('design','',#3105,#3108);
#3105 = PRODUCT_DEFINITION_FORMATION('','',#3106);
#3106 = PRODUCT('COMPOUND','COMPOUND','',(#3107));
#3107 = PRODUCT_CONTEXT('',#2,'mechanical');
#3108 = PRODUCT_DEFINITION_CONTEXT('part definition',#2,'design');
#3109 = ADVANCED_BREP_SHAPE_REPRESENTATION('',(#11,#3110),#3402);
#3110 = MANIFOLD_SOLID_BREP('',#3111);
#3111 = CLOSED_SHELL('',(#3112,#3200,#3235,#3290,#3345,#3395));
#3112 = ADVANCED_FACE('',(#3113),#3126,.F.);
#3113 = FACE_BOUND('',#3114,.T.);
#3114 = EDGE_LOOP('',(#3115,#3149,#3172,#3199));
#3115 = ORIENTED_EDGE('',*,*,#3116,.T.);
#3116 = EDGE_CURVE('',#3117,#3117,#3119,.T.);
#3117 = VERTEX_POINT('',#3118);
#3118 = CARTESIAN_POINT('',(0.79375,0.,9.525));
#3119 = SURFACE_CURVE('',#3120,(#3125,#3137),.PCURVE_S1.);
#3120 = CIRCLE('',#3121,0.79375);
#3121 = AXIS2_PLACEMENT_3D('',#3122,#3123,#3124);
#3122 = CARTESIAN_POINT('',(0.,0.,9.525));
#3123 = DIRECTION('',(0.,0.,1.));
#3124 = DIRECTION('',(1.,0.,-0.));
#3125 = PCURVE('',#3126,#3131);
#3126 = CYLINDRICAL_SURFACE('',#3127,0.79375);
#3127 = AXIS2_PLACEMENT_3D('',#3128,#3129,#3130);
#3128 = CARTESIAN_POINT('',(0.,0.,9.525));
#3129 = DIRECTION('',(-0.,-0.,-1.));
#3130 = DIRECTION('',(1.,0.,0.));
#3131 = DEFINITIONAL_REPRESENTATION('',(#3132),#3136);
#3132 = LINE('',#3133,#3134);
#3133 = CARTESIAN_POINT('',(-0.,0.));
#3134 = VECTOR('',#3135,1.);
#3135 = DIRECTION('',(-1.,0.));
#3136 = ( GEOMETRIC_REPRESENTATION_CONTEXT(2) 
PARAMETRIC_REPRESENTATION_CONTEXT() REPRESENTATION_CONTEXT('2D SPACE',''
  ) );
#3137 = PCURVE('',#3138,#3143);
#3138 = PLANE('',#3139);
#3139 = AXIS2_PLACEMENT_3D('',#3140,#3141,#3142);
#3140 = CARTESIAN_POINT('',(0.,0.,9.525));
#3141 = DIRECTION('',(0.,0.,1.));
#3142 = DIRECTION('',(1.,0.,-0.));
#3143 = DEFINITIONAL_REPRESENTATION('',(#3144),#3148);
#3144 = CIRCLE('',#3145,0.79375);
#3145 = AXIS2_PLACEMENT_2D('',#3146,#3147);
#3146 = CARTESIAN_POINT('',(0.,0.));
#3147 = DIRECTION('',(1.,0.));
#3148 = ( GEOMETRIC_REPRESENTATION_CONTEXT(2) 
PARAMETRIC_REPRESENTATION_CONTEXT() REPRESENTATION_CONTEXT('2D SPACE',''
  ) );
#3149 = ORIENTED_EDGE('',*,*,#3150,.T.);
#3150 = EDGE_CURVE('',#3117,#3151,#3153,.T.);
#3151 = VERTEX_POINT('',#3152);
#3152 = CARTESIAN_POINT('',(0.79375,0.,0.));
#3153 = SEAM_CURVE('',#3154,(#3158,#3165),.PCURVE_S1.);
#3154 = LINE('',#3155,#3156);
#3155 = CARTESIAN_POINT('',(0.79375,0.,9.525));
#3156 = VECTOR('',#3157,1.);
#3157 = DIRECTION('',(-2.331176954594E-17,-0.,-1.));
#3158 = PCURVE('',#3126,#3159);
#3159 = DEFINITIONAL_REPRESENTATION('',(#3160),#3164);
#3160 = LINE('',#3161,#3162);
#3161 = CARTESIAN_POINT('',(-0.,0.));
#3162 = VECTOR('',#3163,1.);
#3163 = DIRECTION('',(-0.,1.));
#3164 = ( GEOMETRIC_REPRESENTATION_CONTEXT(2) 
PARAMETRIC_REPRESENTATION_CONTEXT() REPRESENTATION_CONTEXT('2D SPACE',''
  ) );
#3165 = PCURVE('',#3126,#3166);
#3166 = DEFINITIONAL_REPRESENTATION('',(#3167),#3171);
#3167 = LINE('',#3168,#3169);
#3168 = CARTESIAN_POINT('',(-6.28318530718,0.));
#3169 = VECTOR('',#3170,1.);
#3170 = DIRECTION('',(-0.,1.));
#3171 = ( GEOMETRIC_REPRESENTATION_CONTEXT(2) 
PARAMETRIC_REPRESENTATION_CONTEXT() REPRESENTATION_CONTEXT('2D SPACE',''
  ) );
#3172 = ORIENTED_EDGE('',*,*,#3173,.F.);
#3173 = EDGE_CURVE('',#3151,#3151,#3174,.T.);
#3174 = SURFACE_CURVE('',#3175,(#3180,#3187),.PCURVE_S1.);
#3175 = CIRCLE('',#3176,0.79375);
#3176 = AXIS2_PLACEMENT_3D('',#3177,#3178,#3179);
#3177 = CARTESIAN_POINT('',(0.,0.,0.));
#3178 = DIRECTION('',(0.,0.,1.));
#3179 = DIRECTION('',(1.,0.,-0.));
#3180 = PCURVE('',#3126,#3181);
#3181 = DEFINITIONAL_REPRESENTATION('',(#3182),#3186);
#3182 = LINE('',#3183,#3184);
#3183 = CARTESIAN_POINT('',(-0.,9.525));
#3184 = VECTOR('',#3185,1.);
#3185 = DIRECTION('',(-1.,0.));
#3186 = ( GEOMETRIC_REPRESENTATION_CONTEXT(2) 
PARAMETRIC_REPRESENTATION_CONTEXT() REPRESENTATION_CONTEXT('2D SPACE',''
  ) );
#3187 = PCURVE('',#3188,#3193);
#3188 = PLANE('',#3189);
#3189 = AXIS2_PLACEMENT_3D('',#3190,#3191,#3192);
#3190 = CARTESIAN_POINT('',(0.,0.,0.));
#3191 = DIRECTION('',(0.,0.,1.));
#3192 = DIRECTION('',(1.,0.,-0.));
#3193 = DEFINITIONAL_REPRESENTATION('',(#3194),#3198);
#3194 = CIRCLE('',#3195,0.79375);
#3195 = AXIS2_PLACEMENT_2D('',#3196,#3197);
#3196 = CARTESIAN_POINT('',(0.,0.));
#3197 = DIRECTION('',(1.,-0.));
#3198 = ( GEOMETRIC_REPRESENTATION_CONTEXT(2) 
PARAMETRIC_REPRESENTATION_CONTEXT() REPRESENTATION_CONTEXT('2D SPACE',''
  ) );
#3199 = ORIENTED_EDGE('',*,*,#3150,.F.);
#3200 = ADVANCED_FACE('',(#3201,#3204),#3188,.F.);
#3201 = FACE_BOUND('',#3202,.T.);
#3202 = EDGE_LOOP('',(#3203));
#3203 = ORIENTED_EDGE('',*,*,#3173,.T.);
#3204 = FACE_BOUND('',#3205,.T.);
#3205 = EDGE_LOOP('',(#3206));
#3206 = ORIENTED_EDGE('',*,*,#3207,.F.);
#3207 = EDGE_CURVE('',#3208,#3208,#3210,.T.);
#3208 = VERTEX_POINT('',#3209);
#3209 = CARTESIAN_POINT('',(5.941645430735,0.,0.));
#3210 = SURFACE_CURVE('',#3211,(#3216,#3223),.PCURVE_S1.);
#3211 = CIRCLE('',#3212,5.941645430735);
#3212 = AXIS2_PLACEMENT_3D('',#3213,#3214,#3215);
#3213 = CARTESIAN_POINT('',(0.,0.,0.));
#3214 = DIRECTION('',(0.,0.,1.));
#3215 = DIRECTION('',(1.,0.,-0.));
#3216 = PCURVE('',#3188,#3217);
#3217 = DEFINITIONAL_REPRESENTATION('',(#3218),#3222);
#3218 = CIRCLE('',#3219,5.941645430735);
#3219 = AXIS2_PLACEMENT_2D('',#3220,#3221);
#3220 = CARTESIAN_POINT('',(0.,0.));
#3221 = DIRECTION('',(1.,-0.));
#3222 = ( GEOMETRIC_REPRESENTATION_CONTEXT(2) 
PARAMETRIC_REPRESENTATION_CONTEXT() REPRESENTATION_CONTEXT('2D SPACE',''
  ) );
#3223 = PCURVE('',#3224,#3229);
#3224 = CONICAL_SURFACE('',#3225,5.941645430735,0.261799387799);
#3225 = AXIS2_PLACEMENT_3D('',#3226,#3227,#3228);
#3226 = CARTESIAN_POINT('',(0.,0.,0.));
#3227 = DIRECTION('',(0.,0.,1.));
#3228 = DIRECTION('',(1.,0.,-0.));
#3229 = DEFINITIONAL_REPRESENTATION('',(#3230),#3234);
#3230 = LINE('',#3231,#3232);
#3231 = CARTESIAN_POINT('',(0.,0.));
#3232 = VECTOR('',#3233,1.);
#3233 = DIRECTION('',(1.,0.));
#3234 = ( GEOMETRIC_REPRESENTATION_CONTEXT(2) 
PARAMETRIC_REPRESENTATION_CONTEXT() REPRESENTATION_CONTEXT('2D SPACE',''
  ) );
#3235 = ADVANCED_FACE('',(#3236),#3224,.T.);
#3236 = FACE_BOUND('',#3237,.T.);
#3237 = EDGE_LOOP('',(#3238,#3239,#3262,#3289));
#3238 = ORIENTED_EDGE('',*,*,#3207,.T.);
#3239 = ORIENTED_EDGE('',*,*,#3240,.T.);
#3240 = EDGE_CURVE('',#3208,#3241,#3243,.T.);
#3241 = VERTEX_POINT('',#3242);
#3242 = CARTESIAN_POINT('',(6.35,0.,1.524));
#3243 = SEAM_CURVE('',#3244,(#3248,#3255),.PCURVE_S1.);
#3244 = LINE('',#3245,#3246);
#3245 = CARTESIAN_POINT('',(5.941645430735,0.,0.));
#3246 = VECTOR('',#3247,1.);
#3247 = DIRECTION('',(0.258819045103,0.,0.965925826289));
#3248 = PCURVE('',#3224,#3249);
#3249 = DEFINITIONAL_REPRESENTATION('',(#3250),#3254);
#3250 = LINE('',#3251,#3252);
#3251 = CARTESIAN_POINT('',(0.,0.));
#3252 = VECTOR('',#3253,1.);
#3253 = DIRECTION('',(0.,1.));
#3254 = ( GEOMETRIC_REPRESENTATION_CONTEXT(2) 
PARAMETRIC_REPRESENTATION_CONTEXT() REPRESENTATION_CONTEXT('2D SPACE',''
  ) );
#3255 = PCURVE('',#3224,#3256);
#3256 = DEFINITIONAL_REPRESENTATION('',(#3257),#3261);
#3257 = LINE('',#3258,#3259);
#3258 = CARTESIAN_POINT('',(6.28318530718,0.));
#3259 = VECTOR('',#3260,1.);
#3260 = DIRECTION('',(0.,1.));
#3261 = ( GEOMETRIC_REPRESENTATION_CONTEXT(2) 
PARAMETRIC_REPRESENTATION_CONTEXT() REPRESENTATION_CONTEXT('2D SPACE',''
  ) );
#3262 = ORIENTED_EDGE('',*,*,#3263,.F.);
#3263 = EDGE_CURVE('',#3241,#3241,#3264,.T.);
#3264 = SURFACE_CURVE('',#3265,(#3270,#3277),.PCURVE_S1.);
#3265 = CIRCLE('',#3266,6.35);
#3266 = AXIS2_PLACEMENT_3D('',#3267,#3268,#3269);
#3267 = CARTESIAN_POINT('',(0.,0.,1.524));
#3268 = DIRECTION('',(0.,0.,1.));
#3269 = DIRECTION('',(1.,0.,-0.));
#3270 = PCURVE('',#3224,#3271);
#3271 = DEFINITIONAL_REPRESENTATION('',(#3272),#3276);
#3272 = LINE('',#3273,#3274);
#3273 = CARTESIAN_POINT('',(0.,1.524));
#3274 = VECTOR('',#3275,1.);
#3275 = DIRECTION('',(1.,0.));
#3276 = ( GEOMETRIC_REPRESENTATION_CONTEXT(2) 
PARAMETRIC_REPRESENTATION_CONTEXT() REPRESENTATION_CONTEXT('2D SPACE',''
  ) );
#3277 = PCURVE('',#3278,#3283);
#3278 = CYLINDRICAL_SURFACE('',#3279,6.35);
#3279 = AXIS2_PLACEMENT_3D('',#3280,#3281,#3282);
#3280 = CARTESIAN_POINT('',(0.,0.,1.524));
#3281 = DIRECTION('',(0.,0.,1.));
#3282 = DIRECTION('',(1.,0.,-0.));
#3283 = DEFINITIONAL_REPRESENTATION('',(#3284),#3288);
#3284 = LINE('',#3285,#3286);
#3285 = CARTESIAN_POINT('',(0.,0.));
#3286 = VECTOR('',#3287,1.);
#3287 = DIRECTION('',(1.,0.));
#3288 = ( GEOMETRIC_REPRESENTATION_CONTEXT(2) 
PARAMETRIC_REPRESENTATION_CONTEXT() REPRESENTATION_CONTEXT('2D SPACE',''
  ) );
#3289 = ORIENTED_EDGE('',*,*,#3240,.F.);
#3290 = ADVANCED_FACE('',(#3291),#3278,.T.);
#3291 = FACE_BOUND('',#3292,.T.);
#3292 = EDGE_LOOP('',(#3293,#3294,#3317,#3344));
#3293 = ORIENTED_EDGE('',*,*,#3263,.T.);
#3294 = ORIENTED_EDGE('',*,*,#3295,.T.);
#3295 = EDGE_CURVE('',#3241,#3296,#3298,.T.);
#3296 = VERTEX_POINT('',#3297);
#3297 = CARTESIAN_POINT('',(6.35,0.,9.144));
#3298 = SEAM_CURVE('',#3299,(#3303,#3310),.PCURVE_S1.);
#3299 = LINE('',#3300,#3301);
#3300 = CARTESIAN_POINT('',(6.35,0.,1.524));
#3301 = VECTOR('',#3302,1.);
#3302 = DIRECTION('',(0.,0.,1.));
#3303 = PCURVE('',#3278,#3304);
#3304 = DEFINITIONAL_REPRESENTATION('',(#3305),#3309);
#3305 = LINE('',#3306,#3307);
#3306 = CARTESIAN_POINT('',(0.,0.));
#3307 = VECTOR('',#3308,1.);
#3308 = DIRECTION('',(0.,1.));
#3309 = ( GEOMETRIC_REPRESENTATION_CONTEXT(2) 
PARAMETRIC_REPRESENTATION_CONTEXT() REPRESENTATION_CONTEXT('2D SPACE',''
  ) );
#3310 = PCURVE('',#3278,#3311);
#3311 = DEFINITIONAL_REPRESENTATION('',(#3312),#3316);
#3312 = LINE('',#3313,#3314);
#3313 = CARTESIAN_POINT('',(6.28318530718,0.));
#3314 = VECTOR('',#3315,1.);
#3315 = DIRECTION('',(0.,1.));
#3316 = ( GEOMETRIC_REPRESENTATION_CONTEXT(2) 
PARAMETRIC_REPRESENTATION_CONTEXT() REPRESENTATION_CONTEXT('2D SPACE',''
  ) );
#3317 = ORIENTED_EDGE('',*,*,#3318,.F.);
#3318 = EDGE_CURVE('',#3296,#3296,#3319,.T.);
#3319 = SURFACE_CURVE('',#3320,(#3325,#3332),.PCURVE_S1.);
#3320 = CIRCLE('',#3321,6.35);
#3321 = AXIS2_PLACEMENT_3D('',#3322,#3323,#3324);
#3322 = CARTESIAN_POINT('',(0.,0.,9.144));
#3323 = DIRECTION('',(0.,0.,1.));
#3324 = DIRECTION('',(1.,0.,-0.));
#3325 = PCURVE('',#3278,#3326);
#3326 = DEFINITIONAL_REPRESENTATION('',(#3327),#3331);
#3327 = LINE('',#3328,#3329);
#3328 = CARTESIAN_POINT('',(0.,7.62));
#3329 = VECTOR('',#3330,1.);
#3330 = DIRECTION('',(1.,0.));
#3331 = ( GEOMETRIC_REPRESENTATION_CONTEXT(2) 
PARAMETRIC_REPRESENTATION_CONTEXT() REPRESENTATION_CONTEXT('2D SPACE',''
  ) );
#3332 = PCURVE('',#3333,#3338);
#3333 = CONICAL_SURFACE('',#3334,6.35,0.785398163397);
#3334 = AXIS2_PLACEMENT_3D('',#3335,#3336,#3337);
#3335 = CARTESIAN_POINT('',(0.,0.,9.144));
#3336 = DIRECTION('',(-0.,-0.,-1.));
#3337 = DIRECTION('',(1.,0.,-0.));
#3338 = DEFINITIONAL_REPRESENTATION('',(#3339),#3343);
#3339 = LINE('',#3340,#3341);
#3340 = CARTESIAN_POINT('',(-0.,-0.));
#3341 = VECTOR('',#3342,1.);
#3342 = DIRECTION('',(-1.,-0.));
#3343 = ( GEOMETRIC_REPRESENTATION_CONTEXT(2) 
PARAMETRIC_REPRESENTATION_CONTEXT() REPRESENTATION_CONTEXT('2D SPACE',''
  ) );
#3344 = ORIENTED_EDGE('',*,*,#3295,.F.);
#3345 = ADVANCED_FACE('',(#3346),#3333,.T.);
#3346 = FACE_BOUND('',#3347,.T.);
#3347 = EDGE_LOOP('',(#3348,#3349,#3372,#3394));
#3348 = ORIENTED_EDGE('',*,*,#3318,.T.);
#3349 = ORIENTED_EDGE('',*,*,#3350,.T.);
#3350 = EDGE_CURVE('',#3296,#3351,#3353,.T.);
#3351 = VERTEX_POINT('',#3352);
#3352 = CARTESIAN_POINT('',(5.969,0.,9.525));
#3353 = SEAM_CURVE('',#3354,(#3358,#3365),.PCURVE_S1.);
#3354 = LINE('',#3355,#3356);
#3355 = CARTESIAN_POINT('',(6.35,0.,9.144));
#3356 = VECTOR('',#3357,1.);
#3357 = DIRECTION('',(-0.707106781187,0.,0.707106781187));
#3358 = PCURVE('',#3333,#3359);
#3359 = DEFINITIONAL_REPRESENTATION('',(#3360),#3364);
#3360 = LINE('',#3361,#3362);
#3361 = CARTESIAN_POINT('',(-0.,-0.));
#3362 = VECTOR('',#3363,1.);
#3363 = DIRECTION('',(-0.,-1.));
#3364 = ( GEOMETRIC_REPRESENTATION_CONTEXT(2) 
PARAMETRIC_REPRESENTATION_CONTEXT() REPRESENTATION_CONTEXT('2D SPACE',''
  ) );
#3365 = PCURVE('',#3333,#3366);
#3366 = DEFINITIONAL_REPRESENTATION('',(#3367),#3371);
#3367 = LINE('',#3368,#3369);
#3368 = CARTESIAN_POINT('',(-6.28318530718,-0.));
#3369 = VECTOR('',#3370,1.);
#3370 = DIRECTION('',(-0.,-1.));
#3371 = ( GEOMETRIC_REPRESENTATION_CONTEXT(2) 
PARAMETRIC_REPRESENTATION_CONTEXT() REPRESENTATION_CONTEXT('2D SPACE',''
  ) );
#3372 = ORIENTED_EDGE('',*,*,#3373,.F.);
#3373 = EDGE_CURVE('',#3351,#3351,#3374,.T.);
#3374 = SURFACE_CURVE('',#3375,(#3380,#3387),.PCURVE_S1.);
#3375 = CIRCLE('',#3376,5.969);
#3376 = AXIS2_PLACEMENT_3D('',#3377,#3378,#3379);
#3377 = CARTESIAN_POINT('',(0.,0.,9.525));
#3378 = DIRECTION('',(0.,0.,1.));
#3379 = DIRECTION('',(1.,0.,-0.));
#3380 = PCURVE('',#3333,#3381);
#3381 = DEFINITIONAL_REPRESENTATION('',(#3382),#3386);
#3382 = LINE('',#3383,#3384);
#3383 = CARTESIAN_POINT('',(-0.,-0.381));
#3384 = VECTOR('',#3385,1.);
#3385 = DIRECTION('',(-1.,-0.));
#3386 = ( GEOMETRIC_REPRESENTATION_CONTEXT(2) 
PARAMETRIC_REPRESENTATION_CONTEXT() REPRESENTATION_CONTEXT('2D SPACE',''
  ) );
#3387 = PCURVE('',#3138,#3388);
#3388 = DEFINITIONAL_REPRESENTATION('',(#3389),#3393);
#3389 = CIRCLE('',#3390,5.969);
#3390 = AXIS2_PLACEMENT_2D('',#3391,#3392);
#3391 = CARTESIAN_POINT('',(0.,0.));
#3392 = DIRECTION('',(1.,0.));
#3393 = ( GEOMETRIC_REPRESENTATION_CONTEXT(2) 
PARAMETRIC_REPRESENTATION_CONTEXT() REPRESENTATION_CONTEXT('2D SPACE',''
  ) );
#3394 = ORIENTED_EDGE('',*,*,#3350,.F.);
#3395 = ADVANCED_FACE('',(#3396,#3399),#3138,.T.);
#3396 = FACE_BOUND('',#3397,.T.);
#3397 = EDGE_LOOP('',(#3398));
#3398 = ORIENTED_EDGE('',*,*,#3373,.T.);
#3399 = FACE_BOUND('',#3400,.T.);
#3400 = EDGE_LOOP('',(#3401));
#3401 = ORIENTED_EDGE('',*,*,#3116,.F.);
#3402 = ( GEOMETRIC_REPRESENTATION_CONTEXT(3) 
GLOBAL_UNCERTAINTY_ASSIGNED_CONTEXT((#3406)) 
GLOBAL_UNIT_ASSIGNED_CONTEXT((#3403,#3404,#3405)) REPRESENTATION_CONTEXT
('Context #1','3D Context with UNIT and UNCERTAINTY') );
#3403 = ( LENGTH_UNIT() NAMED_UNIT(*) SI_UNIT(.MILLI.,.METRE.) );
#3404 = ( NAMED_UNIT(*) PLANE_ANGLE_UNIT() SI_UNIT($,.RADIAN.) );
#3405 = ( NAMED_UNIT(*) SI_UNIT($,.STERADIAN.) SOLID_ANGLE_UNIT() );
#3406 = UNCERTAINTY_MEASURE_WITH_UNIT(LENGTH_MEASURE(1.E-07),#3403,
  'distance_accuracy_value','confusion accuracy');
#3407 = CONTEXT_DEPENDENT_SHAPE_REPRESENTATION(#3408,#3410);
#3408 = ( REPRESENTATION_RELATIONSHIP('','',#3109,#10) 
REPRESENTATION_RELATIONSHIP_WITH_TRANSFORMATION(#3409) 
SHAPE_REPRESENTATION_RELATIONSHIP() );
#3409 = ITEM_DEFINED_TRANSFORMATION('','',#11,#39);
#3410 = PRODUCT_DEFINITION_SHAPE('Placement','Placement of an item',
  #3411);
#3411 = NEXT_ASSEMBLY_USAGE_OCCURRENCE('7','=>[0:1:1:8]','',#5,#3104,$);
#3412 = PRODUCT_RELATED_PRODUCT_CATEGORY('part',$,(#3106));
#3413 = SHAPE_DEFINITION_REPRESENTATION(#3414,#3420);
#3414 = PRODUCT_DEFINITION_SHAPE('','',#3415);
#3415 = PRODUCT_DEFINITION('design','',#3416,#3419);
#3416 = PRODUCT_DEFINITION_FORMATION('','',#3417);
#3417 = PRODUCT('COMPOUND','COMPOUND','',(#3418));
#3418 = PRODUCT_CONTEXT('',#2,'mechanical');
#3419 = PRODUCT_DEFINITION_CONTEXT('part definition',#2,'design');
#3420 = ADVANCED_BREP_SHAPE_REPRESENTATION('',(#11,#3421),#3543);
#3421 = MANIFOLD_SOLID_BREP('',#3422);
#3422 = CLOSED_SHELL('',(#3423,#3484,#3539));
#3423 = ADVANCED_FACE('',(#3424),#3438,.T.);
#3424 = FACE_BOUND('',#3425,.T.);
#3425 = EDGE_LOOP('',(#3426,#3456,#3483));
#3426 = ORIENTED_EDGE('',*,*,#3427,.T.);
#3427 = EDGE_CURVE('',#3428,#3430,#3432,.T.);
#3428 = VERTEX_POINT('',#3429);
#3429 = CARTESIAN_POINT('',(0.,0.,12.059535069175));
#3430 = VERTEX_POINT('',#3431);
#3431 = CARTESIAN_POINT('',(6.35,0.,15.875));
#3432 = SEAM_CURVE('',#3433,(#3437,#3449),.PCURVE_S1.);
#3433 = LINE('',#3434,#3435);
#3434 = CARTESIAN_POINT('',(0.,0.,12.059535069175));
#3435 = VECTOR('',#3436,1.);
#3436 = DIRECTION('',(0.857167300702,0.,0.51503807491));
#3437 = PCURVE('',#3438,#3443);
#3438 = CONICAL_SURFACE('',#3439,0.,1.029744258677);
#3439 = AXIS2_PLACEMENT_3D('',#3440,#3441,#3442);
#3440 = CARTESIAN_POINT('',(0.,0.,12.059535069175));
#3441 = DIRECTION('',(0.,0.,1.));
#3442 = DIRECTION('',(1.,0.,-0.));
#3443 = DEFINITIONAL_REPRESENTATION('',(#3444),#3448);
#3444 = LINE('',#3445,#3446);
#3445 = CARTESIAN_POINT('',(0.,0.));
#3446 = VECTOR('',#3447,1.);
#3447 = DIRECTION('',(0.,1.));
#3448 = ( GEOMETRIC_REPRESENTATION_CONTEXT(2) 
PARAMETRIC_REPRESENTATION_CONTEXT() REPRESENTATION_CONTEXT('2D SPACE',''
  ) );
#3449 = PCURVE('',#3438,#3450);
#3450 = DEFINITIONAL_REPRESENTATION('',(#3451),#3455);
#3451 = LINE('',#3452,#3453);
#3452 = CARTESIAN_POINT('',(6.28318530718,0.));
#3453 = VECTOR('',#3454,1.);
#3454 = DIRECTION('',(0.,1.));
#3455 = ( GEOMETRIC_REPRESENTATION_CONTEXT(2) 
PARAMETRIC_REPRESENTATION_CONTEXT() REPRESENTATION_CONTEXT('2D SPACE',''
  ) );
#3456 = ORIENTED_EDGE('',*,*,#3457,.F.);
#3457 = EDGE_CURVE('',#3430,#3430,#3458,.T.);
#3458 = SURFACE_CURVE('',#3459,(#3464,#3471),.PCURVE_S1.);
#3459 = CIRCLE('',#3460,6.35);
#3460 = AXIS2_PLACEMENT_3D('',#3461,#3462,#3463);
#3461 = CARTESIAN_POINT('',(0.,0.,15.875));
#3462 = DIRECTION('',(0.,0.,1.));
#3463 = DIRECTION('',(1.,0.,-0.));
#3464 = PCURVE('',#3438,#3465);
#3465 = DEFINITIONAL_REPRESENTATION('',(#3466),#3470);
#3466 = LINE('',#3467,#3468);
#3467 = CARTESIAN_POINT('',(0.,3.815464930825));
#3468 = VECTOR('',#3469,1.);
#3469 = DIRECTION('',(1.,0.));
#3470 = ( GEOMETRIC_REPRESENTATION_CONTEXT(2) 
PARAMETRIC_REPRESENTATION_CONTEXT() REPRESENTATION_CONTEXT('2D SPACE',''
  ) );
#3471 = PCURVE('',#3472,#3477);
#3472 = CYLINDRICAL_SURFACE('',#3473,6.35);
#3473 = AXIS2_PLACEMENT_3D('',#3474,#3475,#3476);
#3474 = CARTESIAN_POINT('',(0.,0.,15.875));
#3475 = DIRECTION('',(0.,0.,1.));
#3476 = DIRECTION('',(1.,0.,-0.));
#3477 = DEFINITIONAL_REPRESENTATION('',(#3478),#3482);
#3478 = LINE('',#3479,#3480);
#3479 = CARTESIAN_POINT('',(0.,0.));
#3480 = VECTOR('',#3481,1.);
#3481 = DIRECTION('',(1.,0.));
#3482 = ( GEOMETRIC_REPRESENTATION_CONTEXT(2) 
PARAMETRIC_REPRESENTATION_CONTEXT() REPRESENTATION_CONTEXT('2D SPACE',''
  ) );
#3483 = ORIENTED_EDGE('',*,*,#3427,.F.);
#3484 = ADVANCED_FACE('',(#3485),#3472,.T.);
#3485 = FACE_BOUND('',#3486,.T.);
#3486 = EDGE_LOOP('',(#3487,#3488,#3511,#3538));
#3487 = ORIENTED_EDGE('',*,*,#3457,.T.);
#3488 = ORIENTED_EDGE('',*,*,#3489,.T.);
#3489 = EDGE_CURVE('',#3430,#3490,#3492,.T.);
#3490 = VERTEX_POINT('',#3491);
#3491 = CARTESIAN_POINT('',(6.35,0.,53.975));
#3492 = SEAM_CURVE('',#3493,(#3497,#3504),.PCURVE_S1.);
#3493 = LINE('',#3494,#3495);
#3494 = CARTESIAN_POINT('',(6.35,0.,15.875));
#3495 = VECTOR('',#3496,1.);
#3496 = DIRECTION('',(0.,0.,1.));
#3497 = PCURVE('',#3472,#3498);
#3498 = DEFINITIONAL_REPRESENTATION('',(#3499),#3503);
#3499 = LINE('',#3500,#3501);
#3500 = CARTESIAN_POINT('',(0.,0.));
#3501 = VECTOR('',#3502,1.);
#3502 = DIRECTION('',(0.,1.));
#3503 = ( GEOMETRIC_REPRESENTATION_CONTEXT(2) 
PARAMETRIC_REPRESENTATION_CONTEXT() REPRESENTATION_CONTEXT('2D SPACE',''
  ) );
#3504 = PCURVE('',#3472,#3505);
#3505 = DEFINITIONAL_REPRESENTATION('',(#3506),#3510);
#3506 = LINE('',#3507,#3508);
#3507 = CARTESIAN_POINT('',(6.28318530718,0.));
#3508 = VECTOR('',#3509,1.);
#3509 = DIRECTION('',(0.,1.));
#3510 = ( GEOMETRIC_REPRESENTATION_CONTEXT(2) 
PARAMETRIC_REPRESENTATION_CONTEXT() REPRESENTATION_CONTEXT('2D SPACE',''
  ) );
#3511 = ORIENTED_EDGE('',*,*,#3512,.F.);
#3512 = EDGE_CURVE('',#3490,#3490,#3513,.T.);
#3513 = SURFACE_CURVE('',#3514,(#3519,#3526),.PCURVE_S1.);
#3514 = CIRCLE('',#3515,6.35);
#3515 = AXIS2_PLACEMENT_3D('',#3516,#3517,#3518);
#3516 = CARTESIAN_POINT('',(0.,0.,53.975));
#3517 = DIRECTION('',(0.,0.,1.));
#3518 = DIRECTION('',(1.,0.,-0.));
#3519 = PCURVE('',#3472,#3520);
#3520 = DEFINITIONAL_REPRESENTATION('',(#3521),#3525);
#3521 = LINE('',#3522,#3523);
#3522 = CARTESIAN_POINT('',(0.,38.1));
#3523 = VECTOR('',#3524,1.);
#3524 = DIRECTION('',(1.,0.));
#3525 = ( GEOMETRIC_REPRESENTATION_CONTEXT(2) 
PARAMETRIC_REPRESENTATION_CONTEXT() REPRESENTATION_CONTEXT('2D SPACE',''
  ) );
#3526 = PCURVE('',#3527,#3532);
#3527 = PLANE('',#3528);
#3528 = AXIS2_PLACEMENT_3D('',#3529,#3530,#3531);
#3529 = CARTESIAN_POINT('',(0.,0.,53.975));
#3530 = DIRECTION('',(0.,0.,1.));
#3531 = DIRECTION('',(1.,0.,-0.));
#3532 = DEFINITIONAL_REPRESENTATION('',(#3533),#3537);
#3533 = CIRCLE('',#3534,6.35);
#3534 = AXIS2_PLACEMENT_2D('',#3535,#3536);
#3535 = CARTESIAN_POINT('',(0.,0.));
#3536 = DIRECTION('',(1.,0.));
#3537 = ( GEOMETRIC_REPRESENTATION_CONTEXT(2) 
PARAMETRIC_REPRESENTATION_CONTEXT() REPRESENTATION_CONTEXT('2D SPACE',''
  ) );
#3538 = ORIENTED_EDGE('',*,*,#3489,.F.);
#3539 = ADVANCED_FACE('',(#3540),#3527,.T.);
#3540 = FACE_BOUND('',#3541,.T.);
#3541 = EDGE_LOOP('',(#3542));
#3542 = ORIENTED_EDGE('',*,*,#3512,.T.);
#3543 = ( GEOMETRIC_REPRESENTATION_CONTEXT(3) 
GLOBAL_UNCERTAINTY_ASSIGNED_CONTEXT((#3547)) 
GLOBAL_UNIT_ASSIGNED_CONTEXT((#3544,#3545,#3546)) REPRESENTATION_CONTEXT
('Context #1','3D Context with UNIT and UNCERTAINTY') );
#3544 = ( LENGTH_UNIT() NAMED_UNIT(*) SI_UNIT(.MILLI.,.METRE.) );
#3545 = ( NAMED_UNIT(*) PLANE_ANGLE_UNIT() SI_UNIT($,.RADIAN.) );
#3546 = ( NAMED_UNIT(*) SI_UNIT($,.STERADIAN.) SOLID_ANGLE_UNIT() );
#3547 = UNCERTAINTY_MEASURE_WITH_UNIT(LENGTH_MEASURE(1.E-07),#3544,
  'distance_accuracy_value','confusion accuracy');
#3548 = CONTEXT_DEPENDENT_SHAPE_REPRESENTATION(#3549,#3551);
#3549 = ( REPRESENTATION_RELATIONSHIP('','',#3420,#10) 
REPRESENTATION_RELATIONSHIP_WITH_TRANSFORMATION(#3550) 
SHAPE_REPRESENTATION_RELATIONSHIP() );
#3550 = ITEM_DEFINED_TRANSFORMATION('','',#11,#43);
#3551 = PRODUCT_DEFINITION_SHAPE('Placement','Placement of an item',
  #3552);
#3552 = NEXT_ASSEMBLY_USAGE_OCCURRENCE('8','=>[0:1:1:9]','',#5,#3415,$);
#3553 = PRODUCT_RELATED_PRODUCT_CATEGORY('part',$,(#3417));
#3554 = CONTEXT_DEPENDENT_SHAPE_REPRESENTATION(#3555,#3557);
#3555 = ( REPRESENTATION_RELATIONSHIP('','',#2713,#10) 
REPRESENTATION_RELATIONSHIP_WITH_TRANSFORMATION(#3556) 
SHAPE_REPRESENTATION_RELATIONSHIP() );
#3556 = ITEM_DEFINED_TRANSFORMATION('','',#11,#47);
#3557 = PRODUCT_DEFINITION_SHAPE('Placement','Placement of an item',
  #3558);
#3558 = NEXT_ASSEMBLY_USAGE_OCCURRENCE('9','=>[0:1:1:7]','',#5,#2708,$);
#3559 = CONTEXT_DEPENDENT_SHAPE_REPRESENTATION(#3560,#3562);
#3560 = ( REPRESENTATION_RELATIONSHIP('','',#3109,#10) 
REPRESENTATION_RELATIONSHIP_WITH_TRANSFORMATION(#3561) 
SHAPE_REPRESENTATION_RELATIONSHIP() );
#3561 = ITEM_DEFINED_TRANSFORMATION('','',#11,#51);
#3562 = PRODUCT_DEFINITION_SHAPE('Placement','Placement of an item',
  #3563);
#3563 = NEXT_ASSEMBLY_USAGE_OCCURRENCE('10','=>[0:1:1:8]','',#5,#3104,$
  );
#3564 = CONTEXT_DEPENDENT_SHAPE_REPRESENTATION(#3565,#3567);
#3565 = ( REPRESENTATION_RELATIONSHIP('','',#3420,#10) 
REPRESENTATION_RELATIONSHIP_WITH_TRANSFORMATION(#3566) 
SHAPE_REPRESENTATION_RELATIONSHIP() );
#3566 = ITEM_DEFINED_TRANSFORMATION('','',#11,#55);
#3567 = PRODUCT_DEFINITION_SHAPE('Placement','Placement of an item',
  #3568);
#3568 = NEXT_ASSEMBLY_USAGE_OCCURRENCE('11','=>[0:1:1:9]','',#5,#3415,$
  );
#3569 = CONTEXT_DEPENDENT_SHAPE_REPRESENTATION(#3570,#3572);
#3570 = ( REPRESENTATION_RELATIONSHIP('','',#2713,#10) 
REPRESENTATION_RELATIONSHIP_WITH_TRANSFORMATION(#3571) 
SHAPE_REPRESENTATION_RELATIONSHIP() );
#3571 = ITEM_DEFINED_TRANSFORMATION('','',#11,#59);
#3572 = PRODUCT_DEFINITION_SHAPE('Placement','Placement of an item',
  #3573);
#3573 = NEXT_ASSEMBLY_USAGE_OCCURRENCE('12','=>[0:1:1:7]','',#5,#2708,$
  );
#3574 = CONTEXT_DEPENDENT_SHAPE_REPRESENTATION(#3575,#3577);
#3575 = ( REPRESENTATION_RELATIONSHIP('','',#3109,#10) 
REPRESENTATION_RELATIONSHIP_WITH_TRANSFORMATION(#3576) 
SHAPE_REPRESENTATION_RELATIONSHIP() );
#3576 = ITEM_DEFINED_TRANSFORMATION('','',#11,#63);
#3577 = PRODUCT_DEFINITION_SHAPE('Placement','Placement of an item',
  #3578);
#3578 = NEXT_ASSEMBLY_USAGE_OCCURRENCE('13','=>[0:1:1:8]','',#5,#3104,$
  );
#3579 = CONTEXT_DEPENDENT_SHAPE_REPRESENTATION(#3580,#3582);
#3580 = ( REPRESENTATION_RELATIONSHIP('','',#3420,#10) 
REPRESENTATION_RELATIONSHIP_WITH_TRANSFORMATION(#3581) 
SHAPE_REPRESENTATION_RELATIONSHIP() );
#3581 = ITEM_DEFINED_TRANSFORMATION('','',#11,#67);
#3582 = PRODUCT_DEFINITION_SHAPE('Placement','Placement of an item',
  #3583);
#3583 = NEXT_ASSEMBLY_USAGE_OCCURRENCE('14','=>[0:1:1:9]','',#5,#3415,$
  );
#3584 = CONTEXT_DEPENDENT_SHAPE_REPRESENTATION(#3585,#3587);
#3585 = ( REPRESENTATION_RELATIONSHIP('','',#2713,#10) 
REPRESENTATION_RELATIONSHIP_WITH_TRANSFORMATION(#3586) 
SHAPE_REPRESENTATION_RELATIONSHIP() );
#3586 = ITEM_DEFINED_TRANSFORMATION('','',#11,#71);
#3587 = PRODUCT_DEFINITION_SHAPE('Placement','Placement of an item',
  #3588);
#3588 = NEXT_ASSEMBLY_USAGE_OCCURRENCE('15','=>[0:1:1:7]','',#5,#2708,$
  );
#3589 = CONTEXT_DEPENDENT_SHAPE_REPRESENTATION(#3590,#3592);
#3590 = ( REPRESENTATION_RELATIONSHIP('','',#3109,#10) 
REPRESENTATION_RELATIONSHIP_WITH_TRANSFORMATION(#3591) 
SHAPE_REPRESENTATION_RELATIONSHIP() );
#3591 = ITEM_DEFINED_TRANSFORMATION('','',#11,#75);
#3592 = PRODUCT_DEFINITION_SHAPE('Placement','Placement of an item',
  #3593);
#3593 = NEXT_ASSEMBLY_USAGE_OCCURRENCE('16','=>[0:1:1:8]','',#5,#3104,$
  );
#3594 = CONTEXT_DEPENDENT_SHAPE_REPRESENTATION(#3595,#3597);
#3595 = ( REPRESENTATION_RELATIONSHIP('','',#3420,#10) 
REPRESENTATION_RELATIONSHIP_WITH_TRANSFORMATION(#3596) 
SHAPE_REPRESENTATION_RELATIONSHIP() );
#3596 = ITEM_DEFINED_TRANSFORMATION('','',#11,#79);
#3597 = PRODUCT_DEFINITION_SHAPE('Placement','Placement of an item',
  #3598);
#3598 = NEXT_ASSEMBLY_USAGE_OCCURRENCE('17','=>[0:1:1:9]','',#5,#3415,$
  );
ENDSEC;
END-ISO-10303-21;
